Timestamp,n1,n4,n31,n54,n105,n114,n163,n188,n215,n229,n288,n296,n332,n342,n410,n415,n429,n458,n469,n495,n506,n516,n519,n549,n613,n636,n644,n679,n722,n726,n740,n752,n769
2019-01-01 00:00:00,28.89,33.83,37.11,37.17,50.52,53.99,52.55,55.31,39.09,52.54,52.78,42.41,56.42,46.74,31.07,45.59,36.8,43.5,47.54,51.71,53.54,54.85,47.56,54.79,56.14,45.51,47.6,47.3,46.1,47.08,43.77,49.13,48.46
2019-01-01 00:05:00,28.9,33.84,37.12,37.19,50.54,54.0,52.57,55.33,39.09,52.56,52.8,42.42,56.44,46.77,31.1,45.62,36.82,43.53,47.56,51.72,53.55,54.87,47.59,54.81,56.17,45.53,47.62,47.32,46.12,47.1,43.78,49.14,48.48
2019-01-01 00:10:00,28.92,33.86,37.14,37.22,50.55,54.02,52.6,55.35,39.09,52.59,52.82,42.44,56.46,46.79,31.13,45.64,36.85,43.55,47.57,51.73,53.57,54.89,47.61,54.83,56.2,45.55,47.64,47.33,46.13,47.12,43.79,49.16,48.49
2019-01-01 00:15:00,28.93,33.87,37.15,37.25,50.57,54.04,52.62,55.38,39.09,52.61,52.84,42.45,56.47,46.82,31.16,45.67,36.88,43.58,47.59,51.74,53.58,54.91,47.63,54.85,56.22,45.57,47.67,47.35,46.15,47.14,43.8,49.18,48.51
2019-01-01 00:20:00,28.95,33.89,37.17,37.27,50.58,54.05,52.64,55.4,39.1,52.64,52.85,42.46,56.49,46.84,31.18,45.69,36.9,43.6,47.6,51.75,53.6,54.93,47.66,54.87,56.24,45.59,47.69,47.37,46.16,47.15,43.8,49.2,48.52
2019-01-01 00:25:00,28.96,33.9,37.18,37.3,50.59,54.07,52.67,55.42,39.1,52.66,52.87,42.47,56.51,46.86,31.21,45.71,36.93,43.63,47.61,51.76,53.61,54.95,47.68,54.89,56.27,45.61,47.71,47.39,46.17,47.17,43.81,49.22,48.53
2019-01-01 00:30:00,28.98,33.92,37.19,37.32,50.61,54.08,52.69,55.44,39.1,52.68,52.89,42.49,56.52,46.89,31.23,45.73,36.95,43.65,47.63,51.77,53.63,54.96,47.7,54.9,56.29,45.63,47.73,47.41,46.19,47.19,43.82,49.23,48.55
2019-01-01 00:35:00,28.99,33.93,37.21,37.35,50.62,54.1,52.71,55.46,39.1,52.71,52.91,42.5,56.54,46.91,31.26,45.76,36.97,43.67,47.64,51.77,53.64,54.98,47.72,54.92,56.31,45.65,47.75,47.42,46.2,47.2,43.82,49.25,48.56
2019-01-01 00:40:00,29.01,33.95,37.22,37.37,50.63,54.11,52.73,55.49,39.1,52.73,52.92,42.51,56.55,46.93,31.28,45.78,37.0,43.69,47.65,51.78,53.66,54.99,47.74,54.94,56.33,45.67,47.77,47.44,46.21,47.22,43.83,49.27,48.57
2019-01-01 00:45:00,29.02,33.96,37.24,37.39,50.64,54.13,52.75,55.51,39.1,52.75,52.94,42.52,56.57,46.95,31.3,45.8,37.02,43.72,47.66,51.79,53.67,55.01,47.76,54.96,56.35,45.68,47.79,47.46,46.23,47.23,43.84,49.28,48.58
2019-01-01 00:50:00,29.04,33.98,37.25,37.41,50.65,54.14,52.77,55.53,39.1,52.77,52.96,42.53,56.58,46.97,31.33,45.82,37.04,43.74,47.67,51.8,53.68,55.03,47.78,54.97,56.37,45.7,47.8,47.47,46.24,47.25,43.84,49.3,48.59
2019-01-01 00:55:00,29.05,33.99,37.27,37.44,50.67,54.15,52.79,55.55,39.1,52.79,52.97,42.54,56.6,46.99,31.35,45.84,37.07,43.76,47.69,51.81,53.69,55.04,47.8,54.99,56.39,45.72,47.82,47.49,46.25,47.26,43.85,49.31,48.6
2019-01-01 01:00:00,29.07,34.01,37.28,37.46,50.68,54.17,52.81,55.56,39.1,52.81,52.99,42.55,56.61,47.01,31.37,45.86,37.09,43.78,47.7,51.82,53.71,55.05,47.81,55.0,56.41,45.73,47.84,47.5,46.26,47.27,43.86,49.33,48.61
2019-01-01 01:05:00,29.08,34.02,37.3,37.48,50.69,54.18,52.83,55.58,39.1,52.83,53.0,42.56,56.62,47.03,31.39,45.87,37.11,43.8,47.71,51.82,53.72,55.07,47.83,55.02,56.43,45.75,47.86,47.52,46.27,47.29,43.86,49.34,48.62
2019-01-01 01:10:00,29.1,34.04,37.31,37.5,50.7,54.19,52.85,55.6,39.1,52.85,53.01,42.57,56.63,47.05,31.41,45.89,37.12,43.81,47.72,51.83,53.73,55.08,47.85,55.03,56.45,45.76,47.87,47.53,46.28,47.3,43.87,49.35,48.63
2019-01-01 01:15:00,29.11,34.05,37.33,37.51,50.71,54.2,52.86,55.61,39.1,52.86,53.03,42.57,56.65,47.07,31.43,45.91,37.14,43.83,47.73,51.84,53.74,55.09,47.86,55.05,56.46,45.78,47.89,47.54,46.29,47.31,43.87,49.36,48.64
2019-01-01 01:20:00,29.13,34.07,37.34,37.53,50.71,54.21,52.88,55.63,39.1,52.88,53.04,42.58,56.66,47.08,31.45,45.92,37.16,43.85,47.73,51.84,53.75,55.1,47.88,55.06,56.48,45.79,47.9,47.55,46.3,47.32,43.88,49.37,48.65
2019-01-01 01:25:00,29.14,34.08,37.36,37.55,50.72,54.22,52.89,55.64,39.1,52.89,53.05,42.59,56.67,47.1,31.46,45.94,37.18,43.86,47.74,51.85,53.76,55.12,47.89,55.07,56.5,45.8,47.91,47.56,46.31,47.33,43.88,49.38,48.66
2019-01-01 01:30:00,29.16,34.1,37.37,37.56,50.73,54.23,52.91,55.66,39.1,52.91,53.06,42.6,56.68,47.11,31.48,45.95,37.19,43.88,47.75,51.85,53.77,55.13,47.91,55.08,56.51,45.81,47.93,47.57,46.32,47.34,43.89,49.4,48.67
2019-01-01 01:35:00,29.17,34.11,37.39,37.58,50.74,54.24,52.92,55.67,39.1,52.93,53.07,42.61,56.69,47.13,31.5,45.97,37.21,43.89,47.76,51.86,53.78,55.14,47.92,55.09,56.52,45.82,47.94,47.59,46.33,47.35,43.89,49.41,48.68
2019-01-01 01:40:00,29.19,34.13,37.4,37.6,50.75,54.25,52.94,55.69,39.1,52.94,53.08,42.61,56.7,47.14,31.51,45.98,37.22,43.91,47.77,51.87,53.78,55.15,47.93,55.1,56.54,45.84,47.95,47.6,46.33,47.36,43.9,49.42,48.68
2019-01-01 01:45:00,29.2,34.15,37.42,37.61,50.75,54.26,52.95,55.7,39.1,52.95,53.09,42.62,56.71,47.16,31.53,45.99,37.24,43.92,47.78,51.87,53.79,55.16,47.95,55.12,56.55,45.85,47.96,47.61,46.34,47.37,43.9,49.43,48.69
2019-01-01 01:50:00,29.22,34.16,37.43,37.62,50.76,54.27,52.96,55.71,39.1,52.97,53.1,42.63,56.72,47.17,31.54,46.01,37.25,43.93,47.78,51.88,53.8,55.17,47.96,55.13,56.57,45.86,47.98,47.62,46.35,47.38,43.9,49.44,48.7
2019-01-01 01:55:00,29.24,34.18,37.45,37.64,50.77,54.28,52.97,55.72,39.1,52.98,53.11,42.63,56.73,47.18,31.55,46.02,37.26,43.95,47.79,51.88,53.81,55.18,47.97,55.14,56.58,45.87,47.99,47.62,46.36,47.39,43.91,49.44,48.7
2019-01-01 02:00:00,29.25,34.19,37.46,37.65,50.77,54.28,52.98,55.73,39.1,52.99,53.12,42.64,56.73,47.19,31.57,46.03,37.28,43.96,47.8,51.89,53.82,55.18,47.98,55.14,56.59,45.88,48.0,47.63,46.36,47.4,43.91,49.45,48.71
2019-01-01 02:05:00,29.27,34.21,37.48,37.66,50.78,54.29,52.99,55.74,39.1,53.0,53.13,42.64,56.74,47.2,31.58,46.04,37.29,43.97,47.8,51.89,53.82,55.19,47.99,55.15,56.6,45.88,48.0,47.64,46.37,47.4,43.91,49.46,48.71
2019-01-01 02:10:00,29.28,34.22,37.49,37.67,50.78,54.29,53.0,55.75,39.1,53.01,53.13,42.64,56.74,47.21,31.59,46.04,37.3,43.97,47.81,51.89,53.83,55.2,47.99,55.16,56.6,45.89,48.01,47.64,46.37,47.41,43.91,49.46,48.72
2019-01-01 02:15:00,29.3,34.24,37.51,37.68,50.79,54.3,53.01,55.76,39.1,53.01,53.14,42.65,56.75,47.22,31.59,46.05,37.3,43.98,47.81,51.89,53.83,55.2,48.0,55.16,56.61,45.9,48.02,47.65,46.37,47.41,43.92,49.47,48.72
2019-01-01 02:20:00,29.31,34.25,37.52,37.68,50.79,54.3,53.01,55.76,39.1,53.02,53.14,42.65,56.75,47.22,31.6,46.06,37.31,43.99,47.81,51.9,53.83,55.21,48.01,55.17,56.62,45.9,48.02,47.65,46.38,47.42,43.92,49.47,48.73
2019-01-01 02:25:00,29.33,34.27,37.54,37.69,50.8,54.31,53.02,55.77,39.1,53.03,53.15,42.65,56.76,47.23,31.61,46.06,37.32,44.0,47.82,51.9,53.84,55.21,48.01,55.17,56.63,45.91,48.03,47.66,46.38,47.42,43.92,49.48,48.73
2019-01-01 02:30:00,29.34,34.28,37.55,38.22,50.91,54.44,53.29,56.02,39.1,53.3,53.29,42.75,56.92,47.53,32.06,46.37,37.75,44.3,47.93,51.99,53.97,55.37,48.28,55.36,56.9,46.12,48.23,47.81,46.49,47.55,43.98,49.61,48.83
2019-01-01 02:35:00,29.34,34.28,37.55,38.23,50.91,54.44,53.29,56.02,39.1,53.3,53.3,42.75,56.92,47.54,32.06,46.37,37.75,44.3,47.93,51.99,53.97,55.37,48.28,55.36,56.9,46.13,48.24,47.82,46.49,47.55,43.98,49.61,48.83
2019-01-01 02:40:00,29.34,34.28,37.55,38.23,50.91,54.44,53.29,56.03,39.1,53.31,53.3,42.75,56.92,47.54,32.06,46.38,37.76,44.3,47.94,51.99,53.97,55.37,48.28,55.36,56.9,46.13,48.24,47.82,46.49,47.55,43.98,49.61,48.83
2019-01-01 02:45:00,29.33,34.28,37.55,38.23,50.92,54.45,53.3,56.03,39.1,53.31,53.3,42.75,56.93,47.54,32.07,46.38,37.76,44.31,47.94,51.99,53.98,55.38,48.29,55.36,56.91,46.13,48.25,47.82,46.49,47.56,43.98,49.61,48.83
2019-01-01 02:50:00,29.33,34.27,37.54,38.24,50.92,54.45,53.3,56.03,39.1,53.32,53.31,42.76,56.93,47.55,32.07,46.38,37.76,44.31,47.94,52.0,53.98,55.38,48.29,55.37,56.91,46.14,48.25,47.83,46.5,47.56,43.98,49.62,48.83
2019-01-01 02:55:00,29.33,34.27,37.54,38.24,50.92,54.45,53.3,56.04,39.1,53.32,53.31,42.76,56.93,47.55,32.07,46.39,37.77,44.31,47.94,52.0,53.98,55.38,48.29,55.37,56.91,46.14,48.25,47.83,46.5,47.56,43.98,49.62,48.84
2019-01-01 03:00:00,29.33,34.27,37.54,38.24,50.92,54.45,53.31,56.04,39.1,53.32,53.31,42.76,56.93,47.55,32.08,46.39,37.77,44.32,47.94,52.0,53.98,55.39,48.29,55.37,56.92,46.14,48.25,47.83,46.5,47.56,43.98,49.62,48.84
2019-01-01 03:05:00,29.32,34.26,37.53,38.25,50.92,54.46,53.31,56.04,39.1,53.33,53.31,42.76,56.94,47.56,32.08,46.39,37.77,44.32,47.95,52.0,53.99,55.39,48.3,55.37,56.92,46.14,48.26,47.83,46.5,47.57,43.98,49.62,48.84
2019-01-01 03:10:00,29.32,34.26,37.53,38.25,50.93,54.46,53.31,56.04,39.1,53.33,53.31,42.76,56.94,47.56,32.08,46.39,37.77,44.32,47.95,52.0,53.99,55.39,48.3,55.38,56.92,46.14,48.26,47.83,46.5,47.57,43.98,49.63,48.84
2019-01-01 03:15:00,29.32,34.26,37.53,38.25,50.93,54.46,53.31,56.05,39.1,53.33,53.32,42.76,56.94,47.56,32.08,46.39,37.78,44.32,47.95,52.0,53.99,55.39,48.3,55.38,56.92,46.15,48.26,47.84,46.5,47.57,43.98,49.63,48.84
2019-01-01 03:20:00,29.31,34.26,37.53,38.25,50.93,54.46,53.31,56.05,39.1,53.33,53.32,42.76,56.94,47.56,32.09,46.4,37.78,44.32,47.95,52.0,53.99,55.39,48.3,55.38,56.92,46.15,48.26,47.84,46.5,47.57,43.98,49.63,48.84
2019-01-01 03:25:00,29.31,34.25,37.52,38.25,50.93,54.46,53.32,56.05,39.1,53.33,53.32,42.76,56.94,47.56,32.09,46.4,37.78,44.33,47.95,52.0,53.99,55.39,48.3,55.38,56.93,46.15,48.26,47.84,46.5,47.57,43.99,49.63,48.84
2019-01-01 03:30:00,29.31,34.25,37.52,38.25,50.93,54.46,53.32,56.05,39.1,53.33,53.32,42.76,56.94,47.56,32.09,46.4,37.78,44.33,47.95,52.0,53.99,55.39,48.3,55.38,56.93,46.15,48.26,47.84,46.51,47.57,43.99,49.63,48.84
2019-01-01 03:35:00,29.31,34.25,37.52,38.25,50.93,54.46,53.32,56.05,39.1,53.34,53.32,42.77,56.94,47.57,32.09,46.4,37.78,44.33,47.95,52.0,53.99,55.39,48.31,55.38,56.93,46.15,48.26,47.84,46.51,47.57,43.99,49.63,48.84
2019-01-01 03:40:00,29.3,34.24,37.51,38.26,50.93,54.46,53.32,56.05,39.1,53.34,53.32,42.77,56.94,47.57,32.09,46.4,37.78,44.33,47.95,52.0,53.99,55.4,48.31,55.38,56.93,46.15,48.27,47.84,46.51,47.57,43.99,49.63,48.84
2019-01-01 03:45:00,29.3,34.24,37.51,38.26,50.93,54.46,53.32,56.05,39.1,53.34,53.32,42.77,56.95,47.57,32.09,46.4,37.78,44.33,47.95,52.0,53.99,55.4,48.31,55.38,56.93,46.15,48.27,47.84,46.51,47.57,43.99,49.63,48.85
2019-01-01 03:50:00,29.3,34.24,37.51,38.26,50.93,54.47,53.32,56.05,39.1,53.34,53.32,42.77,56.95,47.57,32.09,46.4,37.78,44.33,47.95,52.0,53.99,55.4,48.31,55.39,56.93,46.15,48.27,47.84,46.51,47.58,43.99,49.63,48.85
2019-01-01 03:55:00,29.3,34.24,37.51,38.26,50.93,54.47,53.32,56.06,39.1,53.34,53.32,42.77,56.95,47.57,32.09,46.4,37.79,44.33,47.95,52.01,54.0,55.4,48.31,55.39,56.93,46.15,48.27,47.84,46.51,47.58,43.99,49.63,48.85
2019-01-01 04:00:00,29.29,34.23,37.5,38.26,50.93,54.47,53.32,56.06,39.1,53.34,53.33,42.77,56.95,47.57,32.1,46.41,37.79,44.33,47.96,52.01,54.0,55.4,48.31,55.39,56.93,46.16,48.27,47.84,46.51,47.58,43.99,49.64,48.85
2019-01-01 04:05:00,29.29,34.23,37.5,38.26,50.93,54.47,53.33,56.06,39.1,53.34,53.33,42.77,56.95,47.57,32.1,46.41,37.79,44.34,47.96,52.01,54.0,55.4,48.31,55.39,56.93,46.16,48.27,47.85,46.51,47.58,43.99,49.64,48.85
2019-01-01 04:10:00,29.29,34.23,37.5,38.26,50.93,54.47,53.33,56.06,39.1,53.34,53.33,42.77,56.95,47.57,32.1,46.41,37.79,44.34,47.96,52.01,54.0,55.4,48.31,55.39,56.94,46.16,48.27,47.85,46.51,47.58,43.99,49.64,48.85
2019-01-01 04:15:00,29.28,34.23,37.49,38.26,50.93,54.47,53.33,56.06,39.1,53.34,53.33,42.77,56.95,47.57,32.1,46.41,37.79,44.34,47.96,52.01,54.0,55.4,48.31,55.39,56.94,46.16,48.27,47.85,46.51,47.58,43.99,49.64,48.85
2019-01-01 04:20:00,29.28,34.22,37.49,38.26,50.94,54.47,53.33,56.06,39.1,53.35,53.33,42.77,56.95,47.57,32.1,46.41,37.79,44.34,47.96,52.01,54.0,55.4,48.31,55.39,56.94,46.16,48.27,47.85,46.51,47.58,43.99,49.64,48.85
2019-01-01 04:25:00,29.28,34.22,37.49,38.26,50.93,54.47,53.33,56.06,39.1,53.34,53.33,42.77,56.95,47.57,32.1,46.41,37.79,44.34,47.96,52.01,54.0,55.4,48.31,55.39,56.94,46.16,48.27,47.85,46.51,47.58,43.99,49.64,48.85
2019-01-01 04:30:00,29.28,34.22,37.49,38.26,50.93,54.47,53.33,56.06,39.1,53.34,53.33,42.77,56.95,47.57,32.1,46.41,37.79,44.34,47.96,52.01,54.0,55.4,48.31,55.39,56.94,46.16,48.27,47.85,46.51,47.58,43.99,49.64,48.85
2019-01-01 04:35:00,29.27,34.21,37.48,38.26,50.93,54.47,53.33,56.06,39.1,53.34,53.33,42.77,56.95,47.57,32.1,46.41,37.79,44.34,47.96,52.01,54.0,55.4,48.31,55.39,56.94,46.16,48.27,47.85,46.51,47.58,43.99,49.64,48.85
2019-01-01 04:40:00,29.27,34.21,37.48,38.26,50.93,54.47,53.33,56.06,39.1,53.34,53.33,42.77,56.95,47.57,32.1,46.41,37.79,44.34,47.96,52.01,54.0,55.4,48.31,55.39,56.93,46.16,48.27,47.84,46.51,47.58,43.99,49.64,48.85
2019-01-01 04:45:00,29.27,34.21,37.48,38.26,50.93,54.47,53.32,56.06,39.1,53.34,53.33,42.77,56.95,47.57,32.1,46.41,37.79,44.34,47.96,52.01,54.0,55.4,48.31,55.39,56.93,46.16,48.27,47.84,46.51,47.58,43.99,49.64,48.85
2019-01-01 04:50:00,29.26,34.2,37.47,38.26,50.93,54.47,53.32,56.06,39.1,53.34,53.32,42.77,56.95,47.57,32.09,46.4,37.79,44.33,47.95,52.01,54.0,55.4,48.31,55.39,56.93,46.15,48.27,47.84,46.51,47.58,43.99,49.63,48.85
2019-01-01 04:55:00,29.26,34.2,37.47,38.26,50.93,54.47,53.32,56.05,39.1,53.34,53.32,42.77,56.95,47.57,32.09,46.4,37.78,44.33,47.95,52.0,53.99,55.4,48.31,55.39,56.93,46.15,48.27,47.84,46.51,47.58,43.99,49.63,48.85
2019-01-01 05:00:00,29.26,34.2,37.47,38.26,50.93,54.46,53.32,56.05,39.1,53.34,53.32,42.77,56.94,47.57,32.09,46.4,37.78,44.33,47.95,52.0,53.99,55.4,48.31,55.38,56.93,46.15,48.27,47.84,46.51,47.57,43.99,49.63,48.85
2019-01-01 05:05:00,29.25,34.19,37.46,38.25,50.93,54.46,53.32,56.05,39.1,53.34,53.32,42.76,56.94,47.56,32.09,46.4,37.78,44.33,47.95,52.0,53.99,55.39,48.3,55.38,56.93,46.15,48.26,47.84,46.51,47.57,43.99,49.63,48.84
2019-01-01 05:10:00,29.25,34.19,37.46,38.25,50.93,54.46,53.31,56.05,39.1,53.33,53.32,42.76,56.94,47.56,32.08,46.4,37.78,44.32,47.95,52.0,53.99,55.39,48.3,55.38,56.92,46.15,48.26,47.84,46.5,47.57,43.98,49.63,48.84
2019-01-01 05:15:00,29.25,34.19,37.46,38.24,50.92,54.46,53.31,56.04,39.1,53.33,53.31,42.76,56.94,47.56,32.08,46.39,37.77,44.32,47.95,52.0,53.99,55.39,48.3,55.38,56.92,46.14,48.26,47.83,46.5,47.57,43.98,49.62,48.84
2019-01-01 05:20:00,29.24,34.18,37.45,38.24,50.92,54.45,53.3,56.04,39.1,53.32,53.31,42.76,56.93,47.55,32.07,46.39,37.77,44.31,47.94,52.0,53.98,55.38,48.29,55.37,56.91,46.14,48.25,47.83,46.5,47.56,43.98,49.62,48.84
2019-01-01 05:25:00,29.24,34.18,37.45,38.23,50.92,54.45,53.3,56.03,39.1,53.31,53.3,42.75,56.93,47.54,32.07,46.38,37.76,44.31,47.94,51.99,53.98,55.38,48.29,55.37,56.91,46.13,48.24,47.82,46.49,47.56,43.98,49.61,48.83
2019-01-01 05:30:00,29.23,34.17,37.44,38.22,50.91,54.44,53.29,56.02,39.1,53.31,53.29,42.75,56.92,47.54,32.06,46.37,37.75,44.3,47.93,51.99,53.97,55.37,48.28,55.36,56.9,46.13,48.24,47.81,46.49,47.55,43.98,49.61,48.83
2019-01-01 05:35:00,29.22,34.17,37.44,38.21,50.91,54.43,53.28,56.01,39.1,53.3,53.29,42.74,56.91,47.53,32.05,46.36,37.74,44.29,47.93,51.99,53.97,55.36,48.27,55.35,56.89,46.12,48.23,47.81,46.48,47.54,43.97,49.6,48.82
2019-01-01 05:40:00,29.22,34.16,37.43,38.2,50.9,54.43,53.27,56.0,39.1,53.28,53.27,42.74,56.9,47.51,32.03,46.35,37.73,44.28,47.92,51.98,53.96,55.35,48.26,55.34,56.88,46.11,48.21,47.8,46.47,47.53,43.97,49.59,48.81
2019-01-01 05:45:00,29.21,34.15,37.42,38.18,50.89,54.41,53.25,55.98,39.1,53.27,53.26,42.73,56.89,47.5,32.01,46.33,37.71,44.26,47.91,51.97,53.95,55.34,48.24,55.33,56.86,46.09,48.2,47.78,46.46,47.52,43.96,49.57,48.8
2019-01-01 05:50:00,29.2,34.14,37.42,38.16,50.88,54.4,53.23,55.96,39.1,53.25,53.24,42.71,56.88,47.48,31.99,46.31,37.69,44.24,47.9,51.97,53.93,55.33,48.22,55.31,56.84,46.07,48.18,47.76,46.45,47.5,43.95,49.56,48.79
2019-01-01 05:55:00,29.19,34.13,37.41,38.14,50.86,54.38,53.21,55.94,39.1,53.22,53.22,42.7,56.86,47.45,31.96,46.29,37.66,44.21,47.88,51.95,53.92,55.31,48.2,55.29,56.81,46.05,48.15,47.74,46.43,47.48,43.94,49.53,48.77
2019-01-01 06:00:00,29.18,34.12,37.39,38.11,50.84,54.36,53.18,55.91,39.1,53.19,53.19,42.68,56.84,47.42,31.93,46.26,37.63,44.18,47.86,51.94,53.9,55.28,48.17,55.26,56.78,46.03,48.13,47.72,46.41,47.46,43.93,49.51,48.75
2019-01-01 06:05:00,29.16,34.1,37.38,38.07,50.82,54.34,53.14,55.88,39.1,53.16,53.16,42.66,56.81,47.39,31.89,46.23,37.6,44.15,47.84,51.93,53.87,55.26,48.14,55.23,56.75,46.0,48.09,47.69,46.38,47.43,43.92,49.48,48.73
2019-01-01 06:10:00,29.15,34.09,37.37,38.03,50.8,54.31,53.1,55.84,39.1,53.12,53.13,42.64,56.78,47.35,31.85,46.19,37.56,44.11,47.82,51.91,53.85,55.23,48.1,55.2,56.71,45.97,48.06,47.65,46.36,47.4,43.91,49.45,48.71
2019-01-01 06:15:00,29.13,34.08,37.36,37.99,50.77,54.28,53.06,55.8,39.1,53.08,53.09,42.61,56.75,47.31,31.81,46.15,37.52,44.07,47.79,51.89,53.82,55.2,48.06,55.17,56.67,45.93,48.02,47.62,46.33,47.36,43.89,49.41,48.68
2019-01-01 06:20:00,29.12,34.06,37.34,37.95,50.75,54.25,53.02,55.76,39.1,53.04,53.06,42.59,56.72,47.27,31.76,46.11,37.48,44.03,47.77,51.88,53.79,55.16,48.03,55.14,56.63,45.9,47.98,47.59,46.3,47.33,43.88,49.38,48.65
2019-01-01 06:25:00,29.1,34.04,37.33,37.91,50.73,54.23,52.99,55.72,39.1,53.0,53.02,42.57,56.7,47.23,31.72,46.08,37.43,43.99,47.74,51.86,53.77,55.13,47.99,55.1,56.59,45.86,47.94,47.55,46.28,47.3,43.86,49.34,48.63
2019-01-01 06:30:00,29.08,34.03,37.31,37.87,50.7,54.2,52.95,55.69,39.1,52.96,52.99,42.55,56.67,47.19,31.68,46.04,37.4,43.95,47.72,51.85,53.74,55.11,47.95,55.07,56.55,45.83,47.91,47.52,46.25,47.27,43.85,49.31,48.6
2019-01-01 06:35:00,29.07,34.01,37.3,37.84,50.68,54.18,52.91,55.65,39.1,52.92,52.96,42.53,56.64,47.15,31.64,46.01,37.36,43.92,47.7,51.83,53.72,55.08,47.92,55.04,56.52,45.8,47.87,47.49,46.23,47.24,43.84,49.28,48.58
2019-01-01 06:40:00,29.05,34.0,37.29,37.8,50.66,54.15,52.88,55.62,39.1,52.89,52.93,42.51,56.62,47.12,31.6,45.98,37.33,43.88,47.68,51.82,53.7,55.05,47.89,55.02,56.49,45.77,47.84,47.46,46.2,47.21,43.83,49.26,48.56
2019-01-01 06:45:00,29.04,33.99,37.27,37.77,50.64,54.13,52.85,55.59,39.1,52.86,52.9,42.49,56.6,47.09,31.57,45.95,37.3,43.85,47.66,51.8,53.68,55.03,47.86,54.99,56.46,45.75,47.81,47.44,46.18,47.19,43.82,49.23,48.54
2019-01-01 06:50:00,29.02,33.97,37.26,37.74,50.63,54.11,52.82,55.56,39.1,52.83,52.87,42.47,56.57,47.06,31.54,45.92,37.26,43.82,47.64,51.79,53.66,55.0,47.83,54.96,56.42,45.72,47.78,47.41,46.16,47.16,43.8,49.2,48.52
2019-01-01 06:55:00,29.01,33.96,37.25,37.7,50.61,54.09,52.79,55.53,39.1,52.79,52.84,42.45,56.55,47.03,31.5,45.88,37.23,43.79,47.62,51.78,53.63,54.98,47.8,54.94,56.39,45.69,47.75,47.38,46.14,47.13,43.79,49.18,48.5
2019-01-01 07:00:00,28.99,33.94,37.23,37.67,50.58,54.06,52.75,55.49,39.1,52.76,52.81,42.43,56.52,46.99,31.46,45.85,37.19,43.75,47.6,51.76,53.61,54.95,47.77,54.91,56.36,45.66,47.72,47.35,46.12,47.1,43.78,49.15,48.48
2019-01-01 07:05:00,28.98,33.92,37.22,37.63,50.56,54.03,52.72,55.46,39.1,52.72,52.78,42.41,56.5,46.95,31.42,45.81,37.16,43.71,47.58,51.75,53.59,54.92,47.73,54.88,56.32,45.63,47.68,47.32,46.09,47.07,43.77,49.11,48.45
2019-01-01 07:10:00,28.96,33.91,37.2,37.59,50.54,54.01,52.68,55.42,39.1,52.68,52.75,42.39,56.47,46.91,31.38,45.78,37.12,43.67,47.55,51.73,53.56,54.89,47.7,54.84,56.28,45.6,47.64,47.29,46.06,47.04,43.75,49.08,48.43
2019-01-01 07:15:00,28.94,33.89,37.19,37.55,50.51,53.98,52.64,55.38,39.1,52.64,52.71,42.36,56.44,46.87,31.34,45.74,37.08,43.63,47.53,51.71,53.53,54.86,47.66,54.81,56.24,45.57,47.61,47.26,46.04,47.01,43.74,49.05,48.4
2019-01-01 07:20:00,28.93,33.87,37.17,37.51,50.49,53.95,52.6,55.35,39.09,52.6,52.68,42.34,56.41,46.84,31.3,45.71,37.04,43.6,47.5,51.7,53.51,54.83,47.63,54.78,56.2,45.53,47.57,47.23,46.01,46.98,43.72,49.02,48.38
2019-01-01 07:25:00,28.91,33.86,37.16,37.48,50.47,53.93,52.57,55.32,39.09,52.57,52.65,42.32,56.39,46.81,31.26,45.68,37.01,43.56,47.48,51.68,53.49,54.81,47.6,54.75,56.17,45.51,47.54,47.2,45.99,46.95,43.71,48.99,48.36
2019-01-01 07:30:00,28.89,33.84,37.14,37.45,50.45,53.91,52.54,55.29,39.09,52.54,52.63,42.31,56.37,46.78,31.23,45.65,36.98,43.54,47.47,51.67,53.47,54.78,47.57,54.73,56.14,45.48,47.51,47.18,45.97,46.93,43.7,48.97,48.34
2019-01-01 07:35:00,28.88,33.83,37.13,37.43,50.44,53.89,52.52,55.27,39.09,52.52,52.61,42.3,56.35,46.75,31.21,45.63,36.96,43.51,47.45,51.66,53.45,54.77,47.55,54.71,56.12,45.47,47.49,47.16,45.96,46.92,43.7,48.95,48.33
2019-01-01 07:40:00,28.87,33.82,37.12,37.41,50.43,53.88,52.51,55.25,39.09,52.5,52.6,42.29,56.34,46.74,31.19,45.61,36.94,43.5,47.44,51.66,53.44,54.75,47.53,54.7,56.1,45.45,47.48,47.14,45.95,46.9,43.69,48.94,48.32
2019-01-01 07:45:00,28.86,33.81,37.11,37.4,50.42,53.87,52.49,55.24,39.09,52.48,52.58,42.28,56.33,46.72,31.17,45.6,36.92,43.48,47.43,51.65,53.43,54.74,47.52,54.69,56.09,45.44,47.47,47.13,45.94,46.89,43.69,48.93,48.31
2019-01-01 07:50:00,28.84,33.8,37.09,37.39,50.42,53.86,52.48,55.23,39.09,52.47,52.58,42.27,56.32,46.71,31.16,45.59,36.91,43.47,47.43,51.64,53.43,54.73,47.51,54.68,56.08,45.43,47.46,47.13,45.93,46.88,43.68,48.92,48.31
2019-01-01 07:55:00,28.83,33.78,37.08,37.38,50.41,53.85,52.48,55.22,39.09,52.46,52.57,42.27,56.31,46.71,31.16,45.58,36.91,43.47,47.42,51.64,53.42,54.73,47.5,54.67,56.07,45.42,47.45,47.12,45.93,46.88,43.68,48.91,48.3
2019-01-01 08:00:00,28.82,33.77,37.07,37.37,50.4,53.85,52.47,55.21,39.09,52.45,52.56,42.27,56.31,46.7,31.15,45.57,36.9,43.46,47.42,51.64,53.41,54.72,47.5,54.66,56.07,45.42,47.44,47.11,45.92,46.87,43.68,48.91,48.3
2019-01-01 08:05:00,28.81,33.76,37.06,37.36,50.4,53.84,52.46,55.2,39.09,52.44,52.56,42.26,56.3,46.69,31.14,45.57,36.89,43.45,47.41,51.63,53.41,54.71,47.49,54.66,56.06,45.41,47.43,47.11,45.92,46.87,43.67,48.9,48.29
2019-01-01 08:10:00,28.8,33.75,37.05,37.36,50.39,53.83,52.45,55.2,39.09,52.44,52.55,42.26,56.3,46.68,31.13,45.56,36.88,43.44,47.41,51.63,53.4,54.7,47.48,54.65,56.05,45.41,47.43,47.1,45.91,46.86,43.67,48.89,48.29
2019-01-01 08:15:00,28.79,33.74,37.04,37.35,50.39,53.83,52.44,55.19,39.09,52.43,52.54,42.25,56.29,46.67,31.12,45.55,36.87,43.43,47.4,51.63,53.4,54.7,47.47,54.64,56.04,45.4,47.42,47.09,45.91,46.86,43.67,48.89,48.28
2019-01-01 08:20:00,28.78,33.73,37.03,37.34,50.38,53.82,52.44,55.18,39.09,52.42,52.54,42.25,56.28,46.67,31.11,45.54,36.87,43.43,47.39,51.62,53.39,54.69,47.47,54.63,56.03,45.39,47.41,47.09,45.9,46.85,43.67,48.88,48.28
2019-01-01 08:25:00,28.77,33.72,37.02,37.33,50.38,53.81,52.43,55.17,39.09,52.41,52.53,42.24,56.28,46.66,31.1,45.54,36.86,43.42,47.39,51.62,53.38,54.68,47.46,54.62,56.02,45.38,47.4,47.08,45.9,46.84,43.66,48.88,48.27
2019-01-01 08:30:00,28.76,33.71,37.01,37.32,50.37,53.81,52.42,55.16,39.09,52.4,52.52,42.24,56.27,46.65,31.1,45.53,36.85,43.41,47.38,51.62,53.38,54.67,47.45,54.62,56.02,45.38,47.4,47.08,45.89,46.84,43.66,48.87,48.27
2019-01-01 08:35:00,28.75,33.7,36.99,37.31,50.37,53.8,52.41,55.16,39.09,52.39,52.52,42.24,56.26,46.64,31.09,45.52,36.84,43.4,47.38,51.61,53.37,54.67,47.44,54.61,56.01,45.37,47.39,47.07,45.89,46.83,43.66,48.86,48.26
2019-01-01 08:40:00,28.73,33.68,36.98,37.31,50.36,53.79,52.4,55.15,39.09,52.38,52.51,42.23,56.26,46.63,31.08,45.51,36.83,43.39,47.37,51.61,53.37,54.66,47.44,54.6,56.0,45.36,47.38,47.06,45.88,46.83,43.66,48.86,48.26
2019-01-01 08:45:00,28.72,33.67,36.97,37.3,50.36,53.79,52.4,55.14,39.09,52.37,52.51,42.23,56.25,46.63,31.07,45.51,36.83,43.39,47.37,51.61,53.36,54.65,47.43,54.6,55.99,45.36,47.38,47.06,45.88,46.82,43.65,48.85,48.26
2019-01-01 08:50:00,28.71,33.66,36.96,37.29,50.35,53.78,52.39,55.14,39.09,52.37,52.5,42.23,56.25,46.62,31.07,45.5,36.82,43.38,47.36,51.6,53.36,54.65,47.42,54.59,55.99,45.35,47.37,47.05,45.88,46.82,43.65,48.85,48.25
2019-01-01 08:55:00,28.7,33.65,36.95,37.29,50.35,53.78,52.39,55.13,39.09,52.36,52.5,42.22,56.24,46.62,31.06,45.5,36.82,43.38,47.36,51.6,53.35,54.65,47.42,54.59,55.98,45.35,47.37,47.05,45.87,46.81,43.65,48.84,48.25
2019-01-01 09:00:00,28.69,33.64,36.94,37.28,50.35,53.78,52.38,55.13,39.09,52.35,52.49,42.22,56.24,46.61,31.06,45.49,36.81,43.37,47.36,51.6,53.35,54.64,47.41,54.58,55.98,45.35,47.36,47.05,45.87,46.81,43.65,48.84,48.25
2019-01-01 09:05:00,28.68,33.63,36.93,37.28,50.34,53.77,52.38,55.12,39.09,52.35,52.49,42.22,56.24,46.61,31.05,45.49,36.81,43.37,47.35,51.6,53.35,54.64,47.41,54.58,55.97,45.34,47.36,47.04,45.87,46.81,43.65,48.84,48.24
2019-01-01 09:10:00,28.67,33.62,36.92,37.28,50.34,53.77,52.37,55.12,39.09,52.35,52.49,42.22,56.23,46.6,31.05,45.49,36.8,43.36,47.35,51.6,53.35,54.63,47.41,54.58,55.97,45.34,47.36,47.04,45.87,46.8,43.65,48.83,48.24
2019-01-01 09:15:00,28.66,33.61,36.9,37.27,50.34,53.77,52.37,55.12,39.09,52.34,52.49,42.21,56.23,46.6,31.05,45.48,36.8,43.36,47.35,51.59,53.34,54.63,47.41,54.57,55.97,45.34,47.35,47.04,45.86,46.8,43.65,48.83,48.24
2019-01-01 09:20:00,28.64,33.59,36.89,37.27,50.34,53.77,52.37,55.11,39.09,52.34,52.48,42.21,56.23,46.6,31.04,45.48,36.8,43.36,47.35,51.59,53.34,54.63,47.4,54.57,55.96,45.33,47.35,47.04,45.86,46.8,43.64,48.83,48.24
2019-01-01 09:25:00,28.63,33.58,36.88,37.27,50.34,53.76,52.36,55.11,39.09,52.33,52.48,42.21,56.23,46.59,31.04,45.48,36.79,43.35,47.35,51.59,53.34,54.63,47.4,54.57,55.96,45.33,47.35,47.03,45.86,46.8,43.64,48.83,48.24
2019-01-01 09:30:00,28.62,33.57,36.87,37.26,50.33,53.76,52.36,55.11,39.09,52.33,52.48,42.21,56.22,46.59,31.04,45.47,36.79,43.35,47.34,51.59,53.34,54.62,47.4,54.57,55.96,45.33,47.34,47.03,45.86,46.79,43.64,48.82,48.23
2019-01-01 09:35:00,28.61,33.56,36.86,37.26,50.33,53.76,52.36,55.1,39.09,52.33,52.47,42.21,56.22,46.59,31.03,45.47,36.79,43.35,47.34,51.59,53.33,54.62,47.39,54.56,55.95,45.33,47.34,47.03,45.86,46.79,43.64,48.82,48.23
2019-01-01 09:40:00,28.6,33.55,36.85,37.26,50.33,53.75,52.35,55.1,39.09,52.32,52.47,42.21,56.22,46.58,31.03,45.47,36.78,43.34,47.34,51.59,53.33,54.62,47.39,54.56,55.95,45.32,47.34,47.02,45.85,46.79,43.64,48.82,48.23
2019-01-01 09:45:00,28.59,33.54,36.84,37.25,50.33,53.75,52.35,55.1,39.09,52.32,52.47,42.2,56.22,46.58,31.03,45.46,36.78,43.34,47.34,51.59,53.33,54.61,47.39,54.56,55.95,45.32,47.33,47.02,45.85,46.79,43.64,48.82,48.23
2019-01-01 09:50:00,28.58,33.53,36.83,37.25,50.33,53.75,52.35,55.1,39.09,52.32,52.47,42.2,56.22,46.58,31.02,45.46,36.78,43.34,47.34,51.59,53.33,54.61,47.39,54.56,55.95,45.32,47.33,47.02,45.85,46.79,43.64,48.82,48.23
2019-01-01 09:55:00,28.57,33.52,36.82,37.25,50.33,53.75,52.35,55.1,39.09,52.32,52.47,42.2,56.22,46.58,31.02,45.46,36.78,43.34,47.34,51.59,53.33,54.61,47.39,54.56,55.95,45.32,47.33,47.02,45.85,46.79,43.64,48.82,48.23
2019-01-01 10:00:00,28.56,33.51,36.81,37.25,50.33,53.75,52.35,55.1,39.09,52.32,52.47,42.2,56.22,46.58,31.03,45.47,36.78,43.34,47.34,51.59,53.33,54.61,47.39,54.56,55.95,45.32,47.33,47.02,45.85,46.79,43.64,48.82,48.23
2019-01-01 10:05:00,28.55,33.5,36.8,37.26,50.33,53.75,52.35,55.1,39.09,52.32,52.47,42.21,56.22,46.58,31.03,45.47,36.78,43.34,47.34,51.59,53.33,54.62,47.39,54.56,55.95,45.32,47.34,47.03,45.85,46.79,43.64,48.82,48.23
2019-01-01 10:10:00,28.54,33.49,36.78,37.26,50.33,53.76,52.36,55.1,39.09,52.33,52.48,42.21,56.22,46.59,31.03,45.47,36.79,43.35,47.34,51.59,53.33,54.62,47.39,54.56,55.95,45.33,47.34,47.03,45.86,46.79,43.64,48.82,48.23
2019-01-01 10:15:00,28.53,33.48,36.77,37.26,50.33,53.76,52.36,55.1,39.09,52.33,52.48,42.21,56.22,46.59,31.04,45.47,36.79,43.35,47.34,51.59,53.33,54.62,47.39,54.56,55.96,45.33,47.34,47.03,45.86,46.79,43.64,48.83,48.23
2019-01-01 10:20:00,28.52,33.47,36.76,37.26,50.33,53.76,52.36,55.11,39.09,52.33,52.48,42.21,56.22,46.59,31.04,45.48,36.79,43.35,47.34,51.59,53.34,54.62,47.4,54.56,55.96,45.33,47.34,47.03,45.86,46.8,43.64,48.83,48.24
2019-01-01 10:25:00,28.51,33.46,36.75,37.27,50.33,53.76,52.36,55.11,39.09,52.33,52.48,42.21,56.23,46.59,31.04,45.48,36.79,43.35,47.34,51.59,53.34,54.62,47.4,54.57,55.96,45.33,47.35,47.03,45.86,46.8,43.64,48.83,48.24
2019-01-01 10:30:00,28.5,33.45,36.74,37.27,50.33,53.76,52.36,55.11,39.09,52.33,52.48,42.21,56.23,46.59,31.04,45.48,36.79,43.35,47.34,51.59,53.34,54.62,47.4,54.57,55.96,45.33,47.35,47.03,45.86,46.8,43.64,48.83,48.24
2019-01-01 10:35:00,28.49,33.43,36.73,37.27,50.33,53.76,52.36,55.11,39.09,52.33,52.48,42.21,56.22,46.59,31.04,45.48,36.79,43.35,47.34,51.59,53.34,54.62,47.4,54.56,55.96,45.33,47.35,47.03,45.86,46.8,43.64,48.83,48.24
2019-01-01 10:40:00,28.47,33.42,36.72,37.26,50.33,53.76,52.36,55.11,39.09,52.33,52.48,42.21,56.22,46.59,31.04,45.47,36.79,43.35,47.34,51.59,53.33,54.62,47.4,54.56,55.96,45.33,47.34,47.03,45.86,46.8,43.64,48.83,48.24
2019-01-01 10:45:00,28.46,33.41,36.71,37.26,50.33,53.76,52.36,55.1,39.09,52.33,52.48,42.21,56.22,46.59,31.04,45.47,36.79,43.35,47.34,51.59,53.33,54.62,47.4,54.56,55.96,45.33,47.34,47.03,45.86,46.8,43.64,48.83,48.24
2019-01-01 10:50:00,28.45,33.4,36.7,37.26,50.33,53.76,52.36,55.1,39.08,52.33,52.48,42.21,56.22,46.59,31.04,45.47,36.79,43.35,47.34,51.59,53.33,54.62,47.39,54.56,55.96,45.33,47.34,47.03,45.86,46.8,43.64,48.83,48.24
2019-01-01 10:55:00,28.44,33.39,36.69,37.26,50.33,53.76,52.36,55.1,39.08,52.33,52.48,42.21,56.22,46.59,31.04,45.47,36.79,43.35,47.34,51.59,53.33,54.62,47.4,54.56,55.96,45.33,47.34,47.03,45.86,46.8,43.64,48.83,48.24
2019-01-01 11:00:00,28.43,33.38,36.68,37.26,50.33,53.76,52.36,55.11,39.08,52.33,52.48,42.21,56.22,46.59,31.04,45.48,36.79,43.35,47.34,51.59,53.33,54.62,47.4,54.56,55.96,45.33,47.35,47.03,45.86,46.8,43.64,48.83,48.24
2019-01-01 11:05:00,28.42,33.37,36.67,37.27,50.33,53.76,52.36,55.11,39.08,52.33,52.48,42.21,56.22,46.59,31.04,45.48,36.79,43.35,47.34,51.59,53.34,54.62,47.4,54.56,55.96,45.33,47.35,47.04,45.86,46.8,43.64,48.83,48.24
2019-01-01 11:10:00,28.41,33.36,36.66,37.27,50.33,53.76,52.37,55.11,39.08,52.33,52.48,42.21,56.23,46.59,31.04,45.48,36.8,43.36,47.34,51.59,53.34,54.62,47.4,54.57,55.96,45.33,47.35,47.04,45.86,46.8,43.65,48.83,48.24
2019-01-01 11:15:00,28.4,33.35,36.65,37.27,50.33,53.76,52.37,55.11,39.08,52.33,52.49,42.22,56.23,46.6,31.05,45.48,36.8,43.36,47.34,51.59,53.34,54.62,47.4,54.57,55.96,45.34,47.35,47.04,45.87,46.8,43.65,48.83,48.24
2019-01-01 11:20:00,28.39,33.34,36.64,37.27,50.34,53.76,52.37,55.11,39.08,52.33,52.49,42.22,56.23,46.6,31.05,45.48,36.8,43.36,47.35,51.59,53.34,54.62,47.4,54.57,55.96,45.34,47.35,47.04,45.87,46.8,43.65,48.83,48.24
2019-01-01 11:25:00,28.38,33.33,36.63,37.27,50.34,53.76,52.37,55.11,39.08,52.33,52.49,42.22,56.23,46.6,31.05,45.48,36.8,43.36,47.35,51.59,53.34,54.62,47.4,54.57,55.97,45.34,47.35,47.04,45.87,46.8,43.65,48.84,48.24
2019-01-01 11:30:00,28.37,33.32,36.62,37.27,50.34,53.76,52.37,55.11,39.08,52.33,52.49,42.22,56.23,46.6,31.05,45.48,36.8,43.36,47.35,51.59,53.34,54.62,47.4,54.57,55.97,45.34,47.35,47.04,45.87,46.8,43.65,48.84,48.24
2019-01-01 11:35:00,28.36,33.31,36.61,37.27,50.34,53.76,52.37,55.11,39.08,52.33,52.49,42.22,56.23,46.6,31.05,45.48,36.8,43.36,47.35,51.59,53.34,54.62,47.4,54.57,55.97,45.34,47.35,47.04,45.87,46.81,43.65,48.84,48.24
2019-01-01 11:40:00,28.35,33.3,36.6,37.27,50.34,53.76,52.37,55.11,39.08,52.33,52.49,42.22,56.23,46.6,31.05,45.48,36.8,43.36,47.35,51.59,53.34,54.62,47.4,54.57,55.97,45.34,47.35,47.04,45.87,46.81,43.65,48.84,48.24
2019-01-01 11:45:00,28.34,33.29,36.59,37.27,50.34,53.76,52.37,55.12,39.08,52.33,52.49,42.22,56.23,46.6,31.05,45.48,36.8,43.36,47.35,51.59,53.34,54.63,47.41,54.57,55.97,45.34,47.35,47.04,45.87,46.81,43.65,48.84,48.24
2019-01-01 11:50:00,28.33,33.28,36.58,37.28,50.34,53.76,52.37,55.12,39.08,52.34,52.49,42.22,56.23,46.6,31.05,45.49,36.8,43.36,47.35,51.59,53.34,54.63,47.41,54.57,55.97,45.34,47.36,47.04,45.87,46.81,43.65,48.84,48.25
2019-01-01 11:55:00,28.32,33.27,36.57,37.28,50.34,53.76,52.38,55.12,39.08,52.34,52.49,42.22,56.23,46.6,31.06,45.49,36.81,43.37,47.35,51.59,53.34,54.63,47.41,54.57,55.97,45.34,47.36,47.05,45.87,46.81,43.65,48.84,48.25
2019-01-01 12:00:00,28.31,33.26,36.56,37.28,50.34,53.77,52.38,55.12,39.08,52.34,52.5,42.22,56.24,46.61,31.06,45.49,36.81,43.37,47.35,51.6,53.35,54.63,47.41,54.58,55.98,45.35,47.36,47.05,45.87,46.81,43.65,48.84,48.25
2019-01-01 12:05:00,28.3,33.25,36.55,37.29,50.34,53.77,52.38,55.13,39.08,52.35,52.5,42.23,56.24,46.61,31.06,45.5,36.81,43.37,47.35,51.6,53.35,54.63,47.42,54.58,55.98,45.35,47.37,47.05,45.88,46.82,43.65,48.85,48.25
2019-01-01 12:10:00,28.29,33.24,36.54,37.29,50.35,53.77,52.39,55.13,39.08,52.35,52.51,42.23,56.24,46.62,31.07,45.5,36.82,43.38,47.36,51.6,53.35,54.64,47.42,54.58,55.98,45.35,47.37,47.06,45.88,46.82,43.65,48.85,48.25
2019-01-01 12:15:00,28.28,33.23,36.53,37.3,50.35,53.78,52.39,55.13,39.08,52.36,52.51,42.23,56.25,46.62,31.07,45.5,36.82,43.38,47.36,51.6,53.35,54.64,47.42,54.59,55.99,45.36,47.37,47.06,45.88,46.82,43.66,48.85,48.26
2019-01-01 12:20:00,28.27,33.22,36.52,37.3,50.35,53.78,52.4,55.14,39.08,52.36,52.51,42.23,56.25,46.62,31.08,45.51,36.83,43.39,47.36,51.6,53.36,54.64,47.43,54.59,55.99,45.36,47.38,47.06,45.89,46.83,43.66,48.86,48.26
2019-01-01 12:25:00,28.26,33.21,36.51,37.3,50.35,53.78,52.4,55.14,39.08,52.36,52.51,42.23,56.25,46.63,31.08,45.51,36.83,43.39,47.36,51.6,53.36,54.65,47.43,54.59,55.99,45.36,47.38,47.07,45.89,46.83,43.66,48.86,48.26
2019-01-01 12:30:00,28.25,33.2,36.49,37.31,50.36,53.78,52.4,55.14,39.08,52.37,52.52,42.24,56.25,46.63,31.08,45.51,36.83,43.39,47.37,51.61,53.36,54.65,47.43,54.6,56.0,45.36,47.38,47.07,45.89,46.83,43.66,48.86,48.26
2019-01-01 12:35:00,28.24,33.19,36.48,37.31,50.36,53.78,52.4,55.15,39.08,52.37,52.52,42.24,56.25,46.63,31.09,45.51,36.83,43.39,47.37,51.61,53.36,54.65,47.44,54.6,56.0,45.37,47.39,47.07,45.89,46.83,43.66,48.86,48.26
2019-01-01 12:40:00,28.23,33.18,36.47,37.31,50.36,53.79,52.4,55.15,39.09,52.37,52.52,42.24,56.25,46.63,31.09,45.52,36.84,43.4,47.37,51.61,53.36,54.65,47.44,54.6,56.0,45.37,47.39,47.07,45.89,46.83,43.66,48.87,48.27
2019-01-01 12:45:00,28.22,33.17,36.46,37.31,50.36,53.79,52.41,55.15,39.09,52.37,52.52,42.24,56.26,46.64,31.09,45.52,36.84,43.4,47.37,51.61,53.36,54.65,47.44,54.6,56.0,45.37,47.39,47.07,45.89,46.83,43.66,48.87,48.27
2019-01-01 12:50:00,28.21,33.16,36.45,37.31,50.36,53.79,52.41,55.15,39.09,52.37,52.52,42.24,56.26,46.64,31.09,45.52,36.84,43.4,47.37,51.61,53.36,54.65,47.44,54.6,56.0,45.37,47.39,47.07,45.89,46.84,43.66,48.87,48.27
2019-01-01 12:55:00,28.2,33.15,36.44,37.31,50.36,53.79,52.41,55.15,39.09,52.37,52.52,42.24,56.26,46.64,31.09,45.52,36.84,43.4,47.37,51.61,53.37,54.66,47.44,54.6,56.01,45.37,47.39,47.07,45.89,46.84,43.66,48.87,48.27
2019-01-01 13:00:00,28.19,33.14,36.43,37.31,50.36,53.79,52.41,55.15,39.09,52.38,52.52,42.24,56.26,46.64,31.09,45.52,36.84,43.4,47.37,51.61,53.37,54.66,47.44,54.6,56.01,45.37,47.39,47.08,45.9,46.84,43.66,48.87,48.27
2019-01-01 13:05:00,28.18,33.13,36.42,37.32,50.36,53.79,52.41,55.16,39.09,52.38,52.53,42.24,56.26,46.64,31.1,45.52,36.84,43.4,47.37,51.61,53.37,54.66,47.44,54.61,56.01,45.37,47.39,47.08,45.9,46.84,43.66,48.87,48.27
2019-01-01 13:10:00,28.17,33.12,36.41,37.32,50.36,53.79,52.41,55.16,39.09,52.38,52.53,42.24,56.26,46.64,31.1,45.53,36.85,43.41,47.37,51.61,53.37,54.66,47.45,54.61,56.01,45.38,47.4,47.08,45.9,46.84,43.66,48.87,48.27
2019-01-01 13:15:00,28.16,33.11,36.4,37.32,50.37,53.79,52.42,55.16,39.09,52.38,52.53,42.25,56.26,46.65,31.1,45.53,36.85,43.41,47.38,51.61,53.37,54.66,47.45,54.61,56.01,45.38,47.4,47.08,45.9,46.85,43.66,48.88,48.27
2019-01-01 13:20:00,28.15,33.1,36.39,37.33,50.37,53.8,52.42,55.17,39.09,52.39,52.54,42.25,56.27,46.65,31.11,45.53,36.85,43.41,47.38,51.61,53.37,54.67,47.45,54.61,56.02,45.38,47.4,47.09,45.9,46.85,43.67,48.88,48.28
2019-01-01 13:25:00,28.14,33.09,36.38,37.33,50.37,53.8,52.43,55.17,39.09,52.39,52.54,42.25,56.27,46.66,31.11,45.54,36.86,43.42,47.38,51.62,53.38,54.67,47.46,54.62,56.02,45.39,47.41,47.09,45.91,46.85,43.67,48.88,48.28
2019-01-01 13:30:00,28.13,33.08,36.37,37.34,50.37,53.8,52.43,55.17,39.09,52.4,52.54,42.25,56.28,46.66,31.12,45.54,36.86,43.42,47.38,51.62,53.38,54.67,47.46,54.62,56.03,45.39,47.41,47.09,45.91,46.86,43.67,48.89,48.28
2019-01-01 13:35:00,28.12,33.07,36.36,37.34,50.38,53.81,52.44,55.18,39.09,52.4,52.55,42.26,56.28,46.67,31.12,45.55,36.87,43.43,47.39,51.62,53.38,54.68,47.47,54.63,56.03,45.4,47.42,47.1,45.91,46.86,43.67,48.89,48.29
2019-01-01 13:40:00,28.11,33.06,36.35,37.35,50.38,53.81,52.44,55.19,39.09,52.41,52.55,42.26,56.28,46.67,31.13,45.55,36.88,43.43,47.39,51.62,53.39,54.68,47.47,54.63,56.04,45.4,47.42,47.1,45.92,46.87,43.67,48.9,48.29
2019-01-01 13:45:00,28.1,33.05,36.35,37.35,50.38,53.82,52.45,55.19,39.09,52.41,52.56,42.26,56.29,46.68,31.13,45.56,36.88,43.44,47.4,51.63,53.39,54.69,47.48,54.64,56.05,45.4,47.43,47.11,45.92,46.87,43.68,48.9,48.29
2019-01-01 13:50:00,28.09,33.04,36.34,37.36,50.39,53.82,52.45,55.2,39.09,52.42,52.56,42.27,56.29,46.68,31.14,45.56,36.89,43.45,47.4,51.63,53.4,54.69,47.48,54.64,56.05,45.41,47.43,47.11,45.93,46.87,43.68,48.91,48.3
2019-01-01 13:55:00,28.08,33.03,36.33,37.37,50.39,53.82,52.46,55.2,39.09,52.43,52.57,42.27,56.3,46.69,31.15,45.57,36.89,43.45,47.4,51.63,53.4,54.7,47.49,54.64,56.06,45.41,47.44,47.12,45.93,46.88,43.68,48.91,48.3
2019-01-01 14:00:00,28.07,33.02,36.32,37.37,50.39,53.83,52.46,55.21,39.09,52.43,52.57,42.27,56.3,46.69,31.15,45.57,36.9,43.46,47.41,51.63,53.4,54.7,47.49,54.65,56.06,45.42,47.44,47.12,45.93,46.88,43.68,48.92,48.3
2019-01-01 14:05:00,28.07,33.01,36.31,37.38,50.4,53.83,52.47,55.21,39.09,52.44,52.58,42.28,56.3,46.7,31.16,45.58,36.9,43.46,47.41,51.64,53.41,54.7,47.5,54.65,56.07,45.42,47.45,47.13,45.94,46.89,43.68,48.92,48.31
2019-01-01 14:10:00,28.06,33.0,36.3,37.38,50.4,53.84,52.47,55.22,39.09,52.44,52.58,42.28,56.31,46.71,31.16,45.58,36.91,43.47,47.41,51.64,53.41,54.71,47.5,54.66,56.07,45.43,47.46,47.13,45.94,46.89,43.69,48.93,48.31
2019-01-01 14:15:00,28.05,33.0,36.29,37.39,50.4,53.84,52.48,55.22,39.09,52.45,52.59,42.28,56.31,46.71,31.17,45.59,36.91,43.47,47.41,51.64,53.41,54.71,47.51,54.66,56.08,45.43,47.46,47.14,45.94,46.9,43.69,48.93,48.31
2019-01-01 14:20:00,28.04,32.99,36.28,37.39,50.41,53.84,52.49,55.23,39.09,52.45,52.59,42.29,56.32,46.72,31.18,45.6,36.92,43.48,47.42,51.64,53.42,54.72,47.51,54.67,56.08,45.44,47.47,47.14,45.95,46.9,43.69,48.94,48.32
2019-01-01 14:25:00,28.03,32.98,36.27,37.4,50.41,53.85,52.49,55.23,39.09,52.46,52.6,42.29,56.32,46.72,31.18,45.6,36.93,43.48,47.42,51.64,53.42,54.72,47.52,54.67,56.09,45.44,47.47,47.15,45.95,46.91,43.69,48.94,48.32
2019-01-01 14:30:00,28.02,32.97,36.26,37.41,50.41,53.85,52.5,55.24,39.09,52.47,52.6,42.29,56.32,46.73,31.19,45.61,36.93,43.49,47.43,51.65,53.43,54.73,47.53,54.68,56.1,45.45,47.48,47.15,45.96,46.91,43.69,48.95,48.33
2019-01-01 14:35:00,28.02,32.96,36.26,37.42,50.42,53.86,52.51,55.25,39.09,52.47,52.61,42.3,56.33,46.74,31.2,45.62,36.94,43.5,47.43,51.65,53.43,54.73,47.53,54.68,56.1,45.46,47.49,47.16,45.96,46.92,43.7,48.95,48.33
2019-01-01 14:40:00,28.01,32.95,36.25,37.42,50.42,53.86,52.51,55.26,39.09,52.48,52.62,42.3,56.34,46.75,31.21,45.62,36.95,43.51,47.44,51.65,53.44,54.74,47.54,54.69,56.11,45.46,47.49,47.17,45.97,46.93,43.7,48.96,48.34
2019-01-01 14:45:00,28.0,32.95,36.24,37.43,50.43,53.87,52.52,55.27,39.09,52.49,52.63,42.31,56.34,46.76,31.22,45.63,36.96,43.52,47.44,51.66,53.44,54.74,47.55,54.7,56.12,45.47,47.5,47.17,45.98,46.93,43.7,48.97,48.34
2019-01-01 14:50:00,27.99,32.94,36.23,37.44,50.44,53.88,52.53,55.28,39.09,52.5,52.64,42.32,56.35,46.77,31.23,45.64,36.97,43.53,47.45,51.66,53.45,54.75,47.56,54.71,56.13,45.48,47.51,47.18,45.98,46.94,43.71,48.98,48.35
2019-01-01 14:55:00,27.99,32.93,36.22,37.46,50.44,53.88,52.55,55.29,39.09,52.51,52.65,42.32,56.36,46.78,31.25,45.65,36.98,43.54,47.46,51.67,53.46,54.76,47.57,54.72,56.14,45.49,47.53,47.19,45.99,46.95,43.71,48.99,48.36
2019-01-01 15:00:00,27.98,32.93,36.22,37.47,50.45,53.89,52.56,55.3,39.09,52.53,52.66,42.33,56.37,46.79,31.26,45.67,37.0,43.55,47.46,51.67,53.47,54.77,47.58,54.73,56.16,45.5,47.54,47.2,46.0,46.96,43.72,49.0,48.37
2019-01-01 15:05:00,27.97,32.92,36.21,37.48,50.46,53.9,52.57,55.31,39.09,52.54,52.67,42.34,56.38,46.8,31.27,45.68,37.01,43.57,47.47,51.68,53.47,54.78,47.6,54.74,56.17,45.51,47.55,47.21,46.01,46.97,43.72,49.01,48.37
2019-01-01 15:10:00,27.97,32.91,36.2,37.49,50.47,53.91,52.58,55.32,39.09,52.55,52.68,42.35,56.39,46.82,31.29,45.69,37.02,43.58,47.48,51.68,53.48,54.79,47.61,54.75,56.18,45.52,47.56,47.23,46.02,46.98,43.73,49.02,48.38
2019-01-01 15:15:00,27.96,32.9,36.19,37.51,50.47,53.92,52.59,55.33,39.09,52.56,52.69,42.35,56.4,46.83,31.3,45.7,37.03,43.59,47.49,51.69,53.49,54.8,47.62,54.76,56.19,45.53,47.57,47.24,46.02,46.99,43.73,49.03,48.39
2019-01-01 15:20:00,27.95,32.9,36.19,37.52,50.48,53.93,52.6,55.34,39.09,52.57,52.7,42.36,56.4,46.84,31.31,45.71,37.04,43.6,47.49,51.69,53.5,54.81,47.63,54.77,56.2,45.54,47.58,47.24,46.03,47.0,43.73,49.04,48.4
2019-01-01 15:25:00,27.94,32.89,36.18,37.53,50.48,53.93,52.61,55.35,39.09,52.58,52.71,42.36,56.41,46.85,31.32,45.72,37.05,43.61,47.5,51.7,53.5,54.81,47.64,54.77,56.21,45.55,47.59,47.25,46.04,47.01,43.74,49.05,48.4
2019-01-01 15:30:00,27.94,32.88,36.17,37.53,50.49,53.94,52.62,55.36,39.09,52.59,52.72,42.37,56.42,46.85,31.33,45.73,37.06,43.62,47.5,51.7,53.51,54.82,47.64,54.78,56.22,45.55,47.6,47.26,46.04,47.02,43.74,49.05,48.41
2019-01-01 15:35:00,27.93,32.87,36.16,37.54,50.49,53.94,52.63,55.37,39.09,52.6,52.72,42.37,56.42,46.86,31.34,45.73,37.07,43.62,47.51,51.7,53.51,54.83,47.65,54.79,56.23,45.56,47.6,47.26,46.05,47.02,43.74,49.06,48.41
2019-01-01 15:40:00,27.92,32.86,36.15,37.55,50.5,53.95,52.63,55.37,39.09,52.6,52.72,42.37,56.42,46.87,31.34,45.74,37.07,43.63,47.51,51.7,53.52,54.83,47.65,54.79,56.23,45.56,47.61,47.27,46.05,47.02,43.74,49.06,48.41
2019-01-01 15:45:00,27.91,32.86,36.15,37.55,50.5,53.95,52.64,55.38,39.09,52.61,52.73,42.38,56.43,46.87,31.34,45.74,37.08,43.63,47.51,51.71,53.52,54.83,47.66,54.79,56.24,45.57,47.61,47.27,46.05,47.03,43.74,49.07,48.42
2019-01-01 15:50:00,27.9,32.85,36.14,37.55,50.5,53.95,52.64,55.38,39.09,52.61,52.73,42.38,56.43,46.87,31.35,45.74,37.08,43.64,47.51,51.71,53.52,54.84,47.66,54.8,56.24,45.57,47.62,47.27,46.05,47.03,43.75,49.07,48.42
2019-01-01 15:55:00,27.89,32.84,36.13,37.56,50.5,53.95,52.64,55.38,39.09,52.61,52.73,42.38,56.43,46.87,31.35,45.75,37.08,43.64,47.52,51.71,53.52,54.84,47.66,54.8,56.24,45.57,47.62,47.27,46.06,47.03,43.75,49.07,48.42
2019-01-01 16:00:00,27.88,32.83,36.12,37.56,50.5,53.95,52.64,55.38,39.09,52.61,52.73,42.38,56.43,46.88,31.35,45.75,37.08,43.64,47.52,51.71,53.52,54.84,47.66,54.8,56.24,45.57,47.62,47.28,46.06,47.03,43.75,49.07,48.42
2019-01-01 16:05:00,27.88,32.82,36.11,37.56,50.5,53.96,52.64,55.38,39.09,52.61,52.73,42.38,56.43,46.88,31.35,45.75,37.08,43.64,47.52,51.71,53.52,54.84,47.66,54.8,56.24,45.57,47.62,47.28,46.06,47.03,43.75,49.07,48.42
2019-01-01 16:10:00,27.87,32.81,36.1,37.56,50.5,53.96,52.64,55.38,39.09,52.61,52.73,42.38,56.43,46.88,31.35,45.75,37.08,43.64,47.52,51.71,53.52,54.84,47.66,54.8,56.24,45.57,47.62,47.27,46.06,47.03,43.75,49.07,48.42
2019-01-01 16:15:00,27.86,32.8,36.09,37.55,50.5,53.95,52.64,55.38,39.09,52.61,52.73,42.38,56.43,46.87,31.35,45.75,37.08,43.64,47.52,51.71,53.52,54.84,47.66,54.8,56.24,45.57,47.62,47.27,46.05,47.03,43.75,49.07,48.42
2019-01-01 16:20:00,27.85,32.79,36.08,37.55,50.5,53.95,52.64,55.38,39.09,52.61,52.73,42.38,56.43,46.87,31.35,45.74,37.08,43.64,47.51,51.71,53.52,54.84,47.66,54.8,56.24,45.57,47.61,47.27,46.05,47.03,43.75,49.07,48.42
2019-01-01 16:25:00,27.84,32.78,36.07,37.55,50.5,53.95,52.64,55.38,39.09,52.61,52.73,42.38,56.43,46.87,31.34,45.74,37.08,43.63,47.51,51.71,53.52,54.83,47.66,54.79,56.24,45.57,47.61,47.27,46.05,47.03,43.74,49.06,48.42
2019-01-01 16:30:00,27.83,32.77,36.06,37.55,50.5,53.95,52.63,55.37,39.09,52.61,52.72,42.37,56.43,46.87,31.34,45.74,37.07,43.63,47.51,51.71,53.52,54.83,47.66,54.79,56.23,45.56,47.61,47.27,46.05,47.02,43.74,49.06,48.41
2019-01-01 16:35:00,27.82,32.76,36.05,37.54,50.5,53.95,52.63,55.37,39.09,52.6,52.72,42.37,56.42,46.86,31.34,45.74,37.07,43.63,47.51,51.7,53.52,54.83,47.65,54.79,56.23,45.56,47.61,47.26,46.05,47.02,43.74,49.06,48.41
2019-01-01 16:40:00,27.81,32.75,36.04,37.54,50.49,53.95,52.63,55.37,39.09,52.6,52.72,42.37,56.42,46.86,31.33,45.73,37.07,43.62,47.51,51.7,53.51,54.83,47.65,54.79,56.23,45.56,47.6,47.26,46.05,47.02,43.74,49.06,48.41
2019-01-01 16:45:00,27.8,32.74,36.03,37.54,50.49,53.94,52.62,55.37,39.09,52.6,52.72,42.37,56.42,46.86,31.33,45.73,37.06,43.62,47.51,51.7,53.51,54.83,47.65,54.78,56.22,45.56,47.6,47.26,46.04,47.02,43.74,49.05,48.41
2019-01-01 16:50:00,27.79,32.73,36.02,37.53,50.49,53.94,52.62,55.36,39.09,52.59,52.71,42.37,56.42,46.86,31.33,45.73,37.06,43.62,47.5,51.7,53.51,54.82,47.64,54.78,56.22,45.55,47.6,47.26,46.04,47.01,43.74,49.05,48.41
2019-01-01 16:55:00,27.78,32.72,36.01,37.53,50.49,53.94,52.62,55.36,39.09,52.59,52.71,42.36,56.42,46.85,31.32,45.72,37.06,43.62,47.5,51.7,53.51,54.82,47.64,54.78,56.22,45.55,47.59,47.25,46.04,47.01,43.74,49.05,48.4
2019-01-01 17:00:00,27.77,32.72,36.0,37.53,50.49,53.94,52.62,55.36,39.09,52.59,52.71,42.36,56.41,46.85,31.32,45.72,37.06,43.61,47.5,51.7,53.51,54.82,47.64,54.78,56.22,45.55,47.59,47.25,46.04,47.01,43.74,49.05,48.4
2019-01-01 17:05:00,27.76,32.71,36.0,37.53,50.49,53.94,52.61,55.35,39.09,52.59,52.71,42.36,56.41,46.85,31.32,45.72,37.05,43.61,47.5,51.7,53.5,54.82,47.64,54.77,56.21,45.55,47.59,47.25,46.03,47.01,43.74,49.04,48.4
2019-01-01 17:10:00,27.75,32.7,35.99,37.52,50.48,53.93,52.61,55.35,39.09,52.58,52.7,42.36,56.41,46.84,31.31,45.71,37.05,43.6,47.5,51.7,53.5,54.81,47.63,54.77,56.21,45.54,47.59,47.25,46.03,47.0,43.73,49.04,48.4
2019-01-01 17:15:00,27.74,32.69,35.98,37.52,50.48,53.93,52.61,55.35,39.09,52.58,52.7,42.36,56.41,46.84,31.31,45.71,37.04,43.6,47.49,51.69,53.5,54.81,47.63,54.77,56.21,45.54,47.58,47.24,46.03,47.0,43.73,49.04,48.39
2019-01-01 17:20:00,27.73,32.68,35.97,37.51,50.48,53.93,52.6,55.34,39.09,52.57,52.7,42.35,56.4,46.84,31.31,45.71,37.04,43.6,47.49,51.69,53.5,54.81,47.62,54.77,56.2,45.54,47.58,47.24,46.03,47.0,43.73,49.03,48.39
2019-01-01 17:25:00,27.72,32.67,35.96,36.64,50.24,53.66,52.06,54.83,39.09,52.04,52.38,42.15,56.07,46.24,30.52,45.12,36.27,43.0,47.26,51.51,53.22,54.49,47.1,54.39,55.65,45.1,47.15,46.91,45.8,46.72,43.61,48.75,48.18
2019-01-01 17:30:00,27.73,32.68,35.97,36.63,50.24,53.65,52.06,54.83,39.09,52.03,52.38,42.15,56.07,46.24,30.52,45.11,36.27,43.0,47.25,51.51,53.22,54.48,47.1,54.39,55.65,45.1,47.14,46.91,45.8,46.71,43.61,48.75,48.18
2019-01-01 17:35:00,27.74,32.68,35.98,36.63,50.24,53.65,52.06,54.82,39.09,52.03,52.37,42.15,56.07,46.24,30.51,45.11,36.26,42.99,47.25,51.5,53.22,54.48,47.1,54.39,55.65,45.09,47.14,46.91,45.79,46.71,43.61,48.74,48.18
2019-01-01 17:40:00,27.75,32.69,35.98,36.62,50.24,53.65,52.05,54.82,39.09,52.03,52.37,42.14,56.06,46.23,30.51,45.11,36.26,42.99,47.25,51.5,53.22,54.48,47.09,54.38,55.64,45.09,47.14,46.9,45.79,46.71,43.61,48.74,48.17
2019-01-01 17:45:00,27.75,32.7,35.99,36.62,50.23,53.65,52.05,54.82,39.09,52.03,52.37,42.14,56.06,46.23,30.51,45.1,36.26,42.99,47.25,51.5,53.22,54.48,47.09,54.38,55.64,45.09,47.13,46.9,45.79,46.71,43.61,48.74,48.17
2019-01-01 17:50:00,27.76,32.71,36.0,36.62,50.23,53.65,52.05,54.82,39.09,52.02,52.37,42.14,56.06,46.23,30.5,45.1,36.25,42.98,47.25,51.5,53.21,54.47,47.09,54.38,55.64,45.09,47.13,46.9,45.79,46.7,43.61,48.74,48.17
2019-01-01 17:55:00,27.77,32.72,36.01,36.61,50.23,53.64,52.04,54.81,39.09,52.02,52.36,42.14,56.06,46.22,30.5,45.1,36.25,42.98,47.24,51.5,53.21,54.47,47.08,54.38,55.63,45.08,47.13,46.9,45.79,46.7,43.6,48.73,48.17
2019-01-01 18:00:00,27.78,32.73,36.02,36.61,50.23,53.64,52.04,54.81,39.09,52.02,52.36,42.14,56.06,46.22,30.49,45.09,36.24,42.98,47.24,51.5,53.21,54.47,47.08,54.37,55.63,45.08,47.12,46.89,45.78,46.7,43.6,48.73,48.17
2019-01-01 18:05:00,27.79,32.73,36.03,36.61,50.23,53.64,52.04,54.8,39.09,52.01,52.36,42.14,56.05,46.22,30.49,45.09,36.24,42.97,47.24,51.5,53.21,54.47,47.08,54.37,55.63,45.08,47.12,46.89,45.78,46.69,43.6,48.73,48.16
2019-01-01 18:10:00,27.8,32.74,36.03,36.6,50.22,53.64,52.03,54.8,39.09,52.01,52.35,42.13,56.05,46.21,30.48,45.09,36.24,42.97,47.24,51.5,53.21,54.46,47.07,54.37,55.62,45.07,47.12,46.89,45.78,46.69,43.6,48.72,48.16
2019-01-01 18:15:00,27.8,32.75,36.04,36.6,50.22,53.63,52.03,54.8,39.09,52.0,52.35,42.13,56.05,46.21,30.48,45.08,36.23,42.96,47.24,51.49,53.2,54.46,47.07,54.36,55.62,45.07,47.11,46.88,45.77,46.69,43.6,48.72,48.16
2019-01-01 18:20:00,27.81,32.76,36.05,36.59,50.22,53.63,52.02,54.79,39.09,52.0,52.35,42.13,56.04,46.2,30.47,45.08,36.23,42.96,47.23,51.49,53.2,54.46,47.06,54.36,55.61,45.07,47.11,46.88,45.77,46.68,43.6,48.72,48.16
2019-01-01 18:25:00,27.82,32.77,36.06,36.59,50.22,53.63,52.02,54.79,39.09,52.0,52.34,42.13,56.04,46.2,30.47,45.07,36.22,42.95,47.23,51.49,53.2,54.45,47.06,54.36,55.61,45.06,47.1,46.87,45.77,46.68,43.6,48.71,48.15
2019-01-01 18:30:00,27.83,32.77,36.07,36.58,50.21,53.63,52.02,54.78,39.09,51.99,52.34,42.12,56.04,46.19,30.46,45.07,36.22,42.95,47.23,51.49,53.19,54.45,47.06,54.35,55.6,45.06,47.1,46.87,45.77,46.68,43.59,48.71,48.15
2019-01-01 18:35:00,27.83,32.78,36.07,36.58,50.21,53.62,52.01,54.78,39.09,51.99,52.33,42.12,56.03,46.19,30.46,45.06,36.21,42.94,47.22,51.49,53.19,54.45,47.05,54.35,55.6,45.05,47.09,46.87,45.76,46.67,43.59,48.7,48.15
2019-01-01 18:40:00,27.84,32.79,36.08,36.57,50.21,53.62,52.01,54.77,39.09,51.98,52.33,42.12,56.03,46.18,30.45,45.06,36.21,42.94,47.22,51.48,53.19,54.44,47.05,54.35,55.59,45.05,47.09,46.86,45.76,46.67,43.59,48.7,48.14
2019-01-01 18:45:00,27.85,32.8,36.09,36.57,50.21,53.62,52.0,54.77,39.09,51.98,52.32,42.11,56.03,46.18,30.45,45.05,36.2,42.93,47.22,51.48,53.19,54.44,47.04,54.34,55.59,45.05,47.09,46.86,45.76,46.67,43.59,48.7,48.14
2019-01-01 18:50:00,27.86,32.8,36.1,36.56,50.2,53.62,52.0,54.77,39.09,51.97,52.32,42.11,56.02,46.17,30.44,45.05,36.2,42.93,47.22,51.48,53.18,54.44,47.04,54.34,55.59,45.04,47.08,46.86,45.75,46.66,43.59,48.69,48.14
2019-01-01 18:55:00,27.86,32.81,36.1,36.56,50.2,53.61,51.99,54.76,39.09,51.97,52.32,42.11,56.02,46.17,30.44,45.05,36.19,42.93,47.22,51.48,53.18,54.44,47.04,54.34,55.58,45.04,47.08,46.85,45.75,46.66,43.59,48.69,48.14
2019-01-01 19:00:00,27.87,32.82,36.11,36.56,50.2,53.61,51.99,54.76,39.09,51.97,52.32,42.11,56.02,46.17,30.44,45.04,36.19,42.92,47.21,51.48,53.18,54.44,47.03,54.34,55.58,45.04,47.08,46.85,45.75,46.66,43.59,48.69,48.13
2019-01-01 19:05:00,27.88,32.83,36.12,36.55,50.2,53.61,51.99,54.76,39.09,51.97,52.31,42.11,56.02,46.17,30.43,45.04,36.19,42.92,47.21,51.48,53.18,54.43,47.03,54.34,55.58,45.04,47.08,46.85,45.75,46.66,43.59,48.69,48.13
2019-01-01 19:10:00,27.89,32.84,36.13,36.55,50.2,53.61,51.99,54.76,39.09,51.97,52.31,42.11,56.02,46.17,30.43,45.04,36.19,42.92,47.21,51.48,53.18,54.43,47.03,54.33,55.58,45.04,47.07,46.85,45.75,46.66,43.59,48.69,48.13
2019-01-01 19:15:00,27.9,32.84,36.14,36.55,50.2,53.61,51.99,54.76,39.09,51.97,52.31,42.11,56.02,46.17,30.43,45.04,36.19,42.92,47.21,51.48,53.18,54.43,47.03,54.33,55.58,45.04,47.07,46.85,45.75,46.66,43.59,48.69,48.13
2019-01-01 19:20:00,27.91,32.85,36.15,36.55,50.2,53.61,51.99,54.76,39.09,51.97,52.31,42.11,56.02,46.17,30.43,45.04,36.19,42.92,47.21,51.48,53.18,54.43,47.03,54.33,55.58,45.04,47.07,46.85,45.75,46.66,43.58,48.69,48.13
2019-01-01 19:25:00,27.91,32.86,36.15,36.55,50.2,53.61,51.99,54.76,39.09,51.97,52.31,42.11,56.02,46.17,30.43,45.04,36.19,42.92,47.21,51.48,53.18,54.43,47.03,54.33,55.58,45.03,47.07,46.85,45.75,46.65,43.58,48.68,48.13
2019-01-01 19:30:00,27.92,32.87,36.16,36.55,50.2,53.61,51.99,54.75,39.09,51.96,52.31,42.1,56.02,46.16,30.43,45.04,36.18,42.92,47.21,51.48,53.18,54.43,47.03,54.33,55.57,45.03,47.07,46.85,45.74,46.65,43.58,48.68,48.13
2019-01-01 19:35:00,27.93,32.88,36.17,36.55,50.2,53.61,51.98,54.75,39.09,51.96,52.31,42.1,56.01,46.16,30.43,45.03,36.18,42.91,47.21,51.48,53.17,54.43,47.02,54.33,55.57,45.03,47.07,46.84,45.74,46.65,43.58,48.68,48.13
2019-01-01 19:40:00,27.94,32.88,36.18,36.54,50.19,53.6,51.98,54.75,39.09,51.96,52.3,42.1,56.01,46.16,30.42,45.03,36.18,42.91,47.21,51.47,53.17,54.43,47.02,54.33,55.57,45.03,47.06,46.84,45.74,46.65,43.58,48.68,48.13
2019-01-01 19:45:00,27.94,32.89,36.19,36.54,50.19,53.6,51.97,54.74,39.09,51.95,52.3,42.1,56.01,46.15,30.42,45.03,36.17,42.91,47.21,51.47,53.17,54.42,47.02,54.32,55.56,45.02,47.06,46.84,45.74,46.64,43.58,48.67,48.12
2019-01-01 19:50:00,27.95,32.9,36.19,36.53,50.19,53.6,51.97,54.74,39.09,51.95,52.3,42.1,56.01,46.15,30.41,45.02,36.17,42.9,47.2,51.47,53.17,54.42,47.01,54.32,55.56,45.02,47.06,46.83,45.73,46.64,43.58,48.67,48.12
2019-01-01 19:55:00,27.96,32.91,36.2,36.53,50.19,53.6,51.97,54.74,39.09,51.95,52.3,42.1,56.01,46.15,30.41,45.02,36.17,42.9,47.2,51.47,53.17,54.42,47.01,54.32,55.56,45.02,47.06,46.83,45.73,46.64,43.58,48.67,48.12
2019-01-01 20:00:00,27.97,32.92,36.21,36.53,50.19,53.6,51.97,54.74,39.09,51.95,52.3,42.1,56.01,46.15,30.41,45.02,36.17,42.9,47.2,51.47,53.17,54.42,47.01,54.32,55.56,45.02,47.06,46.83,45.73,46.64,43.58,48.67,48.12
2019-01-01 20:05:00,27.98,32.92,36.22,36.54,50.19,53.6,51.98,54.74,39.09,51.95,52.3,42.1,56.01,46.15,30.42,45.03,36.17,42.91,47.21,51.47,53.17,54.42,47.02,54.32,55.56,45.02,47.06,46.84,45.74,46.64,43.58,48.67,48.12
2019-01-01 20:10:00,27.99,32.93,36.23,36.54,50.2,53.61,51.98,54.75,39.09,51.96,52.3,42.1,56.01,46.16,30.42,45.03,36.18,42.91,47.21,51.47,53.17,54.43,47.02,54.33,55.57,45.03,47.06,46.84,45.74,46.65,43.58,48.68,48.13
2019-01-01 20:15:00,27.99,32.94,36.24,36.55,50.2,53.61,51.99,54.75,39.09,51.96,52.31,42.1,56.02,46.16,30.43,45.04,36.18,42.92,47.21,51.48,53.18,54.43,47.03,54.33,55.57,45.03,47.07,46.84,45.74,46.65,43.58,48.68,48.13
2019-01-01 20:20:00,28.0,32.95,36.24,36.55,50.2,53.61,51.99,54.76,39.09,51.97,52.31,42.11,56.02,46.17,30.43,45.04,36.19,42.92,47.21,51.48,53.18,54.44,47.03,54.33,55.58,45.03,47.07,46.85,45.75,46.65,43.58,48.68,48.13
2019-01-01 20:25:00,28.01,32.96,36.25,36.55,50.2,53.61,51.99,54.76,39.09,51.97,52.31,42.11,56.02,46.17,30.43,45.04,36.19,42.92,47.21,51.48,53.18,54.44,47.03,54.34,55.58,45.04,47.07,46.85,45.75,46.65,43.58,48.68,48.13
2019-01-01 20:30:00,28.02,32.97,36.26,36.55,50.2,53.61,51.99,54.76,39.09,51.97,52.31,42.1,56.02,46.16,30.43,45.04,36.18,42.92,47.21,51.48,53.18,54.43,47.03,54.33,55.58,45.03,47.07,46.84,45.74,46.65,43.58,48.68,48.13
2019-01-01 20:35:00,28.03,32.97,36.27,36.54,50.2,53.61,51.98,54.75,39.09,51.96,52.3,42.1,56.01,46.16,30.42,45.03,36.18,42.91,47.21,51.47,53.17,54.43,47.02,54.33,55.57,45.03,47.06,46.84,45.74,46.65,43.58,48.68,48.13
2019-01-01 20:40:00,28.03,32.98,36.27,36.53,50.19,53.6,51.97,54.74,39.09,51.95,52.3,42.1,56.01,46.15,30.41,45.02,36.17,42.9,47.2,51.47,53.17,54.42,47.01,54.32,55.56,45.02,47.06,46.83,45.73,46.64,43.58,48.67,48.12
2019-01-01 20:45:00,28.04,32.99,36.28,36.52,50.18,53.59,51.96,54.73,39.09,51.94,52.29,42.09,56.0,46.14,30.4,45.01,36.16,42.89,47.2,51.47,53.16,54.42,47.0,54.31,55.55,45.01,47.05,46.82,45.73,46.63,43.57,48.66,48.11
2019-01-01 20:50:00,28.05,32.99,36.29,36.51,50.18,53.59,51.95,54.72,39.09,51.93,52.28,42.08,55.99,46.13,30.39,45.0,36.14,42.88,47.19,51.46,53.16,54.41,46.99,54.3,55.54,45.0,47.03,46.81,45.72,46.62,43.57,48.65,48.11
2019-01-01 20:55:00,28.05,33.0,36.3,36.5,50.17,53.58,51.94,54.71,39.09,51.92,52.27,42.08,55.99,46.12,30.38,44.99,36.13,42.87,47.19,51.46,53.15,54.4,46.98,54.3,55.53,44.99,47.03,46.81,45.71,46.62,43.57,48.64,48.1
2019-01-01 21:00:00,28.06,33.01,36.3,36.49,50.17,53.58,51.94,54.71,39.09,51.92,52.27,42.08,55.98,46.11,30.37,44.99,36.13,42.87,47.18,51.46,53.15,54.4,46.98,54.29,55.52,44.99,47.02,46.8,45.71,46.61,43.57,48.64,48.1
2019-01-01 21:05:00,28.07,33.01,36.31,36.49,50.17,53.58,51.94,54.71,39.09,51.92,52.26,42.07,55.98,46.11,30.37,44.99,36.13,42.87,47.18,51.46,53.15,54.4,46.98,54.29,55.52,44.99,47.02,46.8,45.71,46.61,43.57,48.64,48.1
2019-01-01 21:10:00,28.07,33.02,36.32,36.5,50.17,53.58,51.94,54.71,39.09,51.92,52.27,42.08,55.98,46.11,30.37,44.99,36.13,42.87,47.18,51.46,53.15,54.4,46.98,54.29,55.53,44.99,47.02,46.8,45.71,46.61,43.57,48.64,48.1
2019-01-01 21:15:00,28.08,33.03,36.33,36.5,50.18,53.58,51.94,54.71,39.09,51.92,52.27,42.08,55.99,46.12,30.38,45.0,36.14,42.87,47.19,51.46,53.15,54.4,46.99,54.3,55.53,45.0,47.03,46.81,45.71,46.62,43.57,48.65,48.1
2019-01-01 21:20:00,28.09,33.04,36.34,36.51,50.18,53.59,51.95,54.72,39.09,51.93,52.28,42.08,55.99,46.13,30.39,45.0,36.15,42.88,47.19,51.46,53.16,54.41,46.99,54.31,55.54,45.0,47.04,46.82,45.72,46.62,43.57,48.65,48.11
2019-01-01 21:25:00,28.1,33.05,36.35,36.52,50.19,53.6,51.96,54.73,39.09,51.94,52.29,42.09,56.0,46.14,30.4,45.01,36.16,42.89,47.2,51.47,53.16,54.42,47.0,54.31,55.55,45.01,47.05,46.82,45.73,46.63,43.57,48.66,48.11
2019-01-01 21:30:00,28.11,33.06,36.35,36.54,50.19,53.6,51.97,54.74,39.09,51.95,52.3,42.1,56.01,46.15,30.41,45.03,36.17,42.91,47.21,51.47,53.17,54.43,47.02,54.32,55.56,45.02,47.06,46.83,45.73,46.64,43.58,48.67,48.12
2019-01-01 21:35:00,28.12,33.07,36.36,36.55,50.2,53.61,51.99,54.76,39.09,51.97,52.31,42.1,56.02,46.16,30.43,45.04,36.18,42.92,47.21,51.48,53.18,54.44,47.03,54.33,55.58,45.03,47.07,46.84,45.74,46.65,43.58,48.68,48.13
2019-01-01 21:40:00,28.13,33.08,36.38,36.57,50.21,53.62,52.0,54.77,39.09,51.98,52.32,42.11,56.03,46.18,30.45,45.05,36.2,42.94,47.22,51.48,53.19,54.45,47.04,54.35,55.59,45.05,47.08,46.86,45.75,46.66,43.59,48.69,48.14
2019-01-01 21:45:00,28.14,33.09,36.39,36.59,50.22,53.64,52.02,54.79,39.09,52.0,52.34,42.12,56.04,46.2,30.47,45.07,36.22,42.95,47.23,51.49,53.2,54.46,47.06,54.36,55.61,45.06,47.1,46.87,45.76,46.68,43.59,48.71,48.15
2019-01-01 21:50:00,28.16,33.1,36.4,36.61,50.23,53.65,52.04,54.81,39.09,52.03,52.36,42.13,56.06,46.22,30.49,45.09,36.24,42.98,47.25,51.5,53.22,54.48,47.08,54.38,55.63,45.08,47.12,46.89,45.78,46.69,43.6,48.73,48.16
2019-01-01 21:55:00,28.17,33.12,36.41,36.64,50.25,53.67,52.07,54.83,39.09,52.05,52.38,42.15,56.08,46.25,30.52,45.12,36.27,43.0,47.26,51.51,53.23,54.5,47.1,54.4,55.66,45.1,47.15,46.91,45.79,46.71,43.61,48.75,48.18
2019-01-01 22:00:00,28.18,33.13,36.42,36.67,50.26,53.68,52.09,54.86,39.09,52.08,52.4,42.16,56.1,46.27,30.55,45.14,36.3,43.03,47.28,51.52,53.25,54.52,47.13,54.42,55.68,45.12,47.17,46.93,45.81,46.73,43.62,48.77,48.19
2019-01-01 22:05:00,28.2,33.14,36.43,36.7,50.28,53.7,52.12,54.89,39.09,52.1,52.42,42.18,56.11,46.3,30.58,45.17,36.33,43.06,47.29,51.53,53.26,54.54,47.16,54.44,55.71,45.15,47.2,46.95,45.83,46.75,43.63,48.79,48.21
2019-01-01 22:10:00,28.21,33.16,36.45,36.72,50.29,53.72,52.15,54.91,39.09,52.13,52.44,42.19,56.13,46.33,30.61,45.2,36.36,43.09,47.31,51.54,53.28,54.55,47.18,54.46,55.74,45.17,47.22,46.97,45.85,46.77,43.64,48.81,48.23
2019-01-01 22:15:00,28.22,33.17,36.46,36.75,50.31,53.73,52.17,54.94,39.09,52.15,52.46,42.21,56.15,46.35,30.64,45.22,36.38,43.11,47.32,51.55,53.3,54.57,47.2,54.48,55.76,45.19,47.24,46.99,45.86,46.79,43.65,48.83,48.24
2019-01-01 22:20:00,28.24,33.18,36.47,36.77,50.32,53.75,52.19,54.95,39.09,52.17,52.48,42.22,56.16,46.37,30.66,45.24,36.4,43.13,47.33,51.56,53.31,54.59,47.22,54.5,55.78,45.21,47.26,47.01,45.87,46.81,43.65,48.84,48.25
2019-01-01 22:25:00,28.25,33.19,36.48,36.79,50.33,53.76,52.2,54.97,39.09,52.19,52.49,42.22,56.17,46.39,30.68,45.25,36.42,43.15,47.34,51.57,53.32,54.6,47.24,54.51,55.8,45.22,47.28,47.02,45.88,46.82,43.66,48.86,48.26
2019-01-01 22:30:00,28.26,33.2,36.49,36.8,50.33,53.76,52.22,54.98,39.09,52.2,52.5,42.23,56.18,46.4,30.69,45.27,36.43,43.16,47.35,51.57,53.32,54.6,47.25,54.52,55.81,45.23,47.29,47.03,45.89,46.83,43.66,48.86,48.27
2019-01-01 22:35:00,28.27,33.22,36.5,36.81,50.34,53.77,52.22,54.99,39.09,52.21,52.51,42.24,56.19,46.41,30.7,45.27,36.44,43.17,47.35,51.57,53.33,54.61,47.25,54.53,55.82,45.24,47.29,47.04,45.9,46.84,43.66,48.87,48.27
2019-01-01 22:40:00,28.28,33.23,36.51,36.82,50.34,53.77,52.23,55.0,39.09,52.22,52.52,42.24,56.19,46.42,30.71,45.28,36.45,43.17,47.36,51.58,53.33,54.62,47.26,54.53,55.82,45.24,47.3,47.04,45.9,46.84,43.67,48.88,48.28
2019-01-01 22:45:00,28.29,33.24,36.52,36.83,50.35,53.78,52.24,55.0,39.09,52.22,52.52,42.25,56.2,46.43,30.72,45.29,36.46,43.18,47.36,51.58,53.34,54.62,47.27,54.54,55.83,45.25,47.31,47.05,45.91,46.85,43.67,48.89,48.28
2019-01-01 22:50:00,28.3,33.25,36.54,36.84,50.35,53.79,52.25,55.02,39.09,52.23,52.53,42.25,56.21,46.44,30.73,45.3,36.47,43.2,47.37,51.59,53.35,54.63,47.28,54.55,55.84,45.26,47.32,47.06,45.92,46.86,43.67,48.89,48.29
2019-01-01 22:55:00,28.32,33.26,36.55,36.86,50.36,53.8,52.27,55.03,39.09,52.25,52.55,42.26,56.22,46.45,30.75,45.32,36.49,43.21,47.38,51.59,53.36,54.64,47.29,54.56,55.86,45.27,47.33,47.07,45.92,46.87,43.68,48.91,48.3
2019-01-01 23:00:00,28.33,33.27,36.56,36.88,50.37,53.81,52.28,55.05,39.09,52.27,52.56,42.27,56.23,46.47,30.77,45.33,36.51,43.23,47.39,51.6,53.37,54.65,47.31,54.57,55.88,45.29,47.35,47.09,45.94,46.88,43.68,48.92,48.31
2019-01-01 23:05:00,28.34,33.29,36.57,36.9,50.38,53.82,52.3,55.06,39.09,52.29,52.58,42.28,56.24,46.49,30.79,45.35,36.53,43.25,47.4,51.61,53.38,54.67,47.33,54.59,55.9,45.3,47.37,47.1,45.95,46.9,43.69,48.94,48.32
2019-01-01 23:10:00,28.36,33.3,36.59,36.92,50.39,53.83,52.32,55.08,39.09,52.31,52.59,42.29,56.26,46.51,30.82,45.37,36.55,43.27,47.41,51.61,53.39,54.68,47.35,54.6,55.92,45.32,47.39,47.12,45.96,46.91,43.7,48.95,48.33
2019-01-01 23:15:00,28.37,33.31,36.6,36.94,50.4,53.85,52.34,55.1,39.09,52.33,52.61,42.3,56.27,46.53,30.84,45.39,36.57,43.29,47.42,51.62,53.4,54.7,47.37,54.62,55.94,45.34,47.41,47.13,45.97,46.93,43.7,48.97,48.35
2019-01-01 23:20:00,28.38,33.33,36.61,36.96,50.42,53.86,52.36,55.12,39.09,52.35,52.63,42.31,56.29,46.55,30.86,45.41,36.6,43.31,47.43,51.63,53.42,54.71,47.39,54.64,55.96,45.35,47.43,47.15,45.99,46.94,43.71,48.98,48.36
2019-01-01 23:25:00,28.4,33.34,36.62,36.98,50.43,53.87,52.38,55.14,39.09,52.37,52.64,42.32,56.3,46.57,30.88,45.43,36.62,43.33,47.44,51.64,53.43,54.73,47.41,54.65,55.98,45.37,47.45,47.17,46.0,46.96,43.72,49.0,48.37
2019-01-01 23:30:00,28.41,33.35,36.64,37.01,50.44,53.89,52.4,55.16,39.09,52.39,52.66,42.33,56.31,46.59,30.91,45.45,36.64,43.35,47.46,51.65,53.44,54.74,47.42,54.67,56.0,45.39,47.46,47.18,46.01,46.97,43.72,49.01,48.38
2019-01-01 23:35:00,28.42,33.37,36.65,37.03,50.45,53.9,52.42,55.18,39.09,52.4,52.67,42.34,56.33,46.61,30.93,45.47,36.66,43.37,47.47,51.65,53.45,54.76,47.44,54.68,56.02,45.4,47.48,47.2,46.02,46.99,43.73,49.03,48.39
2019-01-01 23:40:00,28.44,33.38,36.66,37.05,50.46,53.91,52.44,55.2,39.09,52.42,52.69,42.35,56.34,46.63,30.95,45.49,36.68,43.39,47.48,51.66,53.47,54.77,47.46,54.7,56.03,45.42,47.5,47.21,46.03,47.0,43.74,49.04,48.4
2019-01-01 23:45:00,28.45,33.39,36.68,37.07,50.47,53.93,52.46,55.22,39.09,52.44,52.71,42.37,56.36,46.65,30.97,45.51,36.7,43.41,47.49,51.67,53.48,54.79,47.48,54.72,56.05,45.44,47.52,47.23,46.05,47.02,43.74,49.06,48.41
2019-01-01 23:50:00,28.47,33.41,36.69,37.09,50.48,53.94,52.48,55.24,39.09,52.47,52.72,42.38,56.37,46.67,31.0,45.53,36.72,43.43,47.5,51.68,53.49,54.8,47.5,54.73,56.08,45.45,47.54,47.24,46.06,47.03,43.75,49.08,48.43
2019-01-01 23:55:00,28.48,33.42,36.7,37.12,50.5,53.95,52.5,55.26,39.09,52.49,52.74,42.39,56.39,46.69,31.02,45.55,36.75,43.45,47.51,51.69,53.51,54.82,47.52,54.75,56.1,45.47,47.56,47.26,46.07,47.05,43.76,49.09,48.44
2019-01-02 00:00:00,28.49,33.44,36.72,37.14,50.51,53.97,52.52,55.28,39.09,52.51,52.76,42.4,56.4,46.72,31.05,45.57,36.77,43.48,47.53,51.7,53.52,54.83,47.54,54.77,56.12,45.49,47.58,47.28,46.09,47.07,43.76,49.11,48.45
2019-01-02 00:05:00,28.51,33.45,36.73,37.16,50.52,53.98,52.55,55.3,39.09,52.53,52.78,42.41,56.42,46.74,31.07,45.59,36.8,43.5,47.54,51.71,53.53,54.85,47.56,54.79,56.14,45.51,47.6,47.3,46.1,47.08,43.77,49.13,48.47
2019-01-02 00:10:00,28.52,33.47,36.74,37.19,50.53,54.0,52.57,55.33,39.09,52.56,52.8,42.42,56.43,46.76,31.1,45.62,36.82,43.52,47.55,51.72,53.55,54.87,47.58,54.8,56.17,45.53,47.62,47.31,46.12,47.1,43.78,49.14,48.48
2019-01-02 00:15:00,28.54,33.48,36.76,37.21,50.55,54.01,52.59,55.35,39.09,52.58,52.81,42.44,56.45,46.79,31.12,45.64,36.84,43.55,47.57,51.72,53.56,54.88,47.6,54.82,56.19,45.55,47.64,47.33,46.13,47.12,43.79,49.16,48.49
2019-01-02 00:20:00,28.55,33.49,36.77,37.24,50.56,54.03,52.61,55.37,39.09,52.6,52.83,42.45,56.47,46.81,31.15,45.66,36.87,43.57,47.58,51.73,53.58,54.9,47.62,54.84,56.21,45.57,47.66,47.35,46.14,47.13,43.79,49.18,48.5
2019-01-02 00:25:00,28.57,33.51,36.79,37.26,50.57,54.04,52.63,55.39,39.09,52.62,52.85,42.46,56.48,46.83,31.17,45.68,36.89,43.59,47.59,51.74,53.59,54.92,47.65,54.86,56.23,45.58,47.68,47.37,46.15,47.15,43.8,49.19,48.52
2019-01-02 00:30:00,28.58,33.52,36.8,37.28,50.58,54.06,52.66,55.41,39.09,52.65,52.87,42.47,56.5,46.85,31.19,45.7,36.91,43.61,47.6,51.75,53.6,54.93,47.67,54.88,56.25,45.6,47.7,47.38,46.17,47.16,43.81,49.21,48.53
2019-01-02 00:35:00,28.6,33.54,36.82,37.31,50.6,54.07,52.68,55.43,39.1,52.67,52.88,42.48,56.51,46.87,31.22,45.72,36.94,43.64,47.62,51.76,53.62,54.95,47.69,54.89,56.28,45.62,47.72,47.4,46.18,47.18,43.81,49.23,48.54
2019-01-02 00:40:00,28.61,33.55,36.83,37.33,50.61,54.09,52.7,55.45,39.1,52.69,52.9,42.49,56.53,46.9,31.24,45.74,36.96,43.66,47.63,51.77,53.63,54.97,47.71,54.91,56.3,45.64,47.74,47.42,46.19,47.2,43.82,49.24,48.55
2019-01-02 00:45:00,28.63,33.57,36.84,37.36,50.62,54.1,52.72,55.48,39.1,52.72,52.92,42.5,56.54,46.92,31.27,45.77,36.99,43.68,47.64,51.78,53.65,54.98,47.73,54.93,56.32,45.66,47.76,47.43,46.21,47.21,43.83,49.26,48.57
2019-01-02 00:50:00,28.64,33.58,36.86,37.38,50.64,54.12,52.74,55.5,39.1,52.74,52.94,42.52,56.56,46.94,31.3,45.79,37.01,43.71,47.66,51.79,53.66,55.0,47.75,54.95,56.34,45.68,47.78,47.45,46.22,47.23,43.84,49.28,48.58
2019-01-02 00:55:00,28.66,33.6,36.87,37.41,50.65,54.13,52.77,55.52,39.1,52.76,52.95,42.53,56.58,46.97,31.32,45.81,37.04,43.73,47.67,51.8,53.68,55.02,47.77,54.97,56.37,45.69,47.8,47.47,46.23,47.24,43.84,49.29,48.59
2019-01-02 01:00:00,28.67,33.61,36.89,37.43,50.66,54.15,52.79,55.54,39.1,52.78,52.97,42.54,56.59,46.99,31.34,45.83,37.06,43.75,47.68,51.8,53.69,55.03,47.79,54.98,56.39,45.71,47.82,47.48,46.25,47.26,43.85,49.31,48.6
2019-01-02 01:05:00,28.69,33.63,36.9,37.45,50.67,54.16,52.81,55.56,39.1,52.8,52.98,42.55,56.61,47.01,31.36,45.85,37.08,43.77,47.69,51.81,53.7,55.05,47.81,55.0,56.41,45.73,47.84,47.5,46.26,47.27,43.86,49.32,48.61
2019-01-02 01:10:00,28.7,33.65,36.92,37.47,50.68,54.17,52.82,55.58,39.1,52.82,53.0,42.56,56.62,47.03,31.39,45.87,37.1,43.79,47.7,51.82,53.71,55.06,47.83,55.01,56.43,45.74,47.85,47.51,46.27,47.29,43.86,49.34,48.62
2019-01-02 01:15:00,28.72,33.66,36.93,37.49,50.69,54.19,52.84,55.59,39.1,52.84,53.01,42.57,56.63,47.04,31.4,45.89,37.12,43.81,47.71,51.83,53.72,55.07,47.84,55.03,56.44,45.76,47.87,47.53,46.28,47.3,43.87,49.35,48.63
2019-01-02 01:20:00,28.73,33.68,36.95,37.51,50.7,54.2,52.86,55.61,39.1,52.86,53.02,42.57,56.64,47.06,31.42,45.9,37.14,43.82,47.72,51.83,53.73,55.09,47.86,55.04,56.46,45.77,47.88,47.54,46.29,47.31,43.87,49.36,48.64
2019-01-02 01:25:00,28.75,33.69,36.96,37.52,50.71,54.21,52.87,55.62,39.1,52.87,53.04,42.58,56.65,47.08,31.44,45.92,37.15,43.84,47.73,51.84,53.74,55.1,47.87,55.05,56.47,45.78,47.9,47.55,46.3,47.32,43.88,49.37,48.65
2019-01-02 01:30:00,28.77,33.71,36.98,37.54,50.72,54.22,52.89,55.64,39.1,52.89,53.05,42.59,56.66,47.09,31.46,45.93,37.17,43.86,47.74,51.85,53.75,55.11,47.89,55.06,56.49,45.8,47.91,47.56,46.31,47.33,43.88,49.38,48.66
2019-01-02 01:35:00,28.78,33.72,36.99,37.56,50.73,54.23,52.9,55.65,39.1,52.9,53.06,42.6,56.67,47.11,31.47,45.95,37.19,43.87,47.75,51.85,53.76,55.12,47.9,55.08,56.5,45.81,47.92,47.57,46.32,47.34,43.89,49.39,48.67
2019-01-02 01:40:00,28.8,33.74,37.01,37.57,50.74,54.24,52.92,55.67,39.1,52.92,53.07,42.6,56.68,47.12,31.49,45.96,37.2,43.89,47.76,51.86,53.77,55.13,47.91,55.09,56.52,45.82,47.94,47.58,46.32,47.35,43.89,49.4,48.67
2019-01-02 01:45:00,28.81,33.75,37.03,37.59,50.74,54.25,52.93,55.68,39.1,52.93,53.08,42.61,56.69,47.13,31.5,45.97,37.22,43.9,47.76,51.86,53.78,55.14,47.93,55.1,56.53,45.83,47.95,47.59,46.33,47.36,43.89,49.41,48.68
2019-01-02 01:50:00,28.83,33.77,37.04,37.6,50.75,54.25,52.94,55.69,39.1,52.94,53.09,42.62,56.7,47.15,31.52,45.99,37.23,43.91,47.77,51.87,53.79,55.15,47.94,55.11,56.54,45.84,47.96,47.6,46.34,47.37,43.9,49.42,48.69
2019-01-02 01:55:00,28.84,33.78,37.06,37.61,50.76,54.26,52.95,55.7,39.1,52.96,53.1,42.62,56.71,47.16,31.53,46.0,37.24,43.92,47.78,51.87,53.8,55.16,47.95,55.12,56.56,45.85,47.97,47.61,46.34,47.38,43.9,49.43,48.69
2019-01-02 02:00:00,28.86,33.8,37.07,37.63,50.76,54.27,52.96,55.71,39.1,52.97,53.11,42.63,56.72,47.17,31.54,46.01,37.25,43.93,47.78,51.88,53.8,55.17,47.96,55.13,56.57,45.86,47.98,47.62,46.35,47.38,43.9,49.44,48.7
2019-01-02 02:05:00,28.87,33.81,37.09,37.64,50.77,54.27,52.97,55.72,39.1,52.98,53.11,42.63,56.72,47.18,31.55,46.02,37.26,43.94,47.79,51.88,53.81,55.17,47.97,55.13,56.58,45.87,47.99,47.62,46.36,47.39,43.91,49.44,48.7
2019-01-02 02:10:00,28.89,33.83,37.1,37.65,50.77,54.28,52.98,55.73,39.1,52.98,53.12,42.64,56.73,47.19,31.56,46.02,37.27,43.95,47.79,51.88,53.81,55.18,47.98,55.14,56.58,45.87,47.99,47.63,46.36,47.4,43.91,49.45,48.71
2019-01-02 02:15:00,28.9,33.85,37.12,37.65,50.78,54.29,52.99,55.74,39.1,52.99,53.13,42.64,56.74,47.2,31.57,46.03,37.28,43.96,47.8,51.89,53.82,55.19,47.98,55.15,56.59,45.88,48.0,47.64,46.36,47.4,43.91,49.46,48.71
2019-01-02 02:20:00,28.92,33.86,37.13,37.66,50.78,54.29,53.0,55.74,39.1,53.0,53.13,42.64,56.74,47.2,31.58,46.04,37.29,43.97,47.8,51.89,53.82,55.19,47.99,55.15,56.6,45.89,48.01,47.64,46.37,47.41,43.91,49.46,48.72
2019-01-02 02:25:00,28.93,33.88,37.15,37.67,50.79,54.3,53.0,55.75,39.1,53.01,53.14,42.65,56.75,47.21,31.59,46.05,37.3,43.98,47.81,51.89,53.83,55.2,48.0,55.16,56.61,45.89,48.01,47.65,46.37,47.41,43.92,49.47,48.72
2019-01-02 02:30:00,28.95,33.89,37.16,37.68,50.79,54.3,53.01,55.76,39.1,53.02,53.14,42.65,56.75,47.22,31.6,46.06,37.31,43.99,47.81,51.9,53.83,55.2,48.01,55.17,56.62,45.9,48.02,47.65,46.38,47.42,43.92,49.47,48.73
2019-01-02 02:35:00,28.97,33.91,37.18,37.69,50.79,54.31,53.02,55.77,39.1,53.03,53.15,42.65,56.76,47.23,31.61,46.06,37.32,43.99,47.82,51.9,53.84,55.21,48.01,55.17,56.62,45.91,48.03,47.66,46.38,47.42,43.92,49.48,48.73
2019-01-02 02:40:00,28.98,33.92,37.19,37.7,50.8,54.31,53.03,55.78,39.1,53.03,53.16,42.66,56.76,47.24,31.62,46.07,37.33,44.0,47.82,51.9,53.84,55.22,48.02,55.18,56.63,45.91,48.04,47.67,46.39,47.43,43.92,49.48,48.73
2019-01-02 02:45:00,29.0,33.94,37.21,37.71,50.8,54.32,53.04,55.78,39.1,53.04,53.16,42.66,56.77,47.24,31.63,46.08,37.33,44.01,47.82,51.91,53.85,55.22,48.03,55.18,56.64,45.92,48.04,47.67,46.39,47.43,43.93,49.49,48.74
2019-01-02 02:50:00,29.01,33.95,37.22,37.71,50.81,54.32,53.04,55.79,39.1,53.05,53.17,42.67,56.77,47.25,31.63,46.09,37.34,44.02,47.83,51.91,53.85,55.23,48.03,55.19,56.65,45.93,48.05,47.68,46.4,47.44,43.93,49.49,48.74
2019-01-02 02:55:00,29.03,33.97,37.24,37.72,50.81,54.32,53.05,55.79,39.1,53.05,53.17,42.67,56.78,47.26,31.64,46.09,37.35,44.02,47.83,51.91,53.85,55.23,48.04,55.19,56.65,45.93,48.05,47.68,46.4,47.44,43.93,49.5,48.74
2019-01-02 03:00:00,29.04,33.99,37.26,37.73,50.81,54.33,53.05,55.8,39.1,53.06,53.17,42.67,56.78,47.26,31.65,46.1,37.35,44.03,47.84,51.91,53.86,55.23,48.04,55.2,56.66,45.93,48.06,47.68,46.4,47.45,43.93,49.5,48.75
2019-01-02 03:05:00,29.06,34.0,37.27,37.73,50.82,54.33,53.06,55.8,39.1,53.06,53.18,42.67,56.78,47.27,31.65,46.1,37.36,44.03,47.84,51.91,53.86,55.24,48.05,55.2,56.66,45.94,48.06,47.69,46.4,47.45,43.93,49.5,48.75
2019-01-02 03:10:00,29.08,34.02,37.29,37.74,50.82,54.33,53.06,55.81,39.1,53.07,53.18,42.67,56.79,47.27,31.66,46.1,37.36,44.04,47.84,51.92,53.86,55.24,48.05,55.21,56.67,45.94,48.07,47.69,46.41,47.45,43.93,49.51,48.75
2019-01-02 03:15:00,29.09,34.03,37.3,37.74,50.82,54.34,53.06,55.81,39.1,53.07,53.18,42.68,56.79,47.28,31.66,46.11,37.37,44.04,47.84,51.92,53.87,55.24,48.06,55.21,56.67,45.94,48.07,47.69,46.41,47.45,43.93,49.51,48.75
2019-01-02 03:20:00,29.11,34.05,37.32,37.74,50.82,54.34,53.07,55.81,39.1,53.08,53.19,42.68,56.79,47.28,31.67,46.11,37.37,44.05,47.84,51.92,53.87,55.25,48.06,55.21,56.67,45.95,48.07,47.7,46.41,47.46,43.94,49.51,48.76
2019-01-02 03:25:00,29.12,34.06,37.33,37.75,50.82,54.34,53.07,55.82,39.1,53.08,53.19,42.68,56.79,47.28,31.67,46.12,37.38,44.05,47.85,51.92,53.87,55.25,48.06,55.21,56.68,45.95,48.07,47.7,46.41,47.46,43.94,49.51,48.76
2019-01-02 03:30:00,29.14,34.08,37.35,37.75,50.83,54.34,53.08,55.82,39.1,53.08,53.19,42.68,56.8,47.29,31.67,46.12,37.38,44.05,47.85,51.92,53.87,55.25,48.07,55.22,56.68,45.95,48.08,47.7,46.41,47.46,43.94,49.52,48.76
2019-01-02 03:35:00,29.15,34.09,37.36,37.76,50.83,54.35,53.08,55.83,39.1,53.09,53.19,42.68,56.8,47.29,31.68,46.12,37.38,44.06,47.85,51.92,53.88,55.26,48.07,55.22,56.69,45.96,48.08,47.7,46.42,47.46,43.94,49.52,48.76
2019-01-02 03:40:00,29.17,34.11,37.38,37.76,50.83,54.35,53.08,55.83,39.1,53.09,53.2,42.69,56.8,47.3,31.68,46.13,37.39,44.06,47.85,51.93,53.88,55.26,48.07,55.22,56.69,45.96,48.09,47.71,46.42,47.47,43.94,49.52,48.76
2019-01-02 03:45:00,29.18,34.13,37.4,37.77,50.83,54.35,53.09,55.83,39.1,53.1,53.2,42.69,56.81,47.3,31.69,46.13,37.39,44.07,47.85,51.93,53.88,55.26,48.08,55.23,56.69,45.96,48.09,47.71,46.42,47.47,43.94,49.53,48.77
2019-01-02 03:50:00,29.2,34.14,37.41,37.77,50.83,54.35,53.09,55.84,39.1,53.1,53.2,42.69,56.81,47.3,31.69,46.14,37.4,44.07,47.86,51.93,53.88,55.26,48.08,55.23,56.7,45.97,48.09,47.71,46.42,47.47,43.94,49.53,48.77
2019-01-02 03:55:00,29.22,34.16,37.43,37.77,50.84,54.36,53.09,55.84,39.1,53.1,53.2,42.69,56.81,47.31,31.7,46.14,37.4,44.07,47.86,51.93,53.88,55.27,48.08,55.23,56.7,45.97,48.09,47.71,46.42,47.47,43.94,49.53,48.77
2019-01-02 04:00:00,29.23,34.17,37.44,37.78,50.84,54.36,53.1,55.84,39.1,53.1,53.21,42.69,56.81,47.31,31.7,46.14,37.4,44.07,47.86,51.93,53.89,55.27,48.09,55.23,56.7,45.97,48.1,47.72,46.43,47.47,43.94,49.53,48.77
2019-01-02 04:05:00,29.25,34.19,37.46,37.78,50.84,54.36,53.1,55.84,39.1,53.11,53.21,42.69,56.81,47.31,31.7,46.14,37.4,44.08,47.86,51.93,53.89,55.27,48.09,55.23,56.7,45.97,48.1,47.72,46.43,47.48,43.94,49.53,48.77
2019-01-02 04:10:00,29.26,34.2,37.47,37.78,50.84,54.36,53.1,55.84,39.1,53.11,53.21,42.69,56.81,47.31,31.7,46.14,37.4,44.08,47.86,51.93,53.89,55.27,48.09,55.23,56.7,45.97,48.1,47.72,46.43,47.48,43.94,49.53,48.77
2019-01-02 04:15:00,29.28,34.22,37.49,37.78,50.84,54.36,53.1,55.84,39.1,53.11,53.21,42.69,56.81,47.31,31.7,46.14,37.4,44.08,47.86,51.93,53.89,55.27,48.09,55.23,56.7,45.97,48.1,47.72,46.43,47.48,43.94,49.53,48.77
2019-01-02 04:20:00,29.29,34.23,37.5,37.78,50.84,54.36,53.1,55.84,39.1,53.11,53.21,42.69,56.81,47.31,31.7,46.14,37.4,44.08,47.86,51.93,53.89,55.27,48.09,55.23,56.7,45.97,48.1,47.72,46.43,47.48,43.94,49.53,48.77
2019-01-02 04:25:00,29.31,34.25,37.52,37.78,50.84,54.36,53.1,55.84,39.1,53.11,53.21,42.69,56.81,47.31,31.7,46.14,37.4,44.07,47.86,51.93,53.89,55.27,48.09,55.23,56.7,45.97,48.1,47.72,46.43,47.47,43.94,49.53,48.77
2019-01-02 04:30:00,29.32,34.27,37.53,37.78,50.84,54.36,53.1,55.84,39.1,53.1,53.21,42.69,56.81,47.31,31.7,46.14,37.4,44.07,47.86,51.93,53.88,55.27,48.08,55.23,56.7,45.97,48.1,47.72,46.43,47.47,43.94,49.53,48.77
2019-01-02 04:35:00,29.34,34.28,37.55,37.78,50.84,54.36,53.09,55.84,39.1,53.1,53.21,42.69,56.81,47.31,31.7,46.14,37.4,44.07,47.86,51.93,53.88,55.27,48.08,55.23,56.7,45.97,48.09,47.71,46.42,47.47,43.94,49.53,48.77
2019-01-02 04:40:00,29.35,34.29,37.56,38.26,50.93,54.47,53.32,56.06,39.1,53.34,53.32,42.77,56.95,47.57,32.09,46.4,37.79,44.33,47.95,52.0,53.99,55.4,48.31,55.39,56.93,46.15,48.27,47.84,46.51,47.58,43.99,49.63,48.85
2019-01-02 04:45:00,29.35,34.29,37.56,38.26,50.93,54.47,53.32,56.06,39.1,53.34,53.32,42.77,56.95,47.57,32.09,46.4,37.78,44.33,47.95,52.0,53.99,55.4,48.31,55.39,56.93,46.15,48.27,47.84,46.51,47.58,43.99,49.63,48.85
2019-01-02 04:50:00,29.34,34.28,37.55,38.26,50.93,54.46,53.32,56.05,39.1,53.34,53.32,42.77,56.95,47.57,32.09,46.4,37.78,44.33,47.95,52.0,53.99,55.4,48.31,55.39,56.93,46.15,48.27,47.84,46.51,47.58,43.99,49.63,48.85
2019-01-02 04:55:00,29.34,34.28,37.55,38.26,50.93,54.46,53.32,56.05,39.1,53.34,53.32,42.77,56.94,47.57,32.09,46.4,37.78,44.33,47.95,52.0,53.99,55.4,48.31,55.38,56.93,46.15,48.27,47.84,46.51,47.57,43.99,49.63,48.85
2019-01-02 05:00:00,29.34,34.28,37.55,38.25,50.93,54.46,53.32,56.05,39.1,53.33,53.32,42.77,56.94,47.57,32.09,46.4,37.78,44.33,47.95,52.0,53.99,55.39,48.31,55.38,56.93,46.15,48.26,47.84,46.51,47.57,43.99,49.63,48.84
2019-01-02 05:05:00,29.33,34.27,37.54,38.25,50.93,54.46,53.31,56.05,39.1,53.33,53.32,42.76,56.94,47.56,32.09,46.4,37.78,44.33,47.95,52.0,53.99,55.39,48.3,55.38,56.92,46.15,48.26,47.84,46.5,47.57,43.99,49.63,48.84
2019-01-02 05:10:00,29.33,34.27,37.54,38.25,50.93,54.46,53.31,56.04,39.1,53.33,53.31,42.76,56.94,47.56,32.08,46.39,37.77,44.32,47.95,52.0,53.99,55.39,48.3,55.38,56.92,46.14,48.26,47.83,46.5,47.57,43.98,49.63,48.84
2019-01-02 05:15:00,29.32,34.27,37.54,38.24,50.92,54.45,53.31,56.04,39.1,53.32,53.31,42.76,56.93,47.55,32.08,46.39,37.77,44.32,47.94,52.0,53.98,55.39,48.29,55.37,56.92,46.14,48.25,47.83,46.5,47.56,43.98,49.62,48.84
2019-01-02 05:20:00,29.32,34.26,37.53,38.24,50.92,54.45,53.3,56.03,39.1,53.32,53.31,42.76,56.93,47.55,32.07,46.38,37.76,44.31,47.94,52.0,53.98,55.38,48.29,55.37,56.91,46.14,48.25,47.83,46.49,47.56,43.98,49.62,48.83
2019-01-02 05:25:00,29.31,34.26,37.53,38.23,50.91,54.45,53.29,56.03,39.1,53.31,53.3,42.75,56.93,47.54,32.06,46.38,37.76,44.3,47.94,51.99,53.98,55.38,48.28,55.36,56.9,46.13,48.24,47.82,46.49,47.55,43.98,49.61,48.83
2019-01-02 05:30:00,29.31,34.25,37.52,38.22,50.91,54.44,53.29,56.02,39.1,53.3,53.29,42.75,56.92,47.53,32.05,46.37,37.75,44.3,47.93,51.99,53.97,55.37,48.28,55.36,56.9,46.12,48.23,47.81,46.48,47.55,43.97,49.6,48.82
2019-01-02 05:35:00,29.3,34.24,37.52,38.21,50.9,54.43,53.28,56.01,39.1,53.29,53.28,42.74,56.91,47.52,32.04,46.36,37.74,44.29,47.92,51.98,53.96,55.36,48.27,55.35,56.88,46.11,48.22,47.8,46.48,47.54,43.97,49.6,48.82
2019-01-02 05:40:00,29.3,34.24,37.51,38.2,50.9,54.42,53.26,56.0,39.1,53.28,53.27,42.73,56.9,47.51,32.03,46.35,37.72,44.27,47.92,51.98,53.95,55.35,48.25,55.34,56.87,46.1,48.21,47.79,46.47,47.53,43.97,49.58,48.81
2019-01-02 05:45:00,29.29,34.23,37.5,38.18,50.89,54.41,53.25,55.98,39.1,53.26,53.26,42.72,56.89,47.49,32.01,46.33,37.71,44.26,47.91,51.97,53.94,55.34,48.24,55.32,56.86,46.09,48.2,47.78,46.46,47.52,43.96,49.57,48.8
2019-01-02 05:50:00,29.28,34.22,37.49,38.16,50.87,54.4,53.23,55.96,39.1,53.24,53.24,42.71,56.88,47.47,31.99,46.31,37.69,44.24,47.89,51.96,53.93,55.32,48.22,55.31,56.84,46.07,48.18,47.76,46.44,47.5,43.95,49.55,48.79
2019-01-02 05:55:00,29.27,34.21,37.48,38.14,50.86,54.38,53.2,55.94,39.1,53.22,53.22,42.7,56.86,47.45,31.96,46.29,37.66,44.21,47.88,51.95,53.91,55.3,48.2,55.28,56.81,46.05,48.15,47.74,46.43,47.48,43.94,49.53,48.77
2019-01-02 06:00:00,29.26,34.2,37.47,38.1,50.84,54.36,53.17,55.91,39.1,53.19,53.19,42.68,56.84,47.42,31.93,46.26,37.63,44.18,47.86,51.94,53.89,55.28,48.17,55.26,56.78,46.03,48.12,47.72,46.41,47.45,43.93,49.51,48.75
2019-01-02 06:05:00,29.24,34.18,37.46,38.07,50.82,54.34,53.14,55.88,39.1,53.15,53.16,42.66,56.81,47.38,31.89,46.23,37.6,44.15,47.84,51.93,53.87,55.25,48.14,55.23,56.75,46.0,48.09,47.69,46.38,47.43,43.92,49.48,48.73
2019-01-02 06:10:00,29.23,34.17,37.45,38.03,50.8,54.31,53.1,55.84,39.1,53.12,53.13,42.64,56.78,47.35,31.85,46.19,37.56,44.11,47.82,51.91,53.85,55.23,48.1,55.2,56.71,45.96,48.06,47.65,46.36,47.39,43.91,49.45,48.7
2019-01-02 06:15:00,29.21,34.15,37.44,37.99,50.77,54.28,53.06,55.8,39.1,53.07,53.09,42.61,56.75,47.3,31.81,46.15,37.51,44.07,47.79,51.89,53.82,55.19,48.06,55.17,56.67,45.93,48.02,47.62,46.33,47.36,43.89,49.41,48.68
2019-01-02 06:20:00,29.19,34.14,37.42,37.94,50.75,54.25,53.02,55.76,39.1,53.03,53.05,42.59,56.72,47.26,31.76,46.11,37.47,44.02,47.77,51.88,53.79,55.16,48.02,55.13,56.63,45.89,47.97,47.58,46.3,47.33,43.88,49.37,48.65
2019-01-02 06:25:00,29.18,34.12,37.41,37.9,50.72,54.22,52.98,55.72,39.1,52.99,53.01,42.56,56.69,47.22,31.71,46.07,37.43,43.98,47.74,51.86,53.76,55.13,47.98,55.1,56.58,45.86,47.93,47.55,46.27,47.29,43.86,49.34,48.62
2019-01-02 06:30:00,29.16,34.11,37.39,37.86,50.7,54.19,52.94,55.68,39.1,52.95,52.98,42.54,56.66,47.18,31.67,46.03,37.39,43.94,47.71,51.84,53.74,55.1,47.94,55.06,56.54,45.82,47.89,47.51,46.24,47.26,43.85,49.3,48.6
2019-01-02 06:35:00,29.14,34.09,37.38,37.82,50.67,54.17,52.9,55.64,39.1,52.91,52.94,42.52,56.63,47.14,31.62,45.99,37.35,43.9,47.69,51.82,53.71,55.07,47.91,55.03,56.5,45.79,47.86,47.48,46.22,47.22,43.83,49.27,48.57
2019-01-02 06:40:00,29.13,34.07,37.36,37.78,50.65,54.14,52.86,55.6,39.1,52.87,52.91,42.5,56.61,47.1,31.58,45.96,37.31,43.86,47.67,51.81,53.69,55.04,47.87,55.0,56.47,45.76,47.82,47.45,46.19,47.19,43.82,49.24,48.55
2019-01-02 06:45:00,29.11,34.06,37.35,37.75,50.63,54.11,52.83,55.57,39.1,52.83,52.88,42.47,56.58,47.07,31.54,45.92,37.27,43.83,47.65,51.79,53.66,55.01,47.84,54.97,56.43,45.73,47.79,47.42,46.17,47.17,43.81,49.21,48.53
2019-01-02 06:50:00,29.1,34.04,37.33,37.71,50.61,54.09,52.79,55.53,39.1,52.8,52.85,42.45,56.55,47.03,31.51,45.89,37.24,43.79,47.62,51.78,53.64,54.98,47.81,54.94,56.4,45.7,47.76,47.39,46.14,47.14,43.79,49.18,48.5
2019-01-02 06:55:00,29.08,34.03,37.32,37.67,50.59,54.06,52.76,55.5,39.1,52.76,52.82,42.43,56.53,47.0,31.47,45.86,37.2,43.76,47.6,51.76,53.62,54.96,47.77,54.91,56.36,45.67,47.72,47.36,46.12,47.11,43.78,49.15,48.48
2019-01-02 07:00:00,29.06,34.01,37.31,37.64,50.56,54.04,52.72,55.46,39.1,52.72,52.79,42.41,56.5,46.96,31.43,45.82,37.16,43.72,47.58,51.75,53.59,54.93,47.74,54.88,56.32,45.64,47.69,47.33,46.09,47.08,43.77,49.12,48.46
2019-01-02 07:05:00,29.05,34.0,37.29,37.6,50.54,54.01,52.68,55.43,39.1,52.69,52.75,42.39,56.47,46.92,31.38,45.78,37.12,43.68,47.56,51.73,53.56,54.9,47.7,54.85,56.29,45.6,47.65,47.29,46.07,47.05,43.75,49.09,48.43
2019-01-02 07:10:00,29.03,33.98,37.27,37.56,50.52,53.98,52.65,55.39,39.1,52.65,52.72,42.37,56.44,46.88,31.34,45.75,37.08,43.64,47.53,51.72,53.54,54.87,47.67,54.82,56.25,45.57,47.61,47.26,46.04,47.02,43.74,49.05,48.41
2019-01-02 07:15:00,29.01,33.96,37.26,37.52,50.49,53.96,52.61,55.35,39.1,52.61,52.68,42.34,56.41,46.84,31.3,45.71,37.04,43.6,47.51,51.7,53.51,54.84,47.63,54.78,56.21,45.54,47.57,47.23,46.02,46.98,43.73,49.02,48.38
2019-01-02 07:20:00,29.0,33.95,37.24,37.48,50.47,53.93,52.57,55.31,39.09,52.57,52.65,42.32,56.39,46.8,31.26,45.67,37.01,43.56,47.48,51.68,53.49,54.81,47.59,54.75,56.17,45.51,47.54,47.2,45.99,46.95,43.71,48.99,48.36
2019-01-02 07:25:00,28.98,33.93,37.23,37.45,50.45,53.91,52.54,55.28,39.09,52.53,52.62,42.3,56.36,46.77,31.22,45.64,36.97,43.53,47.46,51.67,53.47,54.78,47.56,54.73,56.14,45.48,47.51,47.17,45.97,46.93,43.7,48.96,48.34
2019-01-02 07:30:00,28.96,33.91,37.21,37.42,50.44,53.89,52.51,55.26,39.09,52.51,52.6,42.29,56.34,46.74,31.19,45.62,36.94,43.5,47.45,51.66,53.45,54.76,47.54,54.7,56.11,45.46,47.48,47.15,45.95,46.91,43.69,48.94,48.32
2019-01-02 07:35:00,28.95,33.9,37.2,37.4,50.42,53.87,52.49,55.24,39.09,52.48,52.58,42.28,56.33,46.72,31.17,45.6,36.92,43.48,47.43,51.65,53.43,54.74,47.52,54.69,56.09,45.44,47.46,47.13,45.94,46.89,43.68,48.92,48.31
2019-01-02 07:40:00,28.94,33.89,37.19,37.38,50.41,53.86,52.48,55.22,39.09,52.47,52.57,42.27,56.32,46.71,31.15,45.58,36.91,43.47,47.42,51.64,53.42,54.73,47.5,54.67,56.07,45.43,47.45,47.12,45.93,46.88,43.68,48.91,48.3
2019-01-02 07:45:00,28.93,33.88,37.18,37.37,50.41,53.85,52.47,55.21,39.09,52.46,52.56,42.26,56.31,46.7,31.14,45.57,36.9,43.46,47.42,51.64,53.42,54.72,47.5,54.66,56.06,45.42,47.44,47.11,45.92,46.87,43.68,48.9,48.29
2019-01-02 07:50:00,28.92,33.87,37.17,37.36,50.4,53.84,52.46,55.2,39.09,52.45,52.56,42.26,56.3,46.69,31.14,45.57,36.89,43.45,47.41,51.63,53.41,54.71,47.49,54.66,56.06,45.41,47.43,47.11,45.92,46.86,43.67,48.9,48.29
2019-01-02 07:55:00,28.91,33.86,37.16,37.36,50.4,53.84,52.45,55.2,39.09,52.44,52.55,42.26,56.3,46.69,31.13,45.56,36.88,43.45,47.41,51.63,53.41,54.71,47.48,54.65,56.05,45.41,47.43,47.1,45.91,46.86,43.67,48.89,48.29
2019-01-02 08:00:00,28.9,33.85,37.14,37.35,50.39,53.84,52.45,55.19,39.09,52.44,52.55,42.26,56.29,46.68,31.13,45.56,36.88,43.44,47.41,51.63,53.4,54.7,47.48,54.65,56.05,45.4,47.42,47.1,45.91,46.86,43.67,48.89,48.29
2019-01-02 08:05:00,28.88,33.83,37.13,37.35,50.39,53.83,52.44,55.19,39.09,52.43,52.54,42.25,56.29,46.68,31.12,45.55,36.88,43.44,47.4,51.63,53.4,54.7,47.47,54.64,56.04,45.4,47.42,47.09,45.91,46.85,43.67,48.89,48.28
2019-01-02 08:10:00,28.87,33.82,37.12,37.34,50.39,53.83,52.44,55.18,39.09,52.42,52.54,42.25,56.29,46.67,31.12,45.55,36.87,43.43,47.4,51.62,53.39,54.69,47.47,54.64,56.04,45.39,47.41,47.09,45.9,46.85,43.67,48.88,48.28
2019-01-02 08:15:00,28.86,33.81,37.11,37.33,50.38,53.82,52.43,55.17,39.09,52.41,52.53,42.25,56.28,46.66,31.11,45.54,36.86,43.42,47.39,51.62,53.39,54.69,47.46,54.63,56.03,45.39,47.41,47.08,45.9,46.84,43.66,48.88,48.27
2019-01-02 08:20:00,28.85,33.8,37.1,37.32,50.37,53.81,52.42,55.17,39.09,52.4,52.52,42.24,56.27,46.65,31.1,45.53,36.85,43.41,47.39,51.62,53.38,54.68,47.45,54.62,56.02,45.38,47.4,47.08,45.89,46.84,43.66,48.87,48.27
2019-01-02 08:25:00,28.84,33.79,37.09,37.31,50.37,53.8,52.41,55.16,39.09,52.39,52.52,42.23,56.26,46.64,31.09,45.52,36.84,43.4,47.38,51.61,53.37,54.67,47.44,54.61,56.01,45.37,47.39,47.07,45.89,46.83,43.66,48.86,48.26
2019-01-02 08:30:00,28.83,33.78,37.08,37.3,50.36,53.8,52.4,55.15,39.09,52.38,52.51,42.23,56.26,46.63,31.08,45.51,36.83,43.39,47.37,51.61,53.37,54.66,47.43,54.6,56.0,45.36,47.38,47.06,45.88,46.82,43.65,48.85,48.26
2019-01-02 08:35:00,28.82,33.77,37.07,37.3,50.36,53.79,52.39,55.14,39.09,52.37,52.5,42.22,56.25,46.62,31.07,45.5,36.82,43.38,47.37,51.6,53.36,54.65,47.43,54.6,55.99,45.36,47.37,47.05,45.88,46.82,43.65,48.85,48.25
2019-01-02 08:40:00,28.8,33.75,37.05,37.29,50.35,53.78,52.38,55.13,39.09,52.36,52.49,42.22,56.24,46.61,31.06,45.5,36.81,43.37,47.36,51.6,53.36,54.65,47.42,54.59,55.98,45.35,47.36,47.05,45.87,46.81,43.65,48.84,48.25
2019-01-02 08:45:00,28.79,33.74,37.04,37.28,50.35,53.78,52.38,55.12,39.09,52.35,52.49,42.22,56.24,46.61,31.05,45.49,36.81,43.37,47.36,51.6,53.35,54.64,47.41,54.58,55.97,45.34,47.36,47.04,45.87,46.8,43.65,48.83,48.24
2019-01-02 08:50:00,28.78,33.73,37.03,37.27,50.34,53.77,52.37,55.12,39.09,52.35,52.48,42.21,56.23,46.6,31.04,45.48,36.8,43.36,47.35,51.6,53.35,54.63,47.4,54.58,55.97,45.34,47.35,47.04,45.86,46.8,43.64,48.83,48.24
2019-01-02 08:55:00,28.77,33.72,37.02,37.27,50.34,53.77,52.37,55.11,39.09,52.34,52.48,42.21,56.23,46.59,31.04,45.48,36.79,43.35,47.35,51.59,53.34,54.63,47.4,54.57,55.96,45.33,47.35,47.03,45.86,46.79,43.64,48.83,48.24
2019-01-02 09:00:00,28.76,33.71,37.01,37.26,50.33,53.76,52.36,55.11,39.09,52.33,52.47,42.21,56.23,46.59,31.03,45.47,36.79,43.35,47.34,51.59,53.34,54.63,47.39,54.57,55.96,45.33,47.34,47.03,45.86,46.79,43.64,48.82,48.23
2019-01-02 09:05:00,28.75,33.7,37.0,37.26,50.33,53.76,52.36,55.1,39.09,52.33,52.47,42.2,56.22,46.58,31.03,45.47,36.78,43.35,47.34,51.59,53.33,54.62,47.39,54.56,55.95,45.32,47.34,47.02,45.85,46.79,43.64,48.82,48.23
2019-01-02 09:10:00,28.73,33.69,36.99,37.25,50.33,53.76,52.35,55.1,39.09,52.33,52.47,42.2,56.22,46.58,31.02,45.46,36.78,43.34,47.34,51.59,53.33,54.62,47.39,54.56,55.95,45.32,47.33,47.02,45.85,46.78,43.64,48.81,48.23
2019-01-02 09:15:00,28.72,33.67,36.97,37.25,50.33,53.75,52.35,55.09,39.09,52.32,52.46,42.2,56.22,46.58,31.02,45.46,36.78,43.34,47.34,51.59,53.33,54.62,47.38,54.56,55.95,45.32,47.33,47.02,45.85,46.78,43.64,48.81,48.23
2019-01-02 09:20:00,28.71,33.66,36.96,37.25,50.33,53.75,52.35,55.09,39.09,52.32,52.46,42.2,56.21,46.57,31.02,45.46,36.77,43.34,47.34,51.58,53.33,54.61,47.38,54.55,55.94,45.32,47.33,47.02,45.85,46.78,43.64,48.81,48.22
2019-01-02 09:25:00,28.7,33.65,36.95,37.24,50.32,53.75,52.34,55.09,39.09,52.32,52.46,42.2,56.21,46.57,31.02,45.46,36.77,43.33,47.33,51.58,53.33,54.61,47.38,54.55,55.94,45.31,47.33,47.01,45.84,46.78,43.64,48.81,48.22
2019-01-02 09:30:00,28.69,33.64,36.94,37.24,50.32,53.75,52.34,55.09,39.09,52.31,52.46,42.2,56.21,46.57,31.01,45.45,36.77,43.33,47.33,51.58,53.32,54.61,47.38,54.55,55.94,45.31,47.32,47.01,45.84,46.78,43.63,48.81,48.22
2019-01-02 09:35:00,28.68,33.63,36.93,37.24,50.32,53.75,52.34,55.09,39.09,52.31,52.46,42.2,56.21,46.57,31.01,45.45,36.77,43.33,47.33,51.58,53.32,54.61,47.38,54.55,55.94,45.31,47.32,47.01,45.84,46.78,43.63,48.81,48.22
2019-01-02 09:40:00,28.67,33.62,36.92,37.24,50.32,53.74,52.34,55.08,39.09,52.31,52.46,42.2,56.21,46.57,31.01,45.45,36.77,43.33,47.33,51.58,53.32,54.61,47.37,54.55,55.93,45.31,47.32,47.01,45.84,46.77,43.63,48.8,48.22
2019-01-02 09:45:00,28.66,33.61,36.91,37.24,50.32,53.74,52.34,55.08,39.09,52.31,52.46,42.2,56.21,46.57,31.01,45.45,36.77,43.33,47.33,51.58,53.32,54.6,47.37,54.55,55.93,45.31,47.32,47.01,45.84,46.77,43.63,48.8,48.22
2019-01-02 09:50:00,28.65,33.6,36.9,37.24,50.32,53.74,52.34,55.08,39.09,52.3,52.45,42.19,56.21,46.56,31.01,45.45,36.76,43.32,47.33,51.58,53.32,54.6,47.37,54.54,55.93,45.31,47.32,47.01,45.84,46.77,43.63,48.8,48.22
2019-01-02 09:55:00,28.64,33.59,36.89,37.24,50.32,53.74,52.33,55.08,39.09,52.3,52.45,42.19,56.2,46.56,31.01,45.45,36.76,43.32,47.33,51.58,53.32,54.6,47.37,54.54,55.93,45.31,47.32,47.01,45.84,46.77,43.63,48.8,48.22
2019-01-02 10:00:00,28.62,33.57,36.87,37.23,50.32,53.74,52.33,55.08,39.09,52.3,52.45,42.19,56.2,46.56,31.0,45.45,36.76,43.32,47.33,51.58,53.32,54.6,47.37,54.54,55.93,45.3,47.32,47.01,45.84,46.77,43.63,48.8,48.22
2019-01-02 10:05:00,28.61,33.56,36.86,37.23,50.31,53.74,52.33,55.08,39.09,52.3,52.45,42.19,56.2,46.56,31.0,45.44,36.76,43.32,47.32,51.58,53.32,54.6,47.37,54.54,55.93,45.3,47.31,47.01,45.84,46.77,43.63,48.8,48.22
2019-01-02 10:10:00,28.6,33.55,36.85,37.23,50.31,53.74,52.33,55.08,39.09,52.3,52.45,42.19,56.2,46.56,31.0,45.44,36.76,43.32,47.32,51.58,53.31,54.6,47.37,54.54,55.93,45.3,47.31,47.0,45.84,46.77,43.63,48.8,48.22
2019-01-02 10:15:00,28.59,33.54,36.84,37.23,50.31,53.74,52.33,55.07,39.09,52.3,52.45,42.19,56.2,46.56,31.0,45.44,36.76,43.32,47.32,51.58,53.31,54.6,47.37,54.54,55.93,45.3,47.31,47.0,45.84,46.77,43.63,48.8,48.22
2019-01-02 10:20:00,28.58,33.53,36.83,37.23,50.31,53.74,52.33,55.08,39.09,52.3,52.45,42.19,56.2,46.56,31.0,45.44,36.76,43.32,47.32,51.58,53.31,54.6,47.37,54.54,55.93,45.3,47.31,47.0,45.84,46.77,43.63,48.8,48.22
2019-01-02 10:25:00,28.57,33.52,36.82,37.23,50.31,53.74,52.33,55.08,39.09,52.3,52.45,42.19,56.2,46.56,31.0,45.44,36.76,43.32,47.32,51.58,53.31,54.6,47.37,54.54,55.93,45.3,47.31,47.01,45.84,46.77,43.63,48.8,48.22
2019-01-02 10:30:00,28.56,33.51,36.81,37.23,50.31,53.74,52.33,55.08,39.09,52.3,52.45,42.19,56.2,46.56,31.01,45.45,36.76,43.32,47.32,51.58,53.32,54.6,47.37,54.54,55.93,45.3,47.32,47.01,45.84,46.77,43.63,48.8,48.22
2019-01-02 10:35:00,28.55,33.5,36.8,37.24,50.32,53.74,52.33,55.08,39.08,52.3,52.46,42.2,56.2,46.56,31.01,45.45,36.76,43.32,47.32,51.58,53.32,54.6,47.37,54.54,55.93,45.31,47.32,47.01,45.84,46.77,43.63,48.8,48.22
2019-01-02 10:40:00,28.54,33.49,36.79,37.24,50.32,53.74,52.34,55.08,39.08,52.3,52.46,42.2,56.2,46.56,31.01,45.45,36.76,43.32,47.33,51.58,53.32,54.6,47.37,54.54,55.93,45.31,47.32,47.01,45.84,46.77,43.63,48.8,48.22
2019-01-02 10:45:00,28.53,33.48,36.78,37.24,50.32,53.74,52.34,55.08,39.08,52.3,52.46,42.2,56.2,46.56,31.01,45.45,36.76,43.33,47.33,51.58,53.32,54.6,47.37,54.54,55.93,45.31,47.32,47.01,45.84,46.78,43.63,48.81,48.22
2019-01-02 10:50:00,28.52,33.47,36.77,37.24,50.32,53.74,52.34,55.08,39.08,52.3,52.46,42.2,56.21,46.57,31.01,45.45,36.77,43.33,47.33,51.58,53.32,54.6,47.37,54.54,55.93,45.31,47.32,47.01,45.84,46.78,43.63,48.81,48.22
2019-01-02 10:55:00,28.51,33.46,36.76,37.24,50.32,53.74,52.34,55.08,39.08,52.3,52.46,42.2,56.21,46.57,31.01,45.45,36.77,43.33,47.33,51.58,53.32,54.6,47.37,54.54,55.93,45.31,47.32,47.01,45.85,46.78,43.64,48.81,48.22
2019-01-02 11:00:00,28.5,33.45,36.75,37.24,50.32,53.74,52.34,55.08,39.08,52.3,52.46,42.2,56.21,46.57,31.01,45.45,36.77,43.33,47.33,51.58,53.32,54.6,47.37,54.54,55.94,45.31,47.32,47.01,45.85,46.78,43.64,48.81,48.22
2019-01-02 11:05:00,28.49,33.44,36.74,37.24,50.32,53.74,52.34,55.08,39.08,52.3,52.46,42.2,56.21,46.57,31.01,45.45,36.77,43.33,47.33,51.58,53.32,54.6,47.38,54.54,55.94,45.31,47.32,47.02,45.85,46.78,43.64,48.81,48.22
2019-01-02 11:10:00,28.48,33.43,36.73,37.24,50.32,53.74,52.34,55.09,39.08,52.3,52.46,42.2,56.21,46.57,31.02,45.45,36.77,43.33,47.33,51.58,53.32,54.6,47.38,54.55,55.94,45.31,47.33,47.02,45.85,46.78,43.64,48.81,48.22
2019-01-02 11:15:00,28.47,33.42,36.71,37.24,50.32,53.74,52.34,55.09,39.08,52.31,52.46,42.2,56.21,46.57,31.02,45.46,36.77,43.33,47.33,51.58,53.32,54.6,47.38,54.55,55.94,45.31,47.33,47.02,45.85,46.78,43.64,48.81,48.22
2019-01-02 11:20:00,28.46,33.41,36.7,37.25,50.32,53.74,52.34,55.09,39.08,52.31,52.47,42.2,56.21,46.57,31.02,45.46,36.77,43.33,47.33,51.58,53.32,54.6,47.38,54.55,55.94,45.31,47.33,47.02,45.85,46.78,43.64,48.81,48.23
2019-01-02 11:25:00,28.45,33.4,36.69,37.25,50.32,53.74,52.35,55.09,39.08,52.31,52.47,42.2,56.21,46.57,31.02,45.46,36.78,43.34,47.33,51.58,53.32,54.61,47.38,54.55,55.94,45.32,47.33,47.02,45.85,46.79,43.64,48.82,48.23
2019-01-02 11:30:00,28.44,33.39,36.68,37.25,50.32,53.75,52.35,55.09,39.08,52.31,52.47,42.21,56.21,46.58,31.02,45.46,36.78,43.34,47.33,51.58,53.33,54.61,47.38,54.55,55.94,45.32,47.33,47.02,45.85,46.79,43.64,48.82,48.23
2019-01-02 11:35:00,28.43,33.38,36.67,37.26,50.33,53.75,52.35,55.1,39.08,52.32,52.47,42.21,56.22,46.58,31.03,45.47,36.78,43.34,47.34,51.59,53.33,54.61,47.39,54.55,55.95,45.32,47.34,47.03,45.86,46.79,43.64,48.82,48.23
2019-01-02 11:40:00,28.42,33.37,36.66,37.26,50.33,53.75,52.36,55.1,39.08,52.32,52.48,42.21,56.22,46.58,31.03,45.47,36.79,43.35,47.34,51.59,53.33,54.61,47.39,54.56,55.95,45.33,47.34,47.03,45.86,46.79,43.64,48.82,48.23
2019-01-02 11:45:00,28.41,33.36,36.65,37.26,50.33,53.75,52.36,55.1,39.08,52.32,52.48,42.21,56.22,46.59,31.04,45.47,36.79,43.35,47.34,51.59,53.33,54.62,47.4,54.56,55.96,45.33,47.34,47.03,45.86,46.8,43.64,48.83,48.24
2019-01-02 11:50:00,28.4,33.35,36.64,37.27,50.33,53.76,52.36,55.11,39.08,52.33,52.48,42.21,56.23,46.59,31.04,45.48,36.79,43.35,47.34,51.59,53.34,54.62,47.4,54.57,55.96,45.33,47.35,47.04,45.86,46.8,43.65,48.83,48.24
2019-01-02 11:55:00,28.39,33.34,36.63,37.27,50.34,53.76,52.37,55.11,39.08,52.33,52.49,42.22,56.23,46.6,31.05,45.48,36.8,43.36,47.35,51.59,53.34,54.62,47.4,54.57,55.96,45.34,47.35,47.04,45.87,46.8,43.65,48.84,48.24
2019-01-02 12:00:00,28.38,33.33,36.62,37.28,50.34,53.76,52.37,55.12,39.08,52.34,52.49,42.22,56.23,46.6,31.05,45.48,36.8,43.36,47.35,51.59,53.34,54.63,47.41,54.57,55.97,45.34,47.36,47.04,45.87,46.81,43.65,48.84,48.24
2019-01-02 12:05:00,28.37,33.32,36.61,37.28,50.34,53.76,52.37,55.12,39.08,52.34,52.49,42.22,56.23,46.6,31.05,45.49,36.8,43.36,47.35,51.59,53.34,54.63,47.41,54.57,55.97,45.34,47.36,47.05,45.87,46.81,43.65,48.84,48.25
2019-01-02 12:10:00,28.36,33.31,36.6,37.28,50.34,53.76,52.38,55.12,39.08,52.34,52.5,42.22,56.23,46.61,31.06,45.49,36.81,43.37,47.35,51.6,53.34,54.63,47.41,54.57,55.97,45.34,47.36,47.05,45.87,46.81,43.65,48.84,48.25
2019-01-02 12:15:00,28.35,33.29,36.59,37.28,50.34,53.77,52.38,55.12,39.08,52.34,52.5,42.22,56.23,46.61,31.06,45.49,36.81,43.37,47.35,51.6,53.34,54.63,47.41,54.58,55.97,45.34,47.36,47.05,45.87,46.81,43.65,48.84,48.25
2019-01-02 12:20:00,28.34,33.28,36.58,37.28,50.34,53.77,52.38,55.12,39.08,52.34,52.5,42.22,56.24,46.61,31.06,45.49,36.81,43.37,47.35,51.6,53.35,54.63,47.41,54.58,55.98,45.35,47.36,47.05,45.87,46.81,43.65,48.84,48.25
2019-01-02 12:25:00,28.32,33.27,36.57,37.28,50.34,53.77,52.38,55.12,39.08,52.34,52.5,42.22,56.24,46.61,31.06,45.49,36.81,43.37,47.35,51.6,53.35,54.63,47.41,54.58,55.98,45.35,47.36,47.05,45.87,46.81,43.65,48.84,48.25
2019-01-02 12:30:00,28.31,33.26,36.56,37.28,50.34,53.77,52.38,55.12,39.08,52.34,52.5,42.22,56.24,46.61,31.06,45.49,36.81,43.37,47.35,51.6,53.35,54.63,47.41,54.58,55.98,45.35,47.36,47.05,45.87,46.81,43.65,48.84,48.25
2019-01-02 12:35:00,28.3,33.25,36.55,37.28,50.34,53.77,52.38,55.12,39.08,52.34,52.5,42.22,56.24,46.61,31.06,45.49,36.81,43.37,47.35,51.6,53.35,54.63,47.41,54.58,55.98,45.35,47.36,47.05,45.87,46.81,43.65,48.84,48.25
2019-01-02 12:40:00,28.29,33.24,36.54,37.28,50.34,53.77,52.38,55.12,39.08,52.34,52.5,42.22,56.24,46.61,31.06,45.49,36.81,43.37,47.35,51.6,53.35,54.63,47.41,54.58,55.98,45.35,47.36,47.05,45.87,46.81,43.65,48.84,48.25
2019-01-02 12:45:00,28.28,33.23,36.53,37.28,50.34,53.77,52.38,55.12,39.08,52.34,52.5,42.22,56.24,46.61,31.06,45.49,36.81,43.37,47.35,51.6,53.35,54.63,47.41,54.58,55.98,45.35,47.36,47.05,45.87,46.81,43.65,48.84,48.25
2019-01-02 12:50:00,28.27,33.22,36.52,37.28,50.34,53.77,52.38,55.12,39.08,52.34,52.5,42.22,56.24,46.61,31.06,45.49,36.81,43.37,47.35,51.6,53.35,54.63,47.41,54.58,55.98,45.35,47.36,47.05,45.87,46.81,43.65,48.84,48.25
2019-01-02 12:55:00,28.26,33.21,36.51,37.28,50.34,53.77,52.38,55.12,39.08,52.35,52.5,42.22,56.24,46.61,31.06,45.49,36.81,43.37,47.35,51.6,53.35,54.63,47.41,54.58,55.98,45.35,47.36,47.05,45.87,46.81,43.65,48.84,48.25
2019-01-02 13:00:00,28.25,33.2,36.5,37.28,50.34,53.77,52.38,55.12,39.08,52.35,52.5,42.22,56.24,46.61,31.06,45.49,36.81,43.37,47.35,51.6,53.35,54.63,47.41,54.58,55.98,45.35,47.36,47.05,45.88,46.81,43.65,48.85,48.25
2019-01-02 13:05:00,28.24,33.19,36.49,37.29,50.34,53.77,52.38,55.13,39.09,52.35,52.5,42.23,56.24,46.61,31.06,45.5,36.81,43.37,47.35,51.6,53.35,54.64,47.42,54.58,55.98,45.35,47.37,47.05,45.88,46.82,43.65,48.85,48.25
2019-01-02 13:10:00,28.23,33.18,36.47,37.29,50.35,53.77,52.39,55.13,39.09,52.35,52.5,42.23,56.24,46.61,31.07,45.5,36.82,43.38,47.36,51.6,53.35,54.64,47.42,54.58,55.98,45.35,47.37,47.05,45.88,46.82,43.65,48.85,48.25
2019-01-02 13:15:00,28.22,33.17,36.46,37.29,50.35,53.78,52.39,55.13,39.09,52.36,52.51,42.23,56.24,46.62,31.07,45.5,36.82,43.38,47.36,51.6,53.35,54.64,47.42,54.59,55.99,45.35,47.37,47.06,45.88,46.82,43.65,48.85,48.26
2019-01-02 13:20:00,28.21,33.16,36.45,37.3,50.35,53.78,52.39,55.14,39.09,52.36,52.51,42.23,56.25,46.62,31.08,45.51,36.83,43.39,47.36,51.6,53.36,54.65,47.43,54.59,55.99,45.36,47.38,47.06,45.88,46.83,43.66,48.86,48.26
2019-01-02 13:25:00,28.2,33.15,36.45,37.31,50.36,53.78,52.4,55.14,39.09,52.37,52.52,42.24,56.25,46.63,31.08,45.51,36.83,43.39,47.37,51.61,53.36,54.65,47.43,54.6,56.0,45.36,47.38,47.07,45.89,46.83,43.66,48.86,48.26
2019-01-02 13:30:00,28.19,33.14,36.44,37.31,50.36,53.79,52.41,55.15,39.09,52.37,52.52,42.24,56.26,46.64,31.09,45.52,36.84,43.4,47.37,51.61,53.37,54.66,47.44,54.6,56.0,45.37,47.39,47.07,45.89,46.84,43.66,48.87,48.27
2019-01-02 13:35:00,28.18,33.13,36.43,37.32,50.36,53.79,52.41,55.16,39.09,52.38,52.53,42.24,56.26,46.64,31.1,45.53,36.85,43.41,47.37,51.61,53.37,54.66,47.45,54.61,56.01,45.38,47.4,47.08,45.9,46.84,43.66,48.87,48.27
2019-01-02 13:40:00,28.17,33.12,36.42,37.33,50.37,53.8,52.42,55.16,39.09,52.39,52.53,42.25,56.27,46.65,31.1,45.53,36.85,43.41,47.38,51.61,53.37,54.67,47.45,54.61,56.02,45.38,47.4,47.08,45.9,46.85,43.67,48.88,48.28
2019-01-02 13:45:00,28.16,33.11,36.41,37.33,50.37,53.8,52.43,55.17,39.09,52.39,52.54,42.25,56.27,46.66,31.11,45.54,36.86,43.42,47.38,51.62,53.38,54.67,47.46,54.62,56.02,45.39,47.41,47.09,45.91,46.85,43.67,48.88,48.28
2019-01-02 13:50:00,28.15,33.1,36.4,37.34,50.37,53.81,52.43,55.18,39.09,52.4,52.54,42.25,56.28,46.66,31.12,45.54,36.86,43.42,47.39,51.62,53.38,54.67,47.46,54.62,56.03,45.39,47.41,47.09,45.91,46.86,43.67,48.89,48.28
2019-01-02 13:55:00,28.14,33.09,36.39,37.34,50.38,53.81,52.44,55.18,39.09,52.4,52.55,42.26,56.28,46.67,31.12,45.55,36.87,43.43,47.39,51.62,53.38,54.68,47.47,54.63,56.03,45.4,47.42,47.1,45.91,46.86,43.67,48.89,48.29
2019-01-02 14:00:00,28.14,33.08,36.38,37.35,50.38,53.81,52.44,55.18,39.09,52.41,52.55,42.26,56.28,46.67,31.13,45.55,36.87,43.43,47.39,51.62,53.39,54.68,47.47,54.63,56.04,45.4,47.42,47.1,45.92,46.86,43.67,48.9,48.29
2019-01-02 14:05:00,28.13,33.07,36.37,37.35,50.38,53.82,52.45,55.19,39.09,52.41,52.56,42.26,56.29,46.68,31.13,45.56,36.88,43.44,47.39,51.63,53.39,54.68,47.48,54.63,56.04,45.4,47.43,47.11,45.92,46.87,43.67,48.9,48.29
2019-01-02 14:10:00,28.12,33.06,36.36,37.36,50.39,53.82,52.45,55.19,39.09,52.42,52.56,42.27,56.29,46.68,31.14,45.56,36.88,43.44,47.4,51.63,53.39,54.69,47.48,54.64,56.05,45.41,47.43,47.11,45.92,46.87,43.68,48.9,48.29
2019-01-02 14:15:00,28.11,33.06,36.35,37.36,50.39,53.82,52.46,55.2,39.09,52.42,52.57,42.27,56.29,46.69,31.14,45.57,36.89,43.45,47.4,51.63,53.4,54.69,47.49,54.64,56.05,45.41,47.44,47.11,45.93,46.88,43.68,48.91,48.3
2019-01-02 14:20:00,28.1,33.05,36.34,37.37,50.39,53.83,52.46,55.2,39.09,52.43,52.57,42.27,56.3,46.69,31.15,45.57,36.89,43.45,47.4,51.63,53.4,54.7,47.49,54.65,56.06,45.42,47.44,47.12,45.93,46.88,43.68,48.91,48.3
2019-01-02 14:25:00,28.09,33.04,36.33,37.37,50.4,53.83,52.47,55.21,39.09,52.43,52.58,42.28,56.3,46.7,31.16,45.58,36.9,43.46,47.41,51.63,53.41,54.7,47.5,54.65,56.07,45.42,47.45,47.12,45.94,46.89,43.68,48.92,48.31
2019-01-02 14:30:00,28.08,33.03,36.32,37.38,50.4,53.84,52.48,55.22,39.09,52.44,52.58,42.28,56.31,46.71,31.17,45.59,36.91,43.47,47.41,51.64,53.41,54.71,47.5,54.66,56.07,45.43,47.46,47.13,45.94,46.89,43.69,48.93,48.31
2019-01-02 14:35:00,28.07,33.02,36.32,37.39,50.41,53.84,52.49,55.23,39.09,52.45,52.59,42.29,56.31,46.72,31.18,45.59,36.92,43.48,47.42,51.64,53.42,54.71,47.51,54.67,56.08,45.44,47.47,47.14,45.95,46.9,43.69,48.94,48.32
2019-01-02 14:40:00,28.07,33.01,36.31,37.4,50.41,53.85,52.5,55.24,39.09,52.46,52.6,42.29,56.32,46.73,31.19,45.61,36.93,43.49,47.42,51.65,53.42,54.72,47.52,54.68,56.09,45.45,47.48,47.15,45.96,46.91,43.69,48.94,48.33
2019-01-02 14:45:00,28.06,33.01,36.3,37.42,50.42,53.86,52.51,55.25,39.09,52.48,52.61,42.3,56.33,46.74,31.2,45.62,36.94,43.5,47.43,51.65,53.43,54.73,47.54,54.69,56.11,45.46,47.49,47.16,45.96,46.92,43.7,48.96,48.33
2019-01-02 14:50:00,28.05,33.0,36.29,37.43,50.43,53.87,52.52,55.26,39.09,52.49,52.63,42.31,56.34,46.75,31.22,45.63,36.96,43.52,47.44,51.66,53.44,54.74,47.55,54.7,56.12,45.47,47.5,47.17,45.97,46.93,43.7,48.97,48.34
2019-01-02 14:55:00,28.05,32.99,36.28,37.45,50.44,53.88,52.54,55.28,39.09,52.5,52.64,42.32,56.35,46.77,31.23,45.65,36.97,43.53,47.45,51.66,53.45,54.76,47.56,54.71,56.14,45.48,47.52,47.19,45.98,46.94,43.71,48.98,48.35
2019-01-02 15:00:00,28.04,32.99,36.28,37.46,50.45,53.89,52.55,55.29,39.09,52.52,52.65,42.33,56.36,46.78,31.25,45.66,36.99,43.55,47.46,51.67,53.46,54.77,47.58,54.72,56.15,45.49,47.53,47.2,45.99,46.96,43.71,48.99,48.36
2019-01-02 15:05:00,28.03,32.98,36.27,37.48,50.46,53.9,52.57,55.31,39.09,52.54,52.67,42.34,56.38,46.8,31.27,45.67,37.0,43.56,47.47,51.68,53.47,54.78,47.59,54.74,56.17,45.51,47.55,47.21,46.0,46.97,43.72,49.01,48.37
2019-01-02 15:10:00,28.03,32.97,36.26,37.49,50.47,53.91,52.58,55.32,39.09,52.55,52.68,42.34,56.39,46.81,31.28,45.69,37.02,43.58,47.48,51.68,53.48,54.79,47.61,54.75,56.18,45.52,47.56,47.22,46.01,46.98,43.72,49.02,48.38
2019-01-02 15:15:00,28.02,32.97,36.26,37.51,50.47,53.92,52.59,55.33,39.09,52.56,52.69,42.35,56.4,46.83,31.3,45.7,37.03,43.59,47.49,51.69,53.49,54.8,47.62,54.76,56.19,45.53,47.57,47.23,46.02,46.99,43.73,49.03,48.39
2019-01-02 15:20:00,28.01,32.96,36.25,37.52,50.48,53.93,52.6,55.35,39.09,52.57,52.7,42.36,56.4,46.84,31.31,45.71,37.04,43.6,47.49,51.69,53.5,54.81,47.63,54.77,56.2,45.54,47.58,47.24,46.03,47.0,43.73,49.04,48.4
2019-01-02 15:25:00,28.01,32.95,36.24,37.53,50.48,53.93,52.61,55.35,39.09,52.58,52.71,42.36,56.41,46.85,31.32,45.72,37.05,43.61,47.5,51.7,53.5,54.82,47.64,54.77,56.21,45.55,47.59,47.25,46.04,47.01,43.74,49.05,48.4
2019-01-02 15:30:00,28.0,32.94,36.23,37.53,50.49,53.94,52.62,55.36,39.09,52.59,52.71,42.37,56.41,46.85,31.33,45.73,37.06,43.62,47.5,51.7,53.51,54.82,47.64,54.78,56.22,45.55,47.6,47.26,46.04,47.01,43.74,49.05,48.41
2019-01-02 15:35:00,27.99,32.93,36.22,37.54,50.49,53.94,52.62,55.36,39.09,52.59,52.72,42.37,56.42,46.86,31.33,45.73,37.06,43.62,47.5,51.7,53.51,54.82,47.64,54.78,56.22,45.56,47.6,47.26,46.04,47.02,43.74,49.05,48.41
2019-01-02 15:40:00,27.98,32.93,36.21,37.54,50.49,53.94,52.63,55.37,39.09,52.6,52.72,42.37,56.42,46.86,31.33,45.73,37.07,43.62,47.51,51.7,53.51,54.83,47.65,54.78,56.23,45.56,47.6,47.26,46.04,47.02,43.74,49.06,48.41
2019-01-02 15:45:00,27.97,32.92,36.21,37.54,50.49,53.94,52.63,55.37,39.09,52.6,52.72,42.37,56.42,46.86,31.33,45.73,37.07,43.62,47.51,51.7,53.51,54.83,47.65,54.79,56.23,45.56,47.6,47.26,46.04,47.02,43.74,49.06,48.41
2019-01-02 15:50:00,27.96,32.91,36.2,37.54,50.49,53.94,52.63,55.37,39.09,52.6,52.72,42.37,56.42,46.86,31.33,45.73,37.07,43.62,47.51,51.7,53.51,54.83,47.65,54.79,56.23,45.56,47.6,47.26,46.04,47.02,43.74,49.06,48.41
2019-01-02 15:55:00,27.95,32.9,36.19,37.54,50.49,53.94,52.63,55.37,39.09,52.6,52.72,42.37,56.42,46.86,31.33,45.73,37.07,43.62,47.51,51.7,53.51,54.83,47.65,54.79,56.23,45.56,47.6,47.26,46.04,47.02,43.74,49.06,48.41
2019-01-02 16:00:00,27.94,32.89,36.18,37.54,50.49,53.94,52.62,55.37,39.09,52.6,52.72,42.37,56.42,46.86,31.33,45.73,37.06,43.62,47.51,51.7,53.51,54.83,47.65,54.78,56.22,45.56,47.6,47.26,46.04,47.02,43.74,49.05,48.41
2019-01-02 16:05:00,27.93,32.88,36.17,37.54,50.49,53.94,52.62,55.36,39.09,52.6,52.72,42.37,56.42,46.86,31.33,45.73,37.06,43.62,47.51,51.7,53.51,54.83,47.65,54.78,56.22,45.56,47.6,47.26,46.04,47.02,43.74,49.05,48.41
2019-01-02 16:10:00,27.92,32.87,36.16,37.54,50.49,53.94,52.62,55.36,39.09,52.59,52.71,42.37,56.42,46.86,31.33,45.73,37.06,43.62,47.5,51.7,53.51,54.82,47.64,54.78,56.22,45.55,47.6,47.26,46.04,47.01,43.74,49.05,48.41
2019-01-02 16:15:00,27.91,32.86,36.15,37.53,50.49,53.94,52.62,55.36,39.09,52.59,52.71,42.37,56.42,46.85,31.33,45.73,37.06,43.62,47.5,51.7,53.51,54.82,47.64,54.78,56.22,45.55,47.6,47.26,46.04,47.01,43.74,49.05,48.4
2019-01-02 16:20:00,27.9,32.85,36.14,37.53,50.49,53.94,52.62,55.36,39.09,52.59,52.71,42.36,56.41,46.85,31.32,45.72,37.06,43.61,47.5,51.7,53.51,54.82,47.64,54.78,56.22,45.55,47.59,47.25,46.04,47.01,43.74,49.05,48.4
2019-01-02 16:25:00,27.89,32.84,36.13,37.53,50.49,53.94,52.62,55.36,39.09,52.59,52.71,42.36,56.41,46.85,31.32,45.72,37.05,43.61,47.5,51.7,53.51,54.82,47.64,54.78,56.21,45.55,47.59,47.25,46.04,47.01,43.74,49.05,48.4
2019-01-02 16:30:00,27.88,32.83,36.12,37.52,50.49,53.93,52.61,55.35,39.09,52.58,52.7,42.36,56.41,46.85,31.32,45.72,37.05,43.61,47.5,51.7,53.5,54.82,47.63,54.77,56.21,45.55,47.59,47.25,46.03,47.01,43.74,49.04,48.4
2019-01-02 16:35:00,27.87,32.82,36.11,37.52,50.48,53.93,52.61,55.35,39.09,52.58,52.7,42.36,56.41,46.84,31.31,45.71,37.05,43.6,47.5,51.69,53.5,54.81,47.63,54.77,56.21,45.54,47.58,47.25,46.03,47.0,43.73,49.04,48.4
2019-01-02 16:40:00,27.86,32.81,36.1,37.52,50.48,53.93,52.6,55.35,39.09,52.58,52.7,42.36,56.4,46.84,31.31,45.71,37.04,43.6,47.49,51.69,53.5,54.81,47.63,54.77,56.2,45.54,47.58,47.24,46.03,47.0,43.73,49.04,48.39
2019-01-02 16:45:00,27.85,32.8,36.09,37.51,50.48,53.93,52.6,55.34,39.09,52.57,52.69,42.35,56.4,46.83,31.3,45.71,37.04,43.6,47.49,51.69,53.5,54.81,47.62,54.76,56.2,45.54,47.58,47.24,46.03,47.0,43.73,49.03,48.39
2019-01-02 16:50:00,27.84,32.79,36.08,37.51,50.48,53.92,52.6,55.34,39.09,52.57,52.69,42.35,56.4,46.83,31.3,45.7,37.04,43.59,47.49,51.69,53.49,54.8,47.62,54.76,56.2,45.53,47.57,47.23,46.02,46.99,43.73,49.03,48.39
2019-01-02 16:55:00,27.83,32.78,36.07,37.5,50.47,53.92,52.59,55.33,39.09,52.56,52.69,42.35,56.4,46.83,31.3,45.7,37.03,43.59,47.49,51.69,53.49,54.8,47.62,54.76,56.19,45.53,47.57,47.23,46.02,46.99,43.73,49.03,48.39
2019-01-02 17:00:00,27.82,32.77,36.06,37.5,50.47,53.92,52.59,55.33,39.09,52.56,52.68,42.35,56.39,46.82,31.29,45.69,37.03,43.58,47.48,51.69,53.49,54.8,47.61,54.75,56.19,45.53,47.56,47.23,46.02,46.99,43.73,49.02,48.38
2019-01-02 17:05:00,27.81,32.76,36.05,37.5,50.47,53.92,52.58,55.32,39.09,52.56,52.68,42.34,56.39,46.82,31.29,45.69,37.02,43.58,47.48,51.68,53.48,54.79,47.61,54.75,56.18,45.52,47.56,47.22,46.01,46.98,43.72,49.02,48.38
2019-01-02 17:10:00,27.8,32.75,36.04,37.49,50.47,53.91,52.58,55.32,39.09,52.55,52.67,42.34,56.39,46.81,31.28,45.69,37.02,43.57,47.48,51.68,53.48,54.79,47.6,54.75,56.18,45.52,47.56,47.22,46.01,46.98,43.72,49.01,48.38
2019-01-02 17:15:00,27.79,32.74,36.03,37.49,50.46,53.91,52.57,55.32,39.09,52.55,52.67,42.34,56.38,46.81,31.27,45.68,37.01,43.57,47.48,51.68,53.48,54.79,47.6,54.74,56.17,45.51,47.55,47.22,46.01,46.97,43.72,49.01,48.37
2019-01-02 17:20:00,27.78,32.73,36.02,37.48,50.46,53.91,52.57,55.31,39.09,52.54,52.67,42.34,56.38,46.8,31.27,45.68,37.01,43.56,47.47,51.68,53.48,54.78,47.59,54.74,56.17,45.51,47.55,47.21,46.0,46.97,43.72,49.01,48.37
2019-01-02 17:25:00,27.77,32.72,36.01,37.48,50.46,53.9,52.57,55.31,39.09,52.54,52.66,42.33,56.38,46.8,31.27,45.67,37.0,43.56,47.47,51.68,53.47,54.78,47.59,54.74,56.17,45.51,47.54,47.21,46.0,46.97,43.72,49.0,48.37
2019-01-02 17:30:00,27.76,32.71,36.0,37.47,50.46,53.9,52.56,55.3,39.09,52.53,52.66,42.33,56.37,46.79,31.26,45.67,37.0,43.56,47.47,51.68,53.47,54.78,47.59,54.73,56.16,45.5,47.54,47.2,46.0,46.96,43.72,49.0,48.37
2019-01-02 17:35:00,27.75,32.7,35.99,37.47,50.45,53.9,52.56,55.3,39.09,52.53,52.66,42.33,56.37,46.79,31.26,45.67,37.0,43.55,47.47,51.67,53.47,54.78,47.58,54.73,56.16,45.5,47.54,47.2,46.0,46.96,43.72,49.0,48.36
2019-01-02 17:40:00,27.74,32.69,35.98,37.47,50.45,53.9,52.56,55.3,39.09,52.53,52.65,42.33,56.37,46.79,31.26,45.66,36.99,43.55,47.46,51.67,53.47,54.78,47.58,54.73,56.16,45.5,47.53,47.2,46.0,46.96,43.71,48.99,48.36
2019-01-02 17:45:00,27.73,32.68,35.97,37.46,50.45,53.9,52.55,55.3,39.09,52.53,52.65,42.33,56.37,46.79,31.25,45.66,36.99,43.55,47.46,51.67,53.47,54.77,47.58,54.73,56.15,45.5,47.53,47.2,45.99,46.96,43.71,48.99,48.36
2019-01-02 17:50:00,27.72,32.67,35.96,37.46,50.45,53.89,52.55,55.29,39.09,52.53,52.65,42.32,56.37,46.78,31.25,45.66,36.99,43.55,47.46,51.67,53.46,54.77,47.58,54.73,56.15,45.49,47.53,47.2,45.99,46.95,43.71,48.99,48.36
2019-01-02 17:55:00,27.71,32.66,35.95,37.46,50.45,53.89,52.55,55.29,39.09,52.52,52.65,42.32,56.36,46.78,31.25,45.66,36.99,43.54,47.46,51.67,53.46,54.77,47.58,54.72,56.15,45.49,47.53,47.19,45.99,46.95,43.71,48.99,48.36
2019-01-02 18:00:00,27.72,32.66,35.96,36.56,50.2,53.61,52.0,54.77,39.09,51.97,52.32,42.11,56.03,46.18,30.45,45.05,36.2,42.93,47.22,51.48,53.18,54.44,47.04,54.34,55.59,45.04,47.08,46.86,45.75,46.66,43.59,48.7,48.14
2019-01-02 18:05:00,27.72,32.67,35.96,36.56,50.2,53.61,51.99,54.76,39.09,51.97,52.32,42.11,56.02,46.17,30.44,45.05,36.19,42.93,47.22,51.48,53.18,54.44,47.04,54.34,55.58,45.04,47.08,46.85,45.75,46.66,43.59,48.69,48.14
2019-01-02 18:10:00,27.73,32.68,35.97,36.55,50.2,53.61,51.99,54.76,39.09,51.96,52.32,42.11,56.02,46.17,30.43,45.04,36.19,42.92,47.21,51.48,53.18,54.43,47.03,54.33,55.58,45.04,47.07,46.85,45.75,46.66,43.59,48.69,48.13
2019-01-02 18:15:00,27.74,32.69,35.98,36.55,50.2,53.6,51.98,54.75,39.09,51.96,52.31,42.11,56.01,46.16,30.43,45.04,36.18,42.92,47.21,51.48,53.17,54.43,47.03,54.33,55.57,45.03,47.07,46.85,45.75,46.65,43.58,48.68,48.13
2019-01-02 18:20:00,27.75,32.69,35.99,36.54,50.19,53.6,51.98,54.75,39.09,51.95,52.31,42.1,56.01,46.16,30.42,45.03,36.18,42.91,47.21,51.47,53.17,54.42,47.02,54.32,55.57,45.03,47.06,46.84,45.74,46.65,43.58,48.68,48.13
2019-01-02 18:25:00,27.75,32.7,36.0,36.54,50.19,53.6,51.97,54.74,39.09,51.95,52.3,42.1,56.01,46.15,30.42,45.03,36.17,42.91,47.2,51.47,53.17,54.42,47.02,54.32,55.56,45.02,47.06,46.84,45.74,46.64,43.58,48.67,48.12
2019-01-02 18:30:00,27.76,32.71,36.0,36.53,50.19,53.59,51.97,54.74,39.09,51.94,52.3,42.1,56.0,46.15,30.41,45.02,36.17,42.9,47.2,51.47,53.16,54.42,47.01,54.32,55.56,45.02,47.06,46.83,45.74,46.64,43.58,48.67,48.12
2019-01-02 18:35:00,27.77,32.72,36.01,36.53,50.18,53.59,51.96,54.73,39.09,51.94,52.29,42.09,56.0,46.14,30.41,45.02,36.16,42.9,47.2,51.47,53.16,54.41,47.01,54.31,55.55,45.01,47.05,46.83,45.73,46.64,43.58,48.67,48.12
2019-01-02 18:40:00,27.78,32.72,36.02,36.52,50.18,53.59,51.96,54.73,39.09,51.94,52.29,42.09,56.0,46.14,30.4,45.01,36.16,42.89,47.2,51.47,53.16,54.41,47.0,54.31,55.55,45.01,47.05,46.83,45.73,46.63,43.58,48.66,48.12
2019-01-02 18:45:00,27.78,32.73,36.03,36.52,50.18,53.59,51.96,54.73,39.09,51.93,52.29,42.09,56.0,46.13,30.4,45.01,36.15,42.89,47.19,51.47,53.16,54.41,47.0,54.31,55.55,45.01,47.05,46.82,45.73,46.63,43.57,48.66,48.12
2019-01-02 18:50:00,27.79,32.74,36.03,36.52,50.18,53.59,51.96,54.73,39.09,51.93,52.29,42.09,56.0,46.13,30.4,45.01,36.15,42.89,47.19,51.46,53.16,54.41,47.0,54.31,55.55,45.01,47.04,46.82,45.73,46.63,43.57,48.66,48.11
2019-01-02 18:55:00,27.8,32.75,36.04,36.52,50.18,53.59,51.96,54.73,39.09,51.93,52.29,42.09,55.99,46.13,30.4,45.01,36.15,42.89,47.19,51.46,53.16,54.41,47.0,54.31,55.54,45.01,47.04,46.82,45.73,46.63,43.57,48.66,48.11
2019-01-02 19:00:00,27.81,32.76,36.05,36.52,50.18,53.59,51.96,54.73,39.09,51.93,52.29,42.09,55.99,46.13,30.4,45.01,36.15,42.89,47.19,51.46,53.16,54.41,47.0,54.31,55.54,45.01,47.04,46.82,45.73,46.63,43.57,48.66,48.11
2019-01-02 19:05:00,27.82,32.76,36.06,36.52,50.18,53.59,51.96,54.73,39.09,51.93,52.29,42.09,56.0,46.13,30.4,45.01,36.15,42.89,47.19,51.46,53.16,54.41,47.0,54.31,55.55,45.01,47.04,46.82,45.73,46.63,43.57,48.66,48.11
2019-01-02 19:10:00,27.83,32.77,36.07,36.52,50.18,53.59,51.96,54.73,39.09,51.93,52.29,42.09,56.0,46.13,30.4,45.01,36.15,42.89,47.2,51.47,53.16,54.41,47.0,54.31,55.55,45.01,47.04,46.82,45.73,46.63,43.57,48.66,48.11
2019-01-02 19:15:00,27.83,32.78,36.08,36.52,50.18,53.59,51.96,54.73,39.09,51.94,52.29,42.09,56.0,46.14,30.4,45.01,36.16,42.89,47.2,51.47,53.16,54.41,47.0,54.31,55.55,45.01,47.05,46.82,45.73,46.63,43.58,48.66,48.12
2019-01-02 19:20:00,27.84,32.79,36.08,36.52,50.18,53.59,51.96,54.73,39.09,51.94,52.29,42.09,56.0,46.14,30.4,45.01,36.16,42.89,47.2,51.47,53.16,54.41,47.0,54.31,55.55,45.01,47.05,46.83,45.73,46.63,43.58,48.66,48.12
2019-01-02 19:25:00,27.85,32.8,36.09,36.52,50.18,53.59,51.96,54.73,39.09,51.94,52.29,42.09,56.0,46.14,30.4,45.02,36.16,42.9,47.2,51.47,53.16,54.41,47.01,54.31,55.55,45.01,47.05,46.83,45.73,46.63,43.58,48.66,48.12
2019-01-02 19:30:00,27.86,32.81,36.1,36.53,50.19,53.59,51.96,54.73,39.09,51.94,52.29,42.09,56.0,46.14,30.4,45.02,36.16,42.9,47.2,51.47,53.16,54.41,47.01,54.31,55.55,45.01,47.05,46.83,45.73,46.64,43.58,48.67,48.12
2019-01-02 19:35:00,27.87,32.81,36.11,36.53,50.19,53.59,51.96,54.73,39.09,51.94,52.29,42.09,56.0,46.14,30.4,45.02,36.16,42.9,47.2,51.47,53.16,54.41,47.01,54.31,55.55,45.01,47.05,46.83,45.73,46.64,43.58,48.67,48.12
2019-01-02 19:40:00,27.87,32.82,36.12,36.52,50.19,53.59,51.96,54.73,39.09,51.94,52.29,42.09,56.0,46.14,30.4,45.02,36.16,42.89,47.2,51.47,53.16,54.41,47.01,54.31,55.55,45.01,47.05,46.83,45.73,46.63,43.58,48.66,48.12
2019-01-02 19:45:00,27.88,32.83,36.12,36.52,50.18,53.59,51.96,54.73,39.09,51.94,52.29,42.09,56.0,46.14,30.4,45.02,36.16,42.89,47.2,51.47,53.16,54.41,47.01,54.31,55.55,45.01,47.05,46.83,45.73,46.63,43.58,48.66,48.12
2019-01-02 19:50:00,27.89,32.84,36.13,36.52,50.18,53.59,51.96,54.73,39.09,51.94,52.29,42.09,56.0,46.14,30.4,45.01,36.16,42.89,47.2,51.47,53.16,54.41,47.0,54.31,55.55,45.01,47.05,46.83,45.73,46.63,43.58,48.66,48.12
2019-01-02 19:55:00,27.9,32.85,36.14,36.52,50.19,53.59,51.96,54.73,39.09,51.94,52.29,42.09,56.0,46.14,30.4,45.02,36.16,42.9,47.2,51.47,53.16,54.42,47.01,54.31,55.55,45.01,47.05,46.83,45.73,46.63,43.58,48.66,48.12
2019-01-02 20:00:00,27.91,32.86,36.15,36.53,50.19,53.6,51.97,54.74,39.09,51.94,52.29,42.09,56.0,46.14,30.41,45.02,36.16,42.9,47.2,51.47,53.16,54.42,47.01,54.32,55.55,45.02,47.05,46.83,45.73,46.64,43.58,48.67,48.12
2019-01-02 20:05:00,27.92,32.86,36.16,36.53,50.19,53.6,51.97,54.74,39.09,51.95,52.3,42.1,56.01,46.15,30.41,45.02,36.17,42.9,47.2,51.47,53.17,54.42,47.01,54.32,55.56,45.02,47.05,46.83,45.73,46.64,43.58,48.67,48.12
2019-01-02 20:10:00,27.93,32.87,36.17,36.54,50.19,53.6,51.97,54.74,39.09,51.95,52.3,42.1,56.01,46.15,30.42,45.03,36.17,42.91,47.21,51.47,53.17,54.42,47.02,54.32,55.56,45.02,47.06,46.84,45.74,46.64,43.58,48.67,48.12
2019-01-02 20:15:00,27.93,32.88,36.18,36.54,50.19,53.61,51.98,54.75,39.09,51.96,52.3,42.1,56.01,46.16,30.42,45.03,36.18,42.91,47.21,51.47,53.17,54.43,47.02,54.33,55.57,45.03,47.06,46.84,45.74,46.65,43.58,48.68,48.13
2019-01-02 20:20:00,27.94,32.89,36.18,36.55,50.2,53.61,51.98,54.75,39.09,51.96,52.31,42.1,56.01,46.16,30.43,45.04,36.18,42.92,47.21,51.48,53.18,54.43,47.02,54.33,55.57,45.03,47.07,46.84,45.74,46.65,43.58,48.68,48.13
2019-01-02 20:25:00,27.95,32.9,36.19,36.55,50.2,53.61,51.98,54.75,39.09,51.96,52.31,42.1,56.02,46.16,30.43,45.04,36.18,42.92,47.21,51.48,53.18,54.43,47.03,54.33,55.57,45.03,47.07,46.84,45.74,46.65,43.58,48.68,48.13
2019-01-02 20:30:00,27.96,32.91,36.2,36.55,50.2,53.61,51.98,54.75,39.09,51.96,52.31,42.1,56.01,46.16,30.42,45.03,36.18,42.91,47.21,51.48,53.17,54.43,47.02,54.33,55.57,45.03,47.07,46.84,45.74,46.65,43.58,48.68,48.13
2019-01-02 20:35:00,27.97,32.92,36.21,36.54,50.19,53.6,51.98,54.75,39.09,51.96,52.3,42.1,56.01,46.15,30.42,45.03,36.17,42.91,47.21,51.47,53.17,54.43,47.02,54.33,55.57,45.03,47.06,46.84,45.74,46.65,43.58,48.68,48.13
2019-01-02 20:40:00,27.97,32.92,36.22,36.53,50.19,53.6,51.97,54.74,39.09,51.95,52.3,42.1,56.01,46.15,30.41,45.02,36.17,42.9,47.2,51.47,53.17,54.42,47.01,54.32,55.56,45.02,47.06,46.83,45.73,46.64,43.58,48.67,48.12
2019-01-02 20:45:00,27.98,32.93,36.22,36.52,50.19,53.59,51.96,54.73,39.09,51.94,52.29,42.09,56.0,46.14,30.4,45.02,36.16,42.89,47.2,51.47,53.16,54.42,47.01,54.31,55.55,45.01,47.05,46.83,45.73,46.63,43.58,48.66,48.12
2019-01-02 20:50:00,27.99,32.94,36.23,36.52,50.18,53.59,51.95,54.72,39.09,51.93,52.28,42.09,55.99,46.13,30.39,45.01,36.15,42.89,47.19,51.46,53.16,54.41,47.0,54.31,55.54,45.01,47.04,46.82,45.72,46.63,43.57,48.66,48.11
2019-01-02 20:55:00,28.0,32.94,36.24,36.51,50.18,53.59,51.95,54.72,39.09,51.93,52.28,42.08,55.99,46.12,30.39,45.0,36.14,42.88,47.19,51.46,53.15,54.41,46.99,54.3,55.54,45.0,47.03,46.81,45.72,46.62,43.57,48.65,48.11
2019-01-02 21:00:00,28.0,32.95,36.25,36.5,50.18,53.58,51.95,54.71,39.09,51.92,52.27,42.08,55.99,46.12,30.38,45.0,36.14,42.88,47.19,51.46,53.15,54.4,46.99,54.3,55.53,45.0,47.03,46.81,45.72,46.62,43.57,48.65,48.11
2019-01-02 21:05:00,28.01,32.96,36.25,36.5,50.18,53.58,51.95,54.71,39.09,51.92,52.27,42.08,55.99,46.12,30.38,45.0,36.14,42.88,47.19,51.46,53.15,54.4,46.99,54.3,55.53,45.0,47.03,46.81,45.72,46.62,43.57,48.65,48.1
2019-01-02 21:10:00,28.02,32.97,36.26,36.51,50.18,53.58,51.95,54.72,39.09,51.93,52.28,42.08,55.99,46.12,30.38,45.0,36.14,42.88,47.19,51.46,53.15,54.4,46.99,54.3,55.54,45.0,47.03,46.81,45.72,46.62,43.57,48.65,48.11
2019-01-02 21:15:00,28.03,32.98,36.27,36.51,50.18,53.59,51.95,54.72,39.09,51.93,52.28,42.09,55.99,46.13,30.39,45.01,36.15,42.88,47.19,51.46,53.16,54.41,47.0,54.31,55.54,45.0,47.04,46.82,45.72,46.63,43.57,48.66,48.11
2019-01-02 21:20:00,28.04,32.99,36.28,36.52,50.18,53.59,51.96,54.73,39.09,51.94,52.29,42.09,56.0,46.14,30.4,45.01,36.16,42.89,47.2,51.47,53.16,54.41,47.0,54.31,55.55,45.01,47.05,46.82,45.73,46.63,43.57,48.66,48.11
2019-01-02 21:25:00,28.05,32.99,36.29,36.53,50.19,53.6,51.97,54.74,39.09,51.95,52.3,42.09,56.01,46.15,30.41,45.02,36.17,42.9,47.2,51.47,53.17,54.42,47.01,54.32,55.56,45.02,47.05,46.83,45.73,46.64,43.58,48.67,48.12
2019-01-02 21:30:00,28.06,33.0,36.3,36.54,50.2,53.61,51.98,54.75,39.09,51.96,52.3,42.1,56.01,46.16,30.42,45.03,36.18,42.91,47.21,51.47,53.17,54.43,47.02,54.33,55.57,45.03,47.06,46.84,45.74,46.65,43.58,48.68,48.13
2019-01-02 21:35:00,28.07,33.01,36.31,36.56,50.2,53.61,51.99,54.76,39.09,51.97,52.31,42.11,56.02,46.17,30.44,45.04,36.19,42.92,47.22,51.48,53.18,54.44,47.03,54.34,55.58,45.04,47.08,46.85,45.75,46.66,43.59,48.69,48.13
2019-01-02 21:40:00,28.08,33.03,36.32,36.57,50.21,53.62,52.01,54.78,39.09,51.99,52.33,42.12,56.03,46.18,30.45,45.06,36.21,42.94,47.22,51.49,53.19,54.45,47.05,54.35,55.6,45.05,47.09,46.86,45.76,46.67,43.59,48.7,48.14
2019-01-02 21:45:00,28.09,33.04,36.33,36.59,50.22,53.64,52.02,54.79,39.09,52.0,52.34,42.12,56.04,46.2,30.47,45.08,36.22,42.96,47.24,51.49,53.2,54.46,47.06,54.36,55.61,45.06,47.11,46.87,45.77,46.68,43.6,48.71,48.15
2019-01-02 21:50:00,28.1,33.05,36.34,36.61,50.23,53.65,52.04,54.81,39.09,52.02,52.36,42.14,56.06,46.22,30.49,45.1,36.25,42.98,47.25,51.5,53.22,54.48,47.08,54.38,55.63,45.08,47.12,46.89,45.78,46.7,43.6,48.73,48.16
2019-01-02 21:55:00,28.11,33.06,36.35,36.64,50.25,53.67,52.07,54.83,39.09,52.05,52.38,42.15,56.08,46.25,30.52,45.12,36.27,43.0,47.26,51.51,53.23,54.49,47.11,54.4,55.66,45.1,47.15,46.91,45.8,46.71,43.61,48.75,48.18
2019-01-02 22:00:00,28.13,33.07,36.36,36.67,50.26,53.68,52.09,54.86,39.09,52.07,52.4,42.16,56.09,46.27,30.55,45.14,36.3,43.03,47.28,51.52,53.25,54.51,47.13,54.42,55.68,45.12,47.17,46.93,45.81,46.73,43.62,48.77,48.19
2019-01-02 22:05:00,28.14,33.09,36.38,36.69,50.28,53.7,52.12,54.88,39.09,52.1,52.42,42.18,56.11,46.3,30.58,45.17,36.33,43.06,47.29,51.53,53.26,54.53,47.15,54.44,55.71,45.15,47.19,46.95,45.83,46.75,43.63,48.79,48.21
2019-01-02 22:10:00,28.15,33.1,36.39,36.72,50.29,53.71,52.14,54.91,39.09,52.12,52.44,42.19,56.13,46.32,30.61,45.19,36.35,43.08,47.3,51.54,53.28,54.55,47.18,54.46,55.73,45.17,47.22,46.97,45.84,46.77,43.64,48.81,48.22
2019-01-02 22:15:00,28.17,33.11,36.4,36.74,50.3,53.73,52.16,54.93,39.09,52.15,52.46,42.2,56.15,46.35,30.63,45.22,36.38,43.1,47.32,51.55,53.29,54.57,47.2,54.48,55.76,45.18,47.24,46.99,45.86,46.79,43.64,48.83,48.24
2019-01-02 22:20:00,28.18,33.12,36.41,36.76,50.31,53.74,52.18,54.95,39.09,52.16,52.48,42.21,56.16,46.37,30.65,45.23,36.4,43.12,47.33,51.56,53.3,54.58,47.22,54.49,55.77,45.2,47.26,47.0,45.87,46.8,43.65,48.84,48.25
2019-01-02 22:25:00,28.19,33.14,36.42,36.78,50.32,53.75,52.2,54.96,39.09,52.18,52.49,42.22,56.17,46.38,30.67,45.25,36.41,43.14,47.34,51.56,53.31,54.59,47.23,54.5,55.79,45.21,47.27,47.02,45.88,46.82,43.66,48.85,48.26
2019-01-02 22:30:00,28.2,33.15,36.44,36.79,50.33,53.76,52.21,54.97,39.09,52.19,52.5,42.23,56.18,46.39,30.68,45.26,36.43,43.15,47.34,51.57,53.32,54.6,47.24,54.51,55.8,45.22,47.28,47.03,45.89,46.82,43.66,48.86,48.26
2019-01-02 22:35:00,28.21,33.16,36.45,36.8,50.33,53.76,52.22,54.98,39.09,52.2,52.5,42.23,56.18,46.4,30.69,45.27,36.43,43.16,47.35,51.57,53.32,54.6,47.25,54.52,55.81,45.23,47.29,47.03,45.89,46.83,43.66,48.87,48.27
2019-01-02 22:40:00,28.22,33.17,36.46,36.81,50.33,53.77,52.22,54.99,39.09,52.2,52.51,42.24,56.19,46.41,30.7,45.27,36.44,43.16,47.35,51.57,53.33,54.61,47.25,54.52,55.82,45.23,47.29,47.04,45.9,46.84,43.66,48.87,48.27
2019-01-02 22:45:00,28.24,33.18,36.47,36.82,50.34,53.77,52.23,54.99,39.09,52.21,52.52,42.24,56.19,46.42,30.71,45.28,36.45,43.17,47.36,51.58,53.33,54.61,47.26,54.53,55.82,45.24,47.3,47.04,45.9,46.84,43.67,48.88,48.28
2019-01-02 22:50:00,28.25,33.19,36.48,36.83,50.35,53.78,52.24,55.0,39.09,52.22,52.53,42.25,56.2,46.43,30.72,45.29,36.46,43.18,47.36,51.58,53.34,54.62,47.27,54.54,55.83,45.25,47.31,47.05,45.91,46.85,43.67,48.89,48.29
2019-01-02 22:55:00,28.26,33.2,36.49,36.84,50.35,53.79,52.25,55.02,39.09,52.24,52.54,42.25,56.21,46.44,30.74,45.31,36.48,43.2,47.37,51.59,53.35,54.63,47.28,54.55,55.85,45.26,47.33,47.06,45.92,46.86,43.68,48.9,48.29
2019-01-02 23:00:00,28.27,33.22,36.5,36.86,50.36,53.8,52.27,55.03,39.09,52.25,52.55,42.26,56.22,46.46,30.76,45.32,36.5,43.22,47.38,51.59,53.36,54.64,47.3,54.56,55.86,45.28,47.34,47.08,45.93,46.87,43.68,48.91,48.3
2019-01-02 23:05:00,28.29,33.23,36.52,36.88,50.37,53.81,52.29,55.05,39.09,52.27,52.57,42.27,56.23,46.48,30.78,45.34,36.52,43.24,47.39,51.6,53.37,54.66,47.32,54.58,55.88,45.29,47.36,47.09,45.94,46.89,43.69,48.93,48.32
2019-01-02 23:10:00,28.3,33.24,36.53,36.91,50.39,53.82,52.31,55.07,39.09,52.29,52.59,42.29,56.25,46.5,30.8,45.36,36.54,43.26,47.4,51.61,53.38,54.67,47.34,54.59,55.91,45.31,47.38,47.11,45.96,46.91,43.69,48.94,48.33
2019-01-02 23:15:00,28.31,33.26,36.54,36.93,50.4,53.84,52.33,55.09,39.09,52.31,52.6,42.3,56.27,46.52,30.83,45.38,36.56,43.28,47.41,51.62,53.4,54.69,47.36,54.61,55.93,45.33,47.4,47.13,45.97,46.92,43.7,48.96,48.34
2019-01-02 23:20:00,28.33,33.27,36.55,36.95,50.41,53.85,52.35,55.12,39.09,52.34,52.62,42.31,56.28,46.54,30.85,45.4,36.59,43.3,47.43,51.63,53.41,54.7,47.38,54.63,55.95,45.35,47.42,47.15,45.98,46.94,43.71,48.98,48.35
2019-01-02 23:25:00,28.34,33.28,36.57,36.98,50.42,53.87,52.37,55.14,39.09,52.36,52.64,42.32,56.29,46.56,30.88,45.42,36.61,43.32,47.44,51.64,53.42,54.72,47.4,54.65,55.97,45.36,47.44,47.16,46.0,46.95,43.72,49.0,48.37
2019-01-02 23:30:00,28.35,33.3,36.58,37.0,50.43,53.88,52.39,55.15,39.09,52.38,52.65,42.33,56.31,46.58,30.9,45.44,36.63,43.34,47.45,51.64,53.44,54.73,47.42,54.66,55.99,45.38,47.46,47.18,46.01,46.97,43.72,49.01,48.38
2019-01-02 23:35:00,28.37,33.31,36.59,37.02,50.44,53.89,52.41,55.17,39.09,52.39,52.67,42.34,56.32,46.6,30.92,45.46,36.65,43.36,47.46,51.65,53.45,54.75,47.43,54.68,56.01,45.4,47.47,47.19,46.02,46.98,43.73,49.03,48.39
2019-01-02 23:40:00,28.38,33.32,36.61,37.04,50.45,53.9,52.43,55.19,39.09,52.41,52.69,42.35,56.34,46.62,30.94,45.48,36.67,43.38,47.47,51.66,53.46,54.76,47.45,54.69,56.03,45.41,47.49,47.21,46.03,47.0,43.74,49.04,48.4
2019-01-02 23:45:00,28.4,33.34,36.62,37.06,50.46,53.92,52.45,55.21,39.09,52.43,52.7,42.36,56.35,46.64,30.96,45.5,36.69,43.4,47.48,51.67,53.47,54.77,47.47,54.71,56.04,45.43,47.51,47.22,46.04,47.01,43.74,49.05,48.41
2019-01-02 23:50:00,28.41,33.35,36.63,37.08,50.47,53.93,52.47,55.23,39.09,52.45,52.72,42.37,56.36,46.66,30.98,45.52,36.71,43.42,47.49,51.67,53.48,54.79,47.49,54.72,56.06,45.44,47.53,47.24,46.05,47.03,43.75,49.07,48.42
2019-01-02 23:55:00,28.42,33.37,36.65,37.1,50.49,53.94,52.49,55.25,39.09,52.47,52.73,42.38,56.38,46.68,31.01,45.54,36.73,43.44,47.5,51.68,53.5,54.8,47.51,54.74,56.08,45.46,47.54,47.25,46.07,47.04,43.75,49.08,48.43
2019-01-03 00:00:00,28.44,33.38,36.66,37.12,50.5,53.96,52.51,55.27,39.09,52.49,52.75,42.39,56.39,46.7,31.03,45.56,36.75,43.46,47.52,51.69,53.51,54.82,47.52,54.75,56.1,45.48,47.56,47.27,46.08,47.06,43.76,49.1,48.44
2019-01-03 00:05:00,28.45,33.39,36.67,37.15,50.51,53.97,52.53,55.29,39.09,52.51,52.76,42.4,56.4,46.72,31.05,45.58,36.78,43.48,47.53,51.7,53.52,54.83,47.54,54.77,56.12,45.49,47.58,47.28,46.09,47.07,43.77,49.11,48.46
2019-01-03 00:10:00,28.47,33.41,36.69,37.17,50.52,53.98,52.55,55.31,39.09,52.53,52.78,42.41,56.42,46.74,31.08,45.6,36.8,43.5,47.54,51.71,53.54,54.85,47.56,54.79,56.15,45.51,47.6,47.3,46.1,47.09,43.77,49.13,48.47
2019-01-03 00:15:00,28.48,33.42,36.7,37.19,50.53,54.0,52.57,55.33,39.09,52.56,52.8,42.43,56.44,46.76,31.1,45.62,36.82,43.53,47.55,51.72,53.55,54.87,47.59,54.8,56.17,45.53,47.62,47.32,46.12,47.1,43.78,49.15,48.48
2019-01-03 00:20:00,28.5,33.44,36.72,37.22,50.55,54.01,52.59,55.35,39.09,52.58,52.82,42.44,56.45,46.79,31.12,45.64,36.85,43.55,47.57,51.72,53.56,54.88,47.61,54.82,56.19,45.55,47.64,47.33,46.13,47.12,43.79,49.16,48.49
2019-01-03 00:25:00,28.51,33.45,36.73,37.24,50.56,54.03,52.61,55.37,39.09,52.6,52.83,42.45,56.47,46.81,31.15,45.66,36.87,43.57,47.58,51.73,53.58,54.9,47.63,54.84,56.21,45.57,47.66,47.35,46.14,47.13,43.8,49.18,48.51
2019-01-03 00:30:00,28.52,33.47,36.74,37.26,50.57,54.04,52.64,55.39,39.09,52.63,52.85,42.46,56.48,46.83,31.18,45.68,36.9,43.6,47.59,51.74,53.59,54.92,47.65,54.86,56.24,45.59,47.68,47.37,46.16,47.15,43.8,49.2,48.52
2019-01-03 00:35:00,28.54,33.48,36.76,37.29,50.59,54.06,52.66,55.41,39.09,52.65,52.87,42.47,56.5,46.86,31.2,45.71,36.92,43.62,47.61,51.75,53.61,54.93,47.67,54.88,56.26,45.61,47.7,47.39,46.17,47.17,43.81,49.21,48.53
2019-01-03 00:40:00,28.55,33.5,36.77,37.31,50.6,54.08,52.68,55.44,39.09,52.67,52.89,42.48,56.52,46.88,31.23,45.73,36.94,43.64,47.62,51.76,53.62,54.95,47.69,54.9,56.28,45.62,47.72,47.4,46.19,47.18,43.82,49.23,48.54
2019-01-03 00:45:00,28.57,33.51,36.79,37.34,50.61,54.09,52.7,55.46,39.09,52.7,52.91,42.5,56.53,46.9,31.25,45.75,36.97,43.67,47.63,51.77,53.64,54.97,47.71,54.91,56.3,45.64,47.74,47.42,46.2,47.2,43.82,49.25,48.56
2019-01-03 00:50:00,28.59,33.53,36.8,37.36,50.63,54.11,52.73,55.48,39.1,52.72,52.92,42.51,56.55,46.92,31.28,45.77,36.99,43.69,47.64,51.78,53.65,54.99,47.73,54.93,56.33,45.66,47.76,47.44,46.21,47.22,43.83,49.26,48.57
2019-01-03 00:55:00,28.6,33.54,36.82,37.39,50.64,54.12,52.75,55.5,39.1,52.74,52.94,42.52,56.56,46.95,31.3,45.79,37.02,43.71,47.66,51.79,53.66,55.0,47.75,54.95,56.35,45.68,47.78,47.45,46.22,47.23,43.84,49.28,48.58
2019-01-03 01:00:00,28.62,33.56,36.83,37.41,50.65,54.13,52.77,55.52,39.1,52.76,52.96,42.53,56.58,46.97,31.32,45.81,37.04,43.73,47.67,51.8,53.68,55.02,47.77,54.97,56.37,45.7,47.8,47.47,46.24,47.25,43.84,49.3,48.59
2019-01-03 01:05:00,28.63,33.57,36.85,37.43,50.66,54.15,52.79,55.54,39.1,52.78,52.97,42.54,56.59,46.99,31.35,45.83,37.06,43.75,47.68,51.81,53.69,55.03,47.79,54.98,56.39,45.71,47.82,47.49,46.25,47.26,43.85,49.31,48.6
2019-01-03 01:10:00,28.65,33.59,36.86,37.45,50.67,54.16,52.81,55.56,39.1,52.8,52.99,42.55,56.61,47.01,31.37,45.85,37.08,43.77,47.69,51.81,53.7,55.05,47.81,55.0,56.41,45.73,47.84,47.5,46.26,47.27,43.86,49.33,48.61
2019-01-03 01:15:00,28.66,33.6,36.88,37.47,50.68,54.17,52.83,55.58,39.1,52.82,53.0,42.56,56.62,47.03,31.39,45.87,37.1,43.79,47.7,51.82,53.71,55.06,47.83,55.01,56.43,45.75,47.86,47.52,46.27,47.29,43.86,49.34,48.63
2019-01-03 01:20:00,28.68,33.62,36.89,37.49,50.69,54.19,52.84,55.6,39.1,52.84,53.02,42.57,56.63,47.05,31.41,45.89,37.12,43.81,47.71,51.83,53.73,55.08,47.85,55.03,56.45,45.76,47.87,47.53,46.28,47.3,43.87,49.35,48.64
2019-01-03 01:25:00,28.69,33.63,36.91,37.51,50.7,54.2,52.86,55.61,39.1,52.86,53.03,42.58,56.64,47.06,31.43,45.91,37.14,43.83,47.72,51.83,53.74,55.09,47.86,55.04,56.46,45.77,47.89,47.54,46.29,47.31,43.87,49.36,48.64
2019-01-03 01:30:00,28.71,33.65,36.92,37.53,50.71,54.21,52.88,55.63,39.1,52.88,53.04,42.58,56.66,47.08,31.45,45.92,37.16,43.85,47.73,51.84,53.75,55.1,47.88,55.06,56.48,45.79,47.9,47.55,46.3,47.33,43.88,49.38,48.65
2019-01-03 01:35:00,28.72,33.67,36.94,37.55,50.72,54.22,52.89,55.64,39.1,52.89,53.05,42.59,56.67,47.1,31.47,45.94,37.18,43.86,47.74,51.85,53.76,55.11,47.89,55.07,56.5,45.8,47.92,47.57,46.31,47.34,43.88,49.39,48.66
2019-01-03 01:40:00,28.74,33.68,36.95,37.57,50.73,54.23,52.91,55.66,39.1,52.91,53.07,42.6,56.68,47.11,31.48,45.95,37.2,43.88,47.75,51.85,53.77,55.13,47.91,55.08,56.51,45.82,47.93,47.58,46.32,47.35,43.89,49.4,48.67
2019-01-03 01:45:00,28.76,33.7,36.97,37.58,50.74,54.24,52.92,55.67,39.1,52.93,53.08,42.61,56.69,47.13,31.5,45.97,37.21,43.9,47.76,51.86,53.78,55.14,47.92,55.09,56.53,45.83,47.94,47.59,46.33,47.36,43.89,49.41,48.68
2019-01-03 01:50:00,28.77,33.71,36.98,37.6,50.75,54.25,52.94,55.69,39.1,52.94,53.09,42.62,56.7,47.14,31.52,45.98,37.23,43.91,47.77,51.87,53.79,55.15,47.94,55.11,56.54,45.84,47.96,47.6,46.34,47.37,43.9,49.42,48.69
2019-01-03 01:55:00,28.79,33.73,37.0,37.61,50.76,54.26,52.95,55.7,39.1,52.95,53.1,42.62,56.71,47.16,31.53,46.0,37.24,43.92,47.78,51.87,53.79,55.16,47.95,55.12,56.56,45.85,47.97,47.61,46.34,47.38,43.9,49.43,48.69
2019-01-03 02:00:00,28.8,33.74,37.01,37.63,50.76,54.27,52.96,55.71,39.1,52.97,53.11,42.63,56.72,47.17,31.54,46.01,37.26,43.94,47.78,51.88,53.8,55.17,47.96,55.13,56.57,45.86,47.98,47.62,46.35,47.39,43.9,49.44,48.7
2019-01-03 02:05:00,28.82,33.76,37.03,37.64,50.77,54.28,52.98,55.72,39.1,52.98,53.12,42.63,56.73,47.18,31.56,46.02,37.27,43.95,47.79,51.88,53.81,55.18,47.97,55.14,56.58,45.87,47.99,47.63,46.36,47.39,43.91,49.45,48.71
2019-01-03 02:10:00,28.83,33.77,37.04,37.65,50.77,54.28,52.99,55.73,39.1,52.99,53.12,42.64,56.73,47.19,31.57,46.03,37.28,43.96,47.8,51.89,53.82,55.18,47.98,55.14,56.59,45.88,48.0,47.63,46.36,47.4,43.91,49.45,48.71
2019-01-03 02:15:00,28.85,33.79,37.06,37.66,50.78,54.29,53.0,55.74,39.1,53.0,53.13,42.64,56.74,47.2,31.58,46.04,37.29,43.97,47.8,51.89,53.82,55.19,47.99,55.15,56.6,45.89,48.01,47.64,46.37,47.41,43.91,49.46,48.72
2019-01-03 02:20:00,28.86,33.81,37.08,37.67,50.79,54.3,53.0,55.75,39.1,53.01,53.14,42.65,56.75,47.21,31.59,46.05,37.3,43.98,47.81,51.89,53.83,55.2,48.0,55.16,56.61,45.89,48.02,47.65,46.37,47.41,43.92,49.47,48.72
2019-01-03 02:25:00,28.88,33.82,37.09,37.68,50.79,54.3,53.01,55.76,39.1,53.02,53.14,42.65,56.75,47.22,31.6,46.06,37.31,43.99,47.81,51.9,53.83,55.2,48.01,55.17,56.62,45.9,48.02,47.65,46.38,47.42,43.92,49.47,48.73
2019-01-03 02:30:00,28.9,33.84,37.11,37.69,50.79,54.31,53.02,55.77,39.1,53.03,53.15,42.66,56.76,47.23,31.61,46.06,37.32,44.0,47.82,51.9,53.84,55.21,48.01,55.17,56.63,45.91,48.03,47.66,46.38,47.42,43.92,49.48,48.73
2019-01-03 02:35:00,28.91,33.85,37.12,37.7,50.8,54.31,53.03,55.78,39.1,53.03,53.16,42.66,56.76,47.24,31.62,46.07,37.33,44.0,47.82,51.9,53.84,55.22,48.02,55.18,56.63,45.91,48.04,47.67,46.39,47.43,43.92,49.48,48.73
2019-01-03 02:40:00,28.93,33.87,37.14,37.71,50.8,54.32,53.04,55.78,39.1,53.04,53.16,42.66,56.77,47.25,31.63,46.08,37.34,44.01,47.83,51.91,53.85,55.22,48.03,55.18,56.64,45.92,48.04,47.67,46.39,47.43,43.93,49.49,48.74
2019-01-03 02:45:00,28.94,33.88,37.15,37.72,50.81,54.32,53.04,55.79,39.1,53.05,53.17,42.67,56.77,47.25,31.64,46.09,37.34,44.02,47.83,51.91,53.85,55.23,48.03,55.19,56.65,45.93,48.05,47.68,46.4,47.44,43.93,49.49,48.74
2019-01-03 02:50:00,28.96,33.9,37.17,37.72,50.81,54.33,53.05,55.8,39.1,53.06,53.17,42.67,56.78,47.26,31.64,46.09,37.35,44.03,47.83,51.91,53.86,55.23,48.04,55.2,56.65,45.93,48.05,47.68,46.4,47.44,43.93,49.5,48.75
2019-01-03 02:55:00,28.97,33.91,37.18,37.73,50.81,54.33,53.06,55.8,39.1,53.06,53.18,42.67,56.78,47.27,31.65,46.1,37.36,44.03,47.84,51.91,53.86,55.24,48.05,55.2,56.66,45.94,48.06,47.69,46.4,47.45,43.93,49.5,48.75
2019-01-03 03:00:00,28.99,33.93,37.2,37.74,50.82,54.33,53.06,55.81,39.1,53.07,53.18,42.67,56.79,47.27,31.66,46.1,37.36,44.04,47.84,51.92,53.86,55.24,48.05,55.21,56.67,45.94,48.07,47.69,46.41,47.45,43.93,49.51,48.75
2019-01-03 03:05:00,29.0,33.95,37.22,37.74,50.82,54.34,53.07,55.81,39.1,53.07,53.18,42.68,56.79,47.28,31.66,46.11,37.37,44.04,47.84,51.92,53.87,55.24,48.06,55.21,56.67,45.95,48.07,47.69,46.41,47.45,43.93,49.51,48.75
2019-01-03 03:10:00,29.02,33.96,37.23,37.75,50.82,54.34,53.07,55.82,39.1,53.08,53.19,42.68,56.79,47.28,31.67,46.11,37.37,44.05,47.84,51.92,53.87,55.25,48.06,55.21,56.68,45.95,48.07,47.7,46.41,47.46,43.94,49.51,48.76
2019-01-03 03:15:00,29.04,33.98,37.25,37.75,50.82,54.34,53.07,55.82,39.1,53.08,53.19,42.68,56.8,47.28,31.67,46.12,37.38,44.05,47.85,51.92,53.87,55.25,48.06,55.22,56.68,45.95,48.08,47.7,46.41,47.46,43.94,49.52,48.76
2019-01-03 03:20:00,29.05,33.99,37.26,37.75,50.83,54.34,53.08,55.82,39.1,53.08,53.19,42.68,56.8,47.29,31.67,46.12,37.38,44.05,47.85,51.92,53.87,55.25,48.07,55.22,56.68,45.95,48.08,47.7,46.41,47.46,43.94,49.52,48.76
2019-01-03 03:25:00,29.07,34.01,37.28,37.76,50.83,54.35,53.08,55.83,39.1,53.09,53.19,42.68,56.8,47.29,31.68,46.12,37.38,44.06,47.85,51.92,53.87,55.25,48.07,55.22,56.69,45.96,48.08,47.7,46.42,47.46,43.94,49.52,48.76
2019-01-03 03:30:00,29.08,34.02,37.29,37.76,50.83,54.35,53.08,55.83,39.1,53.09,53.2,42.68,56.8,47.29,31.68,46.13,37.39,44.06,47.85,51.92,53.88,55.26,48.07,55.22,56.69,45.96,48.08,47.71,46.42,47.47,43.94,49.52,48.76
2019-01-03 03:35:00,29.1,34.04,37.31,37.76,50.83,54.35,53.09,55.83,39.1,53.09,53.2,42.69,56.8,47.3,31.69,46.13,37.39,44.06,47.85,51.93,53.88,55.26,48.08,55.22,56.69,45.96,48.09,47.71,46.42,47.47,43.94,49.52,48.76
2019-01-03 03:40:00,29.11,34.06,37.32,37.77,50.83,54.35,53.09,55.83,39.1,53.1,53.2,42.69,56.81,47.3,31.69,46.13,37.39,44.07,47.86,51.93,53.88,55.26,48.08,55.23,56.69,45.96,48.09,47.71,46.42,47.47,43.94,49.53,48.77
2019-01-03 03:45:00,29.13,34.07,37.34,37.77,50.83,54.35,53.09,55.84,39.1,53.1,53.2,42.69,56.81,47.3,31.69,46.14,37.4,44.07,47.86,51.93,53.88,55.26,48.08,55.23,56.7,45.97,48.09,47.71,46.42,47.47,43.94,49.53,48.77
2019-01-03 03:50:00,29.15,34.09,37.36,37.78,50.84,54.36,53.1,55.84,39.1,53.1,53.21,42.69,56.81,47.31,31.7,46.14,37.4,44.07,47.86,51.93,53.88,55.27,48.08,55.23,56.7,45.97,48.1,47.71,46.42,47.47,43.94,49.53,48.77
2019-01-03 03:55:00,29.16,34.1,37.37,37.78,50.84,54.36,53.1,55.84,39.1,53.11,53.21,42.69,56.81,47.31,31.7,46.14,37.41,44.08,47.86,51.93,53.89,55.27,48.09,55.24,56.7,45.97,48.1,47.72,46.43,47.48,43.94,49.53,48.77
2019-01-03 04:00:00,29.18,34.12,37.39,37.78,50.84,54.36,53.1,55.85,39.1,53.11,53.21,42.69,56.81,47.31,31.7,46.14,37.41,44.08,47.86,51.93,53.89,55.27,48.09,55.24,56.71,45.97,48.1,47.72,46.43,47.48,43.94,49.53,48.77
2019-01-03 04:05:00,29.19,34.13,37.4,37.78,50.84,54.36,53.1,55.85,39.1,53.11,53.21,42.69,56.82,47.31,31.71,46.15,37.41,44.08,47.86,51.93,53.89,55.27,48.09,55.24,56.71,45.98,48.1,47.72,46.43,47.48,43.95,49.54,48.77
2019-01-03 04:10:00,29.21,34.15,37.42,37.78,50.84,54.36,53.1,55.85,39.1,53.11,53.21,42.69,56.82,47.32,31.71,46.15,37.41,44.08,47.86,51.93,53.89,55.27,48.09,55.24,56.71,45.98,48.1,47.72,46.43,47.48,43.95,49.54,48.77
2019-01-03 04:15:00,29.22,34.16,37.43,37.78,50.84,54.36,53.1,55.85,39.1,53.11,53.21,42.69,56.82,47.32,31.71,46.15,37.41,44.08,47.86,51.93,53.89,55.27,48.09,55.24,56.71,45.98,48.1,47.72,46.43,47.48,43.95,49.54,48.77
2019-01-03 04:20:00,29.24,34.18,37.45,37.78,50.84,54.36,53.1,55.85,39.1,53.11,53.21,42.69,56.82,47.32,31.71,46.15,37.41,44.08,47.86,51.93,53.89,55.27,48.09,55.24,56.71,45.98,48.1,47.72,46.43,47.48,43.95,49.54,48.77
2019-01-03 04:25:00,29.25,34.2,37.46,37.78,50.84,54.36,53.1,55.85,39.1,53.11,53.21,42.69,56.82,47.32,31.71,46.15,37.41,44.08,47.86,51.93,53.89,55.27,48.09,55.24,56.71,45.98,48.1,47.72,46.43,47.48,43.95,49.54,48.77
2019-01-03 04:30:00,29.27,34.21,37.48,37.78,50.84,54.36,53.1,55.85,39.1,53.11,53.21,42.69,56.82,47.31,31.71,46.15,37.41,44.08,47.86,51.93,53.89,55.27,48.09,55.24,56.71,45.98,48.1,47.72,46.43,47.48,43.95,49.53,48.77
2019-01-03 04:35:00,29.29,34.23,37.5,37.78,50.84,54.36,53.1,55.85,39.1,53.11,53.21,42.69,56.82,47.31,31.7,46.15,37.41,44.08,47.86,51.93,53.89,55.27,48.09,55.24,56.71,45.98,48.1,47.72,46.43,47.48,43.95,49.53,48.77
2019-01-03 04:40:00,29.3,34.24,37.51,37.78,50.84,54.36,53.1,55.85,39.1,53.11,53.21,42.69,56.82,47.31,31.7,46.15,37.41,44.08,47.86,51.93,53.89,55.27,48.09,55.24,56.71,45.98,48.1,47.72,46.43,47.48,43.94,49.53,48.77
2019-01-03 04:45:00,29.32,34.26,37.53,37.78,50.84,54.36,53.1,55.85,39.1,53.11,53.21,42.69,56.82,47.31,31.7,46.14,37.41,44.08,47.86,51.93,53.89,55.27,48.09,55.24,56.71,45.97,48.1,47.72,46.43,47.48,43.94,49.53,48.77
2019-01-03 04:50:00,29.33,34.27,37.54,37.78,50.84,54.36,53.1,55.85,39.1,53.11,53.21,42.69,56.81,47.31,31.7,46.14,37.41,44.08,47.86,51.93,53.89,55.27,48.09,55.24,56.71,45.97,48.1,47.72,46.43,47.48,43.94,49.53,48.77
2019-01-03 04:55:00,29.35,34.29,37.56,37.78,50.84,54.36,53.1,55.84,39.1,53.11,53.21,42.69,56.81,47.31,31.7,46.14,37.4,44.08,47.86,51.93,53.89,55.27,48.09,55.23,56.7,45.97,48.1,47.72,46.43,47.47,43.94,49.53,48.77
2019-01-03 05:00:00,29.35,34.29,37.56,38.26,50.93,54.47,53.32,56.06,39.1,53.34,53.32,42.77,56.95,47.57,32.09,46.4,37.79,44.33,47.95,52.01,54.0,55.4,48.31,55.39,56.93,46.15,48.27,47.84,46.51,47.58,43.99,49.63,48.85
2019-01-03 05:05:00,29.34,34.28,37.55,38.26,50.93,54.46,53.32,56.05,39.1,53.34,53.32,42.77,56.95,47.57,32.09,46.4,37.78,44.33,47.95,52.0,53.99,55.4,48.31,55.38,56.93,46.15,48.27,47.84,46.51,47.58,43.99,49.63,48.85
2019-01-03 05:10:00,29.34,34.28,37.55,38.25,50.93,54.46,53.32,56.05,39.1,53.34,53.32,42.77,56.94,47.57,32.09,46.4,37.78,44.33,47.95,52.0,53.99,55.39,48.31,55.38,56.93,46.15,48.26,47.84,46.51,47.57,43.99,49.63,48.84
2019-01-03 05:15:00,29.34,34.28,37.55,38.25,50.93,54.46,53.31,56.05,39.1,53.33,53.32,42.76,56.94,47.56,32.08,46.4,37.78,44.32,47.95,52.0,53.99,55.39,48.3,55.38,56.92,46.15,48.26,47.84,46.5,47.57,43.98,49.63,48.84
2019-01-03 05:20:00,29.33,34.27,37.54,38.24,50.92,54.46,53.31,56.04,39.1,53.33,53.31,42.76,56.94,47.56,32.08,46.39,37.77,44.32,47.95,52.0,53.99,55.39,48.3,55.37,56.92,46.14,48.26,47.83,46.5,47.57,43.98,49.62,48.84
2019-01-03 05:25:00,29.33,34.27,37.54,38.24,50.92,54.45,53.3,56.04,39.1,53.32,53.31,42.76,56.93,47.55,32.07,46.38,37.76,44.31,47.94,52.0,53.98,55.38,48.29,55.37,56.91,46.14,48.25,47.83,46.5,47.56,43.98,49.62,48.83
2019-01-03 05:30:00,29.32,34.26,37.53,38.23,50.92,54.45,53.3,56.03,39.1,53.31,53.3,42.75,56.93,47.54,32.06,46.38,37.76,44.31,47.94,51.99,53.98,55.38,48.28,55.36,56.9,46.13,48.24,47.82,46.49,47.55,43.98,49.61,48.83
2019-01-03 05:35:00,29.32,34.26,37.53,38.22,50.91,54.44,53.29,56.02,39.1,53.3,53.29,42.75,56.92,47.53,32.05,46.37,37.75,44.3,47.93,51.99,53.97,55.37,48.28,55.36,56.9,46.12,48.23,47.81,46.48,47.55,43.97,49.6,48.82
2019-01-03 05:40:00,29.31,34.25,37.52,38.21,50.9,54.43,53.27,56.01,39.1,53.29,53.28,42.74,56.91,47.52,32.04,46.36,37.74,44.28,47.92,51.98,53.96,55.36,48.26,55.35,56.88,46.11,48.22,47.8,46.48,47.54,43.97,49.59,48.82
2019-01-03 05:45:00,29.3,34.24,37.52,38.19,50.89,54.42,53.26,55.99,39.1,53.28,53.27,42.73,56.9,47.51,32.02,46.34,37.72,44.27,47.91,51.98,53.95,55.35,48.25,55.33,56.87,46.1,48.21,47.79,46.47,47.53,43.96,49.58,48.81
2019-01-03 05:50:00,29.29,34.23,37.51,38.17,50.88,54.41,53.24,55.97,39.1,53.26,53.25,42.72,56.88,47.49,32.0,46.32,37.7,44.25,47.9,51.97,53.94,55.33,48.23,55.32,56.85,46.08,48.19,47.77,46.45,47.51,43.96,49.56,48.79
2019-01-03 05:55:00,29.28,34.22,37.5,38.15,50.87,54.39,53.22,55.95,39.1,53.23,53.23,42.71,56.87,47.46,31.98,46.3,37.67,44.22,47.89,51.96,53.92,55.31,48.21,55.3,56.82,46.06,48.16,47.75,46.44,47.49,43.95,49.54,48.78
2019-01-03 06:00:00,29.27,34.21,37.49,38.12,50.85,54.37,53.19,55.92,39.1,53.2,53.2,42.69,56.84,47.43,31.94,46.27,37.64,44.19,47.87,51.95,53.9,55.29,48.18,55.27,56.79,46.04,48.14,47.73,46.41,47.46,43.94,49.52,48.76
2019-01-03 06:05:00,29.26,34.2,37.48,38.08,50.83,54.34,53.15,55.89,39.1,53.16,53.17,42.67,56.82,47.39,31.9,46.24,37.61,44.16,47.85,51.93,53.88,55.26,48.15,55.24,56.76,46.01,48.1,47.7,46.39,47.43,43.92,49.49,48.74
2019-01-03 06:10:00,29.24,34.18,37.46,38.04,50.8,54.31,53.11,55.85,39.1,53.12,53.13,42.64,56.79,47.35,31.86,46.2,37.57,44.12,47.82,51.91,53.85,55.23,48.11,55.21,56.72,45.97,48.06,47.66,46.36,47.4,43.91,49.45,48.71
2019-01-03 06:15:00,29.22,34.17,37.45,37.99,50.78,54.29,53.07,55.8,39.1,53.08,53.1,42.62,56.76,47.31,31.81,46.16,37.52,44.07,47.8,51.9,53.82,55.2,48.07,55.17,56.67,45.93,48.02,47.62,46.33,47.37,43.89,49.42,48.68
2019-01-03 06:20:00,29.21,34.15,37.43,37.95,50.75,54.25,53.02,55.76,39.1,53.04,53.06,42.59,56.73,47.27,31.76,46.11,37.48,44.03,47.77,51.88,53.79,55.17,48.03,55.14,56.63,45.9,47.98,47.59,46.3,47.33,43.88,49.38,48.65
2019-01-03 06:25:00,29.19,34.13,37.42,37.91,50.72,54.22,52.98,55.72,39.1,52.99,53.02,42.57,56.69,47.22,31.72,46.07,37.43,43.98,47.74,51.86,53.77,55.13,47.99,55.1,56.59,45.86,47.94,47.55,46.27,47.29,43.86,49.34,48.63
2019-01-03 06:30:00,29.17,34.12,37.4,37.86,50.7,54.2,52.94,55.68,39.1,52.95,52.98,42.54,56.66,47.18,31.67,46.03,37.39,43.94,47.72,51.84,53.74,55.1,47.95,55.07,56.55,45.83,47.9,47.51,46.25,47.26,43.85,49.31,48.6
2019-01-03 06:35:00,29.16,34.1,37.39,37.82,50.68,54.17,52.9,55.64,39.1,52.91,52.95,42.52,56.64,47.14,31.63,46.0,37.35,43.9,47.69,51.83,53.71,55.07,47.91,55.04,56.51,45.79,47.86,47.48,46.22,47.23,43.83,49.27,48.57
2019-01-03 06:40:00,29.14,34.09,37.38,37.79,50.66,54.14,52.87,55.61,39.1,52.88,52.92,42.5,56.61,47.11,31.59,45.96,37.31,43.87,47.67,51.81,53.69,55.04,47.88,55.01,56.47,45.76,47.83,47.45,46.19,47.2,43.82,49.24,48.55
2019-01-03 06:45:00,29.13,34.07,37.36,37.75,50.63,54.12,52.84,55.58,39.1,52.84,52.89,42.48,56.58,47.07,31.55,45.93,37.28,43.83,47.65,51.8,53.67,55.02,47.85,54.98,56.44,45.73,47.8,47.42,46.17,47.17,43.81,49.22,48.53
2019-01-03 06:50:00,29.11,34.06,37.35,37.72,50.61,54.1,52.8,55.54,39.1,52.81,52.86,42.46,56.56,47.04,31.51,45.9,37.24,43.8,47.63,51.78,53.64,54.99,47.81,54.95,56.4,45.71,47.76,47.39,46.15,47.14,43.8,49.19,48.51
2019-01-03 06:55:00,29.09,34.04,37.33,37.68,50.59,54.07,52.77,55.51,39.1,52.77,52.83,42.44,56.53,47.0,31.48,45.87,37.21,43.77,47.61,51.77,53.62,54.96,47.78,54.92,56.37,45.68,47.73,47.37,46.12,47.12,43.78,49.16,48.49
2019-01-03 07:00:00,29.08,34.03,37.32,37.64,50.57,54.05,52.73,55.47,39.1,52.74,52.79,42.42,56.51,46.97,31.44,45.83,37.17,43.73,47.59,51.75,53.6,54.93,47.75,54.89,56.33,45.64,47.69,47.33,46.1,47.09,43.77,49.13,48.46
2019-01-03 07:05:00,29.06,34.01,37.3,37.61,50.55,54.02,52.69,55.44,39.1,52.7,52.76,42.4,56.48,46.93,31.39,45.79,37.13,43.69,47.56,51.74,53.57,54.91,47.71,54.86,56.3,45.61,47.66,47.3,46.07,47.05,43.76,49.09,48.44
2019-01-03 07:10:00,29.04,33.99,37.29,37.57,50.52,53.99,52.66,55.4,39.1,52.66,52.73,42.37,56.45,46.89,31.35,45.76,37.09,43.65,47.54,51.72,53.55,54.87,47.67,54.82,56.26,45.58,47.62,47.27,46.05,47.02,43.74,49.06,48.41
2019-01-03 07:15:00,29.03,33.98,37.27,37.53,50.5,53.96,52.62,55.36,39.1,52.62,52.69,42.35,56.42,46.85,31.31,45.72,37.05,43.61,47.51,51.7,53.52,54.84,47.64,54.79,56.22,45.55,47.58,47.24,46.02,46.99,43.73,49.03,48.39
2019-01-03 07:20:00,29.01,33.96,37.26,37.49,50.48,53.94,52.58,55.32,39.09,52.58,52.66,42.33,56.39,46.81,31.27,45.68,37.01,43.57,47.49,51.69,53.49,54.81,47.6,54.76,56.18,45.51,47.55,47.2,46.0,46.96,43.72,49.0,48.37
2019-01-03 07:25:00,28.99,33.94,37.24,37.45,50.46,53.91,52.55,55.29,39.09,52.54,52.63,42.31,56.37,46.78,31.23,45.65,36.98,43.54,47.47,51.67,53.47,54.79,47.57,54.73,56.15,45.48,47.52,47.18,45.97,46.93,43.7,48.97,48.34
2019-01-03 07:30:00,28.98,33.93,37.23,37.42,50.44,53.89,52.52,55.26,39.09,52.51,52.6,42.29,56.35,46.75,31.2,45.62,36.95,43.51,47.45,51.66,53.45,54.76,47.54,54.71,56.12,45.46,47.49,47.15,45.95,46.91,43.69,48.94,48.33
2019-01-03 07:35:00,28.96,33.91,37.21,37.4,50.42,53.87,52.49,55.24,39.09,52.49,52.58,42.28,56.33,46.73,31.17,45.6,36.93,43.49,47.44,51.65,53.44,54.74,47.52,54.69,56.09,45.44,47.47,47.13,45.94,46.89,43.69,48.93,48.31
2019-01-03 07:40:00,28.95,33.9,37.2,37.38,50.41,53.86,52.48,55.22,39.09,52.47,52.57,42.27,56.32,46.71,31.15,45.58,36.91,43.47,47.42,51.64,53.42,54.73,47.5,54.67,56.07,45.43,47.45,47.12,45.93,46.88,43.68,48.91,48.3
2019-01-03 07:45:00,28.94,33.89,37.19,37.37,50.4,53.85,52.46,55.21,39.09,52.45,52.56,42.26,56.31,46.69,31.14,45.57,36.89,43.45,47.42,51.64,53.41,54.72,47.49,54.66,56.06,45.41,47.44,47.11,45.92,46.87,43.67,48.9,48.29
2019-01-03 07:50:00,28.93,33.88,37.18,37.36,50.4,53.84,52.45,55.2,39.09,52.44,52.55,42.26,56.3,46.68,31.13,45.56,36.88,43.44,47.41,51.63,53.41,54.71,47.48,54.65,56.05,45.41,47.43,47.1,45.91,46.86,43.67,48.89,48.29
2019-01-03 07:55:00,28.92,33.87,37.17,37.35,50.39,53.83,52.45,55.19,39.09,52.43,52.54,42.25,56.29,46.68,31.12,45.55,36.88,43.44,47.4,51.63,53.4,54.7,47.48,54.64,56.04,45.4,47.42,47.09,45.91,46.85,43.67,48.89,48.28
2019-01-03 08:00:00,28.9,33.85,37.15,37.34,50.39,53.83,52.44,55.18,39.09,52.42,52.54,42.25,56.29,46.67,31.12,45.55,36.87,43.43,47.4,51.63,53.4,54.7,47.47,54.64,56.04,45.39,47.41,47.09,45.9,46.85,43.67,48.88,48.28
2019-01-03 08:05:00,28.89,33.84,37.14,37.34,50.38,53.82,52.43,55.18,39.09,52.42,52.53,42.25,56.28,46.66,31.11,45.54,36.86,43.42,47.39,51.62,53.39,54.69,47.46,54.63,56.03,45.39,47.41,47.08,45.9,46.84,43.66,48.88,48.27
2019-01-03 08:10:00,28.88,33.83,37.13,37.33,50.38,53.82,52.43,55.17,39.09,52.41,52.53,42.24,56.28,46.66,31.1,45.53,36.86,43.42,47.39,51.62,53.39,54.68,47.46,54.63,56.02,45.38,47.4,47.08,45.9,46.84,43.66,48.87,48.27
2019-01-03 08:15:00,28.87,33.82,37.12,37.32,50.37,53.81,52.42,55.16,39.09,52.4,52.52,42.24,56.27,46.65,31.09,45.53,36.85,43.41,47.38,51.62,53.38,54.68,47.45,54.62,56.02,45.38,47.4,47.07,45.89,46.83,43.66,48.87,48.27
2019-01-03 08:20:00,28.86,33.81,37.11,37.31,50.37,53.8,52.41,55.16,39.09,52.39,52.52,42.23,56.27,46.64,31.09,45.52,36.84,43.4,47.38,51.61,53.38,54.67,47.44,54.61,56.01,45.37,47.39,47.07,45.89,46.83,43.66,48.86,48.26
2019-01-03 08:25:00,28.85,33.8,37.1,37.31,50.36,53.8,52.41,55.15,39.09,52.38,52.51,42.23,56.26,46.63,31.08,45.51,36.83,43.39,47.38,51.61,53.37,54.66,47.44,54.61,56.0,45.37,47.38,47.06,45.88,46.82,43.66,48.86,48.26
2019-01-03 08:30:00,28.84,33.79,37.09,37.3,50.36,53.79,52.4,55.14,39.09,52.38,52.51,42.23,56.25,46.63,31.07,45.51,36.83,43.39,47.37,51.61,53.37,54.66,47.43,54.6,56.0,45.36,47.38,47.06,45.88,46.82,43.65,48.85,48.25
2019-01-03 08:35:00,28.83,33.78,37.08,37.29,50.36,53.79,52.39,55.14,39.09,52.37,52.5,42.22,56.25,46.62,31.07,45.5,36.82,43.38,47.37,51.6,53.36,54.65,47.43,54.6,55.99,45.35,47.37,47.05,45.88,46.82,43.65,48.85,48.25
2019-01-03 08:40:00,28.82,33.77,37.07,37.29,50.35,53.78,52.39,55.13,39.09,52.36,52.5,42.22,56.25,46.62,31.06,45.5,36.82,43.38,47.36,51.6,53.36,54.65,47.42,54.59,55.98,45.35,47.37,47.05,45.87,46.81,43.65,48.84,48.25
2019-01-03 08:45:00,28.8,33.76,37.05,37.28,50.35,53.78,52.38,55.13,39.09,52.36,52.49,42.22,56.24,46.61,31.06,45.49,36.81,43.37,47.36,51.6,53.35,54.64,47.42,54.59,55.98,45.35,47.36,47.04,45.87,46.81,43.65,48.84,48.25
2019-01-03 08:50:00,28.79,33.74,37.04,37.28,50.35,53.78,52.38,55.12,39.09,52.35,52.49,42.22,56.24,46.61,31.05,45.49,36.81,43.37,47.36,51.6,53.35,54.64,47.41,54.58,55.98,45.34,47.36,47.04,45.87,46.8,43.65,48.84,48.24
2019-01-03 08:55:00,28.78,33.73,37.03,37.28,50.34,53.77,52.38,55.12,39.09,52.35,52.49,42.22,56.24,46.6,31.05,45.49,36.8,43.36,47.35,51.6,53.35,54.64,47.41,54.58,55.97,45.34,47.35,47.04,45.87,46.8,43.65,48.83,48.24
2019-01-03 09:00:00,28.77,33.72,37.02,37.27,50.34,53.77,52.37,55.12,39.09,52.35,52.48,42.21,56.23,46.6,31.05,45.48,36.8,43.36,47.35,51.6,53.35,54.64,47.41,54.58,55.97,45.34,47.35,47.04,45.86,46.8,43.65,48.83,48.24
2019-01-03 09:05:00,28.76,33.71,37.01,37.27,50.34,53.77,52.37,55.12,39.09,52.34,52.48,42.21,56.23,46.6,31.04,45.48,36.8,43.36,47.35,51.59,53.34,54.63,47.4,54.58,55.97,45.34,47.35,47.04,45.86,46.8,43.64,48.83,48.24
2019-01-03 09:10:00,28.75,33.7,37.0,37.27,50.34,53.77,52.37,55.11,39.09,52.34,52.48,42.21,56.23,46.6,31.04,45.48,36.8,43.36,47.35,51.59,53.34,54.63,47.4,54.57,55.97,45.33,47.35,47.03,45.86,46.8,43.64,48.83,48.24
2019-01-03 09:15:00,28.74,33.69,36.99,37.27,50.34,53.77,52.37,55.11,39.09,52.34,52.48,42.21,56.23,46.6,31.04,45.48,36.8,43.36,47.35,51.59,53.34,54.63,47.4,54.57,55.96,45.33,47.35,47.03,45.86,46.8,43.64,48.83,48.24
2019-01-03 09:20:00,28.73,33.68,36.98,37.27,50.34,53.77,52.37,55.11,39.09,52.34,52.48,42.21,56.23,46.59,31.04,45.48,36.79,43.36,47.35,51.59,53.34,54.63,47.4,54.57,55.96,45.33,47.35,47.03,45.86,46.8,43.64,48.83,48.24
2019-01-03 09:25:00,28.72,33.67,36.97,37.27,50.34,53.76,52.36,55.11,39.09,52.34,52.48,42.21,56.23,46.59,31.04,45.48,36.79,43.35,47.35,51.59,53.34,54.63,47.4,54.57,55.96,45.33,47.34,47.03,45.86,46.79,43.64,48.83,48.24
2019-01-03 09:30:00,28.71,33.66,36.96,37.26,50.33,53.76,52.36,55.11,39.09,52.33,52.48,42.21,56.23,46.59,31.04,45.47,36.79,43.35,47.34,51.59,53.34,54.63,47.4,54.57,55.96,45.33,47.34,47.03,45.86,46.79,43.64,48.82,48.23
2019-01-03 09:35:00,28.7,33.65,36.94,37.26,50.33,53.76,52.36,55.1,39.09,52.33,52.47,42.21,56.22,46.59,31.03,45.47,36.79,43.35,47.34,51.59,53.34,54.62,47.39,54.56,55.96,45.33,47.34,47.03,45.86,46.79,43.64,48.82,48.23
2019-01-03 09:40:00,28.68,33.63,36.93,37.26,50.33,53.76,52.36,55.1,39.09,52.33,52.47,42.21,56.22,46.59,31.03,45.47,36.79,43.35,47.34,51.59,53.33,54.62,47.39,54.56,55.95,45.32,47.34,47.03,45.85,46.79,43.64,48.82,48.23
2019-01-03 09:45:00,28.67,33.62,36.92,37.26,50.33,53.76,52.35,55.1,39.09,52.32,52.47,42.2,56.22,46.58,31.03,45.47,36.78,43.34,47.34,51.59,53.33,54.62,47.39,54.56,55.95,45.32,47.34,47.02,45.85,46.79,43.64,48.82,48.23
2019-01-03 09:50:00,28.66,33.61,36.91,37.25,50.33,53.75,52.35,55.1,39.09,52.32,52.47,42.2,56.22,46.58,31.02,45.46,36.78,43.34,47.34,51.59,53.33,54.62,47.39,54.56,55.95,45.32,47.33,47.02,45.85,46.78,43.64,48.82,48.23
2019-01-03 09:55:00,28.65,33.6,36.9,37.25,50.33,53.75,52.35,55.09,39.09,52.32,52.47,42.2,56.22,46.58,31.02,45.46,36.78,43.34,47.34,51.58,53.33,54.61,47.38,54.55,55.94,45.32,47.33,47.02,45.85,46.78,43.64,48.81,48.23
2019-01-03 10:00:00,28.64,33.59,36.89,37.25,50.32,53.75,52.35,55.09,39.09,52.32,52.46,42.2,56.21,46.57,31.02,45.46,36.77,43.34,47.33,51.58,53.33,54.61,47.38,54.55,55.94,45.32,47.33,47.02,45.85,46.78,43.64,48.81,48.22
2019-01-03 10:05:00,28.63,33.58,36.88,37.25,50.32,53.75,52.34,55.09,39.09,52.31,52.46,42.2,56.21,46.57,31.02,45.46,36.77,43.33,47.33,51.58,53.33,54.61,47.38,54.55,55.94,45.31,47.33,47.02,45.85,46.78,43.64,48.81,48.22
2019-01-03 10:10:00,28.62,33.57,36.87,37.25,50.32,53.75,52.34,55.09,39.09,52.31,52.46,42.2,56.21,46.57,31.02,45.46,36.77,43.33,47.33,51.58,53.32,54.61,47.38,54.55,55.94,45.31,47.33,47.02,45.85,46.78,43.64,48.81,48.22
2019-01-03 10:15:00,28.61,33.56,36.86,37.25,50.32,53.75,52.34,55.09,39.09,52.31,52.46,42.2,56.21,46.57,31.02,45.46,36.77,43.33,47.33,51.58,53.32,54.61,47.38,54.55,55.94,45.31,47.33,47.02,45.85,46.78,43.64,48.81,48.22
2019-01-03 10:20:00,28.6,33.55,36.85,37.24,50.32,53.75,52.34,55.09,39.09,52.31,52.46,42.2,56.21,46.57,31.02,45.46,36.77,43.33,47.33,51.58,53.32,54.61,47.38,54.55,55.94,45.31,47.33,47.02,45.85,46.78,43.64,48.81,48.22
2019-01-03 10:25:00,28.59,33.54,36.83,37.25,50.32,53.75,52.34,55.09,39.09,52.31,52.46,42.2,56.21,46.57,31.02,45.46,36.77,43.33,47.33,51.58,53.32,54.61,47.38,54.55,55.94,45.31,47.33,47.02,45.85,46.78,43.64,48.81,48.22
2019-01-03 10:30:00,28.58,33.52,36.82,37.25,50.32,53.75,52.34,55.09,39.09,52.31,52.46,42.2,56.21,46.57,31.02,45.46,36.77,43.33,47.33,51.58,53.32,54.61,47.38,54.55,55.94,45.31,47.33,47.02,45.85,46.78,43.64,48.81,48.22
2019-01-03 10:35:00,28.56,33.51,36.81,37.25,50.32,53.74,52.34,55.09,39.09,52.31,52.46,42.2,56.21,46.57,31.02,45.46,36.77,43.33,47.33,51.58,53.32,54.61,47.38,54.55,55.94,45.31,47.33,47.02,45.85,46.78,43.64,48.81,48.22
2019-01-03 10:40:00,28.55,33.5,36.8,37.25,50.32,53.74,52.34,55.09,39.09,52.31,52.46,42.2,56.21,46.57,31.02,45.46,36.77,43.33,47.33,51.58,53.32,54.61,47.38,54.55,55.94,45.31,47.33,47.02,45.85,46.78,43.64,48.81,48.23
2019-01-03 10:45:00,28.54,33.49,36.79,37.25,50.32,53.74,52.34,55.09,39.09,52.31,52.47,42.2,56.21,46.57,31.02,45.46,36.77,43.33,47.33,51.58,53.32,54.61,47.38,54.55,55.94,45.32,47.33,47.02,45.85,46.78,43.64,48.81,48.23
2019-01-03 10:50:00,28.53,33.48,36.78,37.25,50.32,53.75,52.35,55.09,39.09,52.31,52.47,42.2,56.21,46.57,31.02,45.46,36.77,43.33,47.33,51.58,53.32,54.61,47.38,54.55,55.94,45.32,47.33,47.02,45.85,46.78,43.64,48.81,48.23
2019-01-03 10:55:00,28.52,33.47,36.77,37.25,50.32,53.75,52.35,55.09,39.09,52.31,52.47,42.2,56.21,46.57,31.02,45.46,36.78,43.34,47.33,51.58,53.32,54.61,47.38,54.55,55.94,45.32,47.33,47.02,45.85,46.78,43.64,48.81,48.23
2019-01-03 11:00:00,28.51,33.46,36.76,37.25,50.32,53.75,52.35,55.09,39.08,52.31,52.47,42.2,56.21,46.57,31.02,45.46,36.78,43.34,47.33,51.58,53.32,54.61,47.38,54.55,55.94,45.32,47.33,47.02,45.85,46.78,43.64,48.81,48.23
2019-01-03 11:05:00,28.5,33.45,36.75,37.25,50.32,53.75,52.35,55.09,39.08,52.31,52.47,42.2,56.21,46.58,31.02,45.46,36.78,43.34,47.33,51.58,53.32,54.61,47.38,54.55,55.94,45.32,47.33,47.02,45.85,46.79,43.64,48.82,48.23
2019-01-03 11:10:00,28.49,33.44,36.74,37.25,50.32,53.75,52.35,55.09,39.08,52.31,52.47,42.2,56.21,46.58,31.02,45.46,36.78,43.34,47.33,51.58,53.32,54.61,47.38,54.55,55.94,45.32,47.33,47.02,45.85,46.79,43.64,48.82,48.23
2019-01-03 11:15:00,28.48,33.43,36.73,37.25,50.32,53.75,52.35,55.09,39.08,52.31,52.47,42.2,56.21,46.58,31.02,45.46,36.78,43.34,47.33,51.58,53.32,54.61,47.38,54.55,55.94,45.32,47.33,47.02,45.85,46.79,43.64,48.82,48.23
2019-01-03 11:20:00,28.47,33.42,36.72,37.25,50.32,53.75,52.35,55.09,39.08,52.31,52.47,42.2,56.21,46.58,31.02,45.46,36.78,43.34,47.33,51.58,53.33,54.61,47.38,54.55,55.94,45.32,47.33,47.02,45.85,46.79,43.64,48.82,48.23
2019-01-03 11:25:00,28.46,33.41,36.71,37.25,50.32,53.75,52.35,55.09,39.08,52.31,52.47,42.21,56.21,46.58,31.03,45.46,36.78,43.34,47.33,51.58,53.33,54.61,47.38,54.55,55.95,45.32,47.33,47.02,45.85,46.79,43.64,48.82,48.23
2019-01-03 11:30:00,28.45,33.4,36.7,37.25,50.32,53.75,52.35,55.1,39.08,52.32,52.47,42.21,56.22,46.58,31.03,45.46,36.78,43.34,47.33,51.58,53.33,54.61,47.39,54.55,55.95,45.32,47.34,47.02,45.85,46.79,43.64,48.82,48.23
2019-01-03 11:35:00,28.44,33.39,36.69,37.26,50.33,53.75,52.35,55.1,39.08,52.32,52.47,42.21,56.22,46.58,31.03,45.47,36.78,43.34,47.34,51.59,53.33,54.61,47.39,54.56,55.95,45.32,47.34,47.03,45.86,46.79,43.64,48.82,48.23
2019-01-03 11:40:00,28.43,33.38,36.68,37.26,50.33,53.75,52.36,55.1,39.08,52.32,52.48,42.21,56.22,46.58,31.03,45.47,36.79,43.35,47.34,51.59,53.33,54.61,47.39,54.56,55.95,45.33,47.34,47.03,45.86,46.79,43.64,48.82,48.23
2019-01-03 11:45:00,28.42,33.37,36.67,37.26,50.33,53.75,52.36,55.1,39.08,52.32,52.48,42.21,56.22,46.59,31.04,45.47,36.79,43.35,47.34,51.59,53.33,54.62,47.39,54.56,55.96,45.33,47.34,47.03,45.86,46.8,43.64,48.83,48.24
2019-01-03 11:50:00,28.41,33.36,36.66,37.26,50.33,53.75,52.36,55.11,39.08,52.33,52.48,42.21,56.22,46.59,31.04,45.48,36.79,43.35,47.34,51.59,53.33,54.62,47.4,54.56,55.96,45.33,47.35,47.03,45.86,46.8,43.64,48.83,48.24
2019-01-03 11:55:00,28.4,33.35,36.65,37.27,50.33,53.76,52.36,55.11,39.08,52.33,52.48,42.21,56.23,46.59,31.04,45.48,36.79,43.35,47.34,51.59,53.34,54.62,47.4,54.57,55.96,45.33,47.35,47.04,45.86,46.8,43.65,48.83,48.24
2019-01-03 12:00:00,28.39,33.34,36.64,37.27,50.33,53.76,52.37,55.11,39.08,52.33,52.49,42.22,56.23,46.6,31.04,45.48,36.8,43.36,47.34,51.59,53.34,54.62,47.4,54.57,55.96,45.33,47.35,47.04,45.87,46.8,43.65,48.83,48.24
2019-01-03 12:05:00,28.38,33.33,36.62,37.27,50.34,53.76,52.37,55.11,39.08,52.33,52.49,42.22,56.23,46.6,31.05,45.48,36.8,43.36,47.35,51.59,53.34,54.62,47.4,54.57,55.96,45.34,47.35,47.04,45.87,46.8,43.65,48.83,48.24
2019-01-03 12:10:00,28.37,33.32,36.61,37.27,50.34,53.76,52.37,55.11,39.08,52.33,52.49,42.22,56.23,46.6,31.05,45.48,36.8,43.36,47.35,51.59,53.34,54.62,47.4,54.57,55.97,45.34,47.35,47.04,45.87,46.81,43.65,48.84,48.24
2019-01-03 12:15:00,28.36,33.31,36.6,37.27,50.34,53.76,52.37,55.11,39.08,52.33,52.49,42.22,56.23,46.6,31.05,45.48,36.8,43.36,47.35,51.59,53.34,54.63,47.4,54.57,55.97,45.34,47.35,47.04,45.87,46.81,43.65,48.84,48.24
2019-01-03 12:20:00,28.35,33.3,36.59,37.28,50.34,53.76,52.37,55.12,39.08,52.34,52.49,42.22,56.23,46.6,31.05,45.48,36.8,43.36,47.35,51.59,53.34,54.63,47.41,54.57,55.97,45.34,47.36,47.04,45.87,46.81,43.65,48.84,48.24
2019-01-03 12:25:00,28.34,33.29,36.58,37.28,50.34,53.76,52.37,55.12,39.08,52.34,52.49,42.22,56.23,46.6,31.05,45.49,36.8,43.36,47.35,51.59,53.34,54.63,47.41,54.57,55.97,45.34,47.36,47.04,45.87,46.81,43.65,48.84,48.25
2019-01-03 12:30:00,28.33,33.27,36.57,37.28,50.34,53.76,52.38,55.12,39.08,52.34,52.49,42.22,56.23,46.6,31.05,45.49,36.81,43.37,47.35,51.59,53.34,54.63,47.41,54.57,55.97,45.34,47.36,47.05,45.87,46.81,43.65,48.84,48.25
2019-01-03 12:35:00,28.32,33.26,36.56,37.28,50.34,53.77,52.38,55.12,39.08,52.34,52.5,42.22,56.24,46.61,31.06,45.49,36.81,43.37,47.35,51.6,53.34,54.63,47.41,54.58,55.97,45.34,47.36,47.05,45.87,46.81,43.65,48.84,48.25
2019-01-03 12:40:00,28.31,33.25,36.55,37.28,50.34,53.77,52.38,55.12,39.08,52.35,52.5,42.22,56.24,46.61,31.06,45.49,36.81,43.37,47.35,51.6,53.35,54.63,47.41,54.58,55.98,45.35,47.36,47.05,45.88,46.81,43.65,48.85,48.25
2019-01-03 12:45:00,28.3,33.24,36.54,37.29,50.35,53.77,52.38,55.13,39.08,52.35,52.5,42.23,56.24,46.61,31.06,45.5,36.82,43.38,47.36,51.6,53.35,54.64,47.42,54.58,55.98,45.35,47.37,47.05,45.88,46.82,43.65,48.85,48.25
2019-01-03 12:50:00,28.29,33.23,36.53,37.29,50.35,53.77,52.39,55.13,39.08,52.35,52.51,42.23,56.24,46.62,31.07,45.5,36.82,43.38,47.36,51.6,53.35,54.64,47.42,54.58,55.98,45.35,47.37,47.06,45.88,46.82,43.65,48.85,48.25
2019-01-03 12:55:00,28.28,33.22,36.52,37.3,50.35,53.78,52.39,55.13,39.08,52.36,52.51,42.23,56.24,46.62,31.07,45.5,36.82,43.38,47.36,51.6,53.35,54.64,47.42,54.59,55.99,45.36,47.37,47.06,45.88,46.82,43.65,48.85,48.26
2019-01-03 13:00:00,28.27,33.21,36.51,37.3,50.35,53.78,52.39,55.14,39.08,52.36,52.51,42.23,56.25,46.62,31.07,45.51,36.82,43.38,47.36,51.6,53.35,54.64,47.43,54.59,55.99,45.36,47.38,47.06,45.88,46.82,43.66,48.86,48.26
2019-01-03 13:05:00,28.26,33.2,36.5,37.3,50.35,53.78,52.39,55.14,39.08,52.36,52.51,42.23,56.25,46.62,31.08,45.51,36.83,43.39,47.36,51.6,53.36,54.64,47.43,54.59,55.99,45.36,47.38,47.06,45.88,46.83,43.66,48.86,48.26
2019-01-03 13:10:00,28.25,33.19,36.49,37.3,50.35,53.78,52.4,55.14,39.08,52.36,52.51,42.23,56.25,46.63,31.08,45.51,36.83,43.39,47.36,51.6,53.36,54.65,47.43,54.59,55.99,45.36,47.38,47.06,45.89,46.83,43.66,48.86,48.26
2019-01-03 13:15:00,28.23,33.18,36.48,37.3,50.35,53.78,52.4,55.14,39.08,52.36,52.51,42.23,56.25,46.63,31.08,45.51,36.83,43.39,47.36,51.6,53.36,54.65,47.43,54.59,55.99,45.36,47.38,47.07,45.89,46.83,43.66,48.86,48.26
2019-01-03 13:20:00,28.22,33.17,36.47,37.31,50.36,53.78,52.4,55.14,39.09,52.37,52.52,42.24,56.25,46.63,31.08,45.51,36.83,43.39,47.37,51.61,53.36,54.65,47.43,54.6,56.0,45.36,47.38,47.07,45.89,46.83,43.66,48.86,48.26
2019-01-03 13:25:00,28.21,33.16,36.46,37.31,50.36,53.79,52.4,55.15,39.09,52.37,52.52,42.24,56.25,46.63,31.09,45.52,36.84,43.4,47.37,51.61,53.36,54.65,47.44,54.6,56.0,45.37,47.39,47.07,45.89,46.83,43.66,48.87,48.27
2019-01-03 13:30:00,28.21,33.15,36.45,37.31,50.36,53.79,52.41,55.15,39.09,52.38,52.52,42.24,56.26,46.64,31.09,45.52,36.84,43.4,47.37,51.61,53.37,54.66,47.44,54.6,56.01,45.37,47.39,47.07,45.89,46.84,43.66,48.87,48.27
2019-01-03 13:35:00,28.2,33.14,36.44,37.32,50.37,53.79,52.42,55.16,39.09,52.38,52.53,42.25,56.26,46.65,31.1,45.53,36.85,43.41,47.38,51.61,53.37,54.66,47.45,54.61,56.01,45.38,47.4,47.08,45.9,46.84,43.66,48.88,48.27
2019-01-03 13:40:00,28.19,33.14,36.43,37.33,50.37,53.8,52.43,55.17,39.09,52.39,52.54,42.25,56.27,46.65,31.11,45.54,36.86,43.42,47.38,51.62,53.38,54.67,47.46,54.62,56.02,45.39,47.41,47.09,45.91,46.85,43.67,48.88,48.28
2019-01-03 13:45:00,28.18,33.13,36.42,37.34,50.38,53.81,52.43,55.18,39.09,52.4,52.55,42.26,56.28,46.66,31.12,45.55,36.87,43.43,47.39,51.62,53.38,54.68,47.47,54.62,56.03,45.39,47.42,47.1,45.91,46.86,43.67,48.89,48.28
2019-01-03 13:50:00,28.17,33.12,36.41,37.35,50.38,53.81,52.44,55.19,39.09,52.41,52.55,42.26,56.28,46.67,31.13,45.55,36.88,43.44,47.39,51.62,53.39,54.68,47.47,54.63,56.04,45.4,47.43,47.1,45.92,46.87,43.67,48.9,48.29
2019-01-03 13:55:00,28.16,33.11,36.4,37.36,50.39,53.82,52.45,55.2,39.09,52.42,52.56,42.27,56.29,46.68,31.14,45.56,36.89,43.44,47.4,51.63,53.4,54.69,47.48,54.64,56.05,45.41,47.43,47.11,45.92,46.87,43.68,48.91,48.3
2019-01-03 14:00:00,28.15,33.1,36.4,37.37,50.39,53.83,52.46,55.2,39.09,52.43,52.57,42.27,56.3,46.69,31.15,45.57,36.89,43.45,47.4,51.63,53.4,54.7,47.49,54.65,56.06,45.42,47.44,47.12,45.93,46.88,43.68,48.91,48.3
2019-01-03 14:05:00,28.14,33.09,36.39,37.37,50.4,53.83,52.47,55.21,39.09,52.43,52.58,42.28,56.3,46.7,31.16,45.58,36.9,43.46,47.41,51.63,53.4,54.7,47.5,54.65,56.06,45.42,47.45,47.12,45.93,46.89,43.68,48.92,48.31
2019-01-03 14:10:00,28.14,33.08,36.38,37.38,50.4,53.83,52.47,55.21,39.09,52.44,52.58,42.28,56.3,46.7,31.16,45.58,36.91,43.46,47.41,51.64,53.41,54.7,47.5,54.66,56.07,45.43,47.45,47.13,45.94,46.89,43.68,48.92,48.31
2019-01-03 14:15:00,28.13,33.07,36.37,37.38,50.4,53.84,52.48,55.22,39.09,52.44,52.58,42.28,56.31,46.71,31.17,45.59,36.91,43.47,47.41,51.64,53.41,54.71,47.5,54.66,56.07,45.43,47.46,47.13,45.94,46.89,43.69,48.93,48.31
2019-01-03 14:20:00,28.12,33.07,36.36,37.39,50.4,53.84,52.48,55.22,39.09,52.45,52.59,42.28,56.31,46.71,31.17,45.59,36.91,43.47,47.41,51.64,53.41,54.71,47.51,54.66,56.08,45.43,47.46,47.14,45.94,46.9,43.69,48.93,48.31
2019-01-03 14:25:00,28.11,33.06,36.35,37.39,50.41,53.84,52.48,55.23,39.09,52.45,52.59,42.29,56.31,46.72,31.18,45.59,36.92,43.48,47.42,51.64,53.42,54.71,47.51,54.67,56.08,45.44,47.47,47.14,45.95,46.9,43.69,48.94,48.32
2019-01-03 14:30:00,28.1,33.05,36.34,37.4,50.41,53.85,52.49,55.23,39.09,52.46,52.6,42.29,56.32,46.72,31.18,45.6,36.93,43.48,47.42,51.64,53.42,54.72,47.52,54.67,56.09,45.44,47.47,47.15,45.95,46.91,43.69,48.94,48.32
2019-01-03 14:35:00,28.09,33.04,36.33,37.41,50.41,53.85,52.5,55.24,39.09,52.46,52.61,42.29,56.32,46.73,31.19,45.61,36.93,43.49,47.43,51.65,53.43,54.72,47.53,54.68,56.1,45.45,47.48,47.15,45.96,46.91,43.69,48.95,48.33
2019-01-03 14:40:00,28.09,33.03,36.33,37.42,50.42,53.86,52.51,55.25,39.09,52.47,52.61,42.3,56.33,46.74,31.2,45.62,36.94,43.5,47.43,51.65,53.43,54.73,47.54,54.68,56.11,45.46,47.49,47.16,45.96,46.92,43.7,48.96,48.33
2019-01-03 14:45:00,28.08,33.03,36.32,37.43,50.43,53.87,52.52,55.26,39.09,52.49,52.63,42.31,56.34,46.75,31.22,45.63,36.96,43.51,47.44,51.66,53.44,54.74,47.55,54.69,56.12,45.47,47.5,47.17,45.97,46.93,43.7,48.97,48.34
2019-01-03 14:50:00,28.07,33.02,36.31,37.44,50.44,53.87,52.53,55.27,39.09,52.5,52.64,42.32,56.35,46.77,31.23,45.64,36.97,43.53,47.45,51.66,53.45,54.75,47.56,54.71,56.13,45.48,47.51,47.18,45.98,46.94,43.71,48.98,48.35
2019-01-03 14:55:00,28.07,33.01,36.3,37.46,50.44,53.89,52.55,55.29,39.09,52.51,52.65,42.33,56.36,46.78,31.25,45.66,36.99,43.54,47.46,51.67,53.46,54.76,47.57,54.72,56.15,45.49,47.53,47.2,45.99,46.96,43.71,48.99,48.36
2019-01-03 15:00:00,28.06,33.01,36.3,37.47,50.45,53.9,52.56,55.3,39.09,52.53,52.66,42.33,56.37,46.8,31.26,45.67,37.0,43.56,47.47,51.67,53.47,54.77,47.59,54.73,56.16,45.5,47.54,47.21,46.0,46.97,43.72,49.0,48.37
2019-01-03 15:05:00,28.05,33.0,36.29,37.49,50.46,53.91,52.58,55.32,39.09,52.54,52.68,42.34,56.38,46.81,31.28,45.68,37.02,43.57,47.47,51.68,53.48,54.78,47.6,54.74,56.18,45.52,47.56,47.22,46.01,46.98,43.72,49.02,48.38
2019-01-03 15:10:00,28.05,32.99,36.28,37.5,50.47,53.91,52.59,55.33,39.09,52.56,52.69,42.35,56.39,46.82,31.29,45.7,37.03,43.59,47.48,51.69,53.49,54.8,47.61,54.75,56.19,45.53,47.57,47.23,46.02,46.99,43.73,49.03,48.39
2019-01-03 15:15:00,28.04,32.99,36.27,37.51,50.48,53.92,52.6,55.34,39.09,52.57,52.7,42.36,56.4,46.83,31.31,45.71,37.04,43.6,47.49,51.69,53.49,54.8,47.62,54.76,56.2,45.54,47.58,47.24,46.03,47.0,43.73,49.04,48.39
2019-01-03 15:20:00,28.03,32.98,36.27,37.52,50.48,53.93,52.61,55.35,39.09,52.58,52.71,42.36,56.41,46.84,31.32,45.72,37.05,43.61,47.5,51.69,53.5,54.81,47.63,54.77,56.21,45.55,47.59,47.25,46.04,47.01,43.74,49.04,48.4
2019-01-03 15:25:00,28.02,32.97,36.26,37.53,50.49,53.93,52.62,55.36,39.09,52.59,52.71,42.37,56.41,46.85,31.33,45.72,37.06,43.61,47.5,51.7,53.51,54.82,47.64,54.78,56.22,45.55,47.6,47.26,46.04,47.01,43.74,49.05,48.41
2019-01-03 15:30:00,28.02,32.96,36.25,37.54,50.49,53.94,52.62,55.36,39.09,52.59,52.72,42.37,56.42,46.86,31.33,45.73,37.06,43.62,47.5,51.7,53.51,54.82,47.65,54.78,56.22,45.56,47.6,47.26,46.04,47.02,43.74,49.05,48.41
2019-01-03 15:35:00,28.01,32.95,36.24,37.54,50.49,53.94,52.63,55.37,39.09,52.6,52.72,42.37,56.42,46.86,31.33,45.73,37.07,43.62,47.51,51.7,53.51,54.83,47.65,54.78,56.23,45.56,47.6,47.26,46.05,47.02,43.74,49.06,48.41
2019-01-03 15:40:00,28.0,32.94,36.23,37.54,50.49,53.94,52.63,55.37,39.09,52.6,52.72,42.37,56.42,46.86,31.34,45.74,37.07,43.63,47.51,51.7,53.51,54.83,47.65,54.79,56.23,45.56,47.61,47.27,46.05,47.02,43.74,49.06,48.41
2019-01-03 15:45:00,27.99,32.94,36.22,37.54,50.5,53.95,52.63,55.37,39.09,52.6,52.72,42.37,56.42,46.86,31.34,45.74,37.07,43.63,47.51,51.7,53.51,54.83,47.65,54.79,56.23,45.56,47.61,47.27,46.05,47.02,43.74,49.06,48.41
2019-01-03 15:50:00,27.98,32.93,36.22,37.55,50.5,53.95,52.63,55.37,39.09,52.6,52.73,42.37,56.42,46.87,31.34,45.74,37.07,43.63,47.51,51.7,53.52,54.83,47.65,54.79,56.23,45.56,47.61,47.27,46.05,47.02,43.74,49.06,48.41
2019-01-03 15:55:00,27.97,32.92,36.21,37.55,50.5,53.95,52.63,55.37,39.09,52.6,52.73,42.37,56.43,46.87,31.34,45.74,37.07,43.63,47.51,51.71,53.52,54.83,47.65,54.79,56.23,45.56,47.61,47.27,46.05,47.02,43.74,49.06,48.41
2019-01-03 16:00:00,27.96,32.91,36.2,37.55,50.5,53.95,52.63,55.37,39.09,52.6,52.73,42.37,56.43,46.87,31.34,45.74,37.07,43.63,47.51,51.71,53.52,54.83,47.66,54.79,56.23,45.57,47.61,47.27,46.05,47.03,43.74,49.06,48.41
2019-01-03 16:05:00,27.95,32.9,36.19,37.55,50.5,53.95,52.63,55.37,39.09,52.6,52.73,42.37,56.43,46.87,31.34,45.74,37.07,43.63,47.51,51.71,53.52,54.83,47.66,54.79,56.23,45.57,47.61,47.27,46.05,47.03,43.74,49.06,48.41
2019-01-03 16:10:00,27.95,32.89,36.18,37.55,50.5,53.95,52.63,55.37,39.09,52.6,52.73,42.37,56.43,46.87,31.34,45.74,37.07,43.63,47.51,51.71,53.52,54.83,47.66,54.79,56.23,45.57,47.61,47.27,46.05,47.03,43.74,49.06,48.41
2019-01-03 16:15:00,27.94,32.88,36.17,37.55,50.5,53.95,52.63,55.37,39.09,52.6,52.73,42.37,56.43,46.87,31.34,45.74,37.07,43.63,47.51,51.71,53.52,54.83,47.66,54.79,56.23,45.57,47.61,47.27,46.05,47.02,43.74,49.06,48.41
2019-01-03 16:20:00,27.93,32.87,36.16,37.55,50.5,53.95,52.63,55.37,39.09,52.6,52.72,42.37,56.43,46.87,31.34,45.74,37.07,43.63,47.51,51.7,53.52,54.83,47.65,54.79,56.23,45.56,47.61,47.27,46.05,47.02,43.74,49.06,48.41
2019-01-03 16:25:00,27.92,32.86,36.15,37.55,50.5,53.95,52.63,55.37,39.09,52.6,52.72,42.37,56.42,46.87,31.34,45.74,37.07,43.63,47.51,51.7,53.52,54.83,47.65,54.79,56.23,45.56,47.61,47.27,46.05,47.02,43.74,49.06,48.41
2019-01-03 16:30:00,27.91,32.85,36.14,37.54,50.5,53.95,52.63,55.37,39.09,52.6,52.72,42.37,56.42,46.86,31.34,45.74,37.07,43.63,47.51,51.7,53.51,54.83,47.65,54.79,56.23,45.56,47.61,47.26,46.05,47.02,43.74,49.06,48.41
2019-01-03 16:35:00,27.9,32.84,36.13,37.54,50.49,53.94,52.63,55.37,39.09,52.6,52.72,42.37,56.42,46.86,31.34,45.73,37.07,43.62,47.51,51.7,53.51,54.83,47.65,54.79,56.23,45.56,47.6,47.26,46.05,47.02,43.74,49.06,48.41
2019-01-03 16:40:00,27.89,32.83,36.12,37.54,50.49,53.94,52.63,55.37,39.09,52.6,52.72,42.37,56.42,46.86,31.33,45.73,37.06,43.62,47.51,51.7,53.51,54.83,47.65,54.78,56.22,45.56,47.6,47.26,46.04,47.02,43.74,49.05,48.41
2019-01-03 16:45:00,27.88,32.82,36.11,37.54,50.49,53.94,52.62,55.36,39.09,52.59,52.71,42.37,56.42,46.86,31.33,45.73,37.06,43.62,47.5,51.7,53.51,54.82,47.64,54.78,56.22,45.55,47.6,47.26,46.04,47.01,43.74,49.05,48.41
2019-01-03 16:50:00,27.87,32.81,36.1,37.53,50.49,53.94,52.62,55.36,39.09,52.59,52.71,42.36,56.41,46.85,31.32,45.72,37.06,43.61,47.5,51.7,53.51,54.82,47.64,54.78,56.22,45.55,47.59,47.25,46.04,47.01,43.74,49.05,48.4
2019-01-03 16:55:00,27.86,32.8,36.09,37.53,50.49,53.94,52.62,55.36,39.09,52.59,52.71,42.36,56.41,46.85,31.32,45.72,37.05,43.61,47.5,51.7,53.51,54.82,47.64,54.78,56.21,45.55,47.59,47.25,46.04,47.01,43.74,49.05,48.4
2019-01-03 17:00:00,27.85,32.79,36.08,37.52,50.48,53.93,52.61,55.35,39.09,52.58,52.7,42.36,56.41,46.84,31.32,45.72,37.05,43.61,47.5,51.7,53.5,54.82,47.63,54.77,56.21,45.55,47.59,47.25,46.03,47.0,43.74,49.04,48.4
2019-01-03 17:05:00,27.84,32.78,36.07,37.52,50.48,53.93,52.61,55.35,39.09,52.58,52.7,42.36,56.41,46.84,31.31,45.71,37.05,43.6,47.5,51.69,53.5,54.81,47.63,54.77,56.21,45.54,47.58,47.24,46.03,47.0,43.73,49.04,48.4
2019-01-03 17:10:00,27.83,32.77,36.06,37.52,50.48,53.93,52.6,55.34,39.09,52.58,52.7,42.36,56.4,46.84,31.31,45.71,37.04,43.6,47.49,51.69,53.5,54.81,47.63,54.77,56.2,45.54,47.58,47.24,46.03,47.0,43.73,49.04,48.39
2019-01-03 17:15:00,27.82,32.76,36.05,37.51,50.48,53.93,52.6,55.34,39.09,52.57,52.69,42.35,56.4,46.83,31.3,45.71,37.04,43.6,47.49,51.69,53.49,54.81,47.62,54.76,56.2,45.54,47.58,47.24,46.03,46.99,43.73,49.03,48.39
2019-01-03 17:20:00,27.81,32.75,36.04,37.51,50.48,53.92,52.6,55.34,39.09,52.57,52.69,42.35,56.4,46.83,31.3,45.7,37.03,43.59,47.49,51.69,53.49,54.8,47.62,54.76,56.2,45.53,47.57,47.23,46.02,46.99,43.73,49.03,48.39
2019-01-03 17:25:00,27.8,32.74,36.03,37.5,50.47,53.92,52.59,55.33,39.09,52.56,52.69,42.35,56.4,46.83,31.3,45.7,37.03,43.59,47.49,51.69,53.49,54.8,47.62,54.76,56.19,45.53,47.57,47.23,46.02,46.99,43.73,49.03,48.39
2019-01-03 17:30:00,27.79,32.73,36.02,37.5,50.47,53.92,52.59,55.33,39.09,52.56,52.68,42.35,56.39,46.82,31.29,45.7,37.03,43.59,47.48,51.69,53.49,54.8,47.61,54.76,56.19,45.53,47.57,47.23,46.02,46.99,43.73,49.02,48.38
2019-01-03 17:35:00,27.78,32.72,36.01,37.5,50.47,53.92,52.59,55.33,39.09,52.56,52.68,42.35,56.39,46.82,31.29,45.69,37.03,43.58,47.48,51.69,53.49,54.8,47.61,54.75,56.19,45.52,47.56,47.23,46.02,46.98,43.73,49.02,48.38
2019-01-03 17:40:00,27.77,32.71,36.0,37.5,50.47,53.92,52.58,55.33,39.09,52.56,52.68,42.34,56.39,46.82,31.29,45.69,37.02,43.58,47.48,51.68,53.48,54.8,47.61,54.75,56.18,45.52,47.56,47.22,46.01,46.98,43.73,49.02,48.38
2019-01-03 17:45:00,27.76,32.7,36.0,37.49,50.47,53.91,52.58,55.32,39.09,52.55,52.68,42.34,56.39,46.81,31.28,45.69,37.02,43.58,47.48,51.68,53.48,54.79,47.61,54.75,56.18,45.52,47.56,47.22,46.01,46.98,43.72,49.02,48.38
2019-01-03 17:50:00,27.75,32.69,35.99,37.49,50.47,53.91,52.58,55.32,39.09,52.55,52.68,42.34,56.39,46.81,31.28,45.69,37.02,43.57,47.48,51.68,53.48,54.79,47.6,54.75,56.18,45.52,47.56,47.22,46.01,46.98,43.72,49.01,48.38
2019-01-03 17:55:00,27.74,32.68,35.98,37.49,50.46,53.91,52.58,55.32,39.09,52.55,52.67,42.34,56.38,46.81,31.28,45.68,37.01,43.57,47.48,51.68,53.48,54.79,47.6,54.74,56.18,45.52,47.55,47.22,46.01,46.98,43.72,49.01,48.38
2019-01-03 18:00:00,27.73,32.67,35.97,37.48,50.46,53.91,52.57,55.31,39.09,52.55,52.67,42.34,56.38,46.81,31.27,45.68,37.01,43.57,47.47,51.68,53.48,54.79,47.6,54.74,56.17,45.51,47.55,47.21,46.01,46.97,43.72,49.01,48.37
2019-01-03 18:05:00,27.72,32.66,35.96,37.48,50.46,53.91,52.57,55.31,39.09,52.54,52.67,42.34,56.38,46.8,31.27,45.68,37.01,43.56,47.47,51.68,53.48,54.78,47.59,54.74,56.17,45.51,47.55,47.21,46.0,46.97,43.72,49.01,48.37
2019-01-03 18:10:00,27.72,32.67,35.96,36.59,50.22,53.63,52.02,54.79,39.09,52.0,52.34,42.13,56.04,46.2,30.47,45.08,36.22,42.96,47.23,51.49,53.2,54.46,47.06,54.36,55.61,45.06,47.11,46.88,45.77,46.68,43.6,48.72,48.16
2019-01-03 18:15:00,27.73,32.67,35.97,36.59,50.21,53.63,52.02,54.79,39.09,51.99,52.34,42.12,56.04,46.2,30.47,45.07,36.22,42.95,47.23,51.49,53.19,54.45,47.06,54.35,55.61,45.06,47.1,46.87,45.77,46.68,43.6,48.71,48.15
2019-01-03 18:20:00,27.74,32.68,35.97,36.58,50.21,53.62,52.01,54.78,39.09,51.99,52.34,42.12,56.03,46.19,30.46,45.07,36.21,42.95,47.23,51.49,53.19,54.45,47.05,54.35,55.6,45.06,47.1,46.87,45.76,46.68,43.59,48.71,48.15
2019-01-03 18:25:00,27.74,32.69,35.98,36.57,50.21,53.62,52.01,54.77,39.09,51.98,52.33,42.12,56.03,46.18,30.45,45.06,36.21,42.94,47.22,51.48,53.19,54.44,47.05,54.35,55.6,45.05,47.09,46.86,45.76,46.67,43.59,48.7,48.15
2019-01-03 18:30:00,27.75,32.7,35.99,36.57,50.2,53.61,52.0,54.77,39.09,51.97,52.33,42.11,56.03,46.18,30.45,45.05,36.2,42.93,47.22,51.48,53.18,54.44,47.04,54.34,55.59,45.05,47.09,46.86,45.76,46.67,43.59,48.7,48.14
2019-01-03 18:35:00,27.76,32.7,36.0,36.56,50.2,53.61,51.99,54.76,39.09,51.97,52.32,42.11,56.02,46.17,30.44,45.05,36.19,42.93,47.21,51.48,53.18,54.43,47.04,54.34,55.58,45.04,47.08,46.85,45.75,46.66,43.59,48.69,48.14
2019-01-03 18:40:00,27.76,32.71,36.0,36.55,50.2,53.61,51.99,54.76,39.09,51.96,52.31,42.11,56.02,46.17,30.43,45.04,36.19,42.92,47.21,51.48,53.18,54.43,47.03,54.33,55.58,45.04,47.07,46.85,45.75,46.66,43.59,48.69,48.13
2019-01-03 18:45:00,27.77,32.72,36.01,36.55,50.2,53.6,51.98,54.75,39.09,51.96,52.31,42.1,56.01,46.16,30.43,45.04,36.18,42.92,47.21,51.48,53.17,54.43,47.03,54.33,55.57,45.03,47.07,46.84,45.74,46.65,43.58,48.68,48.13
2019-01-03 18:50:00,27.78,32.73,36.02,36.54,50.19,53.6,51.98,54.75,39.09,51.95,52.31,42.1,56.01,46.16,30.42,45.03,36.18,42.91,47.21,51.47,53.17,54.42,47.02,54.32,55.57,45.03,47.07,46.84,45.74,46.65,43.58,48.68,48.13
2019-01-03 18:55:00,27.79,32.73,36.03,36.54,50.19,53.6,51.98,54.74,39.09,51.95,52.3,42.1,56.01,46.15,30.42,45.03,36.17,42.91,47.2,51.47,53.17,54.42,47.02,54.32,55.56,45.02,47.06,46.84,45.74,46.65,43.58,48.68,48.13
2019-01-03 19:00:00,27.8,32.74,36.04,36.54,50.19,53.6,51.97,54.74,39.09,51.95,52.3,42.1,56.01,46.15,30.42,45.03,36.17,42.91,47.2,51.47,53.17,54.42,47.02,54.32,55.56,45.02,47.06,46.84,45.74,46.64,43.58,48.68,48.12
2019-01-03 19:05:00,27.8,32.75,36.04,36.54,50.19,53.6,51.97,54.74,39.09,51.95,52.3,42.1,56.01,46.15,30.42,45.03,36.17,42.91,47.2,51.47,53.17,54.42,47.02,54.32,55.56,45.02,47.06,46.84,45.74,46.64,43.58,48.67,48.12
2019-01-03 19:10:00,27.81,32.76,36.05,36.54,50.19,53.6,51.97,54.74,39.09,51.95,52.3,42.1,56.01,46.15,30.42,45.03,36.17,42.91,47.2,51.47,53.17,54.42,47.02,54.32,55.56,45.02,47.06,46.84,45.74,46.64,43.58,48.68,48.12
2019-01-03 19:15:00,27.82,32.77,36.06,36.54,50.19,53.6,51.98,54.74,39.09,51.95,52.3,42.1,56.01,46.15,30.42,45.03,36.17,42.91,47.2,51.47,53.17,54.42,47.02,54.32,55.56,45.02,47.06,46.84,45.74,46.65,43.58,48.68,48.13
2019-01-03 19:20:00,27.83,32.78,36.07,36.54,50.19,53.6,51.98,54.74,39.09,51.95,52.3,42.1,56.01,46.15,30.42,45.03,36.17,42.91,47.2,51.47,53.17,54.42,47.02,54.32,55.56,45.02,47.06,46.84,45.74,46.65,43.58,48.68,48.13
2019-01-03 19:25:00,27.84,32.78,36.08,36.54,50.19,53.6,51.98,54.74,39.09,51.95,52.3,42.1,56.01,46.15,30.42,45.03,36.17,42.91,47.2,51.47,53.17,54.42,47.02,54.32,55.56,45.02,47.06,46.84,45.74,46.65,43.58,48.68,48.13
2019-01-03 19:30:00,27.85,32.79,36.09,36.54,50.19,53.6,51.97,54.74,39.09,51.95,52.3,42.1,56.01,46.15,30.42,45.03,36.17,42.91,47.2,51.47,53.17,54.42,47.02,54.32,55.56,45.02,47.06,46.84,45.74,46.64,43.58,48.67,48.12
2019-01-03 19:35:00,27.85,32.8,36.09,36.53,50.19,53.6,51.97,54.74,39.09,51.95,52.3,42.1,56.01,46.15,30.41,45.03,36.17,42.9,47.2,51.47,53.17,54.42,47.01,54.32,55.56,45.02,47.06,46.83,45.74,46.64,43.58,48.67,48.12
2019-01-03 19:40:00,27.86,32.81,36.1,36.53,50.19,53.6,51.97,54.74,39.09,51.95,52.3,42.1,56.0,46.15,30.41,45.02,36.17,42.9,47.2,51.47,53.17,54.42,47.01,54.32,55.56,45.02,47.06,46.83,45.73,46.64,43.58,48.67,48.12
2019-01-03 19:45:00,27.87,32.82,36.11,36.53,50.19,53.59,51.97,54.74,39.09,51.94,52.29,42.09,56.0,46.14,30.41,45.02,36.16,42.9,47.2,51.47,53.16,54.42,47.01,54.31,55.55,45.02,47.05,46.83,45.73,46.64,43.58,48.67,48.12
2019-01-03 19:50:00,27.88,32.82,36.12,36.53,50.19,53.59,51.96,54.73,39.09,51.94,52.29,42.09,56.0,46.14,30.4,45.02,36.16,42.9,47.2,51.47,53.16,54.41,47.01,54.31,55.55,45.01,47.05,46.83,45.73,46.64,43.58,48.67,48.12
2019-01-03 19:55:00,27.88,32.83,36.13,36.52,50.18,53.59,51.96,54.73,39.09,51.94,52.29,42.09,56.0,46.14,30.4,45.02,36.16,42.9,47.2,51.47,53.16,54.41,47.01,54.31,55.55,45.01,47.05,46.83,45.73,46.64,43.58,48.67,48.12
2019-01-03 20:00:00,27.89,32.84,36.13,36.53,50.19,53.59,51.96,54.73,39.09,51.94,52.29,42.09,56.0,46.14,30.4,45.02,36.16,42.9,47.2,51.47,53.16,54.42,47.01,54.31,55.55,45.01,47.05,46.83,45.73,46.64,43.58,48.67,48.12
2019-01-03 20:05:00,27.9,32.85,36.14,36.53,50.19,53.6,51.97,54.74,39.09,51.94,52.3,42.09,56.0,46.14,30.41,45.02,36.16,42.9,47.2,51.47,53.16,54.42,47.01,54.32,55.56,45.02,47.05,46.83,45.73,46.64,43.58,48.67,48.12
2019-01-03 20:10:00,27.91,32.86,36.15,36.53,50.19,53.6,51.97,54.74,39.09,51.95,52.3,42.1,56.01,46.15,30.41,45.02,36.17,42.9,47.2,51.47,53.17,54.42,47.01,54.32,55.56,45.02,47.06,46.83,45.74,46.64,43.58,48.67,48.12
2019-01-03 20:15:00,27.92,32.87,36.16,36.54,50.19,53.6,51.98,54.75,39.09,51.95,52.3,42.1,56.01,46.15,30.42,45.03,36.17,42.91,47.21,51.47,53.17,54.42,47.02,54.32,55.57,45.02,47.06,46.84,45.74,46.64,43.58,48.68,48.13
2019-01-03 20:20:00,27.93,32.88,36.17,36.54,50.2,53.61,51.98,54.75,39.09,51.96,52.31,42.1,56.01,46.16,30.42,45.03,36.18,42.91,47.21,51.47,53.17,54.43,47.02,54.33,55.57,45.03,47.07,46.84,45.74,46.65,43.58,48.68,48.13
2019-01-03 20:25:00,27.94,32.88,36.18,36.55,50.2,53.61,51.98,54.75,39.09,51.96,52.31,42.1,56.01,46.16,30.42,45.03,36.18,42.91,47.21,51.48,53.17,54.43,47.02,54.33,55.57,45.03,47.07,46.84,45.74,46.65,43.58,48.68,48.13
2019-01-03 20:30:00,27.94,32.89,36.19,36.54,50.2,53.61,51.98,54.75,39.09,51.96,52.31,42.1,56.01,46.16,30.42,45.03,36.18,42.91,47.21,51.47,53.17,54.43,47.02,54.33,55.57,45.03,47.07,46.84,45.74,46.65,43.58,48.68,48.13
2019-01-03 20:35:00,27.95,32.9,36.19,36.54,50.19,53.6,51.98,54.75,39.09,51.96,52.3,42.1,56.01,46.15,30.42,45.03,36.17,42.91,47.21,51.47,53.17,54.43,47.02,54.32,55.57,45.02,47.06,46.84,45.74,46.64,43.58,48.68,48.13
2019-01-03 20:40:00,27.96,32.91,36.2,36.53,50.19,53.6,51.97,54.74,39.09,51.95,52.3,42.1,56.01,46.15,30.41,45.02,36.17,42.9,47.2,51.47,53.17,54.42,47.01,54.32,55.56,45.02,47.06,46.83,45.73,46.64,43.58,48.67,48.12
2019-01-03 20:45:00,27.97,32.91,36.21,36.52,50.19,53.59,51.96,54.73,39.09,51.94,52.29,42.09,56.0,46.14,30.4,45.02,36.16,42.89,47.2,51.47,53.16,54.42,47.01,54.31,55.55,45.01,47.05,46.83,45.73,46.63,43.58,48.66,48.12
2019-01-03 20:50:00,27.97,32.92,36.21,36.52,50.18,53.59,51.96,54.72,39.09,51.93,52.28,42.09,55.99,46.13,30.39,45.01,36.15,42.89,47.19,51.46,53.16,54.41,47.0,54.31,55.54,45.01,47.04,46.82,45.72,46.63,43.57,48.66,48.11
2019-01-03 20:55:00,27.98,32.93,36.22,36.51,50.18,53.58,51.95,54.72,39.09,51.93,52.28,42.08,55.99,46.13,30.39,45.0,36.14,42.88,47.19,51.46,53.15,54.4,46.99,54.3,55.54,45.0,47.03,46.81,45.72,46.62,43.57,48.65,48.11
2019-01-03 21:00:00,27.99,32.93,36.23,36.5,50.18,53.58,51.94,54.71,39.09,51.92,52.27,42.08,55.99,46.12,30.38,45.0,36.14,42.88,47.19,51.46,53.15,54.4,46.99,54.3,55.53,45.0,47.03,46.81,45.72,46.62,43.57,48.65,48.1
2019-01-03 21:05:00,27.99,32.94,36.24,36.5,50.17,53.58,51.94,54.71,39.09,51.92,52.27,42.08,55.99,46.12,30.38,45.0,36.14,42.87,47.19,51.46,53.15,54.4,46.99,54.3,55.53,45.0,47.03,46.81,45.72,46.62,43.57,48.65,48.1
2019-01-03 21:10:00,28.0,32.95,36.25,36.51,50.18,53.58,51.95,54.72,39.09,51.93,52.28,42.08,55.99,46.12,30.38,45.0,36.14,42.88,47.19,51.46,53.15,54.4,46.99,54.3,55.53,45.0,47.03,46.81,45.72,46.62,43.57,48.65,48.11
2019-01-03 21:15:00,28.01,32.96,36.25,36.51,50.18,53.59,51.95,54.72,39.09,51.93,52.28,42.08,55.99,46.13,30.39,45.0,36.15,42.88,47.19,51.46,53.16,54.41,46.99,54.3,55.54,45.0,47.04,46.82,45.72,46.62,43.57,48.65,48.11
2019-01-03 21:20:00,28.02,32.97,36.26,36.52,50.18,53.59,51.96,54.73,39.09,51.94,52.29,42.09,56.0,46.14,30.4,45.01,36.15,42.89,47.2,51.47,53.16,54.41,47.0,54.31,55.55,45.01,47.04,46.82,45.73,46.63,43.57,48.66,48.11
2019-01-03 21:25:00,28.03,32.98,36.27,36.53,50.19,53.6,51.97,54.74,39.09,51.95,52.29,42.09,56.01,46.15,30.41,45.02,36.17,42.9,47.2,51.47,53.17,54.42,47.01,54.32,55.56,45.02,47.05,46.83,45.73,46.64,43.58,48.67,48.12
2019-01-03 21:30:00,28.04,32.99,36.28,36.54,50.2,53.61,51.98,54.75,39.09,51.96,52.3,42.1,56.01,46.16,30.42,45.03,36.18,42.91,47.21,51.48,53.17,54.43,47.02,54.33,55.57,45.03,47.06,46.84,45.74,46.65,43.58,48.68,48.13
2019-01-03 21:35:00,28.05,33.0,36.29,36.56,50.2,53.62,52.0,54.76,39.09,51.98,52.32,42.11,56.02,46.17,30.44,45.05,36.19,42.93,47.22,51.48,53.18,54.44,47.04,54.34,55.58,45.04,47.08,46.85,45.75,46.66,43.59,48.69,48.13
2019-01-03 21:40:00,28.06,33.01,36.3,36.58,50.21,53.63,52.01,54.78,39.09,51.99,52.33,42.12,56.04,46.19,30.46,45.06,36.21,42.94,47.23,51.49,53.19,54.45,47.05,54.35,55.6,45.05,47.09,46.86,45.76,46.67,43.59,48.7,48.14
2019-01-03 21:45:00,28.07,33.02,36.31,36.6,50.23,53.64,52.03,54.8,39.09,52.01,52.35,42.13,56.05,46.21,30.48,45.08,36.23,42.96,47.24,51.5,53.21,54.47,47.07,54.37,55.62,45.07,47.11,46.88,45.77,46.68,43.6,48.72,48.16
2019-01-03 21:50:00,28.09,33.03,36.33,36.62,50.24,53.66,52.05,54.82,39.09,52.03,52.36,42.14,56.07,46.23,30.5,45.1,36.26,42.99,47.25,51.5,53.22,54.48,47.09,54.39,55.64,45.09,47.13,46.9,45.79,46.7,43.61,48.73,48.17
2019-01-03 21:55:00,28.1,33.05,36.34,36.65,50.25,53.67,52.08,54.84,39.09,52.06,52.38,42.15,56.08,46.26,30.53,45.13,36.28,43.01,47.27,51.51,53.24,54.5,47.11,54.41,55.67,45.11,47.15,46.92,45.8,46.72,43.61,48.75,48.18
2019-01-03 22:00:00,28.11,33.06,36.35,36.68,50.27,53.69,52.1,54.87,39.09,52.08,52.41,42.17,56.1,46.28,30.56,45.15,36.31,43.04,47.28,51.52,53.25,54.52,47.14,54.43,55.69,45.13,47.18,46.94,45.82,46.74,43.62,48.77,48.2
2019-01-03 22:05:00,28.13,33.07,36.36,36.7,50.28,53.71,52.13,54.89,39.09,52.11,52.43,42.18,56.12,46.31,30.59,45.18,36.34,43.07,47.3,51.54,53.27,54.54,47.16,54.45,55.72,45.15,47.2,46.96,45.83,46.76,43.63,48.8,48.22
2019-01-03 22:10:00,28.14,33.08,36.37,36.73,50.29,53.72,52.15,54.92,39.09,52.13,52.45,42.2,56.14,46.33,30.62,45.2,36.36,43.09,47.31,51.54,53.28,54.56,47.19,54.47,55.74,45.17,47.23,46.98,45.85,46.78,43.64,48.81,48.23
2019-01-03 22:15:00,28.15,33.1,36.39,36.75,50.31,53.73,52.17,54.94,39.09,52.15,52.47,42.21,56.15,46.36,30.64,45.22,36.39,43.11,47.32,51.55,53.3,54.57,47.21,54.48,55.76,45.19,47.25,47.0,45.86,46.8,43.65,48.83,48.24
2019-01-03 22:20:00,28.16,33.11,36.4,36.77,50.32,53.75,52.19,54.95,39.09,52.17,52.48,42.22,56.16,46.37,30.66,45.24,36.41,43.13,47.33,51.56,53.31,54.58,47.22,54.5,55.78,45.21,47.26,47.01,45.88,46.81,43.65,48.85,48.25
2019-01-03 22:25:00,28.18,33.12,36.41,36.79,50.32,53.75,52.2,54.97,39.09,52.18,52.49,42.22,56.17,46.39,30.68,45.25,36.42,43.14,47.34,51.57,53.32,54.59,47.23,54.51,55.8,45.22,47.28,47.02,45.88,46.82,43.66,48.86,48.26
2019-01-03 22:30:00,28.19,33.13,36.42,36.8,50.33,53.76,52.21,54.98,39.09,52.19,52.5,42.23,56.18,46.4,30.69,45.26,36.43,43.15,47.34,51.57,53.32,54.6,47.24,54.52,55.8,45.23,47.28,47.03,45.89,46.83,43.66,48.86,48.27
2019-01-03 22:35:00,28.2,33.14,36.43,36.81,50.33,53.76,52.22,54.98,39.09,52.2,52.51,42.23,56.18,46.4,30.7,45.27,36.44,43.16,47.35,51.57,53.33,54.61,47.25,54.52,55.81,45.23,47.29,47.04,45.9,46.83,43.66,48.87,48.27
2019-01-03 22:40:00,28.21,33.15,36.44,36.81,50.34,53.77,52.23,54.99,39.09,52.21,52.51,42.24,56.19,46.41,30.7,45.28,36.45,43.17,47.35,51.57,53.33,54.61,47.26,54.53,55.82,45.24,47.3,47.04,45.9,46.84,43.67,48.88,48.28
2019-01-03 22:45:00,28.22,33.17,36.45,36.82,50.34,53.77,52.23,55.0,39.09,52.21,52.52,42.24,56.19,46.42,30.71,45.28,36.45,43.17,47.36,51.58,53.33,54.61,47.26,54.53,55.82,45.24,47.3,47.05,45.9,46.84,43.67,48.88,48.28
2019-01-03 22:50:00,28.23,33.18,36.46,36.83,50.35,53.78,52.24,55.0,39.09,52.22,52.53,42.25,56.2,46.43,30.72,45.29,36.46,43.18,47.36,51.58,53.34,54.62,47.27,54.54,55.83,45.25,47.31,47.05,45.91,46.85,43.67,48.89,48.29
2019-01-03 22:55:00,28.24,33.19,36.47,36.84,50.35,53.79,52.25,55.02,39.09,52.23,52.54,42.25,56.21,46.44,30.74,45.3,36.48,43.2,47.37,51.59,53.35,54.63,47.28,54.55,55.85,45.26,47.32,47.06,45.92,46.86,43.67,48.9,48.29
2019-01-03 23:00:00,28.26,33.2,36.49,36.86,50.36,53.8,52.27,55.03,39.09,52.25,52.55,42.26,56.22,46.45,30.75,45.32,36.49,43.21,47.38,51.59,53.36,54.64,47.3,54.56,55.86,45.27,47.34,47.07,45.93,46.87,43.68,48.91,48.3
2019-01-03 23:05:00,28.27,33.21,36.5,36.88,50.37,53.81,52.28,55.05,39.09,52.26,52.56,42.27,56.23,46.47,30.77,45.33,36.51,43.23,47.39,51.6,53.37,54.65,47.31,54.57,55.88,45.29,47.35,47.09,45.94,46.88,43.69,48.92,48.31
2019-01-03 23:10:00,28.28,33.23,36.51,36.9,50.38,53.82,52.3,55.06,39.09,52.28,52.58,42.28,56.24,46.49,30.79,45.35,36.53,43.25,47.4,51.61,53.38,54.67,47.33,54.59,55.9,45.3,47.37,47.1,45.95,46.9,43.69,48.94,48.32
2019-01-03 23:15:00,28.3,33.24,36.52,36.92,50.39,53.83,52.32,55.08,39.09,52.3,52.59,42.29,56.26,46.51,30.81,45.37,36.55,43.27,47.41,51.61,53.39,54.68,47.35,54.6,55.91,45.32,47.39,47.12,45.96,46.91,43.7,48.95,48.33
2019-01-03 23:20:00,28.31,33.25,36.54,36.94,50.4,53.84,52.34,55.1,39.09,52.32,52.61,42.3,56.27,46.53,30.84,45.39,36.57,43.29,47.42,51.62,53.4,54.69,47.36,54.62,55.93,45.33,47.41,47.13,45.97,46.93,43.7,48.97,48.34
2019-01-03 23:25:00,28.32,33.27,36.55,36.96,50.41,53.85,52.36,55.12,39.09,52.34,52.62,42.31,56.28,46.54,30.86,45.41,36.59,43.3,47.43,51.63,53.41,54.71,47.38,54.63,55.95,45.35,47.42,47.15,45.98,46.94,43.71,48.98,48.36
2019-01-03 23:30:00,28.34,33.28,36.56,36.98,50.42,53.87,52.37,55.13,39.09,52.35,52.64,42.32,56.29,46.56,30.88,45.42,36.61,43.32,47.44,51.64,53.42,54.72,47.4,54.64,55.97,45.36,47.44,47.16,46.0,46.95,43.72,48.99,48.37
2019-01-03 23:35:00,28.35,33.29,36.58,37.0,50.43,53.88,52.39,55.15,39.09,52.37,52.65,42.33,56.31,46.58,30.9,45.44,36.63,43.34,47.45,51.64,53.43,54.73,47.42,54.66,55.99,45.38,47.46,47.18,46.01,46.97,43.72,49.01,48.38
2019-01-03 23:40:00,28.36,33.31,36.59,37.02,50.44,53.89,52.41,55.17,39.09,52.39,52.67,42.34,56.32,46.6,30.92,45.46,36.65,43.36,47.46,51.65,53.45,54.75,47.43,54.67,56.01,45.4,47.47,47.19,46.02,46.98,43.73,49.02,48.39
2019-01-03 23:45:00,28.38,33.32,36.6,37.04,50.45,53.9,52.43,55.19,39.09,52.41,52.68,42.35,56.33,46.62,30.94,45.48,36.67,43.38,47.47,51.66,53.46,54.76,47.45,54.69,56.03,45.41,47.49,47.21,46.03,47.0,43.73,49.04,48.4
2019-01-03 23:50:00,28.39,33.33,36.61,37.06,50.47,53.92,52.45,55.21,39.09,52.43,52.7,42.36,56.35,46.64,30.96,45.5,36.69,43.4,47.48,51.67,53.47,54.78,47.47,54.71,56.05,45.43,47.51,47.22,46.04,47.01,43.74,49.06,48.41
2019-01-03 23:55:00,28.4,33.35,36.63,37.09,50.48,53.93,52.47,55.23,39.09,52.46,52.72,42.37,56.37,46.67,30.99,45.52,36.72,43.43,47.5,51.68,53.49,54.79,47.49,54.73,56.07,45.45,47.53,47.24,46.06,47.03,43.75,49.07,48.42
2019-01-04 00:00:00,28.42,33.36,36.64,37.11,50.49,53.95,52.5,55.26,39.09,52.48,52.74,42.39,56.38,46.69,31.02,45.55,36.74,43.45,47.51,51.69,53.5,54.81,47.52,54.74,56.09,45.47,47.55,47.26,46.07,47.05,43.76,49.09,48.44
2019-01-04 00:05:00,28.43,33.38,36.66,37.14,50.51,53.96,52.52,55.28,39.09,52.51,52.76,42.4,56.4,46.71,31.04,45.57,36.77,43.47,47.52,51.7,53.52,54.83,47.54,54.76,56.12,45.49,47.57,47.28,46.09,47.06,43.76,49.11,48.45
2019-01-04 00:10:00,28.45,33.39,36.67,37.16,50.52,53.98,52.54,55.3,39.09,52.53,52.78,42.41,56.42,46.74,31.07,45.59,36.79,43.5,47.54,51.7,53.53,54.85,47.56,54.78,56.14,45.51,47.6,47.3,46.1,47.08,43.77,49.13,48.46
2019-01-04 00:15:00,28.46,33.4,36.68,37.19,50.53,54.0,52.57,55.32,39.09,52.55,52.79,42.42,56.43,46.76,31.09,45.61,36.82,43.52,47.55,51.71,53.55,54.86,47.58,54.8,56.16,45.53,47.62,47.31,46.11,47.1,43.78,49.14,48.48
2019-01-04 00:20:00,28.48,33.42,36.7,37.21,50.54,54.01,52.59,55.34,39.09,52.57,52.81,42.43,56.45,46.78,31.12,45.63,36.84,43.54,47.56,51.72,53.56,54.88,47.6,54.82,56.18,45.54,47.64,47.33,46.13,47.11,43.79,49.16,48.49
2019-01-04 00:25:00,28.49,33.43,36.71,37.23,50.56,54.02,52.61,55.36,39.09,52.59,52.83,42.44,56.46,46.8,31.14,45.65,36.86,43.56,47.57,51.73,53.57,54.89,47.62,54.83,56.2,45.56,47.65,47.35,46.14,47.13,43.79,49.17,48.5
2019-01-04 00:30:00,28.51,33.45,36.73,37.25,50.57,54.04,52.63,55.38,39.09,52.62,52.84,42.46,56.48,46.82,31.16,45.67,36.88,43.59,47.59,51.74,53.59,54.91,47.64,54.85,56.22,45.58,47.67,47.36,46.15,47.14,43.8,49.19,48.51
2019-01-04 00:35:00,28.52,33.46,36.74,37.28,50.58,54.05,52.65,55.4,39.09,52.64,52.86,42.47,56.49,46.84,31.19,45.69,36.91,43.61,47.6,51.75,53.6,54.93,47.66,54.87,56.25,45.59,47.69,47.38,46.16,47.16,43.81,49.2,48.52
2019-01-04 00:40:00,28.54,33.48,36.75,37.3,50.59,54.07,52.67,55.42,39.09,52.66,52.88,42.48,56.51,46.87,31.21,45.71,36.93,43.63,47.61,51.76,53.61,54.94,47.68,54.88,56.27,45.61,47.71,47.39,46.18,47.17,43.81,49.22,48.54
2019-01-04 00:45:00,28.55,33.49,36.77,37.32,50.6,54.08,52.69,55.44,39.09,52.68,52.89,42.49,56.52,46.89,31.23,45.74,36.95,43.65,47.62,51.76,53.63,54.96,47.7,54.9,56.29,45.63,47.73,47.41,46.19,47.19,43.82,49.24,48.55
2019-01-04 00:50:00,28.57,33.51,36.78,37.35,50.62,54.1,52.71,55.47,39.1,52.7,52.91,42.5,56.54,46.91,31.26,45.76,36.98,43.67,47.64,51.77,53.64,54.98,47.72,54.92,56.31,45.65,47.75,47.43,46.2,47.21,43.83,49.25,48.56
2019-01-04 00:55:00,28.58,33.52,36.8,37.37,50.63,54.11,52.73,55.49,39.1,52.73,52.93,42.51,56.55,46.93,31.28,45.78,37.0,43.7,47.65,51.78,53.65,54.99,47.74,54.94,56.33,45.67,47.77,47.44,46.22,47.22,43.83,49.27,48.57
2019-01-04 01:00:00,28.6,33.54,36.81,37.4,50.64,54.13,52.76,55.51,39.1,52.75,52.95,42.52,56.57,46.96,31.31,45.8,37.02,43.72,47.66,51.79,53.67,55.01,47.76,54.96,56.36,45.69,47.79,47.46,46.23,47.24,43.84,49.29,48.59
2019-01-04 01:05:00,28.61,33.55,36.83,37.42,50.65,54.14,52.78,55.53,39.1,52.77,52.96,42.53,56.58,46.98,31.33,45.82,37.05,43.74,47.67,51.8,53.68,55.02,47.78,54.97,56.38,45.7,47.81,47.48,46.24,47.25,43.85,49.3,48.6
2019-01-04 01:10:00,28.63,33.57,36.84,37.44,50.66,54.15,52.8,55.55,39.1,52.79,52.98,42.54,56.6,47.0,31.35,45.84,37.07,43.76,47.69,51.81,53.69,55.04,47.8,54.99,56.4,45.72,47.83,47.49,46.25,47.27,43.85,49.32,48.61
2019-01-04 01:15:00,28.64,33.58,36.86,37.46,50.68,54.17,52.81,55.57,39.1,52.81,52.99,42.55,56.61,47.02,31.37,45.86,37.09,43.78,47.7,51.82,53.71,55.05,47.82,55.0,56.42,45.74,47.84,47.51,46.26,47.28,43.86,49.33,48.62
2019-01-04 01:20:00,28.66,33.6,36.87,37.48,50.69,54.18,52.83,55.58,39.1,52.83,53.01,42.56,56.62,47.03,31.39,45.88,37.11,43.8,47.71,51.82,53.72,55.07,47.83,55.02,56.43,45.75,47.86,47.52,46.27,47.29,43.86,49.34,48.63
2019-01-04 01:25:00,28.67,33.61,36.89,37.5,50.7,54.19,52.85,55.6,39.1,52.85,53.02,42.57,56.64,47.05,31.41,45.89,37.13,43.82,47.72,51.83,53.73,55.08,47.85,55.03,56.45,45.76,47.88,47.53,46.28,47.3,43.87,49.36,48.64
2019-01-04 01:30:00,28.69,33.63,36.9,37.52,50.71,54.2,52.87,55.62,39.1,52.86,53.03,42.58,56.65,47.07,31.43,45.91,37.15,43.83,47.73,51.84,53.74,55.09,47.87,55.05,56.47,45.78,47.89,47.54,46.29,47.32,43.87,49.37,48.65
2019-01-04 01:35:00,28.7,33.65,36.92,37.54,50.71,54.21,52.88,55.63,39.1,52.88,53.04,42.59,56.66,47.09,31.45,45.93,37.16,43.85,47.74,51.84,53.75,55.1,47.88,55.06,56.48,45.79,47.91,47.56,46.3,47.33,43.88,49.38,48.66
2019-01-04 01:40:00,28.72,33.66,36.93,37.55,50.72,54.22,52.9,55.65,39.1,52.9,53.06,42.59,56.67,47.1,31.47,45.94,37.18,43.87,47.75,51.85,53.76,55.12,47.9,55.07,56.5,45.81,47.92,47.57,46.31,47.34,43.88,49.39,48.66
2019-01-04 01:45:00,28.74,33.68,36.95,37.57,50.73,54.23,52.91,55.66,39.1,52.91,53.07,42.6,56.68,47.12,31.49,45.96,37.2,43.88,47.75,51.86,53.77,55.13,47.91,55.09,56.52,45.82,47.93,47.58,46.32,47.35,43.89,49.4,48.67
2019-01-04 01:50:00,28.75,33.69,36.96,37.59,50.74,54.24,52.93,55.68,39.1,52.93,53.08,42.61,56.69,47.13,31.5,45.97,37.22,43.9,47.76,51.86,53.78,55.14,47.93,55.1,56.53,45.83,47.95,47.59,46.33,47.36,43.89,49.41,48.68
2019-01-04 01:55:00,28.77,33.71,36.98,37.6,50.75,54.25,52.94,55.69,39.1,52.94,53.09,42.62,56.7,47.15,31.52,45.99,37.23,43.91,47.77,51.87,53.79,55.15,47.94,55.11,56.54,45.84,47.96,47.6,46.34,47.37,43.9,49.42,48.69
2019-01-04 02:00:00,28.78,33.72,36.99,37.62,50.76,54.26,52.95,55.7,39.1,52.96,53.1,42.62,56.71,47.16,31.53,46.0,37.24,43.93,47.78,51.87,53.8,55.16,47.95,55.12,56.56,45.85,47.97,47.61,46.35,47.38,43.9,49.43,48.69
2019-01-04 02:05:00,28.8,33.74,37.01,37.63,50.76,54.27,52.96,55.71,39.1,52.97,53.11,42.63,56.72,47.17,31.54,46.01,37.26,43.94,47.78,51.88,53.8,55.17,47.96,55.13,56.57,45.86,47.98,47.62,46.35,47.39,43.9,49.44,48.7
2019-01-04 02:10:00,28.81,33.75,37.03,37.64,50.77,54.27,52.97,55.72,39.1,52.98,53.12,42.63,56.73,47.18,31.56,46.02,37.27,43.95,47.79,51.88,53.81,55.17,47.97,55.13,56.58,45.87,47.99,47.63,46.36,47.39,43.91,49.45,48.71
2019-01-04 02:15:00,28.83,33.77,37.04,37.65,50.77,54.28,52.98,55.73,39.1,52.99,53.12,42.64,56.73,47.19,31.57,46.03,37.28,43.96,47.79,51.88,53.81,55.18,47.98,55.14,56.59,45.88,48.0,47.63,46.36,47.4,43.91,49.45,48.71
2019-01-04 02:20:00,28.84,33.79,37.06,37.66,50.78,54.29,52.99,55.74,39.1,52.99,53.13,42.64,56.74,47.2,31.58,46.03,37.28,43.96,47.8,51.89,53.82,55.19,47.99,55.15,56.59,45.88,48.0,47.64,46.37,47.4,43.91,49.46,48.71
2019-01-04 02:25:00,28.86,33.8,37.07,37.67,50.78,54.29,53.0,55.75,39.1,53.0,53.13,42.64,56.74,47.21,31.58,46.04,37.29,43.97,47.8,51.89,53.82,55.19,47.99,55.15,56.6,45.89,48.01,47.64,46.37,47.41,43.92,49.46,48.72
2019-01-04 02:30:00,28.88,33.82,37.09,37.68,50.79,54.3,53.01,55.75,39.1,53.01,53.14,42.65,56.75,47.22,31.59,46.05,37.3,43.98,47.81,51.89,53.83,55.2,48.0,55.16,56.61,45.9,48.02,47.65,46.38,47.41,43.92,49.47,48.72
2019-01-04 02:35:00,28.89,33.83,37.1,37.68,50.79,54.3,53.01,55.76,39.1,53.02,53.15,42.65,56.75,47.22,31.6,46.06,37.31,43.99,47.81,51.9,53.83,55.21,48.01,55.17,56.62,45.9,48.02,47.66,46.38,47.42,43.92,49.47,48.73
2019-01-04 02:40:00,28.91,33.85,37.12,37.69,50.8,54.31,53.02,55.77,39.1,53.03,53.15,42.66,56.76,47.23,31.61,46.07,37.32,44.0,47.82,51.9,53.84,55.21,48.02,55.17,56.63,45.91,48.03,47.66,46.38,47.43,43.92,49.48,48.73
2019-01-04 02:45:00,28.92,33.86,37.13,37.7,50.8,54.31,53.03,55.78,39.1,53.03,53.16,42.66,56.76,47.24,31.62,46.07,37.33,44.0,47.82,51.9,53.84,55.22,48.02,55.18,56.63,45.92,48.04,47.67,46.39,47.43,43.92,49.49,48.74
2019-01-04 02:50:00,28.94,33.88,37.15,37.71,50.8,54.32,53.04,55.78,39.1,53.04,53.16,42.66,56.77,47.25,31.63,46.08,37.34,44.01,47.83,51.91,53.85,55.22,48.03,55.19,56.64,45.92,48.04,47.67,46.39,47.44,43.93,49.49,48.74
2019-01-04 02:55:00,28.95,33.89,37.16,37.72,50.81,54.32,53.04,55.79,39.1,53.05,53.17,42.67,56.77,47.25,31.64,46.09,37.34,44.02,47.83,51.91,53.85,55.23,48.03,55.19,56.65,45.93,48.05,47.68,46.4,47.44,43.93,49.49,48.74
2019-01-04 03:00:00,28.97,33.91,37.18,37.72,50.81,54.32,53.05,55.79,39.1,53.05,53.17,42.67,56.78,47.26,31.64,46.09,37.35,44.02,47.83,51.91,53.85,55.23,48.04,55.19,56.65,45.93,48.05,47.68,46.4,47.44,43.93,49.5,48.75
2019-01-04 03:05:00,28.98,33.93,37.2,37.73,50.81,54.33,53.05,55.8,39.1,53.06,53.17,42.67,56.78,47.26,31.65,46.1,37.35,44.03,47.83,51.91,53.86,55.23,48.04,55.2,56.66,45.93,48.06,47.68,46.4,47.45,43.93,49.5,48.75
2019-01-04 03:10:00,29.0,33.94,37.21,37.73,50.81,54.33,53.06,55.8,39.1,53.06,53.18,42.67,56.78,47.27,31.65,46.1,37.36,44.03,47.84,51.91,53.86,55.24,48.05,55.2,56.66,45.94,48.06,47.69,46.4,47.45,43.93,49.5,48.75
2019-01-04 03:15:00,29.02,33.96,37.23,37.73,50.82,54.33,53.06,55.81,39.1,53.07,53.18,42.67,56.79,47.27,31.65,46.1,37.36,44.04,47.84,51.92,53.86,55.24,48.05,55.2,56.66,45.94,48.06,47.69,46.41,47.45,43.93,49.51,48.75
2019-01-04 03:20:00,29.03,33.97,37.24,37.74,50.82,54.33,53.06,55.81,39.1,53.07,53.18,42.68,56.79,47.27,31.66,46.11,37.37,44.04,47.84,51.92,53.86,55.24,48.05,55.21,56.67,45.94,48.07,47.69,46.41,47.45,43.93,49.51,48.75
2019-01-04 03:25:00,29.05,33.99,37.26,37.74,50.82,54.34,53.07,55.81,39.1,53.07,53.18,42.68,56.79,47.28,31.66,46.11,37.37,44.04,47.84,51.92,53.87,55.25,48.06,55.21,56.67,45.95,48.07,47.69,46.41,47.46,43.94,49.51,48.75
2019-01-04 03:30:00,29.06,34.0,37.27,37.75,50.82,54.34,53.07,55.82,39.1,53.08,53.19,42.68,56.79,47.28,31.67,46.11,37.37,44.05,47.85,51.92,53.87,55.25,48.06,55.21,56.68,45.95,48.07,47.7,46.41,47.46,43.94,49.51,48.76
2019-01-04 03:35:00,29.08,34.02,37.29,37.75,50.83,54.34,53.08,55.82,39.1,53.08,53.19,42.68,56.8,47.29,31.67,46.12,37.38,44.05,47.85,51.92,53.87,55.25,48.07,55.22,56.68,45.95,48.08,47.7,46.41,47.46,43.94,49.52,48.76
2019-01-04 03:40:00,29.09,34.03,37.3,37.76,50.83,54.35,53.08,55.83,39.1,53.09,53.19,42.68,56.8,47.29,31.68,46.12,37.38,44.06,47.85,51.92,53.87,55.25,48.07,55.22,56.69,45.96,48.08,47.7,46.42,47.46,43.94,49.52,48.76
2019-01-04 03:45:00,29.11,34.05,37.32,37.76,50.83,54.35,53.08,55.83,39.1,53.09,53.2,42.69,56.8,47.3,31.68,46.13,37.39,44.06,47.85,51.93,53.88,55.26,48.07,55.22,56.69,45.96,48.09,47.71,46.42,47.47,43.94,49.52,48.76
2019-01-04 03:50:00,29.12,34.07,37.34,37.77,50.83,54.35,53.09,55.84,39.1,53.1,53.2,42.69,56.81,47.3,31.69,46.13,37.4,44.07,47.86,51.93,53.88,55.26,48.08,55.23,56.69,45.96,48.09,47.71,46.42,47.47,43.94,49.53,48.77
2019-01-04 03:55:00,29.14,34.08,37.35,37.77,50.84,54.35,53.09,55.84,39.1,53.1,53.2,42.69,56.81,47.3,31.69,46.14,37.4,44.07,47.86,51.93,53.88,55.26,48.08,55.23,56.7,45.97,48.09,47.71,46.42,47.47,43.94,49.53,48.77
2019-01-04 04:00:00,29.16,34.1,37.37,37.78,50.84,54.36,53.1,55.84,39.1,53.1,53.21,42.69,56.81,47.31,31.7,46.14,37.4,44.07,47.86,51.93,53.88,55.27,48.09,55.23,56.7,45.97,48.1,47.72,46.43,47.47,43.94,49.53,48.77
2019-01-04 04:05:00,29.17,34.11,37.38,37.78,50.84,54.36,53.1,55.84,39.1,53.11,53.21,42.69,56.81,47.31,31.7,46.14,37.41,44.08,47.86,51.93,53.89,55.27,48.09,55.23,56.7,45.97,48.1,47.72,46.43,47.48,43.94,49.53,48.77
2019-01-04 04:10:00,29.19,34.13,37.4,37.78,50.84,54.36,53.1,55.84,39.1,53.11,53.21,42.69,56.81,47.31,31.7,46.14,37.41,44.08,47.86,51.93,53.89,55.27,48.09,55.24,56.71,45.97,48.1,47.72,46.43,47.48,43.94,49.53,48.77
2019-01-04 04:15:00,29.2,34.14,37.41,37.78,50.84,54.36,53.1,55.85,39.1,53.11,53.21,42.69,56.81,47.31,31.7,46.14,37.41,44.08,47.86,51.93,53.89,55.27,48.09,55.24,56.71,45.97,48.1,47.72,46.43,47.48,43.94,49.53,48.77
2019-01-04 04:20:00,29.22,34.16,37.43,37.78,50.84,54.36,53.1,55.84,39.1,53.11,53.21,42.69,56.81,47.31,31.7,46.14,37.41,44.08,47.86,51.93,53.89,55.27,48.09,55.24,56.71,45.97,48.1,47.72,46.43,47.48,43.94,49.53,48.77
2019-01-04 04:25:00,29.23,34.18,37.44,37.78,50.84,54.36,53.1,55.84,39.1,53.11,53.21,42.69,56.81,47.31,31.7,46.14,37.41,44.08,47.86,51.93,53.89,55.27,48.09,55.24,56.7,45.97,48.1,47.72,46.43,47.48,43.94,49.53,48.77
2019-01-04 04:30:00,29.25,34.19,37.46,37.78,50.84,54.36,53.1,55.84,39.1,53.11,53.21,42.69,56.81,47.31,31.7,46.14,37.4,44.08,47.86,51.93,53.89,55.27,48.09,55.23,56.7,45.97,48.1,47.72,46.43,47.48,43.94,49.53,48.77
2019-01-04 04:35:00,29.27,34.21,37.48,37.78,50.84,54.36,53.1,55.84,39.1,53.1,53.21,42.69,56.81,47.31,31.7,46.14,37.4,44.07,47.86,51.93,53.89,55.27,48.09,55.23,56.7,45.97,48.1,47.72,46.43,47.47,43.94,49.53,48.77
2019-01-04 04:40:00,29.28,34.22,37.49,37.78,50.84,54.36,53.09,55.84,39.1,53.1,53.21,42.69,56.81,47.31,31.7,46.14,37.4,44.07,47.86,51.93,53.88,55.27,48.08,55.23,56.7,45.97,48.09,47.71,46.42,47.47,43.94,49.53,48.77
2019-01-04 04:45:00,29.3,34.24,37.51,37.77,50.84,54.35,53.09,55.84,39.1,53.1,53.2,42.69,56.81,47.31,31.69,46.14,37.4,44.07,47.86,51.93,53.88,55.26,48.08,55.23,56.7,45.97,48.09,47.71,46.42,47.47,43.94,49.53,48.77
2019-01-04 04:50:00,29.31,34.25,37.52,37.77,50.83,54.35,53.09,55.84,39.1,53.1,53.2,42.69,56.81,47.3,31.69,46.13,37.4,44.07,47.86,51.93,53.88,55.26,48.08,55.23,56.7,45.97,48.09,47.71,46.42,47.47,43.94,49.53,48.77
2019-01-04 04:55:00,29.33,34.27,37.54,37.77,50.83,54.35,53.09,55.83,39.1,53.1,53.2,42.69,56.81,47.3,31.69,46.13,37.39,44.07,47.86,51.93,53.88,55.26,48.08,55.23,56.69,45.96,48.09,47.71,46.42,47.47,43.94,49.53,48.77
2019-01-04 05:00:00,29.34,34.28,37.55,37.76,50.83,54.35,53.08,55.83,39.1,53.09,53.2,42.69,56.8,47.3,31.68,46.13,37.39,44.06,47.85,51.93,53.88,55.26,48.07,55.22,56.69,45.96,48.08,47.71,46.42,47.47,43.94,49.52,48.76
2019-01-04 05:05:00,29.35,34.29,37.56,38.25,50.93,54.46,53.31,56.05,39.1,53.33,53.32,42.76,56.94,47.56,32.09,46.4,37.78,44.33,47.95,52.0,53.99,55.39,48.3,55.38,56.92,46.15,48.26,47.84,46.5,47.57,43.99,49.63,48.84
2019-01-04 05:10:00,29.34,34.28,37.55,38.25,50.93,54.46,53.31,56.04,39.1,53.33,53.31,42.76,56.94,47.56,32.08,46.39,37.77,44.32,47.95,52.0,53.99,55.39,48.3,55.38,56.92,46.14,48.26,47.83,46.5,47.57,43.98,49.63,48.84
2019-01-04 05:15:00,29.34,34.28,37.55,38.24,50.92,54.45,53.31,56.04,39.1,53.32,53.31,42.76,56.93,47.55,32.08,46.39,37.77,44.32,47.94,52.0,53.98,55.39,48.29,55.37,56.92,46.14,48.25,47.83,46.5,47.56,43.98,49.62,48.84
2019-01-04 05:20:00,29.33,34.27,37.55,38.24,50.92,54.45,53.3,56.03,39.1,53.32,53.31,42.76,56.93,47.55,32.07,46.38,37.76,44.31,47.94,52.0,53.98,55.38,48.29,55.37,56.91,46.14,48.25,47.83,46.5,47.56,43.98,49.62,48.83
2019-01-04 05:25:00,29.33,34.27,37.54,38.23,50.92,54.45,53.3,56.03,39.1,53.31,53.3,42.75,56.93,47.54,32.06,46.38,37.76,44.31,47.94,51.99,53.98,55.38,48.28,55.36,56.9,46.13,48.24,47.82,46.49,47.55,43.98,49.61,48.83
2019-01-04 05:30:00,29.32,34.26,37.54,38.22,50.91,54.44,53.29,56.02,39.1,53.3,53.29,42.75,56.92,47.53,32.06,46.37,37.75,44.3,47.93,51.99,53.97,55.37,48.28,55.36,56.9,46.12,48.24,47.81,46.49,47.55,43.98,49.61,48.83
2019-01-04 05:35:00,29.32,34.26,37.53,38.21,50.9,54.43,53.28,56.01,39.1,53.29,53.29,42.74,56.91,47.53,32.05,46.36,37.74,44.29,47.93,51.99,53.96,55.36,48.27,55.35,56.89,46.12,48.23,47.81,46.48,47.54,43.97,49.6,48.82
2019-01-04 05:40:00,29.31,34.25,37.52,38.2,50.9,54.43,53.27,56.0,39.1,53.28,53.27,42.74,56.9,47.51,32.03,46.35,37.73,44.28,47.92,51.98,53.96,55.35,48.26,55.34,56.88,46.11,48.22,47.8,46.47,47.53,43.97,49.59,48.81
2019-01-04 05:45:00,29.3,34.24,37.52,38.19,50.89,54.41,53.25,55.99,39.1,53.27,53.26,42.73,56.89,47.5,32.02,46.34,37.71,44.26,47.91,51.97,53.95,55.34,48.24,55.33,56.86,46.09,48.2,47.78,46.46,47.52,43.96,49.58,48.8
2019-01-04 05:50:00,29.29,34.24,37.51,38.17,50.88,54.4,53.23,55.97,39.1,53.25,53.25,42.72,56.88,47.48,32.0,46.32,37.69,44.24,47.9,51.97,53.93,55.33,48.23,55.31,56.84,46.08,48.18,47.77,46.45,47.5,43.96,49.56,48.79
2019-01-04 05:55:00,29.28,34.23,37.5,38.14,50.86,54.39,53.21,55.95,39.1,53.23,53.23,42.7,56.86,47.46,31.97,46.3,37.67,44.22,47.88,51.96,53.92,55.31,48.2,55.29,56.82,46.06,48.16,47.75,46.43,47.49,43.95,49.54,48.78
2019-01-04 06:00:00,29.27,34.21,37.49,38.11,50.85,54.37,53.18,55.92,39.1,53.2,53.2,42.69,56.84,47.43,31.94,46.27,37.64,44.19,47.87,51.95,53.9,55.29,48.18,55.27,56.79,46.03,48.13,47.72,46.41,47.46,43.94,49.52,48.76
2019-01-04 06:05:00,29.26,34.2,37.48,38.08,50.83,54.34,53.15,55.89,39.1,53.16,53.17,42.67,56.82,47.4,31.9,46.24,37.61,44.16,47.85,51.93,53.88,55.26,48.15,55.24,56.76,46.01,48.1,47.7,46.39,47.43,43.92,49.49,48.74
2019-01-04 06:10:00,29.24,34.19,37.47,38.04,50.8,54.32,53.11,55.85,39.1,53.13,53.14,42.64,56.79,47.36,31.86,46.2,37.57,44.12,47.82,51.92,53.85,55.23,48.11,55.21,56.72,45.97,48.07,47.66,46.36,47.4,43.91,49.45,48.71
2019-01-04 06:15:00,29.23,34.17,37.45,38.0,50.78,54.29,53.07,55.81,39.1,53.08,53.1,42.62,56.76,47.31,31.82,46.16,37.52,44.08,47.8,51.9,53.83,55.2,48.07,55.18,56.68,45.94,48.03,47.63,46.34,47.37,43.9,49.42,48.68
2019-01-04 06:20:00,29.21,34.15,37.44,37.95,50.75,54.26,53.03,55.77,39.1,53.04,53.06,42.59,56.73,47.27,31.77,46.12,37.48,44.03,47.77,51.88,53.8,55.17,48.03,55.14,56.63,45.9,47.98,47.59,46.31,47.33,43.88,49.38,48.66
2019-01-04 06:25:00,29.19,34.14,37.42,37.91,50.73,54.23,52.98,55.72,39.1,53.0,53.02,42.57,56.7,47.23,31.72,46.08,37.43,43.99,47.74,51.86,53.77,55.13,47.99,55.1,56.59,45.86,47.94,47.55,46.28,47.3,43.86,49.34,48.63
2019-01-04 06:30:00,29.18,34.12,37.41,37.86,50.7,54.2,52.94,55.68,39.1,52.95,52.98,42.54,56.66,47.18,31.67,46.03,37.39,43.94,47.72,51.84,53.74,55.1,47.95,55.07,56.55,45.83,47.9,47.52,46.25,47.26,43.85,49.31,48.6
2019-01-04 06:35:00,29.16,34.11,37.39,37.82,50.68,54.17,52.9,55.64,39.1,52.91,52.95,42.52,56.64,47.14,31.63,46.0,37.35,43.9,47.69,51.83,53.71,55.07,47.91,55.03,56.51,45.79,47.86,47.48,46.22,47.23,43.83,49.27,48.57
2019-01-04 06:40:00,29.14,34.09,37.38,37.79,50.65,54.14,52.87,55.61,39.1,52.88,52.91,42.5,56.61,47.11,31.59,45.96,37.31,43.87,47.67,51.81,53.69,55.04,47.88,55.0,56.47,45.76,47.83,47.45,46.19,47.2,43.82,49.24,48.55
2019-01-04 06:45:00,29.13,34.07,37.36,37.75,50.63,54.12,52.83,55.57,39.1,52.84,52.88,42.48,56.58,47.07,31.55,45.93,37.28,43.83,47.65,51.8,53.67,55.02,47.84,54.98,56.44,45.73,47.79,47.42,46.17,47.17,43.81,49.21,48.53
2019-01-04 06:50:00,29.11,34.06,37.35,37.72,50.61,54.1,52.8,55.54,39.1,52.81,52.86,42.46,56.56,47.04,31.51,45.9,37.24,43.8,47.63,51.78,53.64,54.99,47.81,54.95,56.4,45.7,47.76,47.39,46.15,47.14,43.8,49.19,48.51
2019-01-04 06:55:00,29.1,34.05,37.34,37.68,50.59,54.07,52.77,55.51,39.1,52.77,52.83,42.44,56.54,47.01,31.48,45.87,37.21,43.77,47.61,51.77,53.62,54.97,47.78,54.92,56.37,45.68,47.73,47.37,46.13,47.12,43.79,49.16,48.49
2019-01-04 07:00:00,29.08,34.03,37.32,37.65,50.57,54.05,52.74,55.48,39.1,52.74,52.8,42.42,56.51,46.97,31.44,45.84,37.18,43.73,47.59,51.76,53.6,54.94,47.75,54.89,56.34,45.65,47.7,47.34,46.1,47.09,43.77,49.13,48.47
2019-01-04 07:05:00,29.07,34.02,37.31,37.62,50.55,54.03,52.7,55.45,39.1,52.71,52.77,42.4,56.49,46.94,31.41,45.8,37.14,43.7,47.57,51.74,53.58,54.91,47.72,54.87,56.31,45.62,47.67,47.31,46.08,47.06,43.76,49.1,48.45
2019-01-04 07:10:00,29.05,34.0,37.29,37.58,50.53,54.0,52.67,55.41,39.1,52.67,52.74,42.38,56.46,46.91,31.37,45.77,37.11,43.67,47.55,51.73,53.56,54.89,47.69,54.84,56.27,45.59,47.64,47.28,46.06,47.04,43.75,49.07,48.42
2019-01-04 07:15:00,29.03,33.98,37.28,37.54,50.51,53.98,52.64,55.38,39.1,52.63,52.71,42.36,56.44,46.87,31.33,45.74,37.07,43.63,47.52,51.71,53.53,54.86,47.66,54.81,56.24,45.56,47.6,47.25,46.03,47.01,43.74,49.05,48.4
2019-01-04 07:20:00,29.02,33.97,37.26,37.51,50.49,53.95,52.6,55.34,39.09,52.6,52.68,42.34,56.41,46.84,31.29,45.7,37.04,43.59,47.5,51.7,53.51,54.83,47.62,54.78,56.2,45.53,47.57,47.22,46.01,46.98,43.72,49.02,48.38
2019-01-04 07:25:00,29.0,33.95,37.25,37.48,50.47,53.93,52.57,55.31,39.09,52.57,52.65,42.32,56.39,46.8,31.26,45.67,37.0,43.56,47.48,51.68,53.49,54.8,47.59,54.75,56.17,45.51,47.54,47.2,45.99,46.95,43.71,48.99,48.36
2019-01-04 07:30:00,28.99,33.94,37.24,37.45,50.45,53.91,52.54,55.29,39.09,52.54,52.63,42.31,56.37,46.77,31.23,45.65,36.98,43.53,47.47,51.67,53.47,54.78,47.57,54.73,56.14,45.48,47.51,47.17,45.97,46.93,43.7,48.97,48.34
2019-01-04 07:35:00,28.97,33.92,37.22,37.43,50.44,53.89,52.52,55.26,39.09,52.51,52.61,42.29,56.35,46.75,31.2,45.62,36.95,43.51,47.45,51.66,53.45,54.76,47.55,54.71,56.12,45.46,47.49,47.16,45.96,46.91,43.69,48.95,48.33
2019-01-04 07:40:00,28.96,33.91,37.21,37.41,50.43,53.88,52.5,55.25,39.09,52.49,52.59,42.28,56.33,46.73,31.18,45.61,36.93,43.49,47.44,51.65,53.44,54.75,47.53,54.69,56.1,45.45,47.47,47.14,45.94,46.9,43.69,48.93,48.32
2019-01-04 07:45:00,28.95,33.9,37.2,37.39,50.42,53.87,52.49,55.23,39.09,52.48,52.58,42.28,56.32,46.72,31.17,45.6,36.92,43.48,47.43,51.65,53.43,54.74,47.52,54.68,56.09,45.44,47.46,47.13,45.94,46.89,43.68,48.92,48.31
2019-01-04 07:50:00,28.94,33.89,37.19,37.38,50.41,53.86,52.48,55.22,39.09,52.47,52.57,42.27,56.32,46.71,31.16,45.59,36.91,43.47,47.42,51.64,53.42,54.73,47.51,54.67,56.08,45.43,47.45,47.12,45.93,46.88,43.68,48.92,48.3
2019-01-04 07:55:00,28.93,33.88,37.18,37.37,50.41,53.85,52.47,55.21,39.09,52.46,52.57,42.27,56.31,46.7,31.15,45.58,36.9,43.46,47.42,51.64,53.42,54.72,47.5,54.67,56.07,45.42,47.44,47.12,45.93,46.87,43.68,48.91,48.3
2019-01-04 08:00:00,28.92,33.87,37.16,37.37,50.4,53.84,52.46,55.21,39.09,52.45,52.56,42.26,56.3,46.69,31.14,45.57,36.89,43.45,47.41,51.64,53.41,54.71,47.49,54.66,56.06,45.41,47.44,47.11,45.92,46.87,43.68,48.9,48.29
2019-01-04 08:05:00,28.9,33.85,37.15,37.36,50.4,53.84,52.45,55.2,39.09,52.44,52.55,42.26,56.3,46.68,31.13,45.56,36.88,43.44,47.41,51.63,53.4,54.71,47.48,54.65,56.05,45.41,47.43,47.1,45.91,46.86,43.67,48.9,48.29
2019-01-04 08:10:00,28.89,33.84,37.14,37.35,50.39,53.83,52.44,55.19,39.09,52.43,52.54,42.25,56.29,46.67,31.12,45.55,36.87,43.43,47.4,51.63,53.4,54.7,47.47,54.64,56.04,45.4,47.42,47.09,45.91,46.85,43.67,48.89,48.28
2019-01-04 08:15:00,28.88,33.83,37.13,37.34,50.38,53.82,52.43,55.18,39.09,52.41,52.53,42.25,56.28,46.66,31.11,45.54,36.86,43.42,47.39,51.62,53.39,54.69,47.46,54.63,56.03,45.39,47.41,47.09,45.9,46.85,43.67,48.88,48.28
2019-01-04 08:20:00,28.87,33.82,37.12,37.32,50.37,53.81,52.42,55.17,39.09,52.4,52.52,42.24,56.27,46.65,31.1,45.53,36.85,43.41,47.38,51.62,53.38,54.68,47.45,54.62,56.02,45.38,47.4,47.08,45.89,46.84,43.66,48.87,48.27
2019-01-04 08:25:00,28.86,33.81,37.11,37.31,50.37,53.8,52.41,55.15,39.09,52.39,52.51,42.23,56.26,46.64,31.08,45.52,36.84,43.4,47.38,51.61,53.37,54.67,47.44,54.61,56.01,45.37,47.39,47.07,45.89,46.83,43.66,48.86,48.26
2019-01-04 08:30:00,28.84,33.79,37.09,37.3,50.36,53.79,52.4,55.14,39.09,52.38,52.51,42.23,56.25,46.63,31.07,45.51,36.83,43.39,47.37,51.61,53.36,54.66,47.43,54.6,56.0,45.36,47.38,47.06,45.88,46.82,43.65,48.85,48.25
2019-01-04 08:35:00,28.83,33.78,37.08,37.29,50.35,53.79,52.39,55.13,39.09,52.37,52.5,42.22,56.25,46.62,31.06,45.5,36.82,43.38,47.36,51.6,53.36,54.65,47.42,54.59,55.99,45.35,47.37,47.05,45.87,46.81,43.65,48.84,48.25
2019-01-04 08:40:00,28.82,33.77,37.07,37.28,50.35,53.78,52.38,55.13,39.09,52.36,52.49,42.22,56.24,46.61,31.06,45.49,36.81,43.37,47.36,51.6,53.35,54.64,47.41,54.59,55.98,45.35,47.36,47.04,45.87,46.81,43.65,48.84,48.24
2019-01-04 08:45:00,28.81,33.76,37.06,37.28,50.34,53.77,52.37,55.12,39.09,52.35,52.49,42.21,56.24,46.6,31.05,45.49,36.8,43.36,47.35,51.6,53.35,54.64,47.41,54.58,55.97,45.34,47.35,47.04,45.86,46.8,43.65,48.83,48.24
2019-01-04 08:50:00,28.8,33.75,37.05,37.27,50.34,53.77,52.37,55.11,39.09,52.34,52.48,42.21,56.23,46.6,31.04,45.48,36.8,43.36,47.35,51.59,53.34,54.63,47.4,54.57,55.97,45.33,47.35,47.03,45.86,46.8,43.64,48.83,48.24
2019-01-04 08:55:00,28.79,33.74,37.04,37.27,50.34,53.77,52.36,55.11,39.09,52.34,52.48,42.21,56.23,46.59,31.04,45.48,36.79,43.35,47.35,51.59,53.34,54.63,47.4,54.57,55.96,45.33,47.34,47.03,45.86,46.79,43.64,48.82,48.23
2019-01-04 09:00:00,28.77,33.73,37.03,37.26,50.33,53.76,52.36,55.1,39.09,52.33,52.47,42.21,56.22,46.59,31.03,45.47,36.79,43.35,47.34,51.59,53.34,54.62,47.39,54.57,55.96,45.33,47.34,47.03,45.85,46.79,43.64,48.82,48.23
2019-01-04 09:05:00,28.76,33.71,37.01,37.26,50.33,53.76,52.35,55.1,39.09,52.33,52.47,42.2,56.22,46.58,31.03,45.47,36.78,43.34,47.34,51.59,53.33,54.62,47.39,54.56,55.95,45.32,47.33,47.02,45.85,46.79,43.64,48.82,48.23
2019-01-04 09:10:00,28.75,33.7,37.0,37.25,50.33,53.75,52.35,55.09,39.09,52.32,52.46,42.2,56.22,46.58,31.02,45.46,36.78,43.34,47.34,51.59,53.33,54.62,47.38,54.56,55.95,45.32,47.33,47.02,45.85,46.78,43.64,48.81,48.23
2019-01-04 09:15:00,28.74,33.69,36.99,37.25,50.33,53.75,52.35,55.09,39.09,52.32,52.46,42.2,56.21,46.57,31.02,45.46,36.77,43.33,47.33,51.58,53.33,54.61,47.38,54.55,55.94,45.31,47.33,47.01,45.85,46.78,43.64,48.81,48.22
2019-01-04 09:20:00,28.73,33.68,36.98,37.24,50.32,53.75,52.34,55.09,39.09,52.31,52.46,42.2,56.21,46.57,31.01,45.45,36.77,43.33,47.33,51.58,53.32,54.61,47.38,54.55,55.94,45.31,47.32,47.01,45.84,46.78,43.63,48.81,48.22
2019-01-04 09:25:00,28.72,33.67,36.97,37.24,50.32,53.75,52.34,55.08,39.09,52.31,52.46,42.2,56.21,46.57,31.01,45.45,36.77,43.33,47.33,51.58,53.32,54.61,47.37,54.55,55.93,45.31,47.32,47.01,45.84,46.77,43.63,48.8,48.22
2019-01-04 09:30:00,28.71,33.66,36.96,37.24,50.32,53.74,52.34,55.08,39.09,52.31,52.45,42.19,56.21,46.56,31.01,45.45,36.76,43.33,47.33,51.58,53.32,54.6,47.37,54.55,55.93,45.31,47.32,47.01,45.84,46.77,43.63,48.8,48.22
2019-01-04 09:35:00,28.7,33.65,36.95,37.24,50.32,53.74,52.34,55.08,39.09,52.31,52.45,42.19,56.21,46.56,31.01,45.45,36.76,43.32,47.33,51.58,53.32,54.6,47.37,54.54,55.93,45.31,47.32,47.01,45.84,46.77,43.63,48.8,48.22
2019-01-04 09:40:00,28.68,33.64,36.94,37.24,50.32,53.74,52.33,55.08,39.09,52.3,52.45,42.19,56.21,46.56,31.01,45.45,36.76,43.32,47.33,51.58,53.32,54.6,47.37,54.54,55.93,45.31,47.32,47.01,45.84,46.77,43.63,48.8,48.22
2019-01-04 09:45:00,28.67,33.62,36.92,37.24,50.32,53.74,52.33,55.08,39.09,52.3,52.45,42.19,56.2,46.56,31.01,45.45,36.76,43.32,47.33,51.58,53.32,54.6,47.37,54.54,55.93,45.31,47.32,47.01,45.84,46.77,43.63,48.8,48.22
2019-01-04 09:50:00,28.66,33.61,36.91,37.23,50.32,53.74,52.33,55.08,39.09,52.3,52.45,42.19,56.2,46.56,31.01,45.45,36.76,43.32,47.33,51.58,53.32,54.6,47.37,54.54,55.93,45.31,47.32,47.01,45.84,46.77,43.63,48.8,48.22
2019-01-04 09:55:00,28.65,33.6,36.9,37.23,50.32,53.74,52.33,55.08,39.09,52.3,52.45,42.19,56.2,46.56,31.0,45.45,36.76,43.32,47.33,51.58,53.32,54.6,47.37,54.54,55.93,45.3,47.32,47.01,45.84,46.77,43.63,48.8,48.22
2019-01-04 10:00:00,28.64,33.59,36.89,37.23,50.32,53.74,52.33,55.08,39.09,52.3,52.45,42.19,56.2,46.56,31.0,45.45,36.76,43.32,47.32,51.58,53.32,54.6,47.37,54.54,55.93,45.3,47.31,47.01,45.84,46.77,43.63,48.8,48.22
2019-01-04 10:05:00,28.63,33.58,36.88,37.23,50.31,53.74,52.33,55.08,39.09,52.3,52.45,42.19,56.2,46.56,31.0,45.44,36.76,43.32,47.32,51.58,53.31,54.6,47.37,54.54,55.93,45.3,47.31,47.0,45.84,46.77,43.63,48.8,48.22
2019-01-04 10:10:00,28.62,33.57,36.87,37.23,50.31,53.74,52.33,55.07,39.09,52.3,52.45,42.19,56.2,46.56,31.0,45.44,36.76,43.32,47.32,51.58,53.31,54.6,47.37,54.54,55.93,45.3,47.31,47.0,45.84,46.77,43.63,48.8,48.21
2019-01-04 10:15:00,28.61,33.56,36.86,37.23,50.31,53.73,52.33,55.07,39.09,52.3,52.45,42.19,56.2,46.56,31.0,45.44,36.76,43.32,47.32,51.58,53.31,54.6,47.36,54.54,55.92,45.3,47.31,47.0,45.84,46.77,43.63,48.8,48.21
2019-01-04 10:20:00,28.6,33.55,36.85,37.23,50.31,53.73,52.33,55.07,39.09,52.29,52.45,42.19,56.2,46.56,31.0,45.44,36.76,43.32,47.32,51.58,53.31,54.59,47.36,54.54,55.92,45.3,47.31,47.0,45.84,46.77,43.63,48.8,48.21
2019-01-04 10:25:00,28.59,33.54,36.84,37.23,50.31,53.73,52.33,55.07,39.09,52.29,52.45,42.19,56.2,46.56,31.0,45.44,36.76,43.32,47.32,51.58,53.31,54.59,47.36,54.54,55.92,45.3,47.31,47.0,45.84,46.77,43.63,48.8,48.21
2019-01-04 10:30:00,28.58,33.53,36.83,37.23,50.31,53.73,52.33,55.07,39.08,52.29,52.45,42.19,56.2,46.56,31.0,45.44,36.76,43.32,47.32,51.57,53.31,54.59,47.36,54.54,55.92,45.3,47.31,47.0,45.84,46.77,43.63,48.8,48.21
2019-01-04 10:35:00,28.57,33.52,36.82,37.23,50.31,53.73,52.33,55.07,39.08,52.29,52.45,42.19,56.2,46.56,31.0,45.44,36.76,43.32,47.32,51.57,53.31,54.59,47.36,54.54,55.92,45.3,47.31,47.0,45.84,46.77,43.63,48.8,48.21
2019-01-04 10:40:00,28.56,33.51,36.81,37.23,50.31,53.73,52.33,55.07,39.08,52.29,52.45,42.19,56.2,46.56,31.0,45.44,36.76,43.32,47.32,51.57,53.31,54.59,47.36,54.54,55.92,45.3,47.31,47.0,45.84,46.77,43.63,48.8,48.21
2019-01-04 10:45:00,28.55,33.5,36.79,37.23,50.31,53.73,52.33,55.07,39.08,52.29,52.45,42.19,56.2,46.56,31.0,45.44,36.76,43.32,47.32,51.57,53.31,54.59,47.36,54.54,55.92,45.3,47.31,47.0,45.84,46.77,43.63,48.8,48.22
2019-01-04 10:50:00,28.53,33.48,36.78,37.23,50.31,53.73,52.33,55.07,39.08,52.29,52.45,42.19,56.2,46.56,31.0,45.44,36.76,43.32,47.32,51.57,53.31,54.59,47.36,54.54,55.92,45.3,47.31,47.0,45.84,46.77,43.63,48.8,48.22
2019-01-04 10:55:00,28.52,33.47,36.77,37.23,50.31,53.73,52.33,55.07,39.08,52.29,52.45,42.19,56.2,46.56,31.0,45.44,36.76,43.32,47.32,51.57,53.31,54.59,47.36,54.54,55.92,45.3,47.31,47.0,45.84,46.77,43.63,48.8,48.22
2019-01-04 11:00:00,28.51,33.46,36.76,37.23,50.31,53.73,52.33,55.07,39.08,52.29,52.45,42.19,56.2,46.56,31.0,45.44,36.76,43.32,47.32,51.57,53.31,54.59,47.36,54.54,55.92,45.3,47.31,47.0,45.84,46.77,43.63,48.8,48.22
2019-01-04 11:05:00,28.5,33.45,36.75,37.23,50.31,53.73,52.33,55.07,39.08,52.29,52.45,42.19,56.2,46.56,31.0,45.44,36.76,43.32,47.32,51.58,53.31,54.59,47.37,54.54,55.92,45.3,47.31,47.01,45.84,46.77,43.63,48.8,48.22
2019-01-04 11:10:00,28.49,33.44,36.74,37.23,50.31,53.73,52.33,55.07,39.08,52.29,52.45,42.19,56.2,46.56,31.0,45.44,36.76,43.32,47.32,51.58,53.31,54.59,47.37,54.54,55.93,45.3,47.31,47.01,45.84,46.77,43.63,48.8,48.22
2019-01-04 11:15:00,28.48,33.43,36.73,37.23,50.31,53.73,52.33,55.08,39.08,52.29,52.45,42.19,56.2,46.56,31.01,45.45,36.76,43.32,47.32,51.58,53.31,54.59,47.37,54.54,55.93,45.3,47.32,47.01,45.84,46.77,43.63,48.8,48.22
2019-01-04 11:20:00,28.47,33.42,36.72,37.23,50.31,53.73,52.33,55.08,39.08,52.3,52.46,42.2,56.2,46.56,31.01,45.45,36.76,43.32,47.32,51.58,53.31,54.6,47.37,54.54,55.93,45.31,47.32,47.01,45.84,46.77,43.63,48.8,48.22
2019-01-04 11:25:00,28.46,33.41,36.71,37.24,50.31,53.74,52.34,55.08,39.08,52.3,52.46,42.2,56.2,46.56,31.01,45.45,36.76,43.32,47.32,51.58,53.32,54.6,47.37,54.54,55.93,45.31,47.32,47.01,45.84,46.78,43.63,48.81,48.22
2019-01-04 11:30:00,28.45,33.4,36.7,37.24,50.32,53.74,52.34,55.08,39.08,52.3,52.46,42.2,56.2,46.57,31.01,45.45,36.77,43.33,47.33,51.58,53.32,54.6,47.37,54.54,55.93,45.31,47.32,47.01,45.85,46.78,43.64,48.81,48.22
2019-01-04 11:35:00,28.44,33.39,36.69,37.24,50.32,53.74,52.34,55.08,39.08,52.3,52.46,42.2,56.21,46.57,31.02,45.45,36.77,43.33,47.33,51.58,53.32,54.6,47.38,54.54,55.94,45.31,47.32,47.02,45.85,46.78,43.64,48.81,48.22
2019-01-04 11:40:00,28.43,33.38,36.68,37.24,50.32,53.74,52.34,55.09,39.08,52.3,52.46,42.2,56.21,46.57,31.02,45.46,36.77,43.33,47.33,51.58,53.32,54.6,47.38,54.55,55.94,45.31,47.33,47.02,45.85,46.78,43.64,48.81,48.23
2019-01-04 11:45:00,28.42,33.37,36.67,37.25,50.32,53.74,52.35,55.09,39.08,52.31,52.47,42.2,56.21,46.57,31.02,45.46,36.77,43.33,47.33,51.58,53.32,54.6,47.38,54.55,55.94,45.32,47.33,47.02,45.85,46.79,43.64,48.82,48.23
2019-01-04 11:50:00,28.41,33.36,36.66,37.25,50.32,53.74,52.35,55.09,39.08,52.31,52.47,42.21,56.21,46.58,31.02,45.46,36.78,43.34,47.33,51.58,53.32,54.61,47.38,54.55,55.94,45.32,47.33,47.02,45.85,46.79,43.64,48.82,48.23
2019-01-04 11:55:00,28.4,33.35,36.65,37.25,50.32,53.75,52.35,55.1,39.08,52.31,52.47,42.21,56.22,46.58,31.03,45.47,36.78,43.34,47.33,51.58,53.33,54.61,47.39,54.55,55.95,45.32,47.34,47.03,45.86,46.79,43.64,48.82,48.23
2019-01-04 12:00:00,28.39,33.34,36.64,37.26,50.33,53.75,52.36,55.1,39.08,52.32,52.48,42.21,56.22,46.58,31.03,45.47,36.78,43.35,47.34,51.59,53.33,54.61,47.39,54.56,55.95,45.32,47.34,47.03,45.86,46.79,43.64,48.82,48.23
2019-01-04 12:05:00,28.38,33.33,36.63,37.26,50.33,53.75,52.36,55.1,39.08,52.32,52.48,42.21,56.22,46.59,31.04,45.47,36.79,43.35,47.34,51.59,53.33,54.61,47.39,54.56,55.95,45.33,47.34,47.03,45.86,46.8,43.64,48.83,48.24
2019-01-04 12:10:00,28.37,33.32,36.62,37.27,50.33,53.75,52.36,55.11,39.08,52.32,52.48,42.21,56.22,46.59,31.04,45.48,36.79,43.35,47.34,51.59,53.33,54.62,47.4,54.56,55.96,45.33,47.35,47.03,45.86,46.8,43.64,48.83,48.24
2019-01-04 12:15:00,28.36,33.31,36.61,37.27,50.33,53.76,52.37,55.11,39.08,52.33,52.49,42.22,56.23,46.59,31.04,45.48,36.8,43.36,47.34,51.59,53.34,54.62,47.4,54.57,55.96,45.33,47.35,47.04,45.87,46.8,43.65,48.83,48.24
2019-01-04 12:20:00,28.35,33.3,36.6,37.27,50.33,53.76,52.37,55.11,39.08,52.33,52.49,42.22,56.23,46.6,31.05,45.48,36.8,43.36,47.34,51.59,53.34,54.62,47.4,54.57,55.96,45.34,47.35,47.04,45.87,46.8,43.65,48.84,48.24
2019-01-04 12:25:00,28.34,33.29,36.59,37.27,50.34,53.76,52.37,55.11,39.08,52.33,52.49,42.22,56.23,46.6,31.05,45.48,36.8,43.36,47.35,51.59,53.34,54.62,47.4,54.57,55.97,45.34,47.35,47.04,45.87,46.81,43.65,48.84,48.24
2019-01-04 12:30:00,28.33,33.28,36.58,37.28,50.34,53.76,52.37,55.12,39.08,52.34,52.49,42.22,56.23,46.6,31.05,45.49,36.8,43.36,47.35,51.59,53.34,54.63,47.41,54.57,55.97,45.34,47.36,47.04,45.87,46.81,43.65,48.84,48.25
2019-01-04 12:35:00,28.32,33.27,36.57,37.28,50.34,53.76,52.37,55.12,39.08,52.34,52.49,42.22,56.23,46.6,31.05,45.49,36.8,43.36,47.35,51.59,53.34,54.63,47.41,54.57,55.97,45.34,47.36,47.05,45.87,46.81,43.65,48.84,48.25
2019-01-04 12:40:00,28.31,33.26,36.55,37.28,50.34,53.76,52.38,55.12,39.08,52.34,52.49,42.22,56.23,46.6,31.05,45.49,36.81,43.37,47.35,51.59,53.34,54.63,47.41,54.57,55.97,45.34,47.36,47.05,45.87,46.81,43.65,48.84,48.25
2019-01-04 12:45:00,28.3,33.25,36.54,37.28,50.34,53.76,52.38,55.12,39.08,52.34,52.5,42.22,56.23,46.6,31.06,45.49,36.81,43.37,47.35,51.6,53.34,54.63,47.41,54.57,55.97,45.34,47.36,47.05,45.87,46.81,43.65,48.84,48.25
2019-01-04 12:50:00,28.29,33.24,36.53,37.28,50.34,53.77,52.38,55.12,39.08,52.34,52.5,42.22,56.23,46.61,31.06,45.49,36.81,43.37,47.35,51.6,53.34,54.63,47.41,54.58,55.97,45.34,47.36,47.05,45.87,46.81,43.65,48.84,48.25
2019-01-04 12:55:00,28.28,33.23,36.52,37.28,50.34,53.77,52.38,55.12,39.08,52.34,52.5,42.22,56.24,46.61,31.06,45.49,36.81,43.37,47.35,51.6,53.35,54.63,47.41,54.58,55.98,45.35,47.36,47.05,45.88,46.81,43.65,48.85,48.25
2019-01-04 13:00:00,28.27,33.22,36.51,37.29,50.34,53.77,52.38,55.13,39.08,52.35,52.5,42.23,56.24,46.61,31.06,45.5,36.81,43.37,47.35,51.6,53.35,54.63,47.42,54.58,55.98,45.35,47.37,47.05,45.88,46.82,43.65,48.85,48.25
2019-01-04 13:05:00,28.26,33.21,36.5,37.29,50.35,53.77,52.39,55.13,39.08,52.35,52.5,42.23,56.24,46.61,31.07,45.5,36.82,43.38,47.36,51.6,53.35,54.64,47.42,54.58,55.98,45.35,47.37,47.06,45.88,46.82,43.65,48.85,48.25
2019-01-04 13:10:00,28.25,33.2,36.49,37.29,50.35,53.77,52.39,55.13,39.08,52.35,52.51,42.23,56.24,46.62,31.07,45.5,36.82,43.38,47.36,51.6,53.35,54.64,47.42,54.59,55.99,45.35,47.37,47.06,45.88,46.82,43.65,48.85,48.26
2019-01-04 13:15:00,28.24,33.19,36.48,37.3,50.35,53.78,52.39,55.14,39.08,52.36,52.51,42.23,56.25,46.62,31.08,45.51,36.83,43.39,47.36,51.6,53.35,54.64,47.43,54.59,55.99,45.36,47.38,47.06,45.89,46.83,43.66,48.86,48.26
2019-01-04 13:20:00,28.23,33.18,36.47,37.3,50.35,53.78,52.4,55.14,39.08,52.36,52.52,42.24,56.25,46.63,31.08,45.51,36.83,43.39,47.36,51.61,53.36,54.65,47.43,54.59,56.0,45.36,47.38,47.07,45.89,46.83,43.66,48.86,48.26
2019-01-04 13:25:00,28.22,33.17,36.47,37.31,50.36,53.78,52.41,55.15,39.08,52.37,52.52,42.24,56.26,46.64,31.09,45.52,36.84,43.4,47.37,51.61,53.36,54.65,47.44,54.6,56.0,45.37,47.39,47.07,45.89,46.84,43.66,48.87,48.27
2019-01-04 13:30:00,28.21,33.16,36.46,37.32,50.36,53.79,52.41,55.16,39.08,52.38,52.53,42.24,56.26,46.64,31.1,45.52,36.84,43.4,47.37,51.61,53.37,54.66,47.44,54.6,56.01,45.37,47.4,47.08,45.9,46.84,43.66,48.87,48.27
2019-01-04 13:35:00,28.2,33.15,36.45,37.33,50.37,53.79,52.42,55.16,39.08,52.38,52.54,42.25,56.27,46.65,31.11,45.53,36.85,43.41,47.38,51.61,53.37,54.66,47.45,54.61,56.02,45.38,47.4,47.09,45.9,46.85,43.67,48.88,48.28
2019-01-04 13:40:00,28.19,33.14,36.44,37.33,50.37,53.8,52.43,55.17,39.08,52.39,52.54,42.25,56.27,46.66,31.11,45.54,36.86,43.42,47.38,51.62,53.38,54.67,47.46,54.62,56.02,45.39,47.41,47.09,45.91,46.85,43.67,48.89,48.28
2019-01-04 13:45:00,28.19,33.13,36.43,37.34,50.38,53.81,52.44,55.18,39.08,52.4,52.55,42.26,56.28,46.67,31.12,45.55,36.87,43.43,47.39,51.62,53.38,54.67,47.47,54.62,56.03,45.39,47.42,47.1,45.91,46.86,43.67,48.89,48.29
2019-01-04 13:50:00,28.18,33.12,36.42,37.35,50.38,53.81,52.44,55.19,39.08,52.41,52.56,42.26,56.28,46.67,31.13,45.55,36.88,43.43,47.39,51.62,53.39,54.68,47.47,54.63,56.04,45.4,47.43,47.1,45.92,46.87,43.67,48.9,48.29
2019-01-04 13:55:00,28.17,33.12,36.41,37.36,50.38,53.82,52.45,55.19,39.08,52.41,52.56,42.27,56.29,46.68,31.14,45.56,36.88,43.44,47.4,51.63,53.39,54.69,47.48,54.64,56.05,45.41,47.43,47.11,45.92,46.87,43.68,48.91,48.3
2019-01-04 14:00:00,28.16,33.11,36.4,37.36,50.39,53.82,52.46,55.2,39.08,52.42,52.57,42.27,56.29,46.69,31.15,45.57,36.89,43.45,47.4,51.63,53.4,54.69,47.49,54.64,56.05,45.41,47.44,47.12,45.93,46.88,43.68,48.91,48.3
2019-01-04 14:05:00,28.15,33.1,36.39,37.37,50.39,53.83,52.46,55.21,39.08,52.43,52.57,42.27,56.3,46.69,31.15,45.57,36.9,43.46,47.4,51.63,53.4,54.7,47.49,54.65,56.06,45.42,47.45,47.12,45.93,46.88,43.68,48.92,48.3
2019-01-04 14:10:00,28.14,33.09,36.38,37.38,50.4,53.83,52.47,55.21,39.09,52.43,52.58,42.28,56.3,46.7,31.16,45.58,36.9,43.46,47.41,51.63,53.41,54.7,47.5,54.65,56.07,45.42,47.45,47.13,45.94,46.89,43.68,48.92,48.31
2019-01-04 14:15:00,28.13,33.08,36.37,37.38,50.4,53.83,52.47,55.22,39.09,52.44,52.58,42.28,56.31,46.71,31.17,45.59,36.91,43.47,47.41,51.64,53.41,54.71,47.5,54.66,56.07,45.43,47.46,47.13,45.94,46.89,43.69,48.93,48.31
2019-01-04 14:20:00,28.12,33.07,36.36,37.39,50.4,53.84,52.48,55.22,39.09,52.44,52.59,42.28,56.31,46.71,31.17,45.59,36.91,43.47,47.41,51.64,53.41,54.71,47.51,54.66,56.08,45.43,47.46,47.14,45.94,46.9,43.69,48.93,48.32
2019-01-04 14:25:00,28.12,33.06,36.36,37.39,50.41,53.84,52.48,55.23,39.09,52.45,52.59,42.29,56.31,46.72,31.18,45.59,36.92,43.48,47.42,51.64,53.42,54.71,47.51,54.67,56.08,45.44,47.47,47.14,45.95,46.9,43.69,48.94,48.32
2019-01-04 14:30:00,28.11,33.05,36.35,37.4,50.41,53.84,52.49,55.23,39.09,52.46,52.6,42.29,56.32,46.72,31.18,45.6,36.93,43.48,47.42,51.64,53.42,54.72,47.52,54.67,56.09,45.44,47.47,47.15,45.95,46.91,43.69,48.94,48.32
2019-01-04 14:35:00,28.1,33.05,36.34,37.41,50.41,53.85,52.5,55.24,39.09,52.46,52.6,42.29,56.32,46.73,31.19,45.61,36.93,43.49,47.42,51.65,53.42,54.72,47.53,54.68,56.1,45.45,47.48,47.15,45.96,46.91,43.69,48.95,48.33
2019-01-04 14:40:00,28.09,33.04,36.33,37.41,50.42,53.85,52.51,55.25,39.09,52.47,52.61,42.3,56.33,46.74,31.2,45.61,36.94,43.5,47.43,51.65,53.43,54.73,47.53,54.68,56.1,45.45,47.49,47.16,45.96,46.92,43.7,48.95,48.33
2019-01-04 14:45:00,28.08,33.03,36.32,37.42,50.42,53.86,52.52,55.26,39.09,52.48,52.62,42.31,56.34,46.75,31.21,45.62,36.95,43.51,47.44,51.65,53.44,54.74,47.54,54.69,56.11,45.46,47.5,47.17,45.97,46.93,43.7,48.96,48.34
2019-01-04 14:50:00,28.08,33.02,36.31,37.44,50.43,53.87,52.53,55.27,39.09,52.49,52.63,42.31,56.34,46.76,31.22,45.63,36.96,43.52,47.44,51.66,53.44,54.74,47.55,54.7,56.12,45.47,47.51,47.18,45.98,46.94,43.7,48.97,48.35
2019-01-04 14:55:00,28.07,33.01,36.31,37.45,50.44,53.88,52.54,55.28,39.09,52.5,52.64,42.32,56.35,46.77,31.24,45.65,36.97,43.53,47.45,51.66,53.45,54.75,47.56,54.71,56.14,45.48,47.52,47.19,45.99,46.95,43.71,48.98,48.35
2019-01-04 15:00:00,28.06,33.01,36.3,37.46,50.44,53.89,52.55,55.29,39.09,52.51,52.65,42.33,56.36,46.78,31.25,45.66,36.99,43.54,47.46,51.67,53.46,54.76,47.57,54.72,56.15,45.49,47.53,47.2,45.99,46.96,43.71,48.99,48.36
2019-01-04 15:05:00,28.05,33.0,36.29,37.47,50.45,53.89,52.56,55.3,39.09,52.53,52.66,42.33,56.37,46.79,31.26,45.67,37.0,43.56,47.46,51.67,53.47,54.77,47.59,54.73,56.16,45.5,47.54,47.21,46.0,46.97,43.72,49.0,48.37
2019-01-04 15:10:00,28.05,32.99,36.28,37.48,50.46,53.9,52.57,55.31,39.09,52.54,52.67,42.34,56.38,46.8,31.27,45.68,37.01,43.57,47.47,51.68,53.47,54.78,47.59,54.74,56.17,45.51,47.55,47.22,46.01,46.97,43.72,49.01,48.37
2019-01-04 15:15:00,28.04,32.98,36.27,37.49,50.46,53.91,52.58,55.32,39.09,52.55,52.68,42.34,56.38,46.81,31.28,45.69,37.02,43.57,47.48,51.68,53.48,54.79,47.6,54.74,56.18,45.52,47.56,47.22,46.01,46.98,43.72,49.02,48.38
2019-01-04 15:20:00,28.03,32.98,36.27,37.5,50.47,53.91,52.59,55.33,39.09,52.55,52.68,42.35,56.39,46.82,31.29,45.69,37.02,43.58,47.48,51.68,53.48,54.79,47.61,54.75,56.18,45.52,47.56,47.23,46.02,46.99,43.73,49.02,48.38
2019-01-04 15:25:00,28.02,32.97,36.26,37.5,50.47,53.92,52.59,55.33,39.09,52.56,52.69,42.35,56.39,46.82,31.29,45.7,37.03,43.59,47.48,51.69,53.49,54.8,47.61,54.75,56.19,45.53,47.57,47.23,46.02,46.99,43.73,49.03,48.39
2019-01-04 15:30:00,28.01,32.96,36.25,37.51,50.47,53.92,52.59,55.33,39.09,52.56,52.69,42.35,56.39,46.83,31.3,45.7,37.03,43.59,47.48,51.69,53.49,54.8,47.62,54.76,56.19,45.53,47.57,47.23,46.02,46.99,43.73,49.03,48.39
2019-01-04 15:35:00,28.0,32.95,36.24,37.51,50.47,53.92,52.59,55.33,39.09,52.56,52.69,42.35,56.4,46.83,31.3,45.7,37.03,43.59,47.49,51.69,53.49,54.8,47.62,54.76,56.19,45.53,47.57,47.24,46.02,46.99,43.73,49.03,48.39
2019-01-04 15:40:00,28.0,32.94,36.23,37.51,50.47,53.92,52.6,55.34,39.09,52.56,52.69,42.35,56.4,46.83,31.3,45.7,37.03,43.59,47.49,51.69,53.49,54.8,47.62,54.76,56.19,45.53,47.57,47.24,46.02,46.99,43.73,49.03,48.39
2019-01-04 15:45:00,27.99,32.93,36.22,37.51,50.47,53.92,52.6,55.34,39.09,52.56,52.69,42.35,56.4,46.83,31.3,45.7,37.03,43.59,47.49,51.69,53.49,54.8,47.62,54.76,56.2,45.53,47.57,47.24,46.03,46.99,43.73,49.03,48.39
2019-01-04 15:50:00,27.98,32.92,36.21,37.51,50.47,53.92,52.6,55.34,39.09,52.56,52.69,42.35,56.4,46.83,31.3,45.7,37.04,43.59,47.49,51.69,53.49,54.8,47.62,54.76,56.2,45.53,47.57,47.24,46.03,46.99,43.73,49.03,48.39
2019-01-04 15:55:00,27.97,32.91,36.2,37.51,50.47,53.92,52.6,55.34,39.09,52.56,52.69,42.35,56.4,46.83,31.3,45.7,37.04,43.59,47.49,51.69,53.49,54.8,47.62,54.76,56.2,45.53,47.57,47.24,46.03,46.99,43.73,49.03,48.39
2019-01-04 16:00:00,27.96,32.9,36.19,37.51,50.47,53.92,52.6,55.34,39.09,52.57,52.69,42.35,56.4,46.83,31.3,45.7,37.04,43.59,47.49,51.69,53.49,54.8,47.62,54.76,56.2,45.53,47.57,47.24,46.03,46.99,43.73,49.03,48.39
2019-01-04 16:05:00,27.95,32.89,36.18,37.51,50.47,53.92,52.6,55.34,39.09,52.57,52.69,42.35,56.4,46.83,31.3,45.7,37.04,43.59,47.49,51.69,53.49,54.8,47.62,54.76,56.2,45.53,47.57,47.24,46.03,46.99,43.73,49.03,48.39
2019-01-04 16:10:00,27.94,32.89,36.18,37.51,50.47,53.92,52.6,55.34,39.09,52.56,52.69,42.35,56.4,46.83,31.3,45.7,37.04,43.59,47.49,51.69,53.49,54.8,47.62,54.76,56.2,45.53,47.57,47.24,46.02,46.99,43.73,49.03,48.39
2019-01-04 16:15:00,27.93,32.88,36.17,37.51,50.47,53.92,52.6,55.34,39.09,52.56,52.69,42.35,56.4,46.83,31.3,45.7,37.03,43.59,47.49,51.69,53.49,54.8,47.62,54.76,56.19,45.53,47.57,47.24,46.02,46.99,43.73,49.03,48.39
2019-01-04 16:20:00,27.92,32.87,36.16,37.51,50.47,53.92,52.59,55.33,39.09,52.56,52.69,42.35,56.39,46.83,31.3,45.7,37.03,43.59,47.49,51.69,53.49,54.8,47.62,54.76,56.19,45.53,47.57,47.23,46.02,46.99,43.73,49.03,48.39
2019-01-04 16:25:00,27.91,32.86,36.15,37.5,50.47,53.92,52.59,55.33,39.09,52.56,52.69,42.35,56.39,46.82,31.29,45.7,37.03,43.59,47.48,51.69,53.49,54.8,47.61,54.75,56.19,45.53,47.57,47.23,46.02,46.99,43.73,49.03,48.39
2019-01-04 16:30:00,27.9,32.85,36.14,37.5,50.47,53.92,52.59,55.33,39.09,52.56,52.68,42.35,56.39,46.82,31.29,45.69,37.03,43.58,47.48,51.69,53.49,54.8,47.61,54.75,56.19,45.53,47.56,47.23,46.02,46.99,43.73,49.02,48.38
2019-01-04 16:35:00,27.89,32.84,36.13,37.5,50.47,53.91,52.58,55.32,39.09,52.55,52.68,42.35,56.39,46.82,31.29,45.69,37.02,43.58,47.48,51.68,53.48,54.79,47.61,54.75,56.18,45.52,47.56,47.23,46.02,46.98,43.73,49.02,48.38
2019-01-04 16:40:00,27.88,32.83,36.12,37.49,50.47,53.91,52.58,55.32,39.09,52.55,52.68,42.34,56.39,46.81,31.28,45.69,37.02,43.58,47.48,51.68,53.48,54.79,47.6,54.75,56.18,45.52,47.56,47.22,46.01,46.98,43.72,49.02,48.38
2019-01-04 16:45:00,27.87,32.82,36.11,37.49,50.46,53.91,52.58,55.32,39.09,52.55,52.67,42.34,56.38,46.81,31.28,45.68,37.02,43.57,47.48,51.68,53.48,54.79,47.6,54.74,56.18,45.52,47.55,47.22,46.01,46.98,43.72,49.01,48.38
2019-01-04 16:50:00,27.86,32.81,36.1,37.49,50.46,53.91,52.57,55.31,39.09,52.54,52.67,42.34,56.38,46.81,31.28,45.68,37.01,43.57,47.47,51.68,53.48,54.79,47.6,54.74,56.17,45.51,47.55,47.22,46.01,46.97,43.72,49.01,48.38
2019-01-04 16:55:00,27.85,32.8,36.09,37.48,50.46,53.9,52.57,55.31,39.09,52.54,52.67,42.34,56.38,46.8,31.27,45.68,37.01,43.57,47.47,51.68,53.47,54.78,47.6,54.74,56.17,45.51,47.55,47.21,46.01,46.97,43.72,49.01,48.37
2019-01-04 17:00:00,27.84,32.79,36.08,37.48,50.46,53.9,52.57,55.31,39.09,52.54,52.67,42.33,56.38,46.8,31.27,45.67,37.0,43.56,47.47,51.68,53.47,54.78,47.59,54.74,56.17,45.51,47.54,47.21,46.0,46.97,43.72,49.01,48.37
2019-01-04 17:05:00,27.83,32.77,36.07,37.47,50.46,53.9,52.56,55.3,39.09,52.53,52.66,42.33,56.37,46.8,31.26,45.67,37.0,43.56,47.47,51.68,53.47,54.78,47.59,54.73,56.16,45.5,47.54,47.21,46.0,46.97,43.72,49.0,48.37
2019-01-04 17:10:00,27.82,32.76,36.06,37.47,50.45,53.9,52.56,55.3,39.09,52.53,52.66,42.33,56.37,46.79,31.26,45.67,37.0,43.55,47.47,51.67,53.47,54.77,47.58,54.73,56.16,45.5,47.54,47.2,46.0,46.96,43.72,49.0,48.37
2019-01-04 17:15:00,27.81,32.75,36.05,37.47,50.45,53.89,52.56,55.3,39.09,52.53,52.66,42.33,56.37,46.79,31.26,45.66,36.99,43.55,47.46,51.67,53.46,54.77,47.58,54.73,56.15,45.5,47.53,47.2,46.0,46.96,43.72,49.0,48.36
2019-01-04 17:20:00,27.8,32.74,36.04,37.46,50.45,53.89,52.55,55.29,39.09,52.52,52.65,42.33,56.36,46.78,31.25,45.66,36.99,43.55,47.46,51.67,53.46,54.77,47.58,54.72,56.15,45.49,47.53,47.2,45.99,46.96,43.71,48.99,48.36
2019-01-04 17:25:00,27.79,32.73,36.03,37.46,50.45,53.89,52.55,55.29,39.09,52.52,52.65,42.32,56.36,46.78,31.25,45.66,36.99,43.54,47.46,51.67,53.46,54.77,47.57,54.72,56.15,45.49,47.53,47.19,45.99,46.95,43.71,48.99,48.36
2019-01-04 17:30:00,27.78,32.72,36.02,37.46,50.44,53.89,52.55,55.29,39.09,52.51,52.65,42.32,56.36,46.78,31.24,45.65,36.98,43.54,47.46,51.67,53.46,54.76,47.57,54.72,56.14,45.49,47.52,47.19,45.99,46.95,43.71,48.99,48.36
2019-01-04 17:35:00,27.77,32.71,36.01,37.45,50.44,53.88,52.54,55.28,39.09,52.51,52.64,42.32,56.36,46.77,31.24,45.65,36.98,43.54,47.45,51.67,53.46,54.76,47.57,54.71,56.14,45.49,47.52,47.19,45.99,46.95,43.71,48.98,48.35
2019-01-04 17:40:00,27.76,32.7,36.0,37.45,50.44,53.88,52.54,55.28,39.09,52.51,52.64,42.32,56.36,46.77,31.24,45.65,36.98,43.53,47.45,51.66,53.45,54.76,47.56,54.71,56.14,45.48,47.52,47.19,45.98,46.94,43.71,48.98,48.35
2019-01-04 17:45:00,27.75,32.69,35.98,37.45,50.44,53.88,52.54,55.28,39.09,52.51,52.64,42.32,56.35,46.77,31.23,45.64,36.97,43.53,47.45,51.66,53.45,54.76,47.56,54.71,56.13,45.48,47.51,47.18,45.98,46.94,43.71,48.98,48.35
2019-01-04 17:50:00,27.74,32.68,35.97,37.44,50.44,53.88,52.53,55.28,39.09,52.5,52.63,42.31,56.35,46.77,31.23,45.64,36.97,43.53,47.45,51.66,53.45,54.75,47.56,54.71,56.13,45.48,47.51,47.18,45.98,46.94,43.71,48.98,48.35
2019-01-04 17:55:00,27.72,32.67,35.96,37.44,50.44,53.88,52.53,55.27,39.09,52.5,52.63,42.31,56.35,46.76,31.23,45.64,36.97,43.52,47.45,51.66,53.45,54.75,47.56,54.71,56.13,45.48,47.51,47.18,45.98,46.94,43.71,48.97,48.35
2019-01-04 18:00:00,27.71,32.66,35.95,37.44,50.43,53.87,52.53,55.27,39.09,52.5,52.63,42.31,56.35,46.76,31.22,45.64,36.96,43.52,47.45,51.66,53.45,54.75,47.55,54.7,56.13,45.47,47.51,47.18,45.98,46.94,43.7,48.97,48.34
2019-01-04 18:05:00,27.71,32.66,35.95,36.54,50.19,53.59,51.97,54.74,39.09,51.94,52.3,42.1,56.0,46.15,30.42,45.03,36.17,42.9,47.2,51.47,53.16,54.42,47.01,54.32,55.56,45.02,47.06,46.84,45.74,46.65,43.58,48.68,48.13
2019-01-04 18:10:00,27.72,32.66,35.96,36.53,50.19,53.59,51.97,54.74,39.09,51.94,52.3,42.1,56.0,46.14,30.41,45.02,36.17,42.9,47.2,51.47,53.16,54.41,47.01,54.31,55.56,45.02,47.06,46.83,45.74,46.64,43.58,48.67,48.12
2019-01-04 18:15:00,27.72,32.67,35.96,36.53,50.18,53.59,51.96,54.73,39.09,51.94,52.3,42.1,56.0,46.14,30.41,45.02,36.16,42.9,47.2,51.47,53.16,54.41,47.01,54.31,55.55,45.01,47.05,46.83,45.73,46.64,43.58,48.67,48.12
2019-01-04 18:20:00,27.73,32.68,35.97,36.52,50.18,53.59,51.96,54.73,39.09,51.93,52.29,42.09,56.0,46.14,30.4,45.01,36.16,42.89,47.19,51.46,53.16,54.41,47.0,54.31,55.55,45.01,47.05,46.83,45.73,46.64,43.58,48.67,48.12
2019-01-04 18:25:00,27.74,32.69,35.98,36.52,50.18,53.58,51.96,54.72,39.09,51.93,52.29,42.09,55.99,46.13,30.4,45.01,36.15,42.89,47.19,51.46,53.15,54.4,47.0,54.3,55.54,45.01,47.04,46.82,45.73,46.63,43.58,48.66,48.12
2019-01-04 18:30:00,27.75,32.69,35.99,36.51,50.18,53.58,51.95,54.72,39.09,51.92,52.29,42.09,55.99,46.13,30.39,45.01,36.15,42.88,47.19,51.46,53.15,54.4,47.0,54.3,55.54,45.01,47.04,46.82,45.73,46.63,43.57,48.66,48.11
2019-01-04 18:35:00,27.76,32.7,36.0,36.51,50.17,53.58,51.95,54.72,39.09,51.92,52.28,42.09,55.99,46.13,30.39,45.0,36.15,42.88,47.19,51.46,53.15,54.4,46.99,54.3,55.54,45.0,47.04,46.82,45.73,46.63,43.57,48.66,48.11
2019-01-04 18:40:00,27.76,32.71,36.0,36.51,50.17,53.58,51.95,54.72,39.09,51.92,52.28,42.09,55.99,46.12,30.39,45.0,36.14,42.88,47.19,51.46,53.15,54.4,46.99,54.3,55.54,45.0,47.04,46.82,45.72,46.63,43.57,48.66,48.11
2019-01-04 18:45:00,27.77,32.72,36.01,36.51,50.17,53.58,51.94,54.71,39.09,51.92,52.28,42.08,55.99,46.12,30.38,45.0,36.14,42.88,47.19,51.46,53.15,54.4,46.99,54.3,55.53,45.0,47.03,46.81,45.72,46.62,43.57,48.65,48.11
2019-01-04 18:50:00,27.78,32.73,36.02,36.5,50.17,53.58,51.94,54.71,39.09,51.92,52.28,42.08,55.98,46.12,30.38,45.0,36.14,42.87,47.18,51.46,53.15,54.39,46.99,54.29,55.53,45.0,47.03,46.81,45.72,46.62,43.57,48.65,48.11
2019-01-04 18:55:00,27.79,32.73,36.03,36.5,50.17,53.57,51.94,54.71,39.09,51.91,52.28,42.08,55.98,46.12,30.38,45.0,36.14,42.87,47.18,51.46,53.15,54.39,46.99,54.29,55.53,45.0,47.03,46.81,45.72,46.62,43.57,48.65,48.11
2019-01-04 19:00:00,27.79,32.74,36.04,36.5,50.17,53.57,51.94,54.71,39.09,51.91,52.28,42.08,55.98,46.12,30.38,44.99,36.14,42.87,47.18,51.46,53.15,54.39,46.98,54.29,55.53,44.99,47.03,46.81,45.72,46.62,43.57,48.65,48.11
2019-01-04 19:05:00,27.8,32.75,36.04,36.5,50.17,53.57,51.94,54.71,39.09,51.91,52.27,42.08,55.98,46.12,30.38,44.99,36.13,42.87,47.18,51.46,53.14,54.39,46.98,54.29,55.53,44.99,47.03,46.81,45.72,46.62,43.57,48.65,48.11
2019-01-04 19:10:00,27.81,32.76,36.05,36.5,50.17,53.57,51.94,54.71,39.09,51.91,52.27,42.08,55.98,46.12,30.38,44.99,36.13,42.87,47.18,51.46,53.14,54.39,46.98,54.29,55.53,44.99,47.03,46.81,45.72,46.62,43.57,48.65,48.1
2019-01-04 19:15:00,27.82,32.77,36.06,36.5,50.17,53.57,51.94,54.71,39.09,51.91,52.27,42.08,55.98,46.12,30.38,44.99,36.13,42.87,47.18,51.46,53.14,54.39,46.98,54.29,55.53,44.99,47.03,46.81,45.72,46.62,43.57,48.65,48.1
2019-01-04 19:20:00,27.83,32.77,36.07,36.5,50.17,53.57,51.94,54.71,39.09,51.91,52.27,42.08,55.98,46.12,30.38,44.99,36.13,42.87,47.18,51.46,53.14,54.39,46.98,54.29,55.53,44.99,47.03,46.81,45.72,46.62,43.57,48.65,48.1
2019-01-04 19:25:00,27.84,32.78,36.08,36.5,50.17,53.57,51.94,54.71,39.09,51.91,52.27,42.08,55.98,46.11,30.38,44.99,36.13,42.87,47.18,51.46,53.14,54.39,46.98,54.29,55.53,44.99,47.03,46.81,45.72,46.62,43.57,48.65,48.1
2019-01-04 19:30:00,27.84,32.79,36.09,36.5,50.17,53.57,51.94,54.71,39.09,51.91,52.27,42.08,55.98,46.11,30.38,44.99,36.13,42.87,47.18,51.46,53.14,54.39,46.98,54.29,55.53,44.99,47.03,46.81,45.72,46.62,43.57,48.65,48.1
2019-01-04 19:35:00,27.85,32.8,36.09,36.5,50.17,53.57,51.94,54.71,39.09,51.91,52.27,42.08,55.98,46.11,30.38,44.99,36.13,42.87,47.18,51.46,53.14,54.39,46.98,54.29,55.53,44.99,47.03,46.81,45.72,46.62,43.57,48.65,48.1
2019-01-04 19:40:00,27.86,32.81,36.1,36.5,50.17,53.57,51.94,54.71,39.09,51.91,52.27,42.08,55.98,46.11,30.37,44.99,36.13,42.87,47.18,51.46,53.14,54.39,46.98,54.29,55.52,44.99,47.02,46.81,45.71,46.62,43.57,48.65,48.1
2019-01-04 19:45:00,27.87,32.82,36.11,36.49,50.17,53.57,51.93,54.7,39.09,51.91,52.27,42.08,55.98,46.11,30.37,44.99,36.13,42.87,47.18,51.45,53.14,54.39,46.98,54.29,55.52,44.99,47.02,46.81,45.71,46.61,43.57,48.64,48.1
2019-01-04 19:50:00,27.88,32.82,36.12,36.49,50.17,53.57,51.93,54.7,39.09,51.91,52.27,42.08,55.98,46.11,30.37,44.99,36.13,42.86,47.18,51.45,53.14,54.39,46.98,54.29,55.52,44.99,47.02,46.8,45.71,46.61,43.57,48.64,48.1
2019-01-04 19:55:00,27.88,32.83,36.13,36.49,50.17,53.57,51.93,54.7,39.09,51.91,52.27,42.08,55.98,46.11,30.37,44.99,36.13,42.87,47.18,51.45,53.14,54.39,46.98,54.29,55.52,44.99,47.02,46.81,45.71,46.61,43.57,48.64,48.1
2019-01-04 20:00:00,27.89,32.84,36.13,36.5,50.17,53.57,51.94,54.71,39.09,51.91,52.27,42.08,55.98,46.11,30.37,44.99,36.13,42.87,47.18,51.46,53.14,54.39,46.98,54.29,55.52,44.99,47.03,46.81,45.71,46.62,43.57,48.65,48.1
2019-01-04 20:05:00,27.9,32.85,36.14,36.5,50.17,53.57,51.94,54.71,39.09,51.91,52.27,42.08,55.98,46.12,30.38,44.99,36.14,42.87,47.18,51.46,53.15,54.39,46.98,54.29,55.53,44.99,47.03,46.81,45.72,46.62,43.57,48.65,48.1
2019-01-04 20:10:00,27.91,32.86,36.15,36.51,50.17,53.58,51.94,54.71,39.09,51.92,52.28,42.08,55.99,46.12,30.38,45.0,36.14,42.88,47.19,51.46,53.15,54.4,46.99,54.3,55.53,45.0,47.03,46.81,45.72,46.62,43.57,48.65,48.11
2019-01-04 20:15:00,27.92,32.87,36.16,36.51,50.18,53.58,51.95,54.72,39.09,51.92,52.28,42.09,55.99,46.13,30.39,45.0,36.15,42.88,47.19,51.46,53.15,54.4,46.99,54.3,55.54,45.0,47.04,46.82,45.72,46.63,43.57,48.66,48.11
2019-01-04 20:20:00,27.93,32.88,36.17,36.52,50.18,53.59,51.96,54.72,39.09,51.93,52.29,42.09,55.99,46.13,30.4,45.01,36.15,42.89,47.19,51.46,53.16,54.41,47.0,54.3,55.54,45.01,47.04,46.82,45.73,46.63,43.57,48.66,48.11
2019-01-04 20:25:00,27.94,32.88,36.18,36.52,50.18,53.59,51.96,54.73,39.09,51.93,52.29,42.09,56.0,46.14,30.4,45.01,36.16,42.89,47.19,51.47,53.16,54.41,47.0,54.31,55.55,45.01,47.05,46.83,45.73,46.63,43.58,48.66,48.12
2019-01-04 20:30:00,27.95,32.89,36.19,36.52,50.18,53.59,51.96,54.73,39.09,51.94,52.29,42.09,56.0,46.14,30.4,45.02,36.16,42.89,47.2,51.47,53.16,54.41,47.0,54.31,55.55,45.01,47.05,46.83,45.73,46.64,43.58,48.67,48.12
2019-01-04 20:35:00,27.95,32.9,36.2,36.53,50.18,53.59,51.96,54.73,39.09,51.94,52.29,42.09,56.0,46.14,30.4,45.02,36.16,42.89,47.2,51.47,53.16,54.41,47.01,54.31,55.55,45.01,47.05,46.83,45.73,46.64,43.58,48.67,48.12
2019-01-04 20:40:00,27.96,32.91,36.2,36.53,50.18,53.59,51.96,54.73,39.09,51.94,52.29,42.09,56.0,46.14,30.4,45.02,36.16,42.89,47.2,51.47,53.16,54.41,47.01,54.31,55.55,45.01,47.05,46.83,45.73,46.64,43.58,48.67,48.12
2019-01-04 20:45:00,27.97,32.92,36.21,36.52,50.18,53.59,51.96,54.73,39.09,51.94,52.29,42.09,56.0,46.14,30.4,45.02,36.16,42.89,47.2,51.47,53.16,54.41,47.0,54.31,55.55,45.01,47.05,46.83,45.73,46.64,43.58,48.67,48.12
2019-01-04 20:50:00,27.98,32.93,36.22,36.52,50.18,53.59,51.96,54.73,39.09,51.94,52.29,42.09,56.0,46.14,30.4,45.01,36.16,42.89,47.2,51.47,53.16,54.41,47.0,54.31,55.55,45.01,47.05,46.83,45.73,46.64,43.58,48.67,48.12
2019-01-04 20:55:00,27.99,32.93,36.23,36.52,50.18,53.59,51.96,54.73,39.09,51.94,52.29,42.09,56.0,46.14,30.4,45.02,36.16,42.89,47.2,51.47,53.16,54.41,47.01,54.31,55.55,45.01,47.05,46.83,45.73,46.64,43.58,48.67,48.12
2019-01-04 21:00:00,28.0,32.94,36.24,36.53,50.18,53.59,51.97,54.73,39.09,51.94,52.29,42.09,56.0,46.14,30.41,45.02,36.16,42.9,47.2,51.47,53.16,54.41,47.01,54.31,55.55,45.02,47.05,46.83,45.73,46.64,43.58,48.67,48.12
2019-01-04 21:05:00,28.0,32.95,36.25,36.53,50.19,53.6,51.97,54.74,39.09,51.95,52.3,42.1,56.0,46.15,30.41,45.02,36.17,42.9,47.2,51.47,53.17,54.42,47.01,54.32,55.56,45.02,47.06,46.83,45.74,46.64,43.58,48.67,48.12
2019-01-04 21:10:00,28.01,32.96,36.25,36.54,50.19,53.6,51.98,54.75,39.09,51.95,52.3,42.1,56.01,46.15,30.42,45.03,36.18,42.91,47.21,51.47,53.17,54.42,47.02,54.32,55.57,45.03,47.06,46.84,45.74,46.65,43.58,48.68,48.13
2019-01-04 21:15:00,28.02,32.97,36.26,36.55,50.2,53.61,51.99,54.75,39.09,51.96,52.31,42.11,56.02,46.16,30.43,45.04,36.18,42.92,47.21,51.48,53.18,54.43,47.03,54.33,55.57,45.03,47.07,46.85,45.75,46.65,43.58,48.68,48.13
2019-01-04 21:20:00,28.03,32.98,36.27,36.56,50.2,53.61,52.0,54.76,39.09,51.97,52.32,42.11,56.02,46.17,30.44,45.05,36.2,42.93,47.22,51.48,53.18,54.44,47.04,54.34,55.59,45.04,47.08,46.86,45.75,46.66,43.59,48.69,48.14
2019-01-04 21:25:00,28.04,32.99,36.28,36.57,50.21,53.62,52.01,54.78,39.09,51.98,52.33,42.12,56.03,46.19,30.46,45.06,36.21,42.94,47.22,51.49,53.19,54.45,47.05,54.35,55.6,45.05,47.09,46.86,45.76,46.67,43.59,48.7,48.15
2019-01-04 21:30:00,28.06,33.0,36.29,36.59,50.22,53.63,52.02,54.79,39.09,52.0,52.34,42.13,56.04,46.2,30.47,45.07,36.22,42.95,47.23,51.49,53.2,54.46,47.06,54.36,55.61,45.06,47.1,46.87,45.77,46.68,43.6,48.71,48.15
2019-01-04 21:35:00,28.07,33.01,36.3,36.6,50.23,53.64,52.03,54.8,39.09,52.01,52.35,42.13,56.05,46.21,30.49,45.09,36.24,42.97,47.24,51.5,53.21,54.47,47.07,54.37,55.62,45.07,47.12,46.89,45.78,46.69,43.6,48.72,48.16
2019-01-04 21:40:00,28.08,33.02,36.32,36.62,50.23,53.65,52.05,54.82,39.09,52.03,52.37,42.14,56.06,46.23,30.5,45.1,36.25,42.99,47.25,51.5,53.22,54.48,47.09,54.38,55.64,45.09,47.13,46.9,45.79,46.7,43.61,48.74,48.17
2019-01-04 21:45:00,28.09,33.04,36.33,36.64,50.24,53.66,52.07,54.83,39.09,52.04,52.38,42.15,56.07,46.25,30.52,45.12,36.27,43.0,47.26,51.51,53.23,54.49,47.11,54.4,55.66,45.1,47.15,46.91,45.8,46.72,43.61,48.75,48.18
2019-01-04 21:50:00,28.1,33.05,36.34,36.66,50.26,53.67,52.09,54.85,39.09,52.06,52.4,42.16,56.09,46.27,30.55,45.14,36.29,43.02,47.27,51.52,53.24,54.5,47.12,54.41,55.68,45.12,47.17,46.93,45.81,46.73,43.62,48.77,48.19
2019-01-04 21:55:00,28.11,33.06,36.35,36.68,50.27,53.69,52.11,54.87,39.09,52.08,52.42,42.17,56.1,46.29,30.57,45.16,36.32,43.05,47.28,51.53,53.25,54.52,47.14,54.43,55.7,45.14,47.19,46.95,45.83,46.75,43.63,48.78,48.21
2019-01-04 22:00:00,28.13,33.07,36.36,36.71,50.28,53.7,52.13,54.9,39.09,52.11,52.43,42.19,56.12,46.31,30.6,45.18,36.34,43.07,47.29,51.53,53.27,54.54,47.16,54.45,55.72,45.16,47.21,46.96,45.84,46.77,43.63,48.8,48.22
2019-01-04 22:05:00,28.14,33.09,36.37,36.73,50.29,53.71,52.15,54.92,39.09,52.13,52.45,42.2,56.13,46.33,30.62,45.2,36.36,43.09,47.31,51.54,53.28,54.55,47.19,54.46,55.74,45.17,47.23,46.98,45.85,46.78,43.64,48.82,48.23
2019-01-04 22:10:00,28.15,33.1,36.39,36.75,50.3,53.73,52.17,54.94,39.09,52.15,52.47,42.21,56.15,46.35,30.64,45.22,36.39,43.11,47.32,51.55,53.29,54.57,47.2,54.48,55.76,45.19,47.25,47.0,45.87,46.8,43.65,48.83,48.24
2019-01-04 22:15:00,28.17,33.11,36.4,36.77,50.31,53.74,52.19,54.95,39.09,52.16,52.48,42.22,56.16,46.37,30.66,45.24,36.41,43.13,47.33,51.56,53.3,54.58,47.22,54.49,55.78,45.21,47.26,47.01,45.88,46.81,43.65,48.85,48.26
2019-01-04 22:20:00,28.18,33.12,36.41,36.79,50.32,53.75,52.2,54.97,39.09,52.18,52.5,42.23,56.17,46.38,30.68,45.25,36.42,43.14,47.34,51.56,53.31,54.59,47.23,54.5,55.79,45.22,47.28,47.02,45.89,46.82,43.66,48.86,48.26
2019-01-04 22:25:00,28.19,33.14,36.42,36.8,50.33,53.75,52.21,54.98,39.09,52.19,52.51,42.23,56.18,46.4,30.69,45.26,36.43,43.15,47.34,51.57,53.32,54.59,47.24,54.51,55.8,45.23,47.29,47.03,45.89,46.83,43.66,48.87,48.27
2019-01-04 22:30:00,28.2,33.15,36.43,36.81,50.33,53.76,52.22,54.98,39.09,52.19,52.51,42.24,56.18,46.4,30.7,45.27,36.44,43.16,47.35,51.57,53.32,54.6,47.25,54.52,55.81,45.23,47.3,47.04,45.9,46.84,43.67,48.88,48.28
2019-01-04 22:35:00,28.21,33.16,36.44,36.82,50.33,53.76,52.23,54.99,39.09,52.2,52.52,42.24,56.19,46.41,30.71,45.28,36.45,43.17,47.35,51.57,53.33,54.6,47.26,54.52,55.82,45.24,47.3,47.04,45.9,46.84,43.67,48.88,48.28
2019-01-04 22:40:00,28.23,33.17,36.46,36.82,50.34,53.77,52.23,54.99,39.09,52.21,52.52,42.24,56.19,46.41,30.71,45.28,36.45,43.17,47.35,51.58,53.33,54.61,47.26,54.53,55.82,45.24,47.31,47.05,45.91,46.85,43.67,48.88,48.28
2019-01-04 22:45:00,28.24,33.18,36.47,36.83,50.34,53.77,52.24,55.0,39.09,52.21,52.53,42.25,56.19,46.42,30.72,45.29,36.46,43.18,47.35,51.58,53.33,54.61,47.27,54.53,55.83,45.25,47.31,47.05,45.91,46.85,43.67,48.89,48.29
2019-01-04 22:50:00,28.25,33.19,36.48,36.84,50.34,53.77,52.24,55.01,39.09,52.22,52.53,42.25,56.2,46.43,30.73,45.3,36.47,43.19,47.36,51.58,53.34,54.62,47.27,54.54,55.84,45.25,47.32,47.06,45.92,46.86,43.67,48.9,48.29
2019-01-04 22:55:00,28.26,33.2,36.49,36.85,50.35,53.78,52.25,55.02,39.09,52.23,52.54,42.26,56.21,46.44,30.74,45.31,36.48,43.2,47.36,51.58,53.34,54.62,47.28,54.54,55.85,45.26,47.33,47.07,45.92,46.87,43.68,48.9,48.3
2019-01-04 23:00:00,28.27,33.22,36.5,36.86,50.35,53.79,52.27,55.03,39.09,52.24,52.55,42.26,56.21,46.45,30.76,45.32,36.49,43.21,47.37,51.59,53.35,54.63,47.29,54.55,55.86,45.27,47.34,47.08,45.93,46.88,43.68,48.91,48.3
2019-01-04 23:05:00,28.29,33.23,36.51,36.87,50.36,53.79,52.28,55.04,39.09,52.25,52.56,42.27,56.22,46.46,30.77,45.33,36.51,43.22,47.38,51.59,53.36,54.64,47.31,54.56,55.87,45.28,47.35,47.09,45.94,46.89,43.69,48.92,48.31
2019-01-04 23:10:00,28.3,33.24,36.53,36.89,50.37,53.8,52.29,55.05,39.09,52.26,52.57,42.28,56.23,46.48,30.79,45.34,36.52,43.24,47.38,51.6,53.37,54.65,47.32,54.57,55.88,45.29,47.36,47.1,45.95,46.9,43.69,48.93,48.32
2019-01-04 23:15:00,28.31,33.26,36.54,36.9,50.38,53.81,52.3,55.06,39.09,52.27,52.59,42.29,56.24,46.49,30.8,45.36,36.53,43.25,47.39,51.6,53.37,54.66,47.33,54.58,55.9,45.31,47.38,47.11,45.96,46.91,43.7,48.95,48.33
2019-01-04 23:20:00,28.32,33.27,36.55,36.92,50.38,53.82,52.32,55.08,39.09,52.29,52.6,42.29,56.25,46.5,30.81,45.37,36.55,43.26,47.4,51.61,53.38,54.67,47.34,54.59,55.91,45.32,47.39,47.12,45.96,46.92,43.7,48.96,48.34
2019-01-04 23:25:00,28.34,33.28,36.56,36.93,50.39,53.82,52.33,55.09,39.09,52.3,52.61,42.3,56.26,46.51,30.83,45.38,36.56,43.27,47.41,51.61,53.39,54.67,47.35,54.6,55.92,45.33,47.4,47.13,45.97,46.93,43.7,48.96,48.34
2019-01-04 23:30:00,28.35,33.29,36.58,36.94,50.39,53.83,52.34,55.1,39.09,52.31,52.61,42.31,56.26,46.52,30.84,45.39,36.57,43.29,47.41,51.62,53.39,54.68,47.36,54.61,55.93,45.33,47.41,47.14,45.98,46.93,43.71,48.97,48.35
2019-01-04 23:35:00,28.36,33.31,36.59,36.95,50.4,53.84,52.35,55.11,39.09,52.32,52.62,42.31,56.27,46.53,30.85,45.4,36.58,43.3,47.42,51.62,53.4,54.69,47.37,54.62,55.94,45.34,47.42,47.15,45.99,46.94,43.71,48.98,48.36
2019-01-04 23:40:00,28.38,33.32,36.6,36.96,50.41,53.84,52.36,55.12,39.09,52.33,52.63,42.32,56.28,46.54,30.86,45.41,36.59,43.31,47.42,51.63,53.41,54.7,47.38,54.62,55.95,45.35,47.43,47.16,45.99,46.95,43.71,48.99,48.36
2019-01-04 23:45:00,28.39,33.33,36.61,36.97,50.41,53.85,52.37,55.13,39.09,52.34,52.64,42.32,56.29,46.56,30.88,45.42,36.61,43.32,47.43,51.63,53.41,54.7,47.39,54.63,55.96,45.36,47.44,47.16,46.0,46.96,43.72,49.0,48.37
2019-01-04 23:50:00,28.4,33.34,36.63,36.99,50.42,53.86,52.38,55.14,39.09,52.35,52.65,42.33,56.3,46.57,30.89,45.43,36.62,43.33,47.44,51.64,53.42,54.71,47.41,54.64,55.98,45.37,47.45,47.17,46.01,46.97,43.72,49.01,48.38
2019-01-04 23:55:00,28.42,33.36,36.64,37.0,50.43,53.87,52.39,55.15,39.09,52.36,52.66,42.34,56.31,46.58,30.91,45.45,36.63,43.35,47.44,51.64,53.43,54.72,47.42,54.65,55.99,45.38,47.46,47.19,46.02,46.98,43.73,49.02,48.38
2019-01-05 00:00:00,28.43,33.37,36.65,37.02,50.44,53.88,52.41,55.17,39.09,52.38,52.68,42.35,56.32,46.6,30.92,45.46,36.65,43.36,47.45,51.65,53.44,54.73,47.43,54.67,56.0,45.4,47.48,47.2,46.03,46.99,43.73,49.03,48.39
2019-01-05 00:05:00,28.44,33.38,36.66,37.04,50.44,53.89,52.42,55.18,39.09,52.39,52.69,42.35,56.33,46.61,30.94,45.48,36.67,43.38,47.46,51.65,53.45,54.74,47.45,54.68,56.02,45.41,47.49,47.21,46.03,47.0,43.74,49.04,48.4
2019-01-05 00:10:00,28.46,33.4,36.68,37.05,50.45,53.9,52.44,55.2,39.09,52.41,52.7,42.36,56.34,46.63,30.96,45.49,36.68,43.39,47.47,51.66,53.46,54.76,47.46,54.69,56.03,45.42,47.51,47.22,46.04,47.01,43.74,49.05,48.41
2019-01-05 00:15:00,28.47,33.41,36.69,37.07,50.46,53.91,52.45,55.21,39.09,52.42,52.71,42.37,56.35,46.64,30.97,45.51,36.7,43.41,47.48,51.67,53.47,54.77,47.48,54.7,56.05,45.43,47.52,47.23,46.05,47.02,43.75,49.07,48.42
2019-01-05 00:20:00,28.48,33.43,36.7,37.09,50.47,53.92,52.47,55.23,39.09,52.44,52.73,42.38,56.36,46.66,30.99,45.52,36.72,43.42,47.49,51.67,53.48,54.78,47.49,54.72,56.07,45.45,47.53,47.25,46.06,47.04,43.75,49.08,48.43
2019-01-05 00:25:00,28.5,33.44,36.72,37.1,50.48,53.93,52.49,55.24,39.09,52.46,52.74,42.39,56.37,46.68,31.01,45.54,36.73,43.44,47.5,51.68,53.49,54.79,47.51,54.73,56.08,45.46,47.55,47.26,46.07,47.05,43.76,49.09,48.44
2019-01-05 00:30:00,28.51,33.45,36.73,37.12,50.49,53.94,52.5,55.26,39.09,52.47,52.75,42.4,56.38,46.69,31.03,45.55,36.75,43.46,47.51,51.69,53.5,54.8,47.52,54.74,56.1,45.47,47.56,47.27,46.08,47.06,43.76,49.1,48.45
2019-01-05 00:35:00,28.53,33.47,36.74,37.14,50.5,53.95,52.52,55.28,39.09,52.49,52.77,42.4,56.39,46.71,31.05,45.57,36.77,43.47,47.52,51.69,53.51,54.82,47.54,54.76,56.11,45.49,47.58,47.28,46.09,47.07,43.77,49.12,48.46
2019-01-05 00:40:00,28.54,33.48,36.76,37.16,50.51,53.96,52.54,55.29,39.09,52.51,52.78,42.41,56.41,46.73,31.07,45.59,36.79,43.49,47.53,51.7,53.52,54.83,47.55,54.77,56.13,45.5,47.6,47.3,46.1,47.09,43.77,49.13,48.47
2019-01-05 00:45:00,28.55,33.5,36.77,37.18,50.52,53.98,52.56,55.31,39.09,52.53,52.8,42.42,56.42,46.75,31.09,45.61,36.81,43.51,47.54,51.71,53.53,54.85,47.57,54.79,56.15,45.52,47.61,47.31,46.12,47.1,43.78,49.14,48.48
2019-01-05 00:50:00,28.57,33.51,36.79,37.2,50.53,53.99,52.58,55.33,39.09,52.55,52.81,42.43,56.44,46.77,31.11,45.63,36.83,43.53,47.55,51.72,53.55,54.86,47.59,54.8,56.17,45.54,47.63,47.33,46.13,47.11,43.79,49.16,48.49
2019-01-05 00:55:00,28.58,33.52,36.8,37.22,50.54,54.0,52.6,55.35,39.09,52.57,52.83,42.44,56.45,46.79,31.13,45.65,36.85,43.55,47.56,51.72,53.56,54.88,47.61,54.82,56.19,45.55,47.65,47.34,46.14,47.13,43.79,49.17,48.5
2019-01-05 01:00:00,28.6,33.54,36.81,37.25,50.55,54.02,52.61,55.37,39.09,52.59,52.84,42.46,56.46,46.81,31.16,45.67,36.87,43.57,47.57,51.73,53.57,54.89,47.63,54.83,56.21,45.57,47.67,47.36,46.15,47.14,43.8,49.19,48.51
2019-01-05 01:05:00,28.61,33.55,36.83,37.27,50.57,54.03,52.63,55.39,39.09,52.61,52.86,42.46,56.48,46.83,31.18,45.68,36.9,43.59,47.58,51.74,53.58,54.9,47.65,54.85,56.23,45.59,47.68,47.37,46.16,47.16,43.8,49.2,48.52
2019-01-05 01:10:00,28.63,33.57,36.84,37.29,50.58,54.04,52.65,55.41,39.09,52.63,52.87,42.47,56.49,46.85,31.2,45.7,36.92,43.61,47.6,51.75,53.6,54.92,47.66,54.86,56.25,45.6,47.7,47.39,46.17,47.17,43.81,49.22,48.53
2019-01-05 01:15:00,28.64,33.58,36.86,37.31,50.59,54.06,52.67,55.42,39.09,52.65,52.89,42.48,56.5,46.86,31.22,45.72,36.93,43.63,47.61,51.75,53.61,54.93,47.68,54.88,56.27,45.62,47.72,47.4,46.18,47.18,43.82,49.23,48.54
2019-01-05 01:20:00,28.66,33.6,36.87,37.32,50.6,54.07,52.69,55.44,39.09,52.66,52.9,42.49,56.52,46.88,31.24,45.74,36.95,43.65,47.62,51.76,53.62,54.95,47.7,54.89,56.28,45.63,47.73,47.41,46.19,47.19,43.82,49.24,48.55
2019-01-05 01:25:00,28.67,33.61,36.89,37.34,50.61,54.08,52.7,55.46,39.09,52.68,52.91,42.5,56.53,46.9,31.25,45.75,36.97,43.67,47.63,51.77,53.63,54.96,47.71,54.91,56.3,45.64,47.75,47.43,46.2,47.21,43.83,49.25,48.56
2019-01-05 01:30:00,28.69,33.63,36.9,37.36,50.62,54.09,52.72,55.47,39.09,52.7,52.92,42.51,56.54,46.92,31.27,45.77,36.99,43.68,47.64,51.77,53.64,54.97,47.73,54.92,56.32,45.66,47.76,47.44,46.21,47.22,43.83,49.27,48.57
2019-01-05 01:35:00,28.7,33.64,36.92,37.38,50.63,54.1,52.73,55.49,39.09,52.72,52.94,42.52,56.55,46.93,31.29,45.78,37.01,43.7,47.64,51.78,53.65,54.98,47.74,54.93,56.33,45.67,47.78,47.45,46.22,47.23,43.84,49.28,48.58
2019-01-05 01:40:00,28.72,33.66,36.93,37.39,50.63,54.11,52.75,55.5,39.09,52.73,52.95,42.53,56.56,46.95,31.31,45.8,37.02,43.72,47.65,51.79,53.66,55.0,47.76,54.95,56.35,45.68,47.79,47.46,46.23,47.24,43.84,49.29,48.59
2019-01-05 01:45:00,28.73,33.67,36.95,37.41,50.64,54.12,52.77,55.52,39.09,52.75,52.96,42.53,56.57,46.97,31.33,45.81,37.04,43.73,47.66,51.79,53.67,55.01,47.77,54.96,56.37,45.7,47.81,47.48,46.24,47.25,43.85,49.3,48.6
2019-01-05 01:50:00,28.75,33.69,36.96,37.43,50.65,54.13,52.78,55.53,39.09,52.77,52.97,42.54,56.58,46.98,31.34,45.83,37.06,43.75,47.67,51.8,53.68,55.02,47.79,54.97,56.38,45.71,47.82,47.49,46.25,47.26,43.85,49.31,48.61
2019-01-05 01:55:00,28.76,33.7,36.98,37.45,50.66,54.14,52.8,55.55,39.09,52.78,52.99,42.55,56.59,47.0,31.36,45.84,37.07,43.76,47.68,51.81,53.69,55.03,47.8,54.98,56.4,45.72,47.83,47.5,46.26,47.27,43.86,49.32,48.61
2019-01-05 02:00:00,28.78,33.72,36.99,37.46,50.67,54.15,52.81,55.56,39.09,52.79,53.0,42.56,56.6,47.01,31.38,45.86,37.09,43.78,47.69,51.81,53.7,55.04,47.81,55.0,56.41,45.73,47.85,47.51,46.27,47.28,43.86,49.33,48.62
2019-01-05 02:05:00,28.79,33.73,37.01,37.47,50.68,54.16,52.82,55.57,39.09,52.81,53.01,42.56,56.61,47.02,31.39,45.87,37.1,43.79,47.7,51.82,53.71,55.05,47.83,55.01,56.42,45.74,47.86,47.52,46.28,47.29,43.86,49.34,48.63
2019-01-05 02:10:00,28.81,33.75,37.02,37.49,50.68,54.17,52.83,55.58,39.09,52.82,53.01,42.57,56.62,47.04,31.4,45.88,37.12,43.8,47.7,51.82,53.71,55.06,47.84,55.02,56.44,45.75,47.87,47.53,46.28,47.3,43.87,49.35,48.63
2019-01-05 02:15:00,28.82,33.76,37.04,37.5,50.69,54.18,52.85,55.6,39.09,52.83,53.02,42.57,56.63,47.05,31.42,45.89,37.13,43.81,47.71,51.83,53.72,55.07,47.85,55.02,56.45,45.76,47.88,47.54,46.29,47.31,43.87,49.36,48.64
2019-01-05 02:20:00,28.84,33.78,37.05,37.51,50.7,54.19,52.86,55.61,39.09,52.84,53.03,42.58,56.64,47.06,31.43,45.9,37.14,43.83,47.72,51.83,53.73,55.08,47.86,55.03,56.46,45.77,47.89,47.54,46.3,47.32,43.87,49.37,48.65
2019-01-05 02:25:00,28.85,33.79,37.06,37.52,50.7,54.19,52.87,55.62,39.09,52.86,53.04,42.58,56.65,47.07,31.44,45.92,37.15,43.84,47.72,51.84,53.74,55.09,47.87,55.04,56.47,45.78,47.9,47.55,46.3,47.32,43.88,49.38,48.65
2019-01-05 02:30:00,28.87,33.81,37.08,37.54,50.71,54.2,52.88,55.63,39.1,52.87,53.05,42.59,56.65,47.08,31.45,45.93,37.16,43.85,47.73,51.84,53.74,55.09,47.88,55.05,56.48,45.79,47.91,47.56,46.31,47.33,43.88,49.38,48.66
2019-01-05 02:35:00,28.88,33.82,37.1,37.55,50.72,54.21,52.89,55.64,39.1,52.88,53.06,42.6,56.66,47.09,31.47,45.94,37.18,43.86,47.74,51.85,53.75,55.1,47.89,55.06,56.49,45.8,47.92,47.57,46.31,47.34,43.88,49.39,48.67
2019-01-05 02:40:00,28.9,33.84,37.11,37.56,50.72,54.22,52.9,55.65,39.1,52.89,53.07,42.6,56.67,47.11,31.48,45.95,37.19,43.87,47.74,51.85,53.76,55.11,47.9,55.07,56.51,45.81,47.93,47.58,46.32,47.35,43.89,49.4,48.67
2019-01-05 02:45:00,28.91,33.85,37.13,37.58,50.73,54.23,52.92,55.66,39.1,52.91,53.08,42.61,56.68,47.12,31.49,45.96,37.2,43.89,47.75,51.86,53.77,55.12,47.91,55.08,56.52,45.82,47.94,47.59,46.33,47.36,43.89,49.41,48.68
2019-01-05 02:50:00,28.93,33.87,37.14,37.59,50.74,54.24,52.93,55.68,39.1,52.92,53.08,42.61,56.69,47.13,31.51,45.97,37.22,43.9,47.76,51.86,53.77,55.13,47.93,55.09,56.53,45.83,47.95,47.6,46.33,47.36,43.9,49.42,48.68
2019-01-05 02:55:00,28.94,33.89,37.16,37.6,50.74,54.24,52.94,55.69,39.1,52.93,53.09,42.62,56.7,47.14,31.52,45.98,37.23,43.91,47.77,51.86,53.78,55.14,47.94,55.1,56.54,45.84,47.96,47.6,46.34,47.37,43.9,49.42,48.69
2019-01-05 03:00:00,28.96,33.9,37.17,37.61,50.75,54.25,52.95,55.7,39.1,52.94,53.1,42.62,56.7,47.15,31.53,45.99,37.24,43.92,47.77,51.87,53.79,55.15,47.95,55.11,56.55,45.85,47.97,47.61,46.35,47.38,43.9,49.43,48.7
2019-01-05 03:05:00,28.97,33.92,37.19,37.62,50.76,54.26,52.96,55.71,39.1,52.95,53.11,42.63,56.71,47.16,31.54,46.0,37.25,43.93,47.78,51.87,53.79,55.16,47.95,55.12,56.56,45.86,47.98,47.62,46.35,47.38,43.9,49.44,48.7
2019-01-05 03:10:00,28.99,33.93,37.2,37.63,50.76,54.26,52.96,55.71,39.1,52.96,53.11,42.63,56.72,47.17,31.55,46.01,37.26,43.94,47.78,51.88,53.8,55.16,47.96,55.12,56.57,45.86,47.98,47.62,46.36,47.39,43.91,49.44,48.7
2019-01-05 03:15:00,29.01,33.95,37.22,37.64,50.76,54.27,52.97,55.72,39.1,52.97,53.12,42.63,56.72,47.18,31.56,46.02,37.27,43.94,47.79,51.88,53.8,55.17,47.97,55.13,56.57,45.87,47.99,47.63,46.36,47.39,43.91,49.45,48.71
2019-01-05 03:20:00,29.02,33.96,37.23,37.64,50.77,54.27,52.98,55.73,39.1,52.97,53.12,42.64,56.73,47.18,31.56,46.02,37.27,43.95,47.79,51.88,53.81,55.17,47.97,55.13,56.58,45.87,47.99,47.63,46.36,47.4,43.91,49.45,48.71
2019-01-05 03:25:00,29.04,33.98,37.25,37.65,50.77,54.28,52.98,55.73,39.1,52.98,53.13,42.64,56.73,47.19,31.57,46.03,37.28,43.96,47.79,51.88,53.81,55.18,47.98,55.14,56.59,45.88,48.0,47.64,46.37,47.4,43.91,49.46,48.71
2019-01-05 03:30:00,29.05,33.99,37.26,37.66,50.77,54.28,52.99,55.74,39.1,52.99,53.13,42.64,56.73,47.2,31.58,46.03,37.28,43.96,47.8,51.89,53.81,55.18,47.98,55.14,56.59,45.88,48.0,47.64,46.37,47.41,43.91,49.46,48.72
2019-01-05 03:35:00,29.07,34.01,37.28,37.66,50.78,54.28,52.99,55.74,39.1,52.99,53.13,42.64,56.74,47.2,31.58,46.04,37.29,43.97,47.8,51.89,53.82,55.19,47.99,55.15,56.6,45.89,48.01,47.64,46.37,47.41,43.91,49.46,48.72
2019-01-05 03:40:00,29.08,34.02,37.29,37.67,50.78,54.29,53.0,55.75,39.1,53.0,53.14,42.65,56.74,47.21,31.59,46.05,37.3,43.97,47.8,51.89,53.82,55.19,47.99,55.15,56.6,45.89,48.01,47.65,46.37,47.41,43.92,49.47,48.72
2019-01-05 03:45:00,29.1,34.04,37.31,37.68,50.78,54.29,53.01,55.75,39.1,53.01,53.14,42.65,56.75,47.21,31.6,46.05,37.3,43.98,47.81,51.89,53.83,55.2,48.0,55.16,56.61,45.9,48.02,47.65,46.38,47.42,43.92,49.47,48.73
2019-01-05 03:50:00,29.11,34.05,37.32,37.68,50.79,54.3,53.01,55.76,39.1,53.01,53.15,42.65,56.75,47.22,31.6,46.06,37.31,43.99,47.81,51.9,53.83,55.2,48.01,55.16,56.62,45.9,48.02,47.66,46.38,47.42,43.92,49.48,48.73
2019-01-05 03:55:00,29.13,34.07,37.34,37.69,50.79,54.3,53.02,55.77,39.1,53.02,53.15,42.66,56.76,47.23,31.61,46.06,37.32,43.99,47.81,51.9,53.83,55.2,48.01,55.17,56.62,45.91,48.03,47.66,46.38,47.42,43.92,49.48,48.73
2019-01-05 04:00:00,29.14,34.08,37.35,37.7,50.79,54.3,53.02,55.77,39.1,53.02,53.15,42.66,56.76,47.23,31.61,46.07,37.32,44.0,47.82,51.9,53.84,55.21,48.02,55.17,56.63,45.91,48.03,47.66,46.39,47.43,43.92,49.48,48.73
2019-01-05 04:05:00,29.16,34.1,37.37,37.7,50.8,54.31,53.03,55.77,39.1,53.03,53.16,42.66,56.76,47.24,31.62,46.07,37.33,44.0,47.82,51.9,53.84,55.21,48.02,55.18,56.63,45.91,48.04,47.67,46.39,47.43,43.92,49.49,48.74
2019-01-05 04:10:00,29.17,34.12,37.38,37.7,50.8,54.31,53.03,55.78,39.1,53.03,53.16,42.66,56.76,47.24,31.62,46.07,37.33,44.01,47.82,51.9,53.84,55.21,48.02,55.18,56.63,45.92,48.04,47.67,46.39,47.43,43.93,49.49,48.74
2019-01-05 04:15:00,29.19,34.13,37.4,37.71,50.8,54.31,53.03,55.78,39.1,53.03,53.16,42.66,56.77,47.24,31.63,46.08,37.33,44.01,47.82,51.9,53.84,55.22,48.02,55.18,56.64,45.92,48.04,47.67,46.39,47.43,43.93,49.49,48.74
2019-01-05 04:20:00,29.2,34.15,37.41,37.71,50.8,54.31,53.03,55.78,39.1,53.04,53.16,42.66,56.77,47.24,31.63,46.08,37.33,44.01,47.82,51.9,53.84,55.22,48.03,55.18,56.64,45.92,48.04,47.67,46.39,47.43,43.93,49.49,48.74
2019-01-05 04:25:00,29.22,34.16,37.43,37.71,50.8,54.31,53.03,55.78,39.1,53.04,53.16,42.66,56.77,47.24,31.63,46.08,37.34,44.01,47.82,51.9,53.84,55.22,48.03,55.18,56.64,45.92,48.04,47.67,46.39,47.44,43.93,49.49,48.74
2019-01-05 04:30:00,29.23,34.18,37.45,37.71,50.8,54.31,53.04,55.78,39.1,53.04,53.16,42.66,56.77,47.24,31.63,46.08,37.34,44.01,47.82,51.9,53.85,55.22,48.03,55.18,56.64,45.92,48.04,47.67,46.39,47.44,43.93,49.49,48.74
2019-01-05 04:35:00,29.25,34.19,37.46,37.71,50.8,54.31,53.04,55.78,39.1,53.04,53.16,42.66,56.77,47.25,31.63,46.08,37.34,44.01,47.82,51.91,53.85,55.22,48.03,55.18,56.64,45.92,48.04,47.67,46.39,47.44,43.93,49.49,48.74
2019-01-05 04:40:00,29.26,34.21,37.48,37.71,50.8,54.31,53.04,55.78,39.1,53.04,53.16,42.66,56.77,47.25,31.63,46.08,37.34,44.01,47.82,51.91,53.85,55.22,48.03,55.18,56.64,45.92,48.04,47.67,46.39,47.44,43.93,49.49,48.74
2019-01-05 04:45:00,29.28,34.22,37.49,37.71,50.8,54.32,53.04,55.78,39.1,53.04,53.16,42.66,56.77,47.25,31.63,46.08,37.34,44.01,47.82,51.91,53.85,55.22,48.03,55.18,56.64,45.92,48.05,47.67,46.39,47.44,43.93,49.49,48.74
2019-01-05 04:50:00,29.29,34.24,37.51,37.71,50.8,54.32,53.04,55.79,39.1,53.04,53.17,42.66,56.77,47.25,31.63,46.08,37.34,44.01,47.83,51.91,53.85,55.22,48.03,55.19,56.64,45.92,48.05,47.67,46.39,47.44,43.93,49.49,48.74
2019-01-05 04:55:00,29.31,34.25,37.52,37.71,50.8,54.32,53.04,55.79,39.1,53.04,53.17,42.66,56.77,47.25,31.63,46.08,37.34,44.01,47.83,51.91,53.85,55.22,48.03,55.19,56.64,45.92,48.05,47.68,46.39,47.44,43.93,49.49,48.74
2019-01-05 05:00:00,29.33,34.27,37.54,37.71,50.8,54.32,53.04,55.79,39.1,53.04,53.17,42.66,56.77,47.25,31.63,46.08,37.34,44.01,47.83,51.91,53.85,55.22,48.03,55.19,56.64,45.92,48.05,47.67,46.39,47.44,43.93,49.49,48.74
2019-01-05 05:05:00,29.34,34.28,37.55,37.71,50.8,54.32,53.04,55.78,39.1,53.04,53.16,42.66,56.77,47.25,31.63,46.08,37.34,44.01,47.83,51.91,53.85,55.22,48.03,55.18,56.64,45.92,48.05,47.67,46.39,47.44,43.93,49.49,48.74
2019-01-05 05:10:00,29.34,34.29,37.55,38.23,50.91,54.44,53.29,56.02,39.1,53.3,53.3,42.75,56.92,47.54,32.06,46.37,37.75,44.3,47.93,51.99,53.97,55.37,48.28,55.36,56.9,46.13,48.24,47.82,46.49,47.55,43.98,49.61,48.83
2019-01-05 05:15:00,29.34,34.28,37.55,38.23,50.91,54.44,53.29,56.02,39.1,53.3,53.3,42.75,56.92,47.54,32.06,46.37,37.75,44.3,47.93,51.99,53.97,55.37,48.28,55.36,56.9,46.13,48.24,47.82,46.49,47.55,43.98,49.61,48.83
2019-01-05 05:20:00,29.34,34.28,37.55,38.22,50.91,54.44,53.29,56.02,39.1,53.3,53.3,42.75,56.92,47.54,32.06,46.37,37.75,44.3,47.93,51.99,53.97,55.37,48.28,55.36,56.9,46.13,48.24,47.82,46.49,47.55,43.98,49.61,48.83
2019-01-05 05:25:00,29.33,34.27,37.54,38.22,50.91,54.44,53.29,56.02,39.1,53.3,53.29,42.75,56.92,47.53,32.05,46.37,37.75,44.3,47.93,51.99,53.97,55.37,48.27,55.35,56.89,46.12,48.23,47.81,46.49,47.55,43.98,49.61,48.83
2019-01-05 05:30:00,29.33,34.27,37.54,38.22,50.91,54.43,53.28,56.02,39.1,53.29,53.29,42.75,56.92,47.53,32.05,46.37,37.74,44.29,47.93,51.99,53.97,55.36,48.27,55.35,56.89,46.12,48.23,47.81,46.48,47.55,43.97,49.6,48.82
2019-01-05 05:35:00,29.32,34.27,37.54,38.21,50.9,54.43,53.28,56.01,39.1,53.29,53.29,42.74,56.91,47.53,32.05,46.36,37.74,44.29,47.92,51.99,53.96,55.36,48.27,55.35,56.89,46.12,48.23,47.81,46.48,47.54,43.97,49.6,48.82
2019-01-05 05:40:00,29.32,34.26,37.53,38.21,50.9,54.43,53.27,56.01,39.1,53.29,53.28,42.74,56.91,47.52,32.04,46.36,37.74,44.28,47.92,51.98,53.96,55.36,48.26,55.34,56.88,46.11,48.22,47.8,46.48,47.54,43.97,49.6,48.82
2019-01-05 05:45:00,29.31,34.26,37.53,38.2,50.9,54.42,53.27,56.0,39.1,53.28,53.28,42.74,56.91,47.52,32.04,46.35,37.73,44.28,47.92,51.98,53.96,55.35,48.26,55.34,56.88,46.11,48.22,47.8,46.47,47.54,43.97,49.59,48.81
2019-01-05 05:50:00,29.31,34.25,37.52,38.2,50.89,54.42,53.26,56.0,39.1,53.27,53.27,42.73,56.9,47.51,32.03,46.35,37.72,44.27,47.91,51.98,53.95,55.35,48.25,55.33,56.87,46.1,48.21,47.79,46.47,47.53,43.97,49.59,48.81
2019-01-05 05:55:00,29.3,34.25,37.52,38.19,50.89,54.41,53.26,55.99,39.1,53.27,53.27,42.73,56.9,47.5,32.02,46.34,37.72,44.27,47.91,51.98,53.95,55.34,48.25,55.33,56.86,46.1,48.21,47.79,46.47,47.52,43.96,49.58,48.81
2019-01-05 06:00:00,29.3,34.24,37.51,38.18,50.88,54.41,53.25,55.98,39.1,53.26,53.26,42.73,56.89,47.49,32.01,46.33,37.71,44.26,47.91,51.97,53.94,55.34,48.24,55.32,56.86,46.09,48.2,47.78,46.46,47.52,43.96,49.57,48.8
2019-01-05 06:05:00,29.29,34.23,37.51,38.17,50.88,54.4,53.24,55.97,39.1,53.25,53.25,42.72,56.88,47.49,32.0,46.32,37.7,44.25,47.9,51.97,53.94,55.33,48.23,55.31,56.85,46.08,48.19,47.77,46.45,47.51,43.96,49.57,48.8
2019-01-05 06:10:00,29.29,34.23,37.5,38.16,50.87,54.4,53.23,55.96,39.1,53.24,53.24,42.71,56.88,47.47,31.99,46.31,37.69,44.24,47.89,51.96,53.93,55.32,48.22,55.31,56.84,46.07,48.18,47.76,46.45,47.5,43.95,49.56,48.79
2019-01-05 06:15:00,29.28,34.22,37.49,38.15,50.87,54.39,53.22,55.95,39.1,53.23,53.23,42.71,56.87,47.46,31.98,46.3,37.68,44.23,47.89,51.96,53.92,55.31,48.21,55.3,56.83,46.06,48.17,47.76,46.44,47.49,43.95,49.55,48.78
2019-01-05 06:20:00,29.27,34.21,37.49,38.14,50.86,54.38,53.21,55.94,39.1,53.22,53.22,42.7,56.86,47.45,31.97,46.29,37.66,44.21,47.88,51.95,53.91,55.3,48.2,55.29,56.81,46.05,48.16,47.74,46.43,47.48,43.95,49.54,48.77
2019-01-05 06:25:00,29.26,34.2,37.48,38.12,50.85,54.37,53.19,55.93,39.1,53.2,53.21,42.69,56.85,47.44,31.95,46.28,37.65,44.2,47.87,51.95,53.9,55.29,48.19,55.27,56.8,46.04,48.14,47.73,46.42,47.47,43.94,49.53,48.76
2019-01-05 06:30:00,29.26,34.2,37.47,38.11,50.84,54.36,53.18,55.91,39.1,53.19,53.2,42.69,56.84,47.42,31.94,46.26,37.64,44.19,47.86,51.94,53.9,55.28,48.17,55.26,56.79,46.03,48.13,47.72,46.41,47.46,43.94,49.51,48.76
2019-01-05 06:35:00,29.25,34.19,37.46,38.09,50.83,54.35,53.16,55.9,39.1,53.17,53.19,42.68,56.83,47.41,31.92,46.25,37.62,44.17,47.85,51.94,53.89,55.27,48.16,55.25,56.77,46.02,48.12,47.71,46.4,47.45,43.93,49.5,48.75
2019-01-05 06:40:00,29.24,34.18,37.46,38.08,50.82,54.34,53.15,55.88,39.1,53.16,53.17,42.67,56.82,47.39,31.9,46.24,37.61,44.16,47.84,51.93,53.88,55.26,48.14,55.24,56.76,46.01,48.1,47.7,46.39,47.44,43.93,49.49,48.74
2019-01-05 06:45:00,29.23,34.17,37.45,38.06,50.81,54.33,53.13,55.87,39.1,53.14,53.16,42.66,56.8,47.38,31.89,46.22,37.59,44.14,47.83,51.92,53.86,55.25,48.13,55.22,56.74,45.99,48.09,47.68,46.38,47.42,43.92,49.48,48.73
2019-01-05 06:50:00,29.22,34.16,37.44,38.05,50.8,54.31,53.12,55.85,39.1,53.12,53.14,42.65,56.79,47.36,31.87,46.21,37.57,44.12,47.82,51.92,53.85,55.23,48.11,55.21,56.72,45.98,48.07,47.67,46.37,47.41,43.91,49.46,48.72
2019-01-05 06:55:00,29.21,34.15,37.43,38.03,50.79,54.3,53.1,55.84,39.1,53.11,53.13,42.64,56.78,47.34,31.85,46.19,37.55,44.11,47.81,51.91,53.84,55.22,48.1,55.2,56.71,45.96,48.05,47.65,46.36,47.4,43.91,49.45,48.71
2019-01-05 07:00:00,29.2,34.14,37.42,38.01,50.78,54.29,53.08,55.82,39.1,53.09,53.11,42.63,56.77,47.32,31.83,46.17,37.54,44.09,47.8,51.9,53.83,55.2,48.08,55.18,56.69,45.95,48.04,47.64,46.35,47.38,43.9,49.43,48.69
2019-01-05 07:05:00,29.19,34.13,37.41,37.99,50.77,54.27,53.06,55.8,39.1,53.07,53.09,42.62,56.75,47.3,31.81,46.15,37.51,44.07,47.79,51.89,53.82,55.19,48.06,55.16,56.67,45.93,48.02,47.62,46.33,47.36,43.89,49.41,48.68
2019-01-05 07:10:00,29.18,34.12,37.4,37.97,50.76,54.26,53.04,55.78,39.1,53.05,53.08,42.6,56.73,47.28,31.78,46.13,37.49,44.05,47.77,51.88,53.8,55.17,48.04,55.15,56.65,45.91,48.0,47.6,46.32,47.35,43.89,49.4,48.67
2019-01-05 07:15:00,29.17,34.11,37.39,37.94,50.74,54.24,53.02,55.76,39.1,53.02,53.06,42.59,56.72,47.26,31.76,46.11,37.47,44.02,47.76,51.87,53.79,55.15,48.02,55.13,56.62,45.89,47.98,47.59,46.3,47.33,43.88,49.38,48.65
2019-01-05 07:20:00,29.16,34.1,37.38,37.92,50.73,54.23,53.0,55.73,39.1,53.0,53.04,42.58,56.7,47.24,31.73,46.09,37.45,44.0,47.75,51.86,53.77,55.14,48.0,55.11,56.6,45.87,47.95,47.57,46.29,47.31,43.87,49.36,48.64
2019-01-05 07:25:00,29.15,34.09,37.37,37.9,50.71,54.21,52.97,55.71,39.1,52.98,53.01,42.56,56.68,47.21,31.71,46.07,37.42,43.98,47.73,51.85,53.76,55.12,47.98,55.09,56.58,45.85,47.93,47.55,46.27,47.29,43.86,49.34,48.62
2019-01-05 07:30:00,29.13,34.08,37.36,37.87,50.7,54.19,52.95,55.69,39.1,52.95,52.99,42.55,56.67,47.19,31.68,46.04,37.4,43.95,47.72,51.84,53.74,55.1,47.95,55.07,56.55,45.83,47.91,47.53,46.26,47.27,43.85,49.32,48.61
2019-01-05 07:35:00,29.12,34.07,37.35,37.85,50.69,54.18,52.93,55.66,39.1,52.93,52.97,42.54,56.65,47.17,31.66,46.02,37.37,43.93,47.7,51.83,53.72,55.08,47.93,55.05,56.53,45.81,47.89,47.51,46.24,47.25,43.84,49.3,48.59
2019-01-05 07:40:00,29.11,34.05,37.34,37.82,50.67,54.16,52.9,55.64,39.1,52.9,52.95,42.52,56.63,47.14,31.63,46.0,37.35,43.9,47.69,51.82,53.71,55.06,47.91,55.03,56.51,45.79,47.86,47.49,46.22,47.23,43.84,49.28,48.58
2019-01-05 07:45:00,29.1,34.04,37.33,37.8,50.66,54.14,52.88,55.62,39.1,52.88,52.93,42.51,56.61,47.12,31.61,45.97,37.33,43.88,47.67,51.81,53.69,55.04,47.89,55.01,56.48,45.77,47.84,47.47,46.21,47.21,43.83,49.26,48.56
2019-01-05 07:50:00,29.09,34.03,37.32,37.78,50.64,54.13,52.86,55.6,39.1,52.85,52.91,42.5,56.6,47.1,31.58,45.95,37.3,43.86,47.66,51.8,53.68,55.02,47.87,54.99,56.46,45.75,47.82,47.45,46.19,47.2,43.82,49.24,48.55
2019-01-05 07:55:00,29.07,34.02,37.31,37.76,50.63,54.11,52.84,55.57,39.09,52.83,52.89,42.48,56.58,47.07,31.56,45.93,37.28,43.84,47.65,51.8,53.66,55.01,47.85,54.97,56.44,45.74,47.8,47.43,46.18,47.18,43.81,49.22,48.54
2019-01-05 08:00:00,29.06,34.01,37.3,37.73,50.62,54.09,52.82,55.55,39.09,52.81,52.88,42.47,56.57,47.05,31.54,45.91,37.26,43.81,47.63,51.79,53.65,54.99,47.83,54.95,56.42,45.72,47.78,47.41,46.17,47.16,43.81,49.21,48.52
2019-01-05 08:05:00,29.05,34.0,37.28,37.71,50.6,54.08,52.8,55.53,39.09,52.79,52.86,42.46,56.55,47.03,31.51,45.89,37.24,43.79,47.62,51.78,53.63,54.97,47.81,54.94,56.4,45.7,47.76,47.4,46.15,47.15,43.8,49.19,48.51
2019-01-05 08:10:00,29.04,33.98,37.27,37.69,50.59,54.07,52.78,55.52,39.09,52.77,52.84,42.45,56.54,47.01,31.49,45.87,37.22,43.77,47.61,51.77,53.62,54.96,47.79,54.92,56.38,45.68,47.74,47.38,46.14,47.13,43.79,49.17,48.5
2019-01-05 08:15:00,29.03,33.97,37.26,37.67,50.58,54.05,52.76,55.5,39.09,52.75,52.82,42.44,56.52,46.99,31.47,45.86,37.2,43.75,47.59,51.76,53.61,54.94,47.77,54.9,56.36,45.67,47.72,47.36,46.12,47.11,43.78,49.16,48.49
2019-01-05 08:20:00,29.01,33.96,37.25,37.65,50.57,54.04,52.74,55.48,39.09,52.73,52.81,42.43,56.51,46.97,31.45,45.84,37.18,43.73,47.58,51.75,53.59,54.93,47.75,54.89,56.34,45.65,47.7,47.35,46.11,47.1,43.78,49.14,48.47
2019-01-05 08:25:00,29.0,33.95,37.24,37.63,50.56,54.02,52.72,55.46,39.09,52.71,52.79,42.42,56.49,46.95,31.43,45.82,37.16,43.71,47.57,51.74,53.58,54.91,47.73,54.87,56.32,45.63,47.69,47.33,46.1,47.08,43.77,49.12,48.46
2019-01-05 08:30:00,28.99,33.94,37.23,37.61,50.54,54.01,52.7,55.44,39.09,52.69,52.77,42.4,56.48,46.93,31.41,45.8,37.14,43.7,47.56,51.74,53.57,54.9,47.72,54.85,56.3,45.62,47.67,47.31,46.09,47.07,43.76,49.11,48.45
2019-01-05 08:35:00,28.98,33.92,37.21,37.59,50.53,54.0,52.68,55.42,39.09,52.67,52.76,42.39,56.46,46.92,31.39,45.78,37.12,43.68,47.55,51.73,53.56,54.88,47.7,54.84,56.28,45.6,47.65,47.3,46.07,47.05,43.76,49.09,48.44
2019-01-05 08:40:00,28.96,33.91,37.2,37.58,50.52,53.98,52.66,55.4,39.09,52.65,52.74,42.38,56.45,46.9,31.37,45.77,37.1,43.66,47.54,51.72,53.54,54.87,47.68,54.82,56.26,45.59,47.63,47.28,46.06,47.04,43.75,49.08,48.43
2019-01-05 08:45:00,28.95,33.9,37.19,37.56,50.51,53.97,52.65,55.39,39.09,52.63,52.73,42.37,56.44,46.88,31.35,45.75,37.09,43.64,47.53,51.71,53.53,54.85,47.67,54.81,56.25,45.57,47.62,47.27,46.05,47.03,43.74,49.06,48.42
2019-01-05 08:50:00,28.94,33.89,37.18,37.54,50.5,53.96,52.63,55.37,39.09,52.62,52.71,42.37,56.43,46.87,31.33,45.73,37.07,43.63,47.52,51.71,53.52,54.84,47.65,54.8,56.23,45.56,47.6,47.26,46.04,47.01,43.74,49.05,48.41
2019-01-05 08:55:00,28.93,33.88,37.17,37.53,50.49,53.95,52.62,55.36,39.09,52.6,52.7,42.36,56.42,46.85,31.32,45.72,37.06,43.61,47.51,51.7,53.51,54.83,47.64,54.79,56.22,45.55,47.59,47.25,46.03,47.0,43.73,49.04,48.4
2019-01-05 09:00:00,28.92,33.86,37.16,37.52,50.49,53.94,52.6,55.35,39.09,52.59,52.69,42.35,56.41,46.84,31.3,45.71,37.04,43.6,47.5,51.7,53.5,54.82,47.63,54.77,56.2,45.54,47.58,47.23,46.02,46.99,43.73,49.03,48.39
2019-01-05 09:05:00,28.9,33.85,37.15,37.5,50.48,53.93,52.59,55.33,39.09,52.58,52.68,42.34,56.4,46.83,31.29,45.7,37.03,43.59,47.49,51.69,53.5,54.81,47.62,54.76,56.19,45.53,47.56,47.22,46.01,46.98,43.72,49.02,48.38
2019-01-05 09:10:00,28.89,33.84,37.13,37.49,50.47,53.92,52.58,55.32,39.09,52.56,52.67,42.34,56.39,46.81,31.28,45.69,37.02,43.58,47.48,51.69,53.49,54.8,47.6,54.75,56.18,45.52,47.55,47.22,46.01,46.97,43.72,49.01,48.37
2019-01-05 09:15:00,28.88,33.83,37.12,37.48,50.46,53.91,52.57,55.31,39.09,52.55,52.66,42.33,56.38,46.8,31.27,45.68,37.01,43.56,47.48,51.68,53.48,54.79,47.59,54.74,56.17,45.51,47.54,47.21,46.0,46.96,43.72,49.0,48.37
2019-01-05 09:20:00,28.87,33.82,37.11,37.47,50.46,53.91,52.56,55.3,39.09,52.54,52.65,42.32,56.37,46.79,31.25,45.67,37.0,43.55,47.47,51.68,53.47,54.78,47.59,54.74,56.16,45.5,47.53,47.2,45.99,46.96,43.71,48.99,48.36
2019-01-05 09:25:00,28.86,33.81,37.1,37.46,50.45,53.9,52.55,55.29,39.09,52.53,52.64,42.32,56.37,46.78,31.24,45.66,36.99,43.54,47.46,51.67,53.47,54.78,47.58,54.73,56.15,45.49,47.53,47.19,45.99,46.95,43.71,48.98,48.36
2019-01-05 09:30:00,28.85,33.8,37.09,37.45,50.45,53.89,52.54,55.28,39.09,52.52,52.64,42.31,56.36,46.77,31.24,45.65,36.98,43.54,47.46,51.67,53.46,54.77,47.57,54.72,56.14,45.48,47.52,47.18,45.98,46.94,43.71,48.98,48.35
2019-01-05 09:35:00,28.84,33.78,37.08,37.44,50.44,53.89,52.53,55.28,39.09,52.51,52.63,42.31,56.35,46.77,31.23,45.64,36.97,43.53,47.45,51.66,53.46,54.76,47.56,54.71,56.13,45.48,47.51,47.18,45.98,46.93,43.7,48.97,48.34
2019-01-05 09:40:00,28.83,33.77,37.07,37.44,50.44,53.88,52.53,55.27,39.09,52.51,52.62,42.31,56.35,46.76,31.22,45.63,36.96,43.52,47.45,51.66,53.45,54.76,47.55,54.71,56.13,45.47,47.5,47.17,45.97,46.93,43.7,48.96,48.34
2019-01-05 09:45:00,28.82,33.76,37.06,37.43,50.43,53.88,52.52,55.26,39.09,52.5,52.62,42.3,56.34,46.75,31.21,45.63,36.96,43.51,47.45,51.66,53.45,54.75,47.55,54.7,56.12,45.47,47.5,47.17,45.97,46.92,43.7,48.96,48.34
2019-01-05 09:50:00,28.8,33.75,37.05,37.42,50.43,53.87,52.52,55.26,39.09,52.49,52.61,42.3,56.34,46.75,31.21,45.62,36.95,43.51,47.44,51.66,53.44,54.75,47.54,54.7,56.12,45.46,47.49,47.16,45.96,46.92,43.7,48.96,48.33
2019-01-05 09:55:00,28.79,33.74,37.04,37.42,50.43,53.87,52.51,55.25,39.09,52.49,52.61,42.3,56.34,46.74,31.2,45.62,36.95,43.51,47.44,51.65,53.44,54.74,47.54,54.69,56.11,45.46,47.49,47.16,45.96,46.92,43.7,48.95,48.33
2019-01-05 10:00:00,28.78,33.73,37.03,37.42,50.42,53.87,52.51,55.25,39.09,52.49,52.61,42.3,56.33,46.74,31.2,45.62,36.94,43.5,47.44,51.65,53.44,54.74,47.54,54.69,56.11,45.46,47.49,47.16,45.96,46.91,43.7,48.95,48.33
2019-01-05 10:05:00,28.77,33.72,37.02,37.41,50.42,53.86,52.51,55.25,39.09,52.48,52.61,42.29,56.33,46.74,31.2,45.61,36.94,43.5,47.43,51.65,53.43,54.74,47.53,54.69,56.1,45.45,47.48,47.15,45.96,46.91,43.69,48.95,48.33
2019-01-05 10:10:00,28.76,33.71,37.01,37.41,50.42,53.86,52.5,55.25,39.09,52.48,52.6,42.29,56.33,46.73,31.19,45.61,36.94,43.5,47.43,51.65,53.43,54.74,47.53,54.69,56.1,45.45,47.48,47.15,45.95,46.91,43.69,48.94,48.33
2019-01-05 10:15:00,28.75,33.7,37.0,37.41,50.42,53.86,52.5,55.24,39.09,52.48,52.6,42.29,56.33,46.73,31.19,45.61,36.93,43.49,47.43,51.65,53.43,54.73,47.53,54.68,56.1,45.45,47.48,47.15,45.95,46.91,43.69,48.94,48.32
2019-01-05 10:20:00,28.74,33.69,36.98,37.4,50.42,53.86,52.5,55.24,39.09,52.47,52.6,42.29,56.33,46.73,31.19,45.6,36.93,43.49,47.43,51.65,53.43,54.73,47.52,54.68,56.09,45.45,47.47,47.15,45.95,46.91,43.69,48.94,48.32
2019-01-05 10:25:00,28.73,33.68,36.97,37.4,50.42,53.86,52.49,55.24,39.09,52.47,52.6,42.29,56.32,46.72,31.18,45.6,36.93,43.49,47.43,51.65,53.43,54.73,47.52,54.68,56.09,45.44,47.47,47.14,45.95,46.9,43.69,48.94,48.32
2019-01-05 10:30:00,28.72,33.67,36.96,37.4,50.41,53.85,52.49,55.23,39.09,52.47,52.59,42.29,56.32,46.72,31.18,45.6,36.92,43.48,47.42,51.65,53.42,54.73,47.52,54.68,56.09,45.44,47.47,47.14,45.95,46.9,43.69,48.94,48.32
2019-01-05 10:35:00,28.71,33.66,36.95,37.4,50.41,53.85,52.49,55.23,39.09,52.46,52.59,42.28,56.32,46.72,31.18,45.6,36.92,43.48,47.42,51.64,53.42,54.72,47.52,54.67,56.09,45.44,47.47,47.14,45.95,46.9,43.69,48.93,48.32
2019-01-05 10:40:00,28.7,33.65,36.94,37.39,50.41,53.85,52.49,55.23,39.09,52.46,52.59,42.28,56.32,46.72,31.18,45.6,36.92,43.48,47.42,51.64,53.42,54.72,47.51,54.67,56.08,45.44,47.46,47.14,45.94,46.9,43.69,48.93,48.32
2019-01-05 10:45:00,28.69,33.64,36.93,37.39,50.41,53.85,52.49,55.23,39.09,52.46,52.59,42.28,56.32,46.72,31.17,45.59,36.92,43.48,47.42,51.64,53.42,54.72,47.51,54.67,56.08,45.44,47.46,47.14,45.94,46.9,43.69,48.93,48.31
2019-01-05 10:50:00,28.68,33.63,36.92,37.39,50.41,53.85,52.48,55.23,39.09,52.46,52.59,42.28,56.32,46.72,31.17,45.59,36.92,43.48,47.42,51.64,53.42,54.72,47.51,54.67,56.08,45.44,47.46,47.14,45.94,46.9,43.69,48.93,48.31
2019-01-05 10:55:00,28.67,33.62,36.91,37.39,50.41,53.85,52.48,55.23,39.09,52.46,52.59,42.28,56.32,46.72,31.17,45.59,36.92,43.48,47.42,51.64,53.42,54.72,47.51,54.67,56.08,45.44,47.46,47.14,45.94,46.9,43.69,48.93,48.31
2019-01-05 11:00:00,28.66,33.61,36.9,37.39,50.41,53.85,52.48,55.23,39.09,52.46,52.59,42.28,56.32,46.72,31.17,45.59,36.92,43.48,47.42,51.64,53.42,54.72,47.51,54.67,56.08,45.44,47.46,47.14,45.94,46.9,43.69,48.93,48.31
2019-01-05 11:05:00,28.65,33.6,36.89,37.39,50.41,53.85,52.49,55.23,39.09,52.46,52.59,42.28,56.32,46.72,31.17,45.59,36.92,43.48,47.42,51.64,53.42,54.72,47.51,54.67,56.08,45.44,47.46,47.14,45.94,46.9,43.69,48.93,48.32
2019-01-05 11:10:00,28.64,33.59,36.88,37.39,50.41,53.85,52.49,55.23,39.09,52.46,52.59,42.28,56.32,46.72,31.18,45.6,36.92,43.48,47.42,51.64,53.42,54.72,47.52,54.67,56.08,45.44,47.47,47.14,45.95,46.9,43.69,48.93,48.32
2019-01-05 11:15:00,28.63,33.58,36.87,37.4,50.41,53.85,52.49,55.23,39.09,52.46,52.59,42.29,56.32,46.72,31.18,45.6,36.92,43.48,47.42,51.64,53.42,54.72,47.52,54.67,56.09,45.44,47.47,47.14,45.95,46.9,43.69,48.93,48.32
2019-01-05 11:20:00,28.62,33.57,36.86,37.4,50.41,53.85,52.49,55.23,39.09,52.46,52.59,42.29,56.32,46.72,31.18,45.6,36.92,43.48,47.42,51.64,53.42,54.72,47.52,54.67,56.09,45.44,47.47,47.14,45.95,46.9,43.69,48.94,48.32
2019-01-05 11:25:00,28.61,33.56,36.85,37.4,50.41,53.85,52.49,55.23,39.09,52.46,52.59,42.29,56.32,46.72,31.18,45.6,36.92,43.48,47.42,51.65,53.42,54.72,47.52,54.67,56.09,45.44,47.47,47.14,45.95,46.9,43.69,48.94,48.32
2019-01-05 11:30:00,28.6,33.55,36.84,37.4,50.41,53.85,52.49,55.23,39.09,52.46,52.6,42.29,56.32,46.72,31.18,45.6,36.93,43.48,47.42,51.65,53.42,54.72,47.52,54.67,56.09,45.44,47.47,47.14,45.95,46.9,43.69,48.94,48.32
2019-01-05 11:35:00,28.59,33.54,36.83,37.4,50.41,53.85,52.49,55.24,39.09,52.47,52.6,42.29,56.32,46.72,31.18,45.6,36.93,43.49,47.43,51.65,53.42,54.73,47.52,54.68,56.09,45.44,47.47,47.14,45.95,46.9,43.69,48.94,48.32
2019-01-05 11:40:00,28.58,33.53,36.82,37.4,50.41,53.85,52.49,55.24,39.09,52.47,52.6,42.29,56.32,46.73,31.19,45.6,36.93,43.49,47.43,51.65,53.43,54.73,47.52,54.68,56.09,45.44,47.47,47.15,45.95,46.91,43.69,48.94,48.32
2019-01-05 11:45:00,28.57,33.52,36.82,37.4,50.41,53.85,52.5,55.24,39.09,52.47,52.6,42.29,56.32,46.73,31.19,45.6,36.93,43.49,47.43,51.65,53.43,54.73,47.52,54.68,56.09,45.45,47.47,47.15,45.95,46.91,43.69,48.94,48.32
2019-01-05 11:50:00,28.56,33.51,36.81,37.4,50.42,53.85,52.5,55.24,39.09,52.47,52.6,42.29,56.32,46.73,31.19,45.61,36.93,43.49,47.43,51.65,53.43,54.73,47.52,54.68,56.09,45.45,47.48,47.15,45.95,46.91,43.69,48.94,48.32
2019-01-05 11:55:00,28.55,33.5,36.8,37.41,50.42,53.86,52.5,55.24,39.09,52.47,52.6,42.29,56.33,46.73,31.19,45.61,36.93,43.49,47.43,51.65,53.43,54.73,47.53,54.68,56.1,45.45,47.48,47.15,45.95,46.91,43.69,48.94,48.32
2019-01-05 12:00:00,28.54,33.49,36.79,37.41,50.42,53.86,52.5,55.24,39.09,52.47,52.6,42.29,56.33,46.73,31.19,45.61,36.93,43.49,47.43,51.65,53.43,54.73,47.53,54.68,56.1,45.45,47.48,47.15,45.95,46.91,43.69,48.94,48.32
2019-01-05 12:05:00,28.53,33.48,36.78,37.41,50.42,53.86,52.5,55.24,39.09,52.47,52.6,42.29,56.33,46.73,31.19,45.61,36.93,43.49,47.43,51.65,53.43,54.73,47.53,54.68,56.1,45.45,47.48,47.15,45.96,46.91,43.69,48.95,48.33
2019-01-05 12:10:00,28.52,33.47,36.77,37.41,50.42,53.86,52.5,55.24,39.09,52.47,52.61,42.29,56.33,46.73,31.19,45.61,36.94,43.49,47.43,51.65,53.43,54.73,47.53,54.68,56.1,45.45,47.48,47.15,45.96,46.91,43.69,48.95,48.33
2019-01-05 12:15:00,28.52,33.46,36.76,37.41,50.42,53.86,52.5,55.25,39.09,52.47,52.61,42.3,56.33,46.73,31.2,45.61,36.94,43.5,47.43,51.65,53.43,54.73,47.53,54.68,56.1,45.45,47.48,47.15,45.96,46.91,43.7,48.95,48.33
2019-01-05 12:20:00,28.51,33.45,36.75,37.41,50.42,53.86,52.51,55.25,39.09,52.48,52.61,42.3,56.33,46.74,31.2,45.61,36.94,43.5,47.43,51.65,53.43,54.73,47.53,54.69,56.1,45.45,47.48,47.16,45.96,46.92,43.7,48.95,48.33
2019-01-05 12:25:00,28.5,33.44,36.74,37.42,50.42,53.86,52.51,55.25,39.09,52.48,52.61,42.3,56.33,46.74,31.2,45.62,36.94,43.5,47.43,51.65,53.43,54.74,47.53,54.69,56.11,45.46,47.49,47.16,45.96,46.92,43.7,48.95,48.33
2019-01-05 12:30:00,28.49,33.43,36.73,37.42,50.42,53.86,52.51,55.25,39.09,52.48,52.61,42.3,56.33,46.74,31.2,45.62,36.94,43.5,47.43,51.65,53.43,54.74,47.54,54.69,56.11,45.46,47.49,47.16,45.96,46.92,43.7,48.95,48.33
2019-01-05 12:35:00,28.48,33.42,36.72,37.42,50.42,53.86,52.51,55.25,39.09,52.48,52.61,42.3,56.34,46.74,31.2,45.62,36.95,43.5,47.44,51.65,53.44,54.74,47.54,54.69,56.11,45.46,47.49,47.16,45.96,46.92,43.7,48.96,48.33
2019-01-05 12:40:00,28.47,33.41,36.71,37.42,50.43,53.87,52.51,55.26,39.09,52.48,52.62,42.3,56.34,46.74,31.21,45.62,36.95,43.51,47.44,51.65,53.44,54.74,47.54,54.69,56.11,45.46,47.49,47.16,45.96,46.92,43.7,48.96,48.33
2019-01-05 12:45:00,28.46,33.41,36.7,37.42,50.43,53.87,52.52,55.26,39.09,52.49,52.62,42.3,56.34,46.75,31.21,45.62,36.95,43.51,47.44,51.66,53.44,54.74,47.54,54.69,56.11,45.46,47.49,47.16,45.97,46.92,43.7,48.96,48.34
2019-01-05 12:50:00,28.45,33.4,36.69,37.43,50.43,53.87,52.52,55.26,39.09,52.49,52.62,42.3,56.34,46.75,31.21,45.63,36.95,43.51,47.44,51.66,53.44,54.74,47.54,54.7,56.12,45.46,47.49,47.17,45.97,46.92,43.7,48.96,48.34
2019-01-05 12:55:00,28.44,33.39,36.68,37.43,50.43,53.87,52.52,55.26,39.09,52.49,52.62,42.3,56.34,46.75,31.21,45.63,36.95,43.51,47.44,51.66,53.44,54.74,47.55,54.7,56.12,45.47,47.5,47.17,45.97,46.93,43.7,48.96,48.34
2019-01-05 13:00:00,28.43,33.38,36.67,37.43,50.43,53.87,52.52,55.26,39.09,52.49,52.62,42.31,56.34,46.75,31.21,45.63,36.96,43.51,47.44,51.66,53.44,54.75,47.55,54.7,56.12,45.47,47.5,47.17,45.97,46.93,43.7,48.96,48.34
2019-01-05 13:05:00,28.42,33.37,36.66,37.43,50.43,53.87,52.52,55.26,39.09,52.49,52.62,42.31,56.34,46.75,31.22,45.63,36.96,43.52,47.44,51.66,53.44,54.75,47.55,54.7,56.12,45.47,47.5,47.17,45.97,46.93,43.7,48.96,48.34
2019-01-05 13:10:00,28.41,33.36,36.65,37.43,50.43,53.87,52.52,55.27,39.09,52.5,52.62,42.31,56.34,46.76,31.22,45.63,36.96,43.52,47.44,51.66,53.44,54.75,47.55,54.7,56.12,45.47,47.5,47.17,45.97,46.93,43.7,48.97,48.34
2019-01-05 13:15:00,28.4,33.35,36.64,37.43,50.43,53.88,52.53,55.27,39.09,52.5,52.63,42.31,56.35,46.76,31.22,45.63,36.96,43.52,47.45,51.66,53.45,54.75,47.55,54.7,56.12,45.47,47.5,47.17,45.97,46.93,43.7,48.97,48.34
2019-01-05 13:20:00,28.39,33.34,36.63,37.44,50.43,53.88,52.53,55.27,39.09,52.5,52.63,42.31,56.35,46.76,31.22,45.64,36.96,43.52,47.45,51.66,53.45,54.75,47.55,54.7,56.13,45.47,47.5,47.17,45.97,46.93,43.7,48.97,48.34
2019-01-05 13:25:00,28.38,33.33,36.62,37.44,50.44,53.88,52.53,55.27,39.09,52.5,52.63,42.31,56.35,46.76,31.22,45.64,36.96,43.52,47.45,51.66,53.45,54.75,47.56,54.71,56.13,45.47,47.51,47.18,45.98,46.93,43.7,48.97,48.34
2019-01-05 13:30:00,28.37,33.32,36.61,37.44,50.44,53.88,52.53,55.27,39.09,52.5,52.63,42.31,56.35,46.76,31.22,45.64,36.97,43.52,47.45,51.66,53.45,54.75,47.56,54.71,56.13,45.47,47.51,47.18,45.98,46.94,43.7,48.97,48.34
2019-01-05 13:35:00,28.36,33.31,36.6,37.44,50.44,53.88,52.53,55.27,39.09,52.5,52.63,42.31,56.35,46.76,31.23,45.64,36.97,43.52,47.45,51.66,53.45,54.75,47.56,54.71,56.13,45.48,47.51,47.18,45.98,46.94,43.7,48.97,48.35
2019-01-05 13:40:00,28.35,33.3,36.59,37.44,50.44,53.88,52.53,55.27,39.09,52.5,52.63,42.31,56.35,46.76,31.23,45.64,36.97,43.52,47.45,51.66,53.45,54.75,47.56,54.71,56.13,45.48,47.51,47.18,45.98,46.94,43.7,48.97,48.35
2019-01-05 13:45:00,28.34,33.29,36.58,37.44,50.44,53.88,52.53,55.27,39.09,52.5,52.63,42.31,56.35,46.76,31.23,45.64,36.97,43.52,47.45,51.66,53.45,54.76,47.56,54.71,56.13,45.48,47.51,47.18,45.98,46.94,43.71,48.97,48.35
2019-01-05 13:50:00,28.33,33.28,36.57,37.44,50.44,53.88,52.53,55.27,39.09,52.5,52.63,42.31,56.35,46.76,31.23,45.64,36.97,43.52,47.45,51.66,53.45,54.76,47.56,54.71,56.13,45.48,47.51,47.18,45.98,46.94,43.7,48.97,48.35
2019-01-05 13:55:00,28.32,33.27,36.56,37.44,50.44,53.88,52.53,55.27,39.09,52.5,52.63,42.31,56.35,46.76,31.23,45.64,36.97,43.52,47.45,51.66,53.45,54.75,47.56,54.71,56.13,45.48,47.51,47.18,45.98,46.94,43.7,48.97,48.35
2019-01-05 14:00:00,28.31,33.26,36.55,37.44,50.44,53.88,52.53,55.27,39.09,52.5,52.63,42.31,56.35,46.76,31.23,45.64,36.97,43.52,47.45,51.66,53.45,54.75,47.56,54.71,56.13,45.48,47.51,47.18,45.98,46.94,43.7,48.97,48.35
2019-01-05 14:05:00,28.3,33.25,36.54,37.44,50.44,53.88,52.53,55.27,39.09,52.5,52.63,42.31,56.35,46.76,31.22,45.64,36.97,43.52,47.45,51.66,53.45,54.75,47.56,54.71,56.13,45.48,47.51,47.18,45.98,46.94,43.7,48.97,48.35
2019-01-05 14:10:00,28.29,33.24,36.53,37.44,50.44,53.88,52.53,55.27,39.09,52.5,52.63,42.31,56.35,46.76,31.22,45.64,36.97,43.52,47.45,51.66,53.45,54.75,47.56,54.71,56.13,45.47,47.51,47.18,45.98,46.94,43.7,48.97,48.34
2019-01-05 14:15:00,28.28,33.23,36.52,37.44,50.44,53.88,52.53,55.27,39.09,52.5,52.63,42.31,56.35,46.76,31.22,45.64,36.97,43.52,47.45,51.66,53.45,54.75,47.56,54.71,56.13,45.47,47.51,47.18,45.98,46.93,43.7,48.97,48.34
2019-01-05 14:20:00,28.27,33.22,36.51,37.44,50.44,53.88,52.53,55.27,39.09,52.5,52.63,42.31,56.35,46.76,31.22,45.64,36.96,43.52,47.45,51.66,53.45,54.75,47.56,54.71,56.13,45.47,47.51,47.18,45.98,46.93,43.7,48.97,48.34
2019-01-05 14:25:00,28.26,33.21,36.5,37.44,50.44,53.88,52.53,55.27,39.09,52.5,52.63,42.31,56.35,46.76,31.22,45.64,36.96,43.52,47.45,51.66,53.45,54.75,47.56,54.71,56.13,45.47,47.51,47.17,45.97,46.93,43.7,48.97,48.34
2019-01-05 14:30:00,28.25,33.2,36.49,37.44,50.44,53.88,52.53,55.27,39.09,52.5,52.63,42.31,56.35,46.76,31.22,45.64,36.96,43.52,47.45,51.66,53.45,54.75,47.55,54.71,56.13,45.47,47.51,47.17,45.97,46.93,43.7,48.97,48.34
2019-01-05 14:35:00,28.24,33.19,36.48,37.44,50.44,53.88,52.53,55.27,39.09,52.5,52.63,42.31,56.35,46.76,31.22,45.64,36.96,43.52,47.45,51.66,53.45,54.75,47.55,54.71,56.13,45.47,47.51,47.17,45.97,46.93,43.7,48.97,48.34
2019-01-05 14:40:00,28.23,33.18,36.47,37.44,50.44,53.88,52.53,55.27,39.09,52.5,52.63,42.31,56.35,46.76,31.22,45.64,36.96,43.52,47.45,51.66,53.45,54.75,47.55,54.7,56.13,45.47,47.51,47.17,45.97,46.93,43.7,48.97,48.34
2019-01-05 14:45:00,28.22,33.17,36.46,37.44,50.44,53.88,52.53,55.27,39.09,52.5,52.63,42.31,56.35,46.76,31.22,45.64,36.96,43.52,47.45,51.66,53.45,54.75,47.55,54.71,56.13,45.47,47.51,47.17,45.97,46.93,43.7,48.97,48.34
2019-01-05 14:50:00,28.21,33.16,36.45,37.44,50.44,53.88,52.53,55.27,39.09,52.5,52.63,42.31,56.35,46.76,31.22,45.64,36.96,43.52,47.45,51.66,53.45,54.75,47.55,54.71,56.13,45.47,47.51,47.17,45.97,46.93,43.7,48.97,48.34
2019-01-05 14:55:00,28.2,33.15,36.44,37.44,50.44,53.88,52.53,55.27,39.09,52.5,52.63,42.31,56.35,46.76,31.22,45.64,36.96,43.52,47.45,51.66,53.45,54.75,47.56,54.71,56.13,45.47,47.51,47.17,45.97,46.93,43.7,48.97,48.34
2019-01-05 15:00:00,28.19,33.14,36.43,37.44,50.44,53.88,52.53,55.27,39.09,52.5,52.63,42.31,56.35,46.76,31.22,45.64,36.97,43.52,47.45,51.66,53.45,54.75,47.56,54.71,56.13,45.47,47.51,47.18,45.98,46.93,43.7,48.97,48.34
2019-01-05 15:05:00,28.18,33.13,36.42,37.44,50.44,53.88,52.53,55.27,39.09,52.5,52.63,42.31,56.35,46.76,31.23,45.64,36.97,43.52,47.45,51.66,53.45,54.76,47.56,54.71,56.13,45.48,47.51,47.18,45.98,46.94,43.7,48.97,48.35
2019-01-05 15:10:00,28.17,33.12,36.41,37.44,50.44,53.88,52.53,55.27,39.09,52.51,52.63,42.31,56.35,46.76,31.23,45.64,36.97,43.53,47.45,51.66,53.45,54.76,47.56,54.71,56.13,45.48,47.51,47.18,45.98,46.94,43.71,48.97,48.35
2019-01-05 15:15:00,28.16,33.11,36.4,37.44,50.44,53.88,52.53,55.27,39.09,52.51,52.63,42.31,56.35,46.76,31.23,45.64,36.97,43.53,47.45,51.66,53.45,54.76,47.56,54.71,56.13,45.48,47.51,47.18,45.98,46.94,43.71,48.97,48.35
2019-01-05 15:20:00,28.15,33.1,36.39,37.44,50.44,53.88,52.53,55.28,39.09,52.51,52.63,42.31,56.35,46.77,31.23,45.64,36.97,43.53,47.45,51.66,53.45,54.76,47.56,54.71,56.13,45.48,47.51,47.18,45.98,46.94,43.71,48.97,48.35
2019-01-05 15:25:00,28.14,33.09,36.39,37.44,50.44,53.88,52.53,55.28,39.09,52.51,52.63,42.31,56.35,46.77,31.23,45.64,36.97,43.53,47.45,51.66,53.45,54.76,47.56,54.71,56.13,45.48,47.51,47.18,45.98,46.94,43.71,48.97,48.35
2019-01-05 15:30:00,28.13,33.08,36.38,37.44,50.44,53.88,52.54,55.28,39.09,52.51,52.63,42.31,56.35,46.77,31.23,45.64,36.97,43.53,47.45,51.66,53.45,54.76,47.56,54.71,56.13,45.48,47.51,47.18,45.98,46.94,43.71,48.97,48.35
2019-01-05 15:35:00,28.13,33.07,36.37,37.45,50.44,53.88,52.54,55.28,39.09,52.51,52.63,42.31,56.35,46.77,31.23,45.64,36.97,43.53,47.45,51.66,53.45,54.76,47.56,54.71,56.13,45.48,47.51,47.18,45.98,46.94,43.71,48.98,48.35
2019-01-05 15:40:00,28.12,33.06,36.36,37.45,50.44,53.88,52.54,55.28,39.09,52.51,52.64,42.31,56.36,46.77,31.23,45.64,36.97,43.53,47.45,51.66,53.45,54.76,47.56,54.71,56.14,45.48,47.51,47.18,45.98,46.94,43.71,48.98,48.35
2019-01-05 15:45:00,28.11,33.05,36.35,37.45,50.44,53.89,52.54,55.28,39.09,52.51,52.64,42.32,56.36,46.77,31.23,45.65,36.97,43.53,47.45,51.67,53.46,54.76,47.56,54.71,56.14,45.48,47.52,47.18,45.98,46.94,43.71,48.98,48.35
2019-01-05 15:50:00,28.1,33.04,36.34,37.45,50.44,53.89,52.54,55.28,39.09,52.51,52.64,42.32,56.36,46.77,31.23,45.65,36.98,43.53,47.45,51.67,53.46,54.76,47.57,54.71,56.14,45.48,47.52,47.18,45.98,46.94,43.71,48.98,48.35
2019-01-05 15:55:00,28.09,33.03,36.33,37.45,50.44,53.89,52.54,55.28,39.09,52.51,52.64,42.32,56.36,46.77,31.24,45.65,36.98,43.53,47.46,51.67,53.46,54.76,47.57,54.72,56.14,45.48,47.52,47.18,45.98,46.94,43.71,48.98,48.35
2019-01-05 16:00:00,28.08,33.02,36.32,37.45,50.44,53.89,52.54,55.28,39.09,52.52,52.64,42.32,56.36,46.77,31.24,45.65,36.98,43.54,47.46,51.67,53.46,54.76,47.57,54.72,56.14,45.48,47.52,47.19,45.98,46.94,43.71,48.98,48.35
2019-01-05 16:05:00,28.07,33.01,36.31,37.45,50.44,53.89,52.54,55.28,39.09,52.52,52.64,42.32,56.36,46.77,31.24,45.65,36.98,43.54,47.46,51.67,53.46,54.76,47.57,54.72,56.14,45.48,47.52,47.19,45.98,46.94,43.71,48.98,48.35
2019-01-05 16:10:00,28.06,33.01,36.3,37.45,50.44,53.89,52.54,55.28,39.09,52.52,52.64,42.32,56.36,46.77,31.24,45.65,36.98,43.54,47.46,51.67,53.46,54.76,47.57,54.72,56.14,45.48,47.52,47.19,45.98,46.94,43.71,48.98,48.35
2019-01-05 16:15:00,28.05,33.0,36.29,37.45,50.44,53.89,52.54,55.28,39.09,52.51,52.64,42.32,56.36,46.77,31.24,45.65,36.98,43.53,47.46,51.67,53.46,54.76,47.57,54.72,56.14,45.48,47.52,47.19,45.98,46.94,43.71,48.98,48.35
2019-01-05 16:20:00,28.04,32.99,36.28,37.45,50.44,53.89,52.54,55.28,39.09,52.51,52.64,42.32,56.36,46.77,31.24,45.65,36.98,43.53,47.45,51.67,53.46,54.76,47.57,54.72,56.14,45.48,47.52,47.18,45.98,46.94,43.71,48.98,48.35
2019-01-05 16:25:00,28.03,32.98,36.27,37.45,50.44,53.89,52.54,55.28,39.09,52.51,52.64,42.32,56.36,46.77,31.23,45.65,36.97,43.53,47.45,51.67,53.46,54.76,47.56,54.71,56.14,45.48,47.52,47.18,45.98,46.94,43.71,48.98,48.35
2019-01-05 16:30:00,28.02,32.97,36.26,37.45,50.44,53.88,52.54,55.28,39.09,52.51,52.64,42.32,56.36,46.77,31.23,45.65,36.97,43.53,47.45,51.67,53.45,54.76,47.56,54.71,56.14,45.48,47.52,47.18,45.98,46.94,43.71,48.98,48.35
2019-01-05 16:35:00,28.01,32.96,36.25,37.45,50.44,53.88,52.54,55.28,39.09,52.51,52.64,42.31,56.36,46.77,31.23,45.64,36.97,43.53,47.45,51.66,53.45,54.76,47.56,54.71,56.14,45.48,47.51,47.18,45.98,46.94,43.71,48.98,48.35
2019-01-05 16:40:00,28.0,32.95,36.24,37.45,50.44,53.88,52.54,55.28,39.09,52.51,52.64,42.31,56.35,46.77,31.23,45.64,36.97,43.53,47.45,51.66,53.45,54.76,47.56,54.71,56.14,45.48,47.51,47.18,45.98,46.94,43.71,48.98,48.35
2019-01-05 16:45:00,27.99,32.94,36.23,37.45,50.44,53.88,52.54,55.28,39.09,52.51,52.64,42.31,56.36,46.77,31.23,45.65,36.97,43.53,47.45,51.66,53.45,54.76,47.56,54.71,56.14,45.48,47.51,47.18,45.98,46.94,43.71,48.98,48.35
2019-01-05 16:50:00,27.98,32.93,36.22,37.45,50.44,53.88,52.54,55.28,39.09,52.51,52.64,42.32,56.36,46.77,31.23,45.65,36.97,43.53,47.45,51.67,53.45,54.76,47.56,54.71,56.14,45.48,47.51,47.18,45.98,46.94,43.71,48.98,48.35
2019-01-05 16:55:00,27.97,32.92,36.21,37.45,50.44,53.88,52.54,55.28,39.09,52.51,52.64,42.32,56.36,46.77,31.23,45.65,36.97,43.53,47.45,51.67,53.45,54.76,47.56,54.71,56.14,45.48,47.52,47.18,45.98,46.94,43.71,48.98,48.35
2019-01-05 17:00:00,27.96,32.91,36.2,37.45,50.44,53.88,52.54,55.28,39.09,52.51,52.64,42.32,56.36,46.77,31.23,45.65,36.97,43.53,47.45,51.67,53.45,54.76,47.56,54.71,56.14,45.48,47.52,47.18,45.98,46.94,43.71,48.98,48.35
2019-01-05 17:05:00,27.95,32.9,36.19,37.45,50.44,53.88,52.54,55.28,39.09,52.51,52.64,42.32,56.36,46.77,31.23,45.65,36.97,43.53,47.45,51.67,53.45,54.76,47.56,54.71,56.14,45.48,47.52,47.18,45.98,46.94,43.71,48.98,48.35
2019-01-05 17:10:00,27.94,32.89,36.18,37.45,50.44,53.88,52.54,55.28,39.09,52.51,52.64,42.32,56.36,46.77,31.23,45.65,36.97,43.53,47.45,51.67,53.45,54.76,47.56,54.71,56.14,45.48,47.52,47.18,45.98,46.94,43.71,48.98,48.35
2019-01-05 17:15:00,27.93,32.88,36.17,37.45,50.44,53.88,52.54,55.28,39.09,52.51,52.64,42.31,56.35,46.77,31.23,45.64,36.97,43.53,47.45,51.66,53.45,54.76,47.56,54.71,56.14,45.48,47.51,47.18,45.98,46.94,43.71,48.98,48.35
2019-01-05 17:20:00,27.92,32.87,36.16,37.45,50.44,53.88,52.54,55.28,39.09,52.51,52.64,42.31,56.35,46.77,31.23,45.64,36.97,43.53,47.45,51.66,53.45,54.76,47.56,54.71,56.13,45.48,47.51,47.18,45.98,46.94,43.71,48.98,48.35
2019-01-05 17:25:00,27.91,32.86,36.15,37.44,50.44,53.88,52.54,55.28,39.09,52.51,52.63,42.31,56.35,46.77,31.23,45.64,36.97,43.53,47.45,51.66,53.45,54.76,47.56,54.71,56.13,45.48,47.51,47.18,45.98,46.94,43.71,48.98,48.35
2019-01-05 17:30:00,27.9,32.85,36.14,37.44,50.44,53.88,52.53,55.28,39.09,52.51,52.63,42.31,56.35,46.77,31.23,45.64,36.97,43.53,47.45,51.66,53.45,54.76,47.56,54.71,56.13,45.48,47.51,47.18,45.98,46.94,43.71,48.97,48.35
2019-01-05 17:35:00,27.89,32.84,36.13,37.44,50.44,53.88,52.53,55.28,39.09,52.51,52.63,42.31,56.35,46.77,31.23,45.64,36.97,43.53,47.45,51.66,53.45,54.76,47.56,54.71,56.13,45.48,47.51,47.18,45.98,46.94,43.71,48.97,48.35
2019-01-05 17:40:00,27.88,32.83,36.12,37.44,50.44,53.88,52.53,55.27,39.09,52.51,52.63,42.31,56.35,46.76,31.23,45.64,36.97,43.53,47.45,51.66,53.45,54.76,47.56,54.71,56.13,45.48,47.51,47.18,45.98,46.94,43.71,48.97,48.35
2019-01-05 17:45:00,27.87,32.82,36.11,37.44,50.44,53.88,52.53,55.27,39.09,52.5,52.63,42.31,56.35,46.76,31.23,45.64,36.97,43.53,47.45,51.66,53.45,54.76,47.56,54.71,56.13,45.48,47.51,47.18,45.98,46.94,43.71,48.97,48.35
2019-01-05 17:50:00,27.86,32.81,36.1,37.44,50.44,53.88,52.53,55.27,39.09,52.5,52.63,42.31,56.35,46.76,31.23,45.64,36.97,43.53,47.45,51.66,53.45,54.76,47.56,54.71,56.13,45.48,47.51,47.18,45.98,46.94,43.71,48.97,48.35
2019-01-05 17:55:00,27.85,32.8,36.09,37.44,50.44,53.88,52.53,55.27,39.09,52.5,52.63,42.31,56.35,46.76,31.23,45.64,36.97,43.53,47.45,51.66,53.45,54.75,47.56,54.71,56.13,45.48,47.51,47.18,45.98,46.94,43.71,48.97,48.35
2019-01-05 18:00:00,27.84,32.79,36.08,37.44,50.44,53.88,52.53,55.27,39.09,52.5,52.63,42.31,56.35,46.76,31.23,45.64,36.97,43.52,47.45,51.66,53.45,54.75,47.56,54.71,56.13,45.48,47.51,47.18,45.98,46.94,43.7,48.97,48.35
2019-01-05 18:05:00,27.83,32.78,36.07,37.44,50.43,53.88,52.53,55.27,39.09,52.5,52.63,42.31,56.35,46.76,31.22,45.64,36.96,43.52,47.45,51.66,53.45,54.75,47.55,54.7,56.13,45.47,47.51,47.18,45.98,46.93,43.7,48.97,48.34
2019-01-05 18:10:00,27.82,32.77,36.06,37.44,50.43,53.87,52.53,55.27,39.09,52.5,52.63,42.31,56.35,46.76,31.22,45.63,36.96,43.52,47.45,51.66,53.45,54.75,47.55,54.7,56.12,45.47,47.5,47.17,45.97,46.93,43.7,48.97,48.34
2019-01-05 18:15:00,27.81,32.76,36.05,37.43,50.43,53.87,52.52,55.27,39.09,52.49,52.63,42.31,56.34,46.76,31.22,45.63,36.96,43.52,47.44,51.66,53.44,54.75,47.55,54.7,56.12,45.47,47.5,47.17,45.97,46.93,43.7,48.97,48.34
2019-01-05 18:20:00,27.8,32.75,36.04,37.43,50.43,53.87,52.52,55.26,39.09,52.49,52.62,42.31,56.34,46.75,31.22,45.63,36.96,43.51,47.44,51.66,53.44,54.75,47.55,54.7,56.12,45.47,47.5,47.17,45.97,46.93,43.7,48.96,48.34
2019-01-05 18:25:00,27.79,32.74,36.03,37.43,50.43,53.87,52.52,55.26,39.09,52.49,52.62,42.31,56.34,46.75,31.21,45.63,36.95,43.51,47.44,51.66,53.44,54.74,47.55,54.7,56.12,45.47,47.5,47.17,45.97,46.93,43.7,48.96,48.34
2019-01-05 18:30:00,27.78,32.73,36.02,37.43,50.43,53.87,52.52,55.26,39.09,52.49,52.62,42.3,56.34,46.75,31.21,45.63,36.95,43.51,47.44,51.66,53.44,54.74,47.54,54.69,56.12,45.46,47.5,47.17,45.97,46.93,43.7,48.96,48.34
2019-01-05 18:35:00,27.77,32.72,36.01,37.42,50.43,53.87,52.52,55.26,39.09,52.49,52.62,42.3,56.34,46.75,31.21,45.62,36.95,43.51,47.44,51.66,53.44,54.74,47.54,54.69,56.11,45.46,47.49,47.17,45.97,46.92,43.7,48.96,48.34
2019-01-05 18:40:00,27.76,32.71,36.0,37.42,50.43,53.87,52.52,55.26,39.09,52.48,52.62,42.3,56.34,46.75,31.21,45.62,36.95,43.51,47.44,51.65,53.44,54.74,47.54,54.69,56.11,45.46,47.49,47.16,45.97,46.92,43.7,48.96,48.34
2019-01-05 18:45:00,27.75,32.7,35.99,37.42,50.43,53.87,52.52,55.26,39.09,52.49,52.62,42.3,56.34,46.75,31.21,45.62,36.95,43.51,47.44,51.65,53.44,54.74,47.54,54.69,56.11,45.46,47.49,47.16,45.97,46.92,43.7,48.96,48.34
2019-01-05 18:50:00,27.74,32.69,35.98,37.42,50.43,53.87,52.52,55.26,39.09,52.49,52.62,42.3,56.34,46.75,31.21,45.62,36.95,43.51,47.44,51.66,53.44,54.74,47.54,54.69,56.11,45.46,47.49,47.17,45.97,46.93,43.7,48.96,48.34
2019-01-05 18:55:00,27.73,32.68,35.97,37.43,50.43,53.87,52.52,55.26,39.09,52.49,52.62,42.3,56.34,46.75,31.21,45.63,36.95,43.51,47.44,51.66,53.44,54.74,47.54,54.69,56.12,45.46,47.5,47.17,45.97,46.93,43.7,48.96,48.34
2019-01-05 19:00:00,27.72,32.67,35.96,37.43,50.43,53.87,52.52,55.26,39.09,52.49,52.62,42.3,56.34,46.75,31.21,45.63,36.95,43.51,47.44,51.66,53.44,54.74,47.54,54.7,56.12,45.46,47.5,47.17,45.97,46.93,43.7,48.96,48.34
2019-01-05 19:05:00,27.71,32.66,35.95,37.43,50.43,53.87,52.52,55.26,39.09,52.49,52.62,42.31,56.34,46.75,31.21,45.63,36.95,43.51,47.44,51.66,53.44,54.74,47.55,54.7,56.12,45.47,47.5,47.17,45.97,46.93,43.7,48.96,48.34
2019-01-05 19:10:00,27.71,32.65,35.95,36.53,50.18,53.59,51.96,54.73,39.09,51.94,52.3,42.1,56.0,46.14,30.41,45.02,36.16,42.9,47.2,51.47,53.16,54.41,47.01,54.31,55.55,45.02,47.05,46.83,45.73,46.64,43.58,48.67,48.12
2019-01-05 19:15:00,27.71,32.66,35.95,36.53,50.18,53.59,51.97,54.73,39.09,51.94,52.3,42.1,56.0,46.14,30.41,45.02,36.16,42.9,47.2,51.47,53.16,54.41,47.01,54.31,55.55,45.02,47.05,46.83,45.74,46.64,43.58,48.67,48.12
2019-01-05 19:20:00,27.72,32.67,35.96,36.53,50.18,53.59,51.97,54.73,39.09,51.94,52.3,42.1,56.0,46.14,30.41,45.02,36.16,42.9,47.2,51.47,53.16,54.41,47.01,54.31,55.55,45.02,47.05,46.83,45.74,46.64,43.58,48.67,48.12
2019-01-05 19:25:00,27.73,32.68,35.97,36.53,50.18,53.59,51.97,54.73,39.09,51.94,52.3,42.1,56.0,46.14,30.41,45.02,36.16,42.9,47.2,51.47,53.16,54.41,47.01,54.31,55.55,45.02,47.05,46.83,45.74,46.64,43.58,48.67,48.12
2019-01-05 19:30:00,27.74,32.69,35.98,36.53,50.18,53.59,51.97,54.74,39.09,51.94,52.3,42.1,56.0,46.14,30.41,45.02,36.17,42.9,47.2,51.47,53.16,54.41,47.01,54.31,55.56,45.02,47.06,46.83,45.74,46.64,43.58,48.67,48.12
2019-01-05 19:35:00,27.75,32.7,35.99,36.53,50.19,53.59,51.97,54.74,39.09,51.94,52.3,42.1,56.0,46.15,30.41,45.02,36.17,42.9,47.2,51.47,53.16,54.41,47.01,54.31,55.56,45.02,47.06,46.84,45.74,46.64,43.58,48.67,48.12
2019-01-05 19:40:00,27.76,32.71,36.0,36.54,50.19,53.59,51.97,54.74,39.09,51.94,52.3,42.1,56.01,46.15,30.42,45.03,36.17,42.91,47.2,51.47,53.17,54.42,47.02,54.32,55.56,45.02,47.06,46.84,45.74,46.65,43.58,48.68,48.13
2019-01-05 19:45:00,27.77,32.72,36.01,36.54,50.19,53.6,51.98,54.75,39.09,51.95,52.31,42.1,56.01,46.15,30.42,45.03,36.18,42.91,47.2,51.47,53.17,54.42,47.02,54.32,55.57,45.03,47.07,46.84,45.74,46.65,43.58,48.68,48.13
2019-01-05 19:50:00,27.78,32.72,36.02,36.55,50.19,53.6,51.98,54.75,39.09,51.95,52.31,42.11,56.01,46.16,30.43,45.04,36.18,42.92,47.21,51.47,53.17,54.42,47.02,54.33,55.57,45.03,47.07,46.85,45.75,46.65,43.58,48.68,48.13
2019-01-05 19:55:00,27.79,32.73,36.03,36.55,50.2,53.6,51.99,54.76,39.09,51.96,52.32,42.11,56.02,46.17,30.44,45.04,36.19,42.92,47.21,51.48,53.18,54.43,47.03,54.33,55.58,45.04,47.08,46.85,45.75,46.66,43.59,48.69,48.14
2019-01-05 20:00:00,27.8,32.74,36.04,36.56,50.2,53.61,52.0,54.76,39.09,51.97,52.32,42.11,56.02,46.17,30.44,45.05,36.2,42.93,47.21,51.48,53.18,54.43,47.04,54.34,55.58,45.04,47.08,46.86,45.75,46.66,43.59,48.69,48.14
2019-01-05 20:05:00,27.81,32.75,36.04,36.57,50.2,53.61,52.0,54.77,39.09,51.97,52.33,42.12,56.03,46.18,30.45,45.06,36.2,42.94,47.22,51.48,53.18,54.44,47.04,54.34,55.59,45.05,47.09,46.86,45.76,46.67,43.59,48.7,48.14
2019-01-05 20:10:00,27.82,32.76,36.05,36.58,50.21,53.62,52.01,54.78,39.09,51.98,52.33,42.12,56.03,46.18,30.46,45.06,36.21,42.94,47.22,51.48,53.19,54.44,47.05,54.35,55.6,45.05,47.09,46.87,45.76,46.67,43.59,48.7,48.15
2019-01-05 20:15:00,27.83,32.77,36.06,36.58,50.21,53.62,52.01,54.78,39.09,51.99,52.34,42.12,56.03,46.19,30.46,45.07,36.22,42.95,47.23,51.49,53.19,54.45,47.05,54.35,55.6,45.06,47.1,46.87,45.77,46.68,43.59,48.71,48.15
2019-01-05 20:20:00,27.84,32.78,36.07,36.59,50.21,53.63,52.02,54.79,39.09,51.99,52.34,42.13,56.04,46.2,30.47,45.07,36.22,42.95,47.23,51.49,53.19,54.45,47.06,54.35,55.61,45.06,47.1,46.88,45.77,46.68,43.6,48.71,48.15
2019-01-05 20:25:00,27.85,32.79,36.08,36.59,50.22,53.63,52.02,54.79,39.09,52.0,52.35,42.13,56.04,46.2,30.48,45.08,36.23,42.96,47.23,51.49,53.2,54.45,47.06,54.36,55.61,45.07,47.11,46.88,45.77,46.69,43.6,48.72,48.16
2019-01-05 20:30:00,27.85,32.8,36.09,36.6,50.22,53.63,52.03,54.8,39.09,52.0,52.35,42.13,56.05,46.21,30.48,45.08,36.23,42.96,47.23,51.49,53.2,54.46,47.07,54.36,55.62,45.07,47.11,46.88,45.78,46.69,43.6,48.72,48.16
2019-01-05 20:35:00,27.86,32.81,36.1,36.6,50.22,53.63,52.03,54.8,39.09,52.01,52.36,42.13,56.05,46.21,30.49,45.09,36.24,42.97,47.24,51.5,53.2,54.46,47.07,54.37,55.62,45.07,47.12,46.89,45.78,46.69,43.6,48.73,48.16
2019-01-05 20:40:00,27.87,32.82,36.11,36.61,50.23,53.64,52.04,54.81,39.09,52.01,52.36,42.14,56.05,46.22,30.49,45.09,36.24,42.98,47.24,51.5,53.21,54.47,47.08,54.37,55.63,45.08,47.12,46.89,45.78,46.7,43.6,48.73,48.17
2019-01-05 20:45:00,27.88,32.83,36.12,36.62,50.23,53.64,52.05,54.81,39.09,52.02,52.37,42.14,56.06,46.22,30.5,45.1,36.25,42.98,47.24,51.5,53.21,54.47,47.09,54.38,55.64,45.09,47.13,46.9,45.79,46.7,43.61,48.74,48.17
2019-01-05 20:50:00,27.89,32.84,36.13,36.63,50.23,53.65,52.05,54.82,39.09,52.03,52.37,42.15,56.06,46.23,30.51,45.11,36.26,42.99,47.25,51.5,53.22,54.48,47.09,54.38,55.64,45.09,47.14,46.9,45.79,46.71,43.61,48.74,48.18
2019-01-05 20:55:00,27.9,32.85,36.14,36.63,50.24,53.65,52.06,54.83,39.09,52.03,52.38,42.15,56.07,46.24,30.52,45.12,36.27,43.0,47.25,51.51,53.22,54.48,47.1,54.39,55.65,45.1,47.15,46.91,45.8,46.72,43.61,48.75,48.18
2019-01-05 21:00:00,27.91,32.86,36.15,36.64,50.24,53.66,52.07,54.84,39.09,52.04,52.39,42.16,56.08,46.25,30.53,45.12,36.28,43.01,47.26,51.51,53.23,54.49,47.11,54.4,55.66,45.11,47.15,46.92,45.8,46.72,43.61,48.76,48.19
2019-01-05 21:05:00,27.93,32.87,36.16,36.65,50.25,53.67,52.08,54.85,39.09,52.05,52.39,42.16,56.08,46.26,30.54,45.13,36.29,43.02,47.26,51.51,53.23,54.5,47.12,54.4,55.67,45.11,47.16,46.93,45.81,46.73,43.62,48.76,48.19
2019-01-05 21:10:00,27.94,32.88,36.17,36.67,50.26,53.67,52.09,54.86,39.09,52.06,52.4,42.17,56.09,46.27,30.55,45.14,36.3,43.03,47.27,51.52,53.24,54.5,47.13,54.41,55.68,45.12,47.17,46.93,45.82,46.74,43.62,48.77,48.2
2019-01-05 21:15:00,27.95,32.89,36.18,36.68,50.26,53.68,52.1,54.87,39.09,52.07,52.41,42.17,56.1,46.28,30.56,45.15,36.31,43.04,47.28,51.52,53.25,54.51,47.14,54.42,55.69,45.13,47.18,46.94,45.82,46.75,43.62,48.78,48.2
2019-01-05 21:20:00,27.96,32.9,36.19,36.69,50.27,53.69,52.11,54.88,39.09,52.08,52.42,42.18,56.1,46.29,30.57,45.16,36.32,43.05,47.28,51.53,53.25,54.52,47.15,54.43,55.7,45.14,47.19,46.95,45.83,46.75,43.63,48.79,48.21
2019-01-05 21:25:00,27.97,32.91,36.2,36.7,50.27,53.69,52.12,54.88,39.09,52.09,52.43,42.18,56.11,46.3,30.59,45.17,36.33,43.06,47.29,51.53,53.26,54.52,47.15,54.44,55.71,45.15,47.2,46.96,45.83,46.76,43.63,48.79,48.21
2019-01-05 21:30:00,27.98,32.93,36.21,36.71,50.28,53.7,52.13,54.89,39.09,52.1,52.44,42.19,56.12,46.31,30.6,45.18,36.34,43.07,47.29,51.53,53.26,54.53,47.16,54.44,55.72,45.16,47.21,46.97,45.84,46.77,43.63,48.8,48.22
2019-01-05 21:35:00,27.99,32.94,36.22,36.72,50.28,53.7,52.14,54.9,39.09,52.11,52.44,42.19,56.12,46.32,30.61,45.19,36.35,43.08,47.3,51.54,53.27,54.54,47.17,54.45,55.73,45.16,47.22,46.97,45.85,46.78,43.64,48.81,48.23
2019-01-05 21:40:00,28.0,32.95,36.24,36.73,50.29,53.71,52.15,54.91,39.09,52.12,52.45,42.2,56.13,46.33,30.62,45.2,36.36,43.09,47.3,51.54,53.28,54.55,47.18,54.46,55.74,45.17,47.23,46.98,45.85,46.78,43.64,48.82,48.23
2019-01-05 21:45:00,28.01,32.96,36.25,36.74,50.3,53.72,52.16,54.93,39.09,52.13,52.46,42.21,56.14,46.34,30.63,45.21,36.38,43.1,47.31,51.55,53.29,54.56,47.19,54.47,55.75,45.18,47.24,46.99,45.86,46.79,43.65,48.83,48.24
2019-01-05 21:50:00,28.03,32.97,36.26,36.76,50.3,53.73,52.17,54.94,39.09,52.15,52.47,42.21,56.15,46.35,30.65,45.23,36.39,43.11,47.32,51.55,53.29,54.56,47.21,54.48,55.76,45.19,47.25,47.0,45.87,46.8,43.65,48.84,48.25
2019-01-05 21:55:00,28.04,32.98,36.27,36.77,50.31,53.74,52.19,54.95,39.09,52.16,52.48,42.22,56.16,46.37,30.66,45.24,36.4,43.13,47.33,51.56,53.3,54.57,47.22,54.49,55.78,45.2,47.26,47.01,45.88,46.81,43.65,48.85,48.26
2019-01-05 22:00:00,28.05,32.99,36.28,36.79,50.32,53.74,52.2,54.96,39.09,52.17,52.5,42.23,56.17,46.38,30.68,45.25,36.42,43.14,47.33,51.56,53.31,54.58,47.23,54.5,55.79,45.22,47.28,47.02,45.89,46.82,43.66,48.86,48.26
2019-01-05 22:05:00,28.06,33.01,36.29,36.8,50.32,53.75,52.21,54.98,39.09,52.18,52.51,42.23,56.18,46.39,30.69,45.26,36.43,43.15,47.34,51.57,53.32,54.59,47.24,54.51,55.8,45.23,47.29,47.03,45.9,46.83,43.66,48.87,48.27
2019-01-05 22:10:00,28.07,33.02,36.3,36.81,50.33,53.76,52.22,54.99,39.09,52.2,52.52,42.24,56.19,46.41,30.71,45.28,36.45,43.17,47.35,51.57,53.32,54.6,47.26,54.52,55.82,45.24,47.3,47.04,45.9,46.84,43.67,48.88,48.28
2019-01-05 22:15:00,28.09,33.03,36.32,36.83,50.34,53.77,52.24,55.0,39.09,52.21,52.53,42.25,56.19,46.42,30.72,45.29,36.46,43.18,47.35,51.58,53.33,54.61,47.27,54.53,55.83,45.25,47.31,47.05,45.91,46.85,43.67,48.89,48.29
2019-01-05 22:20:00,28.1,33.04,36.33,36.84,50.34,53.77,52.25,55.01,39.09,52.22,52.54,42.25,56.2,46.43,30.73,45.3,36.47,43.19,47.36,51.58,53.34,54.62,47.28,54.54,55.84,45.26,47.32,47.06,45.92,46.86,43.68,48.9,48.29
2019-01-05 22:25:00,28.11,33.06,36.34,36.85,50.35,53.78,52.26,55.02,39.09,52.23,52.55,42.26,56.21,46.44,30.75,45.31,36.48,43.2,47.37,51.59,53.35,54.63,47.29,54.55,55.85,45.27,47.33,47.07,45.93,46.87,43.68,48.91,48.3
2019-01-05 22:30:00,28.12,33.07,36.35,36.86,50.36,53.79,52.27,55.03,39.09,52.24,52.55,42.27,56.22,46.45,30.76,45.32,36.49,43.21,47.37,51.59,53.35,54.63,47.3,54.55,55.86,45.27,47.34,47.08,45.93,46.88,43.68,48.92,48.31
2019-01-05 22:35:00,28.14,33.08,36.36,36.87,50.36,53.79,52.28,55.04,39.09,52.25,52.56,42.27,56.22,46.46,30.77,45.33,36.5,43.22,47.38,51.59,53.36,54.64,47.31,54.56,55.87,45.28,47.35,47.09,45.94,46.89,43.69,48.92,48.31
2019-01-05 22:40:00,28.15,33.09,36.37,36.88,50.37,53.8,52.28,55.05,39.09,52.26,52.57,42.28,56.23,46.47,30.78,45.34,36.51,43.23,47.38,51.6,53.36,54.64,47.31,54.57,55.88,45.29,47.36,47.09,45.94,46.89,43.69,48.93,48.32
2019-01-05 22:45:00,28.16,33.1,36.39,36.89,50.37,53.8,52.29,55.05,39.09,52.26,52.58,42.28,56.23,46.48,30.79,45.35,36.52,43.24,47.39,51.6,53.37,54.65,47.32,54.57,55.89,45.3,47.37,47.1,45.95,46.9,43.69,48.94,48.32
2019-01-05 22:50:00,28.17,33.12,36.4,36.9,50.37,53.81,52.3,55.06,39.09,52.27,52.58,42.29,56.24,46.49,30.8,45.35,36.53,43.25,47.39,51.6,53.37,54.65,47.33,54.58,55.89,45.3,47.37,47.11,45.95,46.91,43.69,48.94,48.33
2019-01-05 22:55:00,28.18,33.13,36.41,36.91,50.38,53.81,52.31,55.07,39.09,52.28,52.59,42.29,56.24,46.49,30.81,45.36,36.54,43.26,47.39,51.61,53.38,54.66,47.34,54.59,55.9,45.31,47.38,47.12,45.96,46.91,43.7,48.95,48.33
2019-01-05 23:00:00,28.2,33.14,36.42,36.92,50.38,53.82,52.32,55.08,39.09,52.28,52.6,42.29,56.25,46.5,30.82,45.37,36.55,43.26,47.4,51.61,53.38,54.67,47.34,54.59,55.91,45.32,47.39,47.12,45.97,46.92,43.7,48.96,48.34
2019-01-05 23:05:00,28.21,33.15,36.43,36.92,50.39,53.82,52.32,55.08,39.09,52.29,52.6,42.3,56.25,46.51,30.82,45.38,36.56,43.27,47.4,51.61,53.39,54.67,47.35,54.6,55.92,45.32,47.4,47.13,45.97,46.92,43.7,48.96,48.34
2019-01-05 23:10:00,28.22,33.16,36.45,36.93,50.39,53.83,52.33,55.09,39.09,52.3,52.61,42.3,56.26,46.52,30.83,45.38,36.56,43.28,47.41,51.62,53.39,54.68,47.36,54.6,55.92,45.33,47.4,47.13,45.98,46.93,43.71,48.97,48.35
2019-01-05 23:15:00,28.23,33.18,36.46,36.94,50.39,53.83,52.34,55.1,39.09,52.31,52.62,42.31,56.26,46.52,30.84,45.39,36.57,43.29,47.41,51.62,53.39,54.68,47.36,54.61,55.93,45.34,47.41,47.14,45.98,46.94,43.71,48.98,48.35
2019-01-05 23:20:00,28.25,33.19,36.47,36.95,50.4,53.83,52.35,55.11,39.09,52.31,52.62,42.31,56.27,46.53,30.85,45.4,36.58,43.29,47.41,51.62,53.4,54.68,47.37,54.61,55.94,45.34,47.42,47.15,45.99,46.94,43.71,48.98,48.36
2019-01-05 23:25:00,28.26,33.2,36.48,36.96,50.4,53.84,52.35,55.11,39.09,52.32,52.63,42.32,56.27,46.54,30.86,45.41,36.59,43.3,47.42,51.62,53.4,54.69,47.38,54.62,55.95,45.35,47.42,47.15,45.99,46.95,43.71,48.99,48.36
2019-01-05 23:30:00,28.27,33.21,36.5,36.96,50.41,53.84,52.36,55.12,39.09,52.32,52.64,42.32,56.28,46.54,30.87,45.41,36.6,43.31,47.42,51.63,53.41,54.69,47.38,54.62,55.95,45.35,47.43,47.16,46.0,46.95,43.72,48.99,48.36
2019-01-05 23:35:00,28.28,33.23,36.51,36.97,50.41,53.85,52.37,55.13,39.09,52.33,52.64,42.32,56.28,46.55,30.87,45.42,36.6,43.32,47.43,51.63,53.41,54.7,47.39,54.63,55.96,45.36,47.44,47.16,46.0,46.96,43.72,49.0,48.37
2019-01-05 23:40:00,28.3,33.24,36.52,36.98,50.41,53.85,52.37,55.13,39.09,52.34,52.65,42.33,56.29,46.56,30.88,45.43,36.61,43.32,47.43,51.63,53.41,54.7,47.4,54.63,55.97,45.37,47.44,47.17,46.0,46.96,43.72,49.01,48.37
2019-01-05 23:45:00,28.31,33.25,36.53,36.99,50.42,53.85,52.38,55.14,39.09,52.34,52.65,42.33,56.29,46.57,30.89,45.43,36.62,43.33,47.43,51.63,53.42,54.71,47.41,54.64,55.97,45.37,47.45,47.18,46.01,46.97,43.72,49.01,48.38
2019-01-05 23:50:00,28.32,33.26,36.54,37.0,50.42,53.86,52.39,55.15,39.09,52.35,52.66,42.34,56.3,46.58,30.9,45.44,36.63,43.34,47.44,51.64,53.42,54.71,47.41,54.65,55.98,45.38,47.46,47.18,46.01,46.98,43.73,49.02,48.38
2019-01-05 23:55:00,28.34,33.28,36.56,37.01,50.43,53.87,52.4,55.16,39.09,52.36,52.67,42.34,56.31,46.58,30.91,45.45,36.64,43.35,47.44,51.64,53.43,54.72,47.42,54.65,55.99,45.39,47.47,47.19,46.02,46.98,43.73,49.02,48.39
2019-01-06 00:00:00,28.35,33.29,36.57,37.02,50.43,53.87,52.41,55.17,39.09,52.37,52.68,42.35,56.31,46.59,30.92,45.46,36.65,43.36,47.45,51.65,53.44,54.73,47.43,54.66,56.0,45.39,47.48,47.2,46.03,46.99,43.73,49.03,48.39
2019-01-06 00:05:00,28.36,33.3,36.58,37.03,50.44,53.88,52.42,55.18,39.09,52.38,52.69,42.35,56.32,46.61,30.94,45.47,36.66,43.37,47.46,51.65,53.44,54.74,47.44,54.67,56.01,45.4,47.49,47.21,46.03,47.0,43.74,49.04,48.4
2019-01-06 00:10:00,28.37,33.32,36.6,37.04,50.45,53.89,52.43,55.19,39.09,52.39,52.7,42.36,56.33,46.62,30.95,45.48,36.67,43.38,47.46,51.65,53.45,54.74,47.45,54.68,56.02,45.41,47.5,47.22,46.04,47.01,43.74,49.05,48.41
2019-01-06 00:15:00,28.39,33.33,36.61,37.06,50.45,53.9,52.44,55.2,39.09,52.41,52.71,42.37,56.34,46.63,30.96,45.5,36.69,43.4,47.47,51.66,53.46,54.75,47.46,54.69,56.04,45.42,47.51,47.23,46.05,47.02,43.74,49.06,48.41
2019-01-06 00:20:00,28.4,33.34,36.62,37.07,50.46,53.9,52.46,55.21,39.09,52.42,52.72,42.37,56.35,46.64,30.98,45.51,36.7,43.41,47.48,51.67,53.47,54.76,47.48,54.7,56.05,45.44,47.52,47.24,46.06,47.03,43.75,49.07,48.42
2019-01-06 00:25:00,28.42,33.36,36.64,37.09,50.47,53.91,52.47,55.23,39.09,52.43,52.73,42.38,56.36,46.66,30.99,45.52,36.72,43.42,47.49,51.67,53.48,54.78,47.49,54.71,56.06,45.45,47.54,47.25,46.07,47.04,43.75,49.08,48.43
2019-01-06 00:30:00,28.43,33.37,36.65,37.1,50.48,53.92,52.48,55.24,39.09,52.45,52.74,42.39,56.37,46.67,31.01,45.54,36.73,43.44,47.49,51.68,53.49,54.79,47.5,54.72,56.08,45.46,47.55,47.26,46.08,47.05,43.76,49.09,48.44
2019-01-06 00:35:00,28.44,33.38,36.66,37.12,50.49,53.93,52.5,55.26,39.09,52.47,52.75,42.4,56.38,46.69,31.03,45.55,36.75,43.46,47.5,51.68,53.5,54.8,47.52,54.74,56.1,45.47,47.56,47.27,46.08,47.06,43.76,49.1,48.45
2019-01-06 00:40:00,28.46,33.4,36.68,37.14,50.49,53.95,52.51,55.27,39.09,52.48,52.77,42.4,56.39,46.7,31.05,45.57,36.77,43.47,47.51,51.69,53.51,54.81,47.53,54.75,56.11,45.49,47.58,47.28,46.09,47.07,43.77,49.12,48.46
2019-01-06 00:45:00,28.47,33.41,36.69,37.15,50.5,53.96,52.53,55.29,39.09,52.5,52.78,42.41,56.4,46.72,31.06,45.58,36.78,43.49,47.52,51.7,53.51,54.82,47.55,54.76,56.13,45.5,47.59,47.3,46.1,47.08,43.77,49.13,48.47
2019-01-06 00:50:00,28.49,33.43,36.7,37.17,50.51,53.97,52.55,55.3,39.09,52.51,52.79,42.42,56.41,46.74,31.08,45.6,36.8,43.5,47.53,51.7,53.52,54.83,47.56,54.77,56.14,45.51,47.61,47.31,46.11,47.09,43.78,49.14,48.47
2019-01-06 00:55:00,28.5,33.44,36.72,37.19,50.52,53.98,52.56,55.32,39.09,52.53,52.8,42.43,56.42,46.75,31.1,45.61,36.82,43.52,47.54,51.71,53.53,54.84,47.58,54.79,56.16,45.52,47.62,47.32,46.12,47.11,43.78,49.15,48.48
2019-01-06 01:00:00,28.51,33.45,36.73,37.2,50.53,53.99,52.57,55.33,39.09,52.54,52.81,42.44,56.43,46.77,31.11,45.63,36.83,43.53,47.55,51.71,53.54,54.86,47.59,54.8,56.17,45.54,47.63,47.33,46.13,47.12,43.79,49.16,48.49
2019-01-06 01:05:00,28.53,33.47,36.74,37.22,50.54,54.0,52.59,55.34,39.09,52.56,52.82,42.44,56.44,46.78,31.13,45.64,36.85,43.55,47.56,51.72,53.55,54.87,47.6,54.81,56.19,45.55,47.65,47.34,46.14,47.13,43.79,49.17,48.5
2019-01-06 01:10:00,28.54,33.48,36.76,37.23,50.55,54.01,52.6,55.36,39.09,52.57,52.84,42.45,56.45,46.8,31.15,45.66,36.86,43.56,47.57,51.73,53.56,54.88,47.62,54.82,56.2,45.56,47.66,47.35,46.15,47.14,43.8,49.18,48.51
2019-01-06 01:15:00,28.56,33.5,36.77,37.25,50.55,54.02,52.62,55.37,39.09,52.59,52.85,42.46,56.46,46.81,31.16,45.67,36.88,43.58,47.57,51.73,53.57,54.89,47.63,54.83,56.22,45.57,47.67,47.36,46.16,47.15,43.8,49.19,48.52
2019-01-06 01:20:00,28.57,33.51,36.79,37.27,50.56,54.03,52.63,55.39,39.09,52.6,52.86,42.47,56.47,46.83,31.18,45.68,36.89,43.59,47.58,51.74,53.58,54.9,47.64,54.85,56.23,45.58,47.68,47.37,46.16,47.16,43.81,49.2,48.52
2019-01-06 01:25:00,28.58,33.53,36.8,37.28,50.57,54.04,52.65,55.4,39.09,52.62,52.87,42.47,56.49,46.84,31.19,45.7,36.91,43.61,47.59,51.74,53.59,54.91,47.66,54.86,56.24,45.6,47.7,47.39,46.17,47.17,43.81,49.22,48.53
2019-01-06 01:30:00,28.6,33.54,36.81,37.3,50.58,54.05,52.66,55.41,39.09,52.63,52.88,42.48,56.5,46.86,31.21,45.71,36.93,43.62,47.6,51.75,53.6,54.92,47.67,54.87,56.26,45.61,47.71,47.4,46.18,47.18,43.81,49.23,48.54
2019-01-06 01:35:00,28.61,33.55,36.83,37.31,50.59,54.06,52.68,55.43,39.09,52.65,52.89,42.49,56.51,46.87,31.23,45.73,36.94,43.64,47.61,51.76,53.61,54.93,47.69,54.88,56.27,45.62,47.72,47.41,46.19,47.19,43.82,49.24,48.55
2019-01-06 01:40:00,28.63,33.57,36.84,37.33,50.6,54.07,52.69,55.44,39.09,52.66,52.9,42.5,56.52,46.88,31.24,45.74,36.96,43.65,47.62,51.76,53.62,54.94,47.7,54.89,56.29,45.63,47.74,47.42,46.2,47.2,43.82,49.25,48.56
2019-01-06 01:45:00,28.64,33.58,36.86,37.34,50.61,54.08,52.7,55.46,39.09,52.68,52.91,42.5,56.53,46.9,31.26,45.75,36.97,43.67,47.62,51.77,53.63,54.96,47.71,54.91,56.3,45.64,47.75,47.43,46.21,47.21,43.83,49.26,48.56
2019-01-06 01:50:00,28.66,33.6,36.87,37.36,50.61,54.09,52.72,55.47,39.09,52.69,52.93,42.51,56.54,46.91,31.27,45.77,36.99,43.68,47.63,51.77,53.64,54.97,47.73,54.92,56.32,45.66,47.76,47.44,46.21,47.22,43.83,49.27,48.57
2019-01-06 01:55:00,28.67,33.61,36.89,37.37,50.62,54.1,52.73,55.48,39.09,52.71,52.94,42.52,56.55,46.93,31.29,45.78,37.0,43.69,47.64,51.78,53.65,54.98,47.74,54.93,56.33,45.67,47.77,47.45,46.22,47.23,43.84,49.28,48.58
2019-01-06 02:00:00,28.69,33.63,36.9,37.39,50.63,54.1,52.74,55.49,39.09,52.72,52.95,42.52,56.56,46.94,31.3,45.79,37.02,43.71,47.65,51.78,53.65,54.99,47.75,54.94,56.34,45.68,47.79,47.46,46.23,47.24,43.84,49.29,48.59
2019-01-06 02:05:00,28.7,33.64,36.92,37.4,50.64,54.11,52.75,55.51,39.09,52.73,52.96,42.53,56.56,46.95,31.32,45.8,37.03,43.72,47.66,51.79,53.66,55.0,47.76,54.95,56.35,45.69,47.8,47.47,46.24,47.25,43.84,49.3,48.59
2019-01-06 02:10:00,28.72,33.66,36.93,37.41,50.64,54.12,52.77,55.52,39.09,52.75,52.96,42.53,56.57,46.97,31.33,45.82,37.04,43.73,47.66,51.79,53.67,55.0,47.77,54.96,56.37,45.7,47.81,47.48,46.24,47.25,43.85,49.3,48.6
2019-01-06 02:15:00,28.73,33.67,36.94,37.43,50.65,54.13,52.78,55.53,39.09,52.76,52.97,42.54,56.58,46.98,31.34,45.83,37.05,43.74,47.67,51.8,53.68,55.01,47.78,54.97,56.38,45.71,47.82,47.49,46.25,47.26,43.85,49.31,48.6
2019-01-06 02:20:00,28.75,33.69,36.96,37.44,50.66,54.14,52.79,55.54,39.09,52.77,52.98,42.55,56.59,46.99,31.35,45.84,37.07,43.76,47.68,51.8,53.68,55.02,47.79,54.98,56.39,45.72,47.83,47.49,46.26,47.27,43.85,49.32,48.61
2019-01-06 02:25:00,28.76,33.7,36.97,37.45,50.66,54.15,52.8,55.55,39.09,52.78,52.99,42.55,56.6,47.0,31.37,45.85,37.08,43.77,47.68,51.81,53.69,55.03,47.81,54.99,56.4,45.73,47.84,47.5,46.26,47.28,43.86,49.33,48.62
2019-01-06 02:30:00,28.78,33.72,36.99,37.47,50.67,54.15,52.81,55.56,39.09,52.8,53.0,42.56,56.61,47.01,31.38,45.86,37.09,43.78,47.69,51.81,53.7,55.04,47.82,55.0,56.41,45.74,47.85,47.51,46.27,47.29,43.86,49.34,48.62
2019-01-06 02:35:00,28.79,33.73,37.0,37.48,50.68,54.16,52.83,55.58,39.09,52.81,53.01,42.56,56.62,47.03,31.39,45.87,37.11,43.79,47.7,51.82,53.71,55.05,47.83,55.01,56.43,45.75,47.86,47.52,46.28,47.3,43.87,49.35,48.63
2019-01-06 02:40:00,28.81,33.75,37.02,37.49,50.68,54.17,52.84,55.59,39.09,52.82,53.02,42.57,56.62,47.04,31.41,45.89,37.12,43.81,47.71,51.82,53.72,55.06,47.84,55.02,56.44,45.76,47.87,47.53,46.29,47.3,43.87,49.36,48.64
2019-01-06 02:45:00,28.82,33.76,37.03,37.51,50.69,54.18,52.85,55.6,39.09,52.84,53.03,42.58,56.63,47.05,31.42,45.9,37.13,43.82,47.71,51.83,53.72,55.07,47.85,55.03,56.45,45.77,47.88,47.54,46.29,47.31,43.87,49.36,48.64
2019-01-06 02:50:00,28.84,33.78,37.05,37.52,50.7,54.19,52.86,55.61,39.09,52.85,53.04,42.58,56.64,47.07,31.44,45.91,37.15,43.83,47.72,51.83,53.73,55.08,47.86,55.04,56.47,45.78,47.89,47.55,46.3,47.32,43.88,49.37,48.65
2019-01-06 02:55:00,28.85,33.79,37.06,37.53,50.71,54.2,52.88,55.63,39.09,52.86,53.05,42.59,56.65,47.08,31.45,45.92,37.16,43.85,47.73,51.84,53.74,55.09,47.88,55.05,56.48,45.79,47.9,47.56,46.31,47.33,43.88,49.38,48.66
2019-01-06 03:00:00,28.87,33.81,37.08,37.55,50.71,54.21,52.89,55.64,39.1,52.88,53.06,42.59,56.66,47.09,31.46,45.93,37.17,43.86,47.73,51.84,53.75,55.1,47.89,55.06,56.49,45.8,47.91,47.57,46.31,47.34,43.88,49.39,48.66
2019-01-06 03:05:00,28.88,33.82,37.09,37.56,50.72,54.21,52.9,55.65,39.1,52.89,53.06,42.6,56.67,47.1,31.47,45.95,37.19,43.87,47.74,51.85,53.76,55.11,47.9,55.07,56.5,45.81,47.92,47.58,46.32,47.35,43.89,49.4,48.67
2019-01-06 03:10:00,28.9,33.84,37.11,37.57,50.73,54.22,52.91,55.66,39.1,52.9,53.07,42.6,56.68,47.11,31.49,45.96,37.2,43.88,47.75,51.85,53.76,55.12,47.91,55.08,56.51,45.82,47.93,47.58,46.33,47.35,43.89,49.41,48.68
2019-01-06 03:15:00,28.91,33.85,37.12,37.58,50.73,54.23,52.92,55.67,39.1,52.91,53.08,42.61,56.68,47.12,31.5,45.97,37.21,43.89,47.75,51.86,53.77,55.12,47.92,55.08,56.52,45.82,47.94,47.59,46.33,47.36,43.89,49.41,48.68
2019-01-06 03:20:00,28.93,33.87,37.14,37.59,50.74,54.24,52.93,55.68,39.1,52.92,53.09,42.61,56.69,47.13,31.51,45.97,37.22,43.9,47.76,51.86,53.77,55.13,47.93,55.09,56.53,45.83,47.95,47.6,46.34,47.37,43.9,49.42,48.69
2019-01-06 03:25:00,28.94,33.88,37.15,37.6,50.74,54.24,52.94,55.69,39.1,52.93,53.09,42.62,56.7,47.14,31.52,45.98,37.23,43.91,47.76,51.86,53.78,55.14,47.93,55.1,56.54,45.84,47.96,47.6,46.34,47.37,43.9,49.42,48.69
2019-01-06 03:30:00,28.96,33.9,37.17,37.61,50.75,54.25,52.95,55.69,39.1,52.94,53.1,42.62,56.7,47.15,31.53,45.99,37.24,43.92,47.77,51.87,53.79,55.15,47.94,55.11,56.55,45.85,47.97,47.61,46.35,47.38,43.9,49.43,48.69
2019-01-06 03:35:00,28.97,33.91,37.18,37.62,50.75,54.25,52.95,55.7,39.1,52.95,53.1,42.63,56.71,47.16,31.54,46.0,37.25,43.93,47.77,51.87,53.79,55.15,47.95,55.11,56.56,45.85,47.97,47.61,46.35,47.38,43.9,49.44,48.7
2019-01-06 03:40:00,28.99,33.93,37.2,37.63,50.76,54.26,52.96,55.71,39.1,52.95,53.11,42.63,56.71,47.17,31.54,46.01,37.25,43.93,47.78,51.87,53.8,55.16,47.96,55.12,56.56,45.86,47.98,47.62,46.35,47.39,43.91,49.44,48.7
2019-01-06 03:45:00,29.0,33.95,37.22,37.63,50.76,54.26,52.97,55.71,39.1,52.96,53.11,42.63,56.72,47.17,31.55,46.01,37.26,43.94,47.78,51.88,53.8,55.16,47.96,55.12,56.57,45.86,47.99,47.63,46.36,47.39,43.91,49.45,48.71
2019-01-06 03:50:00,29.02,33.96,37.23,37.64,50.76,54.27,52.97,55.72,39.1,52.97,53.12,42.64,56.72,47.18,31.56,46.02,37.27,43.95,47.79,51.88,53.8,55.17,47.97,55.13,56.58,45.87,47.99,47.63,46.36,47.4,43.91,49.45,48.71
2019-01-06 03:55:00,29.04,33.98,37.25,37.65,50.77,54.27,52.98,55.73,39.1,52.97,53.12,42.64,56.73,47.19,31.57,46.02,37.27,43.95,47.79,51.88,53.81,55.17,47.97,55.13,56.58,45.87,48.0,47.63,46.36,47.4,43.91,49.45,48.71
2019-01-06 04:00:00,29.05,33.99,37.26,37.65,50.77,54.27,52.98,55.73,39.1,52.98,53.13,42.64,56.73,47.19,31.57,46.03,37.28,43.96,47.79,51.88,53.81,55.18,47.98,55.14,56.59,45.88,48.0,47.64,46.37,47.4,43.91,49.46,48.71
2019-01-06 04:05:00,29.07,34.01,37.28,37.66,50.77,54.28,52.99,55.74,39.1,52.98,53.13,42.64,56.73,47.2,31.58,46.03,37.28,43.96,47.79,51.89,53.81,55.18,47.98,55.14,56.59,45.88,48.0,47.64,46.37,47.41,43.91,49.46,48.72
2019-01-06 04:10:00,29.08,34.02,37.29,37.66,50.78,54.28,52.99,55.74,39.1,52.99,53.13,42.64,56.74,47.2,31.58,46.04,37.29,43.97,47.8,51.89,53.82,55.18,47.99,55.15,56.6,45.88,48.01,47.64,46.37,47.41,43.91,49.46,48.72
2019-01-06 04:15:00,29.1,34.04,37.31,37.67,50.78,54.28,53.0,55.74,39.1,52.99,53.14,42.65,56.74,47.2,31.58,46.04,37.29,43.97,47.8,51.89,53.82,55.19,47.99,55.15,56.6,45.89,48.01,47.65,46.37,47.41,43.92,49.47,48.72
2019-01-06 04:20:00,29.11,34.05,37.32,37.67,50.78,54.29,53.0,55.75,39.1,53.0,53.14,42.65,56.74,47.21,31.59,46.04,37.3,43.97,47.8,51.89,53.82,55.19,47.99,55.15,56.6,45.89,48.01,47.65,46.37,47.41,43.92,49.47,48.72
2019-01-06 04:25:00,29.13,34.07,37.34,37.67,50.78,54.29,53.0,55.75,39.1,53.0,53.14,42.65,56.74,47.21,31.59,46.05,37.3,43.98,47.8,51.89,53.82,55.19,47.99,55.15,56.6,45.89,48.01,47.65,46.38,47.41,43.92,49.47,48.72
2019-01-06 04:30:00,29.14,34.08,37.35,37.67,50.78,54.29,53.0,55.75,39.1,53.0,53.14,42.65,56.74,47.21,31.59,46.05,37.3,43.98,47.8,51.89,53.82,55.19,48.0,55.15,56.61,45.89,48.02,47.65,46.38,47.42,43.92,49.47,48.72
2019-01-06 04:35:00,29.16,34.1,37.37,37.67,50.78,54.29,53.0,55.75,39.1,53.0,53.14,42.65,56.74,47.21,31.59,46.05,37.3,43.98,47.8,51.89,53.82,55.19,48.0,55.15,56.61,45.89,48.02,47.65,46.38,47.42,43.92,49.47,48.72
2019-01-06 04:40:00,29.17,34.11,37.38,37.67,50.78,54.29,53.0,55.75,39.1,53.0,53.14,42.65,56.74,47.21,31.59,46.05,37.3,43.98,47.8,51.89,53.82,55.19,48.0,55.15,56.61,45.89,48.02,47.65,46.38,47.42,43.92,49.47,48.72
2019-01-06 04:45:00,29.19,34.13,37.4,37.67,50.78,54.29,53.0,55.75,39.1,53.0,53.14,42.65,56.74,47.21,31.59,46.05,37.3,43.98,47.8,51.89,53.82,55.19,48.0,55.15,56.61,45.89,48.02,47.65,46.38,47.41,43.92,49.47,48.72
2019-01-06 04:50:00,29.2,34.14,37.41,37.67,50.78,54.29,53.0,55.75,39.1,53.0,53.14,42.65,56.74,47.21,31.59,46.05,37.3,43.98,47.8,51.89,53.82,55.19,48.0,55.15,56.61,45.89,48.01,47.65,46.38,47.41,43.92,49.47,48.72
2019-01-06 04:55:00,29.22,34.16,37.43,37.67,50.78,54.29,53.0,55.75,39.1,53.0,53.14,42.65,56.74,47.21,31.59,46.05,37.3,43.98,47.8,51.89,53.82,55.19,48.0,55.15,56.61,45.89,48.01,47.65,46.38,47.41,43.92,49.47,48.72
2019-01-06 05:00:00,29.23,34.17,37.44,37.67,50.78,54.29,53.0,55.75,39.1,53.0,53.14,42.65,56.74,47.21,31.59,46.05,37.3,43.97,47.8,51.89,53.82,55.19,47.99,55.15,56.6,45.89,48.01,47.65,46.37,47.41,43.92,49.47,48.72
2019-01-06 05:05:00,29.25,34.19,37.46,37.67,50.78,54.29,53.0,55.75,39.1,53.0,53.14,42.65,56.74,47.21,31.59,46.04,37.3,43.97,47.8,51.89,53.82,55.19,47.99,55.15,56.6,45.89,48.01,47.65,46.37,47.41,43.92,49.47,48.72
2019-01-06 05:10:00,29.26,34.2,37.47,37.67,50.78,54.29,53.0,55.75,39.1,53.0,53.14,42.65,56.74,47.21,31.59,46.04,37.3,43.97,47.8,51.89,53.82,55.19,47.99,55.15,56.6,45.89,48.01,47.65,46.37,47.41,43.92,49.47,48.72
2019-01-06 05:15:00,29.27,34.22,37.49,37.67,50.78,54.29,53.0,55.75,39.1,53.0,53.14,42.65,56.74,47.21,31.59,46.04,37.3,43.97,47.8,51.89,53.82,55.19,47.99,55.15,56.6,45.89,48.01,47.65,46.37,47.41,43.92,49.47,48.72
2019-01-06 05:20:00,29.29,34.23,37.5,37.67,50.78,54.29,53.0,55.75,39.1,53.0,53.14,42.65,56.74,47.21,31.59,46.04,37.29,43.97,47.8,51.89,53.82,55.19,47.99,55.15,56.6,45.89,48.01,47.65,46.37,47.41,43.92,49.47,48.72
2019-01-06 05:25:00,29.3,34.24,37.51,37.67,50.78,54.29,53.0,55.74,39.1,53.0,53.13,42.65,56.74,47.2,31.58,46.04,37.29,43.97,47.8,51.89,53.82,55.19,47.99,55.15,56.6,45.89,48.01,47.64,46.37,47.41,43.92,49.46,48.72
2019-01-06 05:30:00,29.32,34.26,37.53,37.66,50.78,54.29,52.99,55.74,39.1,53.0,53.13,42.64,56.74,47.2,31.58,46.04,37.29,43.97,47.8,51.89,53.82,55.19,47.99,55.15,56.6,45.89,48.01,47.64,46.37,47.41,43.91,49.46,48.72
2019-01-06 05:35:00,29.33,34.27,37.54,37.66,50.78,54.28,52.99,55.74,39.1,52.99,53.13,42.64,56.74,47.2,31.58,46.04,37.29,43.97,47.8,51.89,53.82,55.19,47.99,55.15,56.6,45.88,48.0,47.64,46.37,47.41,43.91,49.46,48.72
2019-01-06 05:40:00,29.34,34.28,37.55,38.2,50.89,54.42,53.26,56.0,39.1,53.27,53.28,42.74,56.9,47.51,32.03,46.35,37.72,44.27,47.91,51.98,53.95,55.35,48.25,55.33,56.87,46.1,48.21,47.8,46.47,47.53,43.97,49.59,48.81
2019-01-06 05:45:00,29.34,34.28,37.55,38.2,50.89,54.42,53.26,55.99,39.1,53.27,53.27,42.73,56.9,47.51,32.03,46.34,37.72,44.27,47.91,51.98,53.95,55.34,48.25,55.33,56.87,46.1,48.21,47.79,46.47,47.53,43.97,49.59,48.81
2019-01-06 05:50:00,29.33,34.27,37.54,38.19,50.89,54.41,53.26,55.99,39.1,53.27,53.27,42.73,56.9,47.5,32.02,46.34,37.72,44.27,47.91,51.98,53.95,55.34,48.25,55.33,56.87,46.1,48.21,47.79,46.47,47.53,43.97,49.58,48.81
2019-01-06 05:55:00,29.33,34.27,37.54,38.19,50.89,54.41,53.25,55.99,39.1,53.26,53.26,42.73,56.89,47.5,32.02,46.34,37.71,44.26,47.91,51.97,53.94,55.34,48.24,55.32,56.86,46.09,48.2,47.79,46.46,47.52,43.96,49.58,48.8
2019-01-06 06:00:00,29.32,34.26,37.53,38.18,50.88,54.41,53.25,55.98,39.1,53.26,53.26,42.73,56.89,47.49,32.01,46.33,37.71,44.26,47.9,51.97,53.94,55.33,48.24,55.32,56.86,46.09,48.2,47.78,46.46,47.52,43.96,49.57,48.8
2019-01-06 06:05:00,29.32,34.26,37.53,38.17,50.88,54.4,53.24,55.97,39.1,53.25,53.25,42.72,56.88,47.49,32.01,46.33,37.7,44.25,47.9,51.97,53.94,55.33,48.23,55.31,56.85,46.09,48.19,47.78,46.46,47.51,43.96,49.57,48.8
2019-01-06 06:10:00,29.31,34.25,37.52,38.17,50.88,54.4,53.23,55.97,39.1,53.24,53.25,42.72,56.88,47.48,32.0,46.32,37.69,44.24,47.9,51.97,53.93,55.32,48.23,55.31,56.84,46.08,48.19,47.77,46.45,47.51,43.96,49.56,48.79
2019-01-06 06:15:00,29.3,34.25,37.52,38.16,50.87,54.39,53.23,55.96,39.1,53.24,53.24,42.72,56.87,47.47,31.99,46.31,37.69,44.24,47.89,51.96,53.93,55.32,48.22,55.3,56.84,46.07,48.18,47.77,46.45,47.5,43.96,49.56,48.79
2019-01-06 06:20:00,29.3,34.24,37.51,38.15,50.87,54.39,53.22,55.96,39.1,53.23,53.24,42.71,56.87,47.47,31.98,46.31,37.68,44.23,47.89,51.96,53.92,55.31,48.21,55.3,56.83,46.07,48.17,47.76,46.44,47.5,43.95,49.55,48.78
2019-01-06 06:25:00,29.29,34.23,37.51,38.15,50.86,54.38,53.21,55.95,39.1,53.22,53.23,42.71,56.86,47.46,31.98,46.3,37.67,44.22,47.88,51.96,53.92,55.31,48.21,55.29,56.82,46.06,48.17,47.75,46.44,47.49,43.95,49.55,48.78
2019-01-06 06:30:00,29.29,34.23,37.5,38.14,50.86,54.38,53.21,55.94,39.1,53.21,53.22,42.7,56.86,47.45,31.97,46.29,37.66,44.21,47.88,51.95,53.91,55.3,48.2,55.28,56.81,46.05,48.16,47.75,46.43,47.48,43.95,49.54,48.77
2019-01-06 06:35:00,29.28,34.22,37.49,38.13,50.85,54.37,53.2,55.93,39.1,53.2,53.21,42.7,56.85,47.44,31.96,46.28,37.65,44.2,47.87,51.95,53.91,55.29,48.19,55.28,56.8,46.05,48.15,47.74,46.43,47.48,43.94,49.53,48.77
2019-01-06 06:40:00,29.27,34.21,37.49,38.12,50.85,54.36,53.19,55.92,39.1,53.19,53.21,42.69,56.84,47.43,31.95,46.27,37.64,44.19,47.87,51.95,53.9,55.29,48.18,55.27,56.79,46.04,48.14,47.73,46.42,47.47,43.94,49.52,48.76
2019-01-06 06:45:00,29.27,34.21,37.48,38.11,50.84,54.36,53.18,55.91,39.1,53.18,53.2,42.69,56.84,47.42,31.94,46.26,37.63,44.18,47.86,51.94,53.89,55.28,48.17,55.26,56.78,46.03,48.13,47.72,46.41,47.46,43.94,49.51,48.76
2019-01-06 06:50:00,29.26,34.2,37.48,38.1,50.83,54.35,53.17,55.9,39.1,53.17,53.19,42.68,56.83,47.41,31.92,46.25,37.62,44.17,47.85,51.94,53.89,55.27,48.16,55.25,56.77,46.02,48.12,47.71,46.41,47.45,43.93,49.51,48.75
2019-01-06 06:55:00,29.25,34.19,37.47,38.09,50.83,54.34,53.16,55.89,39.1,53.16,53.18,42.67,56.82,47.4,31.91,46.24,37.61,44.16,47.85,51.93,53.88,55.26,48.15,55.24,56.76,46.01,48.11,47.7,46.4,47.44,43.93,49.5,48.74
2019-01-06 07:00:00,29.24,34.19,37.46,38.08,50.82,54.33,53.15,55.88,39.1,53.15,53.17,42.67,56.81,47.39,31.9,46.23,37.6,44.15,47.84,51.93,53.87,55.25,48.14,55.23,56.75,46.0,48.1,47.7,46.39,47.44,43.93,49.49,48.74
2019-01-06 07:05:00,29.24,34.18,37.45,38.07,50.81,54.33,53.14,55.87,39.1,53.14,53.16,42.66,56.81,47.38,31.89,46.22,37.59,44.14,47.83,51.92,53.87,55.25,48.13,55.23,56.74,45.99,48.09,47.69,46.38,47.43,43.92,49.48,48.73
2019-01-06 07:10:00,29.23,34.17,37.45,38.05,50.81,54.32,53.12,55.86,39.1,53.13,53.15,42.65,56.8,47.37,31.88,46.21,37.58,44.13,47.83,51.92,53.86,55.24,48.12,55.22,56.73,45.98,48.08,47.68,46.38,47.42,43.92,49.47,48.72
2019-01-06 07:15:00,29.22,34.16,37.44,38.04,50.8,54.31,53.11,55.85,39.1,53.12,53.14,42.65,56.79,47.36,31.86,46.2,37.57,44.12,47.82,51.91,53.85,55.23,48.11,55.21,56.72,45.97,48.07,47.67,46.37,47.41,43.91,49.46,48.71
2019-01-06 07:20:00,29.21,34.15,37.43,38.03,50.79,54.3,53.1,55.83,39.1,53.1,53.13,42.64,56.78,47.34,31.85,46.19,37.55,44.11,47.81,51.91,53.84,55.22,48.1,55.19,56.71,45.96,48.05,47.66,46.36,47.4,43.91,49.45,48.71
2019-01-06 07:25:00,29.2,34.15,37.42,38.01,50.78,54.29,53.09,55.82,39.1,53.09,53.12,42.63,56.77,47.33,31.83,46.18,37.54,44.09,47.8,51.9,53.83,55.21,48.08,55.18,56.69,45.95,48.04,47.64,46.35,47.39,43.9,49.44,48.7
2019-01-06 07:30:00,29.2,34.14,37.42,38.0,50.77,54.28,53.07,55.81,39.1,53.07,53.1,42.62,56.76,47.31,31.82,46.16,37.52,44.08,47.79,51.9,53.82,55.19,48.07,55.17,56.68,45.94,48.03,47.63,46.34,47.37,43.9,49.42,48.69
2019-01-06 07:35:00,29.19,34.13,37.41,37.98,50.76,54.27,53.05,55.79,39.1,53.06,53.09,42.61,56.74,47.3,31.8,46.15,37.51,44.06,47.78,51.89,53.81,55.18,48.06,55.16,56.66,45.92,48.01,47.62,46.33,47.36,43.89,49.41,48.68
2019-01-06 07:40:00,29.18,34.12,37.4,37.97,50.75,54.26,53.04,55.77,39.1,53.04,53.08,42.6,56.73,47.28,31.78,46.13,37.49,44.04,47.77,51.88,53.8,55.17,48.04,55.14,56.64,45.91,48.0,47.6,46.32,47.35,43.89,49.4,48.67
2019-01-06 07:45:00,29.17,34.11,37.39,37.95,50.74,54.24,53.02,55.76,39.1,53.02,53.06,42.59,56.72,47.26,31.76,46.11,37.47,44.03,47.76,51.87,53.79,55.15,48.02,55.13,56.63,45.9,47.98,47.59,46.31,47.33,43.88,49.38,48.66
2019-01-06 07:50:00,29.16,34.1,37.38,37.93,50.73,54.23,53.01,55.74,39.1,53.01,53.05,42.59,56.71,47.25,31.75,46.1,37.46,44.01,47.75,51.87,53.78,55.14,48.01,55.11,56.61,45.88,47.96,47.58,46.3,47.32,43.87,49.37,48.65
2019-01-06 07:55:00,29.15,34.09,37.37,37.92,50.72,54.22,52.99,55.73,39.1,52.99,53.03,42.58,56.7,47.23,31.73,46.08,37.44,43.99,47.74,51.86,53.77,55.13,47.99,55.1,56.6,45.87,47.95,47.56,46.29,47.31,43.87,49.36,48.64
2019-01-06 08:00:00,29.14,34.08,37.36,37.9,50.71,54.21,52.97,55.71,39.1,52.97,53.02,42.57,56.68,47.22,31.71,46.07,37.43,43.98,47.73,51.85,53.76,55.12,47.98,55.09,56.58,45.86,47.93,47.55,46.27,47.3,43.86,49.34,48.63
2019-01-06 08:05:00,29.13,34.07,37.35,37.88,50.71,54.2,52.96,55.7,39.1,52.96,53.01,42.56,56.67,47.2,31.7,46.05,37.41,43.96,47.72,51.85,53.75,55.11,47.97,55.08,56.57,45.84,47.92,47.54,46.27,47.28,43.86,49.33,48.62
2019-01-06 08:10:00,29.12,34.06,37.34,37.87,50.7,54.19,52.95,55.68,39.1,52.94,52.99,42.55,56.66,47.19,31.68,46.04,37.4,43.95,47.71,51.84,53.74,55.09,47.95,55.06,56.55,45.83,47.91,47.53,46.26,47.27,43.85,49.32,48.61
2019-01-06 08:15:00,29.11,34.05,37.33,37.86,50.69,54.18,52.93,55.67,39.1,52.93,52.98,42.54,56.65,47.17,31.67,46.03,37.38,43.93,47.71,51.84,53.73,55.08,47.94,55.05,56.54,45.82,47.89,47.51,46.25,47.26,43.85,49.31,48.6
2019-01-06 08:20:00,29.1,34.04,37.32,37.84,50.68,54.17,52.92,55.66,39.1,52.92,52.97,42.53,56.64,47.16,31.65,46.01,37.37,43.92,47.7,51.83,53.72,55.07,47.93,55.04,56.52,45.81,47.88,47.5,46.24,47.25,43.84,49.3,48.59
2019-01-06 08:25:00,29.09,34.03,37.31,37.83,50.67,54.16,52.91,55.64,39.1,52.9,52.96,42.53,56.63,47.15,31.64,46.0,37.35,43.91,47.69,51.82,53.71,55.06,47.91,55.03,56.51,45.8,47.87,47.49,46.23,47.24,43.84,49.28,48.58
2019-01-06 08:30:00,29.08,34.02,37.31,37.81,50.66,54.15,52.89,55.63,39.09,52.89,52.95,42.52,56.62,47.13,31.62,45.99,37.34,43.89,47.68,51.82,53.7,55.05,47.9,55.02,56.5,45.79,47.86,47.48,46.22,47.23,43.83,49.27,48.57
2019-01-06 08:35:00,29.07,34.01,37.3,37.8,50.66,54.14,52.88,55.62,39.09,52.88,52.94,42.51,56.61,47.12,31.61,45.98,37.33,43.88,47.67,51.81,53.69,55.04,47.89,55.01,56.48,45.78,47.84,47.47,46.21,47.22,43.83,49.26,48.57
2019-01-06 08:40:00,29.06,34.0,37.29,37.79,50.65,54.13,52.87,55.61,39.09,52.86,52.93,42.51,56.61,47.11,31.6,45.96,37.32,43.87,47.66,51.81,53.68,55.03,47.88,55.0,56.47,45.76,47.83,47.46,46.2,47.21,43.82,49.25,48.56
2019-01-06 08:45:00,29.05,33.99,37.28,37.78,50.64,54.12,52.86,55.6,39.09,52.85,52.92,42.5,56.6,47.1,31.58,45.95,37.3,43.86,47.66,51.8,53.68,55.02,47.87,54.99,56.46,45.76,47.82,47.45,46.2,47.2,43.82,49.24,48.55
2019-01-06 08:50:00,29.04,33.98,37.27,37.77,50.64,54.12,52.85,55.59,39.09,52.84,52.91,42.49,56.59,47.09,31.57,45.94,37.29,43.85,47.65,51.8,53.67,55.01,47.86,54.98,56.45,45.75,47.81,47.44,46.19,47.19,43.82,49.23,48.54
2019-01-06 08:55:00,29.03,33.97,37.26,37.76,50.63,54.11,52.84,55.58,39.09,52.83,52.9,42.49,56.58,47.08,31.56,45.93,37.28,43.84,47.65,51.8,53.66,55.01,47.85,54.97,56.44,45.74,47.8,47.43,46.18,47.18,43.81,49.23,48.54
2019-01-06 09:00:00,29.02,33.96,37.25,37.75,50.62,54.1,52.83,55.57,39.09,52.82,52.89,42.48,56.57,47.07,31.55,45.93,37.27,43.83,47.64,51.79,53.66,55.0,47.84,54.96,56.43,45.73,47.79,47.43,46.18,47.18,43.81,49.22,48.53
2019-01-06 09:05:00,29.01,33.95,37.24,37.74,50.62,54.09,52.82,55.56,39.09,52.81,52.88,42.48,56.57,47.06,31.54,45.92,37.26,43.82,47.63,51.79,53.65,54.99,47.83,54.96,56.42,45.72,47.78,47.42,46.17,47.17,43.81,49.21,48.53
2019-01-06 09:10:00,29.0,33.94,37.23,37.73,50.61,54.09,52.81,55.55,39.09,52.8,52.87,42.47,56.56,47.05,31.53,45.91,37.26,43.81,47.63,51.78,53.64,54.98,47.82,54.95,56.41,45.71,47.78,47.41,46.16,47.16,43.8,49.2,48.52
2019-01-06 09:15:00,28.99,33.93,37.22,37.72,50.61,54.08,52.8,55.54,39.09,52.79,52.87,42.47,56.55,47.04,31.52,45.9,37.25,43.8,47.62,51.78,53.64,54.98,47.81,54.94,56.4,45.71,47.77,47.4,46.16,47.15,43.8,49.2,48.52
2019-01-06 09:20:00,28.98,33.92,37.21,37.71,50.6,54.07,52.79,55.53,39.09,52.78,52.86,42.46,56.55,47.03,31.51,45.89,37.24,43.79,47.62,51.78,53.63,54.97,47.81,54.93,56.39,45.7,47.76,47.4,46.15,47.15,43.8,49.19,48.51
2019-01-06 09:25:00,28.97,33.91,37.2,37.7,50.59,54.07,52.78,55.52,39.09,52.77,52.85,42.46,56.54,47.02,31.5,45.88,37.23,43.78,47.61,51.77,53.62,54.96,47.8,54.92,56.38,45.69,47.75,47.39,46.14,47.14,43.79,49.18,48.5
2019-01-06 09:30:00,28.96,33.9,37.19,37.69,50.59,54.06,52.77,55.51,39.09,52.76,52.84,42.45,56.53,47.01,31.49,45.87,37.22,43.77,47.6,51.77,53.62,54.95,47.79,54.92,56.37,45.68,47.74,47.38,46.14,47.13,43.79,49.17,48.5
2019-01-06 09:35:00,28.95,33.89,37.18,37.68,50.58,54.05,52.76,55.5,39.09,52.75,52.83,42.44,56.53,47.0,31.48,45.86,37.21,43.76,47.6,51.76,53.61,54.94,47.78,54.91,56.36,45.67,47.73,47.37,46.13,47.12,43.79,49.16,48.49
2019-01-06 09:40:00,28.94,33.88,37.17,37.67,50.58,54.04,52.75,55.49,39.09,52.74,52.82,42.44,56.52,46.99,31.47,45.85,37.19,43.75,47.59,51.76,53.6,54.94,47.77,54.9,56.35,45.66,47.72,47.36,46.12,47.11,43.78,49.16,48.48
2019-01-06 09:45:00,28.93,33.87,37.16,37.66,50.57,54.04,52.74,55.48,39.09,52.73,52.81,42.43,56.51,46.98,31.46,45.84,37.18,43.74,47.58,51.75,53.6,54.93,47.76,54.89,56.34,45.66,47.71,47.35,46.12,47.11,43.78,49.15,48.48
2019-01-06 09:50:00,28.92,33.86,37.15,37.65,50.56,54.03,52.73,55.47,39.09,52.72,52.8,42.43,56.5,46.97,31.44,45.83,37.17,43.73,47.58,51.75,53.59,54.92,47.75,54.88,56.33,45.65,47.7,47.34,46.11,47.1,43.78,49.14,48.47
2019-01-06 09:55:00,28.91,33.85,37.14,37.63,50.56,54.02,52.72,55.46,39.09,52.7,52.79,42.42,56.49,46.95,31.43,45.82,37.16,43.72,47.57,51.74,53.58,54.91,47.74,54.87,56.32,45.64,47.69,47.33,46.1,47.09,43.77,49.13,48.46
2019-01-06 10:00:00,28.9,33.84,37.13,37.62,50.55,54.01,52.71,55.45,39.09,52.69,52.78,42.41,56.48,46.94,31.42,45.81,37.15,43.7,47.56,51.74,53.57,54.9,47.72,54.86,56.31,45.63,47.68,47.32,46.09,47.08,43.77,49.12,48.46
2019-01-06 10:05:00,28.88,33.83,37.12,37.61,50.54,54.0,52.7,55.44,39.09,52.68,52.77,42.4,56.47,46.93,31.4,45.8,37.14,43.69,47.55,51.73,53.56,54.89,47.71,54.85,56.3,45.62,47.67,47.31,46.09,47.07,43.76,49.11,48.45
2019-01-06 10:10:00,28.87,33.82,37.11,37.6,50.53,53.99,52.68,55.42,39.09,52.67,52.76,42.4,56.47,46.92,31.39,45.79,37.12,43.68,47.55,51.73,53.56,54.88,47.7,54.84,56.28,45.61,47.65,47.3,46.08,47.06,43.76,49.1,48.44
2019-01-06 10:15:00,28.86,33.81,37.1,37.58,50.53,53.99,52.67,55.41,39.09,52.65,52.75,42.39,56.46,46.91,31.38,45.77,37.11,43.67,47.54,51.72,53.55,54.87,47.69,54.83,56.27,45.6,47.64,47.29,46.07,47.05,43.75,49.09,48.43
2019-01-06 10:20:00,28.85,33.8,37.09,37.57,50.52,53.98,52.66,55.4,39.09,52.64,52.74,42.38,56.45,46.89,31.37,45.76,37.1,43.66,47.53,51.72,53.54,54.86,47.68,54.82,56.26,45.59,47.63,47.28,46.06,47.04,43.75,49.08,48.43
2019-01-06 10:25:00,28.84,33.79,37.08,37.56,50.51,53.97,52.65,55.39,39.09,52.63,52.73,42.38,56.44,46.88,31.35,45.75,37.09,43.65,47.53,51.71,53.53,54.85,47.67,54.81,56.25,45.58,47.62,47.27,46.05,47.03,43.75,49.07,48.42
2019-01-06 10:30:00,28.83,33.78,37.07,37.55,50.51,53.96,52.64,55.38,39.09,52.62,52.72,42.37,56.43,46.87,31.34,45.74,37.08,43.64,47.52,51.71,53.53,54.85,47.66,54.8,56.24,45.57,47.61,47.27,46.05,47.02,43.74,49.06,48.41
2019-01-06 10:35:00,28.82,33.77,37.06,37.54,50.5,53.96,52.63,55.37,39.09,52.61,52.72,42.37,56.43,46.86,31.33,45.73,37.07,43.63,47.51,51.71,53.52,54.84,47.65,54.79,56.23,45.56,47.6,47.26,46.04,47.01,43.74,49.05,48.41
2019-01-06 10:40:00,28.81,33.75,37.05,37.53,50.49,53.95,52.62,55.36,39.09,52.6,52.71,42.36,56.42,46.86,31.32,45.73,37.06,43.62,47.51,51.7,53.51,54.83,47.64,54.79,56.22,45.55,47.59,47.25,46.04,47.01,43.74,49.05,48.4
2019-01-06 10:45:00,28.8,33.74,37.04,37.53,50.49,53.94,52.61,55.36,39.09,52.59,52.7,42.36,56.41,46.85,31.32,45.72,37.05,43.61,47.5,51.7,53.51,54.82,47.64,54.78,56.21,45.55,47.59,47.25,46.03,47.0,43.73,49.04,48.4
2019-01-06 10:50:00,28.79,33.73,37.02,37.52,50.49,53.94,52.61,55.35,39.09,52.59,52.7,42.35,56.41,46.84,31.31,45.71,37.04,43.6,47.5,51.7,53.5,54.82,47.63,54.77,56.21,45.54,47.58,47.24,46.03,47.0,43.73,49.03,48.39
2019-01-06 10:55:00,28.78,33.72,37.01,37.51,50.48,53.93,52.6,55.34,39.09,52.58,52.69,42.35,56.4,46.83,31.3,45.7,37.04,43.59,47.49,51.69,53.5,54.81,47.62,54.77,56.2,45.53,47.57,47.23,46.02,46.99,43.73,49.03,48.39
2019-01-06 11:00:00,28.76,33.71,37.0,37.5,50.48,53.93,52.59,55.33,39.09,52.57,52.68,42.35,56.4,46.83,31.29,45.7,37.03,43.59,47.49,51.69,53.49,54.81,47.62,54.76,56.19,45.53,47.57,47.23,46.02,46.98,43.73,49.02,48.38
2019-01-06 11:05:00,28.75,33.7,36.99,37.5,50.47,53.92,52.59,55.33,39.09,52.57,52.68,42.34,56.39,46.82,31.29,45.69,37.02,43.58,47.49,51.69,53.49,54.8,47.61,54.76,56.19,45.52,47.56,47.22,46.01,46.98,43.72,49.02,48.38
2019-01-06 11:10:00,28.74,33.69,36.98,37.49,50.47,53.92,52.58,55.32,39.09,52.56,52.67,42.34,56.39,46.81,31.28,45.69,37.02,43.58,47.48,51.68,53.49,54.8,47.6,54.75,56.18,45.52,47.56,47.22,46.01,46.97,43.72,49.01,48.38
2019-01-06 11:15:00,28.73,33.68,36.97,37.49,50.47,53.92,52.58,55.32,39.09,52.55,52.67,42.34,56.39,46.81,31.27,45.68,37.01,43.57,47.48,51.68,53.48,54.79,47.6,54.75,56.18,45.51,47.55,47.21,46.01,46.97,43.72,49.01,48.37
2019-01-06 11:20:00,28.72,33.67,36.96,37.48,50.46,53.91,52.57,55.31,39.09,52.55,52.66,42.33,56.38,46.8,31.27,45.68,37.01,43.57,47.48,51.68,53.48,54.79,47.6,54.74,56.17,45.51,47.55,47.21,46.0,46.97,43.72,49.0,48.37
2019-01-06 11:25:00,28.71,33.66,36.95,37.48,50.46,53.91,52.57,55.31,39.09,52.55,52.66,42.33,56.38,46.8,31.27,45.68,37.01,43.56,47.47,51.68,53.48,54.79,47.59,54.74,56.17,45.51,47.54,47.21,46.0,46.96,43.72,49.0,48.37
2019-01-06 11:30:00,28.7,33.65,36.94,37.48,50.46,53.91,52.57,55.31,39.09,52.54,52.66,42.33,56.38,46.8,31.26,45.67,37.0,43.56,47.47,51.68,53.48,54.79,47.59,54.74,56.17,45.51,47.54,47.21,46.0,46.96,43.72,49.0,48.37
2019-01-06 11:35:00,28.69,33.64,36.93,37.48,50.46,53.91,52.57,55.31,39.09,52.54,52.66,42.33,56.38,46.8,31.26,45.67,37.0,43.56,47.47,51.68,53.47,54.79,47.59,54.74,56.16,45.5,47.54,47.2,46.0,46.96,43.72,49.0,48.37
2019-01-06 11:40:00,28.68,33.63,36.92,37.47,50.46,53.91,52.57,55.31,39.09,52.54,52.66,42.33,56.38,46.8,31.26,45.67,37.0,43.56,47.47,51.68,53.47,54.78,47.59,54.74,56.16,45.5,47.54,47.2,46.0,46.96,43.72,49.0,48.37
2019-01-06 11:45:00,28.67,33.62,36.91,37.47,50.46,53.91,52.56,55.31,39.09,52.54,52.66,42.33,56.38,46.8,31.26,45.67,37.0,43.56,47.47,51.68,53.47,54.78,47.59,54.74,56.16,45.5,47.54,47.2,46.0,46.96,43.72,49.0,48.37
2019-01-06 11:50:00,28.66,33.61,36.9,37.47,50.46,53.91,52.56,55.31,39.09,52.54,52.66,42.33,56.38,46.8,31.26,45.67,37.0,43.56,47.47,51.68,53.47,54.78,47.59,54.74,56.16,45.5,47.54,47.2,46.0,46.96,43.72,49.0,48.37
2019-01-06 11:55:00,28.65,33.6,36.89,37.47,50.46,53.91,52.56,55.31,39.09,52.54,52.66,42.33,56.38,46.8,31.26,45.67,37.0,43.56,47.47,51.68,53.47,54.78,47.59,54.74,56.16,45.5,47.54,47.2,46.0,46.96,43.72,49.0,48.37
2019-01-06 12:00:00,28.64,33.59,36.88,37.48,50.46,53.91,52.57,55.31,39.09,52.54,52.66,42.33,56.38,46.8,31.26,45.67,37.0,43.56,47.47,51.68,53.47,54.79,47.59,54.74,56.16,45.5,47.54,47.2,46.0,46.96,43.72,49.0,48.37
2019-01-06 12:05:00,28.63,33.58,36.87,37.48,50.46,53.91,52.57,55.31,39.09,52.54,52.66,42.33,56.38,46.8,31.26,45.67,37.0,43.56,47.47,51.68,53.48,54.79,47.59,54.74,56.17,45.51,47.54,47.21,46.0,46.96,43.72,49.0,48.37
2019-01-06 12:10:00,28.62,33.57,36.86,37.48,50.46,53.91,52.57,55.31,39.09,52.55,52.66,42.33,56.38,46.8,31.26,45.67,37.0,43.56,47.47,51.68,53.48,54.79,47.59,54.74,56.17,45.51,47.54,47.21,46.0,46.96,43.72,49.0,48.37
2019-01-06 12:15:00,28.62,33.56,36.86,37.48,50.46,53.91,52.57,55.31,39.09,52.55,52.66,42.33,56.38,46.8,31.27,45.68,37.01,43.56,47.47,51.68,53.48,54.79,47.59,54.74,56.17,45.51,47.54,47.21,46.0,46.97,43.72,49.0,48.37
2019-01-06 12:20:00,28.61,33.55,36.85,37.48,50.46,53.91,52.57,55.31,39.09,52.55,52.66,42.33,56.38,46.8,31.27,45.68,37.01,43.57,47.48,51.68,53.48,54.79,47.6,54.74,56.17,45.51,47.55,47.21,46.0,46.97,43.72,49.0,48.37
2019-01-06 12:25:00,28.6,33.54,36.84,37.48,50.47,53.91,52.57,55.32,39.09,52.55,52.67,42.34,56.38,46.81,31.27,45.68,37.01,43.57,47.48,51.68,53.48,54.79,47.6,54.75,56.17,45.51,47.55,47.21,46.0,46.97,43.72,49.01,48.37
2019-01-06 12:30:00,28.59,33.53,36.83,37.49,50.47,53.92,52.58,55.32,39.09,52.56,52.67,42.34,56.39,46.81,31.28,45.68,37.01,43.57,47.48,51.68,53.48,54.79,47.6,54.75,56.18,45.51,47.55,47.21,46.01,46.97,43.72,49.01,48.37
2019-01-06 12:35:00,28.58,33.53,36.82,37.49,50.47,53.92,52.58,55.32,39.09,52.56,52.67,42.34,56.39,46.81,31.28,45.69,37.02,43.57,47.48,51.68,53.48,54.8,47.6,54.75,56.18,45.52,47.55,47.22,46.01,46.97,43.72,49.01,48.38
2019-01-06 12:40:00,28.57,33.52,36.81,37.49,50.47,53.92,52.58,55.32,39.09,52.56,52.67,42.34,56.39,46.81,31.28,45.69,37.02,43.58,47.48,51.68,53.49,54.8,47.61,54.75,56.18,45.52,47.56,47.22,46.01,46.98,43.72,49.01,48.38
2019-01-06 12:45:00,28.56,33.51,36.8,37.5,50.47,53.92,52.58,55.33,39.09,52.56,52.68,42.34,56.39,46.82,31.28,45.69,37.02,43.58,47.48,51.69,53.49,54.8,47.61,54.75,56.18,45.52,47.56,47.22,46.01,46.98,43.72,49.01,48.38
2019-01-06 12:50:00,28.55,33.5,36.79,37.5,50.47,53.92,52.59,55.33,39.09,52.57,52.68,42.34,56.39,46.82,31.29,45.69,37.02,43.58,47.49,51.69,53.49,54.8,47.61,54.76,56.19,45.52,47.56,47.22,46.01,46.98,43.72,49.02,48.38
2019-01-06 12:55:00,28.54,33.49,36.78,37.5,50.47,53.92,52.59,55.33,39.09,52.57,52.68,42.34,56.4,46.82,31.29,45.7,37.03,43.58,47.49,51.69,53.49,54.8,47.61,54.76,56.19,45.53,47.56,47.23,46.01,46.98,43.73,49.02,48.38
2019-01-06 13:00:00,28.53,33.48,36.77,37.5,50.48,53.93,52.59,55.33,39.09,52.57,52.68,42.35,56.4,46.83,31.29,45.7,37.03,43.59,47.49,51.69,53.49,54.81,47.62,54.76,56.19,45.53,47.57,47.23,46.02,46.98,43.73,49.02,48.38
2019-01-06 13:05:00,28.52,33.47,36.76,37.51,50.48,53.93,52.6,55.34,39.09,52.58,52.69,42.35,56.4,46.83,31.3,45.7,37.03,43.59,47.49,51.69,53.5,54.81,47.62,54.76,56.2,45.53,47.57,47.23,46.02,46.99,43.73,49.03,48.39
2019-01-06 13:10:00,28.52,33.46,36.75,37.51,50.48,53.93,52.6,55.34,39.09,52.58,52.69,42.35,56.4,46.83,31.3,45.71,37.04,43.6,47.49,51.69,53.5,54.81,47.62,54.77,56.2,45.54,47.58,47.23,46.02,46.99,43.73,49.03,48.39
2019-01-06 13:15:00,28.51,33.45,36.75,37.52,50.48,53.94,52.61,55.35,39.09,52.58,52.7,42.35,56.41,46.84,31.31,45.71,37.04,43.6,47.5,51.69,53.5,54.82,47.63,54.77,56.21,45.54,47.58,47.24,46.03,47.0,43.73,49.03,48.39
2019-01-06 13:20:00,28.5,33.45,36.74,37.52,50.49,53.94,52.61,55.35,39.09,52.59,52.7,42.36,56.41,46.84,31.31,45.72,37.05,43.61,47.5,51.7,53.51,54.82,47.63,54.78,56.21,45.54,47.58,47.24,46.03,47.0,43.73,49.04,48.4
2019-01-06 13:25:00,28.49,33.44,36.73,37.53,50.49,53.94,52.62,55.36,39.09,52.59,52.7,42.36,56.41,46.85,31.32,45.72,37.05,43.61,47.5,51.7,53.51,54.82,47.64,54.78,56.22,45.55,47.59,47.25,46.03,47.0,43.73,49.04,48.4
2019-01-06 13:30:00,28.48,33.43,36.72,37.53,50.49,53.95,52.62,55.36,39.09,52.6,52.71,42.36,56.42,46.85,31.32,45.72,37.06,43.62,47.51,51.7,53.51,54.83,47.64,54.78,56.22,45.55,47.59,47.25,46.04,47.01,43.74,49.05,48.4
2019-01-06 13:35:00,28.47,33.42,36.71,37.54,50.5,53.95,52.62,55.37,39.09,52.6,52.71,42.36,56.42,46.86,31.33,45.73,37.06,43.62,47.51,51.7,53.51,54.83,47.65,54.79,56.22,45.56,47.6,47.25,46.04,47.01,43.74,49.05,48.4
2019-01-06 13:40:00,28.46,33.41,36.7,37.54,50.5,53.95,52.63,55.37,39.09,52.61,52.71,42.37,56.42,46.86,31.33,45.73,37.07,43.62,47.51,51.7,53.52,54.83,47.65,54.79,56.23,45.56,47.6,47.26,46.04,47.01,43.74,49.05,48.41
2019-01-06 13:45:00,28.46,33.4,36.69,37.54,50.5,53.95,52.63,55.37,39.09,52.61,52.72,42.37,56.43,46.87,31.34,45.74,37.07,43.63,47.51,51.71,53.52,54.84,47.65,54.79,56.23,45.56,47.6,47.26,46.04,47.02,43.74,49.05,48.41
2019-01-06 13:50:00,28.45,33.39,36.68,37.55,50.5,53.96,52.63,55.38,39.09,52.61,52.72,42.37,56.43,46.87,31.34,45.74,37.07,43.63,47.52,51.71,53.52,54.84,47.66,54.8,56.23,45.56,47.61,47.26,46.05,47.02,43.74,49.06,48.41
2019-01-06 13:55:00,28.44,33.39,36.68,37.55,50.5,53.96,52.64,55.38,39.09,52.62,52.72,42.37,56.43,46.87,31.34,45.74,37.08,43.63,47.52,51.71,53.52,54.84,47.66,54.8,56.24,45.57,47.61,47.27,46.05,47.02,43.74,49.06,48.41
2019-01-06 14:00:00,28.43,33.38,36.67,37.55,50.51,53.96,52.64,55.38,39.09,52.62,52.73,42.37,56.43,46.87,31.35,45.74,37.08,43.64,47.52,51.71,53.53,54.84,47.66,54.8,56.24,45.57,47.61,47.27,46.05,47.02,43.74,49.06,48.41
2019-01-06 14:05:00,28.42,33.37,36.66,37.56,50.51,53.96,52.64,55.38,39.09,52.62,52.73,42.38,56.44,46.88,31.35,45.75,37.08,43.64,47.52,51.71,53.53,54.85,47.66,54.8,56.24,45.57,47.62,47.27,46.05,47.03,43.75,49.07,48.42
2019-01-06 14:10:00,28.41,33.36,36.65,37.56,50.51,53.96,52.65,55.39,39.09,52.63,52.73,42.38,56.44,46.88,31.35,45.75,37.09,43.64,47.52,51.71,53.53,54.85,47.67,54.81,56.25,45.57,47.62,47.27,46.05,47.03,43.75,49.07,48.42
2019-01-06 14:15:00,28.4,33.35,36.64,37.56,50.51,53.97,52.65,55.39,39.09,52.63,52.73,42.38,56.44,46.88,31.36,45.75,37.09,43.65,47.52,51.71,53.53,54.85,47.67,54.81,56.25,45.58,47.62,47.28,46.06,47.03,43.75,49.07,48.42
2019-01-06 14:20:00,28.4,33.34,36.63,37.56,50.51,53.97,52.65,55.39,39.09,52.63,52.74,42.38,56.44,46.89,31.36,45.76,37.09,43.65,47.53,51.71,53.53,54.85,47.67,54.81,56.25,45.58,47.62,47.28,46.06,47.03,43.75,49.07,48.42
2019-01-06 14:25:00,28.39,33.33,36.62,37.57,50.51,53.97,52.65,55.39,39.09,52.63,52.74,42.38,56.44,46.89,31.36,45.76,37.09,43.65,47.53,51.72,53.53,54.85,47.67,54.81,56.25,45.58,47.63,47.28,46.06,47.04,43.75,49.07,48.42
2019-01-06 14:30:00,28.38,33.33,36.62,37.57,50.51,53.97,52.66,55.4,39.09,52.63,52.74,42.38,56.44,46.89,31.36,45.76,37.1,43.65,47.53,51.72,53.53,54.86,47.68,54.81,56.26,45.58,47.63,47.28,46.06,47.04,43.75,49.08,48.42
2019-01-06 14:35:00,28.37,33.32,36.61,37.57,50.51,53.97,52.66,55.4,39.09,52.64,52.74,42.38,56.44,46.89,31.36,45.76,37.1,43.65,47.53,51.72,53.54,54.86,47.68,54.81,56.26,45.58,47.63,47.28,46.06,47.04,43.75,49.08,48.43
2019-01-06 14:40:00,28.36,33.31,36.6,37.57,50.52,53.97,52.66,55.4,39.09,52.64,52.74,42.39,56.45,46.89,31.37,45.76,37.1,43.65,47.53,51.72,53.54,54.86,47.68,54.82,56.26,45.58,47.63,47.28,46.06,47.04,43.75,49.08,48.43
2019-01-06 14:45:00,28.35,33.3,36.59,37.57,50.52,53.97,52.66,55.4,39.09,52.64,52.74,42.39,56.45,46.89,31.37,45.76,37.1,43.66,47.53,51.72,53.54,54.86,47.68,54.82,56.26,45.59,47.63,47.29,46.06,47.04,43.75,49.08,48.43
2019-01-06 14:50:00,28.34,33.29,36.58,37.57,50.52,53.97,52.66,55.4,39.09,52.64,52.75,42.39,56.45,46.9,31.37,45.76,37.1,43.66,47.53,51.72,53.54,54.86,47.68,54.82,56.26,45.59,47.63,47.29,46.06,47.04,43.75,49.08,48.43
2019-01-06 14:55:00,28.34,33.28,36.57,37.58,50.52,53.98,52.66,55.4,39.09,52.64,52.75,42.39,56.45,46.9,31.37,45.77,37.1,43.66,47.53,51.72,53.54,54.86,47.68,54.82,56.26,45.59,47.64,47.29,46.07,47.04,43.75,49.08,48.43
2019-01-06 15:00:00,28.33,33.27,36.56,37.58,50.52,53.98,52.66,55.4,39.09,52.64,52.75,42.39,56.45,46.9,31.37,45.77,37.11,43.66,47.53,51.72,53.54,54.86,47.68,54.82,56.27,45.59,47.64,47.29,46.07,47.05,43.75,49.08,48.43
2019-01-06 15:05:00,28.32,33.26,36.55,37.58,50.52,53.98,52.67,55.41,39.09,52.65,52.75,42.39,56.45,46.9,31.38,45.77,37.11,43.66,47.53,51.72,53.54,54.86,47.69,54.82,56.27,45.59,47.64,47.29,46.07,47.05,43.75,49.09,48.43
2019-01-06 15:10:00,28.31,33.26,36.55,37.58,50.52,53.98,52.67,55.41,39.09,52.65,52.75,42.39,56.45,46.9,31.38,45.77,37.11,43.67,47.54,51.72,53.54,54.87,47.69,54.82,56.27,45.59,47.64,47.29,46.07,47.05,43.75,49.09,48.43
2019-01-06 15:15:00,28.3,33.25,36.54,37.59,50.52,53.98,52.67,55.41,39.09,52.65,52.76,42.39,56.46,46.91,31.38,45.78,37.11,43.67,47.54,51.72,53.55,54.87,47.69,54.83,56.27,45.6,47.64,47.3,46.07,47.05,43.76,49.09,48.44
2019-01-06 15:20:00,28.29,33.24,36.53,37.59,50.53,53.98,52.67,55.41,39.09,52.65,52.76,42.39,56.46,46.91,31.38,45.78,37.11,43.67,47.54,51.72,53.55,54.87,47.69,54.83,56.27,45.6,47.65,47.3,46.07,47.05,43.76,49.09,48.44
2019-01-06 15:25:00,28.29,33.23,36.52,37.59,50.53,53.98,52.68,55.42,39.09,52.65,52.76,42.4,56.46,46.91,31.39,45.78,37.12,43.67,47.54,51.72,53.55,54.87,47.7,54.83,56.28,45.6,47.65,47.3,46.08,47.06,43.76,49.09,48.44
2019-01-06 15:30:00,28.28,33.22,36.51,37.59,50.53,53.99,52.68,55.42,39.09,52.66,52.76,42.4,56.46,46.91,31.39,45.78,37.12,43.68,47.54,51.73,53.55,54.87,47.7,54.83,56.28,45.6,47.65,47.3,46.08,47.06,43.76,49.1,48.44
2019-01-06 15:35:00,28.27,33.21,36.5,37.59,50.53,53.99,52.68,55.42,39.09,52.66,52.76,42.4,56.46,46.91,31.39,45.78,37.12,43.68,47.54,51.73,53.55,54.87,47.7,54.83,56.28,45.6,47.65,47.3,46.08,47.06,43.76,49.1,48.44
2019-01-06 15:40:00,28.26,33.21,36.49,37.6,50.53,53.99,52.68,55.42,39.09,52.66,52.76,42.4,56.46,46.92,31.39,45.78,37.12,43.68,47.54,51.73,53.55,54.87,47.7,54.83,56.28,45.61,47.65,47.31,46.08,47.06,43.76,49.1,48.44
2019-01-06 15:45:00,28.25,33.2,36.49,37.6,50.53,53.99,52.68,55.42,39.09,52.66,52.77,42.4,56.46,46.92,31.39,45.79,37.12,43.68,47.54,51.73,53.55,54.88,47.7,54.84,56.28,45.61,47.66,47.31,46.08,47.06,43.76,49.1,48.44
2019-01-06 15:50:00,28.24,33.19,36.48,37.6,50.53,53.99,52.68,55.42,39.09,52.66,52.77,42.4,56.46,46.92,31.4,45.79,37.13,43.68,47.54,51.73,53.55,54.88,47.7,54.84,56.28,45.61,47.66,47.31,46.08,47.06,43.76,49.1,48.44
2019-01-06 15:55:00,28.24,33.18,36.47,37.6,50.53,53.99,52.69,55.43,39.09,52.66,52.77,42.4,56.47,46.92,31.4,45.79,37.13,43.68,47.55,51.73,53.55,54.88,47.7,54.84,56.29,45.61,47.66,47.31,46.08,47.06,43.76,49.1,48.45
2019-01-06 16:00:00,28.23,33.17,36.46,37.6,50.53,53.99,52.69,55.43,39.09,52.66,52.77,42.4,56.47,46.92,31.4,45.79,37.13,43.68,47.55,51.73,53.55,54.88,47.7,54.84,56.29,45.61,47.66,47.31,46.08,47.06,43.76,49.1,48.45
2019-01-06 16:05:00,28.22,33.16,36.45,37.6,50.53,53.99,52.69,55.43,39.09,52.66,52.77,42.4,56.47,46.92,31.4,45.79,37.13,43.68,47.55,51.73,53.55,54.88,47.7,54.84,56.29,45.61,47.66,47.31,46.08,47.06,43.76,49.1,48.45
2019-01-06 16:10:00,28.21,33.15,36.44,37.6,50.53,53.99,52.69,55.43,39.09,52.66,52.77,42.4,56.47,46.92,31.4,45.79,37.13,43.68,47.55,51.73,53.55,54.88,47.7,54.84,56.29,45.61,47.66,47.31,46.08,47.06,43.76,49.1,48.45
2019-01-06 16:15:00,28.2,33.15,36.43,37.6,50.53,53.99,52.69,55.43,39.09,52.66,52.77,42.4,56.47,46.92,31.4,45.79,37.13,43.68,47.55,51.73,53.55,54.88,47.7,54.84,56.29,45.61,47.66,47.31,46.08,47.06,43.76,49.1,48.45
2019-01-06 16:20:00,28.19,33.14,36.43,37.6,50.53,53.99,52.68,55.42,39.09,52.66,52.77,42.4,56.46,46.92,31.4,45.79,37.13,43.68,47.54,51.73,53.55,54.88,47.7,54.84,56.28,45.61,47.66,47.31,46.08,47.06,43.76,49.1,48.44
2019-01-06 16:25:00,28.18,33.13,36.42,37.6,50.53,53.99,52.68,55.42,39.09,52.66,52.77,42.4,56.46,46.92,31.39,45.79,37.12,43.68,47.54,51.73,53.55,54.87,47.7,54.84,56.28,45.61,47.66,47.31,46.08,47.06,43.76,49.1,48.44
2019-01-06 16:30:00,28.17,33.12,36.41,37.6,50.53,53.99,52.68,55.42,39.09,52.66,52.76,42.4,56.46,46.92,31.39,45.78,37.12,43.68,47.54,51.73,53.55,54.87,47.7,54.83,56.28,45.61,47.65,47.31,46.08,47.06,43.76,49.1,48.44
2019-01-06 16:35:00,28.16,33.11,36.4,37.59,50.53,53.99,52.68,55.42,39.09,52.66,52.76,42.4,56.46,46.91,31.39,45.78,37.12,43.68,47.54,51.73,53.55,54.87,47.7,54.83,56.28,45.6,47.65,47.3,46.08,47.06,43.76,49.1,48.44
2019-01-06 16:40:00,28.16,33.1,36.39,37.59,50.53,53.98,52.68,55.42,39.09,52.65,52.76,42.4,56.46,46.91,31.39,45.78,37.12,43.67,47.54,51.72,53.55,54.87,47.7,54.83,56.28,45.6,47.65,47.3,46.08,47.06,43.76,49.1,48.44
2019-01-06 16:45:00,28.15,33.09,36.38,37.59,50.53,53.98,52.68,55.42,39.09,52.65,52.76,42.4,56.46,46.91,31.39,45.78,37.12,43.67,47.54,51.72,53.55,54.87,47.7,54.83,56.28,45.6,47.65,47.3,46.08,47.06,43.76,49.1,48.44
2019-01-06 16:50:00,28.14,33.08,36.37,37.59,50.52,53.98,52.67,55.41,39.09,52.65,52.76,42.4,56.46,46.91,31.39,45.78,37.12,43.67,47.54,51.72,53.55,54.87,47.69,54.83,56.27,45.6,47.65,47.3,46.08,47.06,43.76,49.09,48.44
2019-01-06 16:55:00,28.13,33.07,36.36,37.59,50.52,53.98,52.67,55.41,39.09,52.65,52.76,42.4,56.46,46.91,31.38,45.78,37.11,43.67,47.54,51.72,53.55,54.87,47.69,54.83,56.27,45.6,47.65,47.3,46.07,47.05,43.76,49.09,48.44
2019-01-06 17:00:00,28.12,33.06,36.35,37.59,50.52,53.98,52.67,55.41,39.09,52.65,52.76,42.39,56.45,46.91,31.38,45.78,37.11,43.67,47.54,51.72,53.54,54.87,47.69,54.83,56.27,45.6,47.64,47.3,46.07,47.05,43.76,49.09,48.44
2019-01-06 17:05:00,28.11,33.06,36.34,37.58,50.52,53.98,52.67,55.41,39.09,52.65,52.76,42.39,56.45,46.9,31.38,45.77,37.11,43.67,47.54,51.72,53.54,54.86,47.69,54.82,56.27,45.6,47.64,47.3,46.07,47.05,43.76,49.09,48.44
2019-01-06 17:10:00,28.1,33.05,36.34,37.58,50.52,53.98,52.67,55.41,39.09,52.64,52.75,42.39,56.45,46.9,31.38,45.77,37.11,43.66,47.53,51.72,53.54,54.86,47.69,54.82,56.27,45.59,47.64,47.29,46.07,47.05,43.76,49.09,48.43
2019-01-06 17:15:00,28.09,33.04,36.33,37.58,50.52,53.98,52.67,55.41,39.09,52.64,52.75,42.39,56.45,46.9,31.38,45.77,37.11,43.66,47.53,51.72,53.54,54.86,47.69,54.82,56.27,45.59,47.64,47.29,46.07,47.05,43.75,49.09,48.43
2019-01-06 17:20:00,28.08,33.03,36.32,37.58,50.52,53.97,52.66,55.4,39.09,52.64,52.75,42.39,56.45,46.9,31.37,45.77,37.1,43.66,47.53,51.72,53.54,54.86,47.68,54.82,56.26,45.59,47.64,47.29,46.07,47.05,43.75,49.09,48.43
2019-01-06 17:25:00,28.07,33.02,36.31,37.58,50.52,53.97,52.66,55.4,39.09,52.64,52.75,42.39,56.45,46.9,31.37,45.77,37.1,43.66,47.53,51.72,53.54,54.86,47.68,54.82,56.26,45.59,47.64,47.29,46.07,47.04,43.75,49.08,48.43
2019-01-06 17:30:00,28.06,33.01,36.3,37.57,50.51,53.97,52.66,55.4,39.09,52.63,52.75,42.39,56.45,46.89,31.37,45.76,37.1,43.66,47.53,51.72,53.54,54.86,47.68,54.81,56.26,45.59,47.63,47.29,46.07,47.04,43.75,49.08,48.43
2019-01-06 17:35:00,28.05,33.0,36.29,37.57,50.51,53.97,52.66,55.4,39.09,52.63,52.74,42.39,56.44,46.89,31.36,45.76,37.1,43.65,47.53,51.72,53.53,54.85,47.68,54.81,56.26,45.58,47.63,47.28,46.06,47.04,43.75,49.08,48.43
2019-01-06 17:40:00,28.05,32.99,36.28,37.57,50.51,53.97,52.65,55.39,39.09,52.63,52.74,42.38,56.44,46.89,31.36,45.76,37.09,43.65,47.52,51.71,53.53,54.85,47.67,54.81,56.25,45.58,47.63,47.28,46.06,47.04,43.75,49.08,48.43
2019-01-06 17:45:00,28.04,32.98,36.27,37.56,50.51,53.96,52.65,55.39,39.09,52.63,52.74,42.38,56.44,46.88,31.36,45.75,37.09,43.65,47.52,51.71,53.53,54.85,47.67,54.81,56.25,45.58,47.62,47.28,46.06,47.04,43.75,49.07,48.42
2019-01-06 17:50:00,28.03,32.97,36.26,37.56,50.51,53.96,52.65,55.39,39.09,52.62,52.74,42.38,56.44,46.88,31.36,45.75,37.09,43.64,47.52,51.71,53.53,54.85,47.67,54.81,56.25,45.58,47.62,47.28,46.06,47.03,43.75,49.07,48.42
2019-01-06 17:55:00,28.02,32.96,36.25,37.56,50.51,53.96,52.64,55.39,39.09,52.62,52.73,42.38,56.43,46.88,31.35,45.75,37.09,43.64,47.52,51.71,53.53,54.84,47.67,54.8,56.25,45.57,47.62,47.28,46.06,47.03,43.75,49.07,48.42
2019-01-06 18:00:00,28.01,32.95,36.24,37.56,50.5,53.96,52.64,55.38,39.09,52.62,52.73,42.38,56.43,46.88,31.35,45.75,37.08,43.64,47.52,51.71,53.52,54.84,47.66,54.8,56.24,45.57,47.62,47.27,46.05,47.03,43.75,49.07,48.42
2019-01-06 18:05:00,28.0,32.94,36.23,37.55,50.5,53.96,52.64,55.38,39.09,52.61,52.73,42.38,56.43,46.87,31.35,45.74,37.08,43.63,47.52,51.71,53.52,54.84,47.66,54.8,56.24,45.57,47.61,47.27,46.05,47.03,43.74,49.06,48.42
2019-01-06 18:10:00,27.99,32.93,36.22,37.55,50.5,53.95,52.63,55.38,39.09,52.61,52.72,42.37,56.43,46.87,31.34,45.74,37.07,43.63,47.51,51.71,53.52,54.84,47.66,54.79,56.23,45.57,47.61,47.27,46.05,47.02,43.74,49.06,48.41
2019-01-06 18:15:00,27.98,32.92,36.21,37.54,50.5,53.95,52.63,55.37,39.09,52.61,52.72,42.37,56.42,46.86,31.34,45.74,37.07,43.63,47.51,51.7,53.52,54.83,47.65,54.79,56.23,45.56,47.61,47.26,46.05,47.02,43.74,49.06,48.41
2019-01-06 18:20:00,27.97,32.91,36.2,37.54,50.5,53.95,52.63,55.37,39.09,52.6,52.72,42.37,56.42,46.86,31.33,45.73,37.07,43.62,47.51,51.7,53.51,54.83,47.65,54.79,56.23,45.56,47.6,47.26,46.04,47.02,43.74,49.05,48.41
2019-01-06 18:25:00,27.96,32.9,36.19,37.54,50.49,53.94,52.62,55.36,39.09,52.6,52.71,42.37,56.42,46.86,31.33,45.73,37.06,43.62,47.51,51.7,53.51,54.83,47.64,54.78,56.22,45.56,47.6,47.26,46.04,47.01,43.74,49.05,48.41
2019-01-06 18:30:00,27.95,32.89,36.18,37.53,50.49,53.94,52.62,55.36,39.09,52.59,52.71,42.36,56.42,46.85,31.32,45.72,37.06,43.61,47.5,51.7,53.51,54.82,47.64,54.78,56.22,45.55,47.59,47.25,46.04,47.01,43.74,49.05,48.4
2019-01-06 18:35:00,27.94,32.88,36.17,37.53,50.49,53.94,52.62,55.36,39.09,52.59,52.71,42.36,56.41,46.85,31.32,45.72,37.05,43.61,47.5,51.7,53.51,54.82,47.64,54.78,56.22,45.55,47.59,47.25,46.04,47.01,43.74,49.05,48.4
2019-01-06 18:40:00,27.93,32.87,36.17,37.53,50.49,53.94,52.61,55.35,39.09,52.59,52.7,42.36,56.41,46.85,31.32,45.72,37.05,43.61,47.5,51.7,53.5,54.82,47.64,54.78,56.21,45.55,47.59,47.25,46.03,47.0,43.74,49.04,48.4
2019-01-06 18:45:00,27.92,32.87,36.16,37.52,50.48,53.93,52.61,55.35,39.09,52.58,52.7,42.36,56.41,46.84,31.31,45.72,37.05,43.61,47.5,51.7,53.5,54.82,47.63,54.77,56.21,45.54,47.59,47.25,46.03,47.0,43.73,49.04,48.4
2019-01-06 18:50:00,27.91,32.86,36.15,37.52,50.48,53.93,52.61,55.35,39.09,52.58,52.7,42.36,56.41,46.84,31.31,45.71,37.05,43.6,47.5,51.69,53.5,54.81,47.63,54.77,56.21,45.54,47.58,47.24,46.03,47.0,43.73,49.04,48.4
2019-01-06 18:55:00,27.9,32.85,36.14,37.52,50.48,53.93,52.61,55.35,39.09,52.58,52.7,42.36,56.41,46.84,31.31,45.71,37.05,43.6,47.5,51.69,53.5,54.81,47.63,54.77,56.21,45.54,47.58,47.24,46.03,47.0,43.73,49.04,48.4
2019-01-06 19:00:00,27.89,32.84,36.13,37.52,50.48,53.93,52.61,55.35,39.09,52.58,52.7,42.36,56.41,46.84,31.31,45.71,37.04,43.6,47.49,51.69,53.5,54.81,47.63,54.77,56.2,45.54,47.58,47.24,46.03,47.0,43.73,49.04,48.39
2019-01-06 19:05:00,27.88,32.83,36.12,37.52,50.48,53.93,52.6,55.34,39.09,52.58,52.7,42.36,56.4,46.84,31.31,45.71,37.04,43.6,47.49,51.69,53.5,54.81,47.63,54.77,56.2,45.54,47.58,47.24,46.03,47.0,43.73,49.04,48.39
2019-01-06 19:10:00,27.87,32.82,36.11,37.51,50.48,53.93,52.6,55.34,39.09,52.58,52.7,42.35,56.4,46.84,31.31,45.71,37.04,43.6,47.49,51.69,53.5,54.81,47.62,54.77,56.2,45.54,47.58,47.24,46.03,47.0,43.73,49.03,48.39
2019-01-06 19:15:00,27.86,32.81,36.1,37.51,50.48,53.93,52.6,55.34,39.09,52.57,52.69,42.35,56.4,46.83,31.3,45.71,37.04,43.6,47.49,51.69,53.5,54.81,47.62,54.76,56.2,45.54,47.58,47.24,46.03,46.99,43.73,49.03,48.39
2019-01-06 19:20:00,27.85,32.8,36.09,37.51,50.48,53.93,52.6,55.34,39.09,52.57,52.69,42.35,56.4,46.83,31.3,45.7,37.04,43.59,47.49,51.69,53.49,54.81,47.62,54.76,56.2,45.53,47.57,47.24,46.02,46.99,43.73,49.03,48.39
2019-01-06 19:25:00,27.84,32.79,36.08,37.51,50.48,53.92,52.6,55.34,39.09,52.57,52.69,42.35,56.4,46.83,31.3,45.7,37.03,43.59,47.49,51.69,53.49,54.8,47.62,54.76,56.2,45.53,47.57,47.23,46.02,46.99,43.73,49.03,48.39
2019-01-06 19:30:00,27.83,32.78,36.07,37.51,50.47,53.92,52.59,55.34,39.09,52.57,52.69,42.35,56.4,46.83,31.3,45.7,37.03,43.59,47.49,51.69,53.49,54.8,47.62,54.76,56.19,45.53,47.57,47.23,46.02,46.99,43.73,49.03,48.39
2019-01-06 19:35:00,27.82,32.77,36.06,37.51,50.47,53.92,52.59,55.33,39.09,52.57,52.69,42.35,56.4,46.83,31.3,45.7,37.03,43.59,47.49,51.69,53.49,54.8,47.62,54.76,56.19,45.53,47.57,47.23,46.02,46.99,43.73,49.03,48.39
2019-01-06 19:40:00,27.81,32.76,36.05,37.5,50.47,53.92,52.59,55.33,39.09,52.57,52.69,42.35,56.4,46.83,31.3,45.7,37.03,43.59,47.49,51.69,53.49,54.8,47.62,54.76,56.19,45.53,47.57,47.23,46.02,46.99,43.73,49.03,48.39
2019-01-06 19:45:00,27.8,32.75,36.04,37.5,50.47,53.92,52.59,55.33,39.09,52.57,52.69,42.35,56.4,46.83,31.3,45.7,37.03,43.59,47.49,51.69,53.49,54.8,47.62,54.76,56.19,45.53,47.57,47.23,46.02,46.99,43.73,49.03,48.39
2019-01-06 19:50:00,27.8,32.74,36.03,37.51,50.47,53.92,52.59,55.33,39.09,52.57,52.69,42.35,56.4,46.83,31.3,45.7,37.03,43.59,47.49,51.69,53.49,54.8,47.62,54.76,56.19,45.53,47.57,47.23,46.02,46.99,43.73,49.03,48.39
2019-01-06 19:55:00,27.79,32.73,36.02,37.51,50.48,53.92,52.6,55.34,39.09,52.57,52.69,42.35,56.4,46.83,31.3,45.7,37.03,43.59,47.49,51.69,53.49,54.8,47.62,54.76,56.19,45.53,47.57,47.23,46.02,46.99,43.73,49.03,48.39
2019-01-06 20:00:00,27.78,32.72,36.01,37.51,50.48,53.92,52.6,55.34,39.09,52.57,52.69,42.35,56.4,46.83,31.3,45.7,37.03,43.59,47.49,51.69,53.49,54.8,47.62,54.76,56.2,45.53,47.57,47.23,46.02,46.99,43.73,49.03,48.39
2019-01-06 20:05:00,27.77,32.71,36.01,37.51,50.48,53.92,52.6,55.34,39.09,52.57,52.69,42.35,56.4,46.83,31.3,45.7,37.04,43.59,47.49,51.69,53.49,54.81,47.62,54.76,56.2,45.53,47.57,47.24,46.02,46.99,43.73,49.03,48.39
2019-01-06 20:10:00,27.76,32.71,36.0,37.51,50.48,53.93,52.6,55.34,39.09,52.57,52.69,42.35,56.4,46.83,31.3,45.7,37.04,43.59,47.49,51.69,53.49,54.81,47.62,54.76,56.2,45.53,47.57,47.24,46.02,46.99,43.73,49.03,48.39
2019-01-06 20:15:00,27.75,32.7,35.99,37.51,50.48,53.93,52.6,55.34,39.09,52.57,52.69,42.35,56.4,46.83,31.3,45.7,37.04,43.59,47.49,51.69,53.49,54.81,47.62,54.76,56.2,45.53,47.57,47.24,46.02,46.99,43.73,49.03,48.39
2019-01-06 20:20:00,27.74,32.69,35.98,37.51,50.48,53.92,52.6,55.34,39.09,52.57,52.69,42.35,56.4,46.83,31.3,45.7,37.04,43.59,47.49,51.69,53.49,54.81,47.62,54.76,56.2,45.53,47.57,47.23,46.02,46.99,43.73,49.03,48.39
2019-01-06 20:25:00,27.73,32.68,35.97,37.51,50.48,53.92,52.6,55.34,39.09,52.57,52.69,42.35,56.4,46.83,31.3,45.7,37.03,43.59,47.49,51.69,53.49,54.8,47.62,54.76,56.19,45.53,47.57,47.23,46.02,46.99,43.73,49.03,48.39
2019-01-06 20:30:00,27.72,32.67,35.96,37.51,50.47,53.92,52.59,55.33,39.09,52.57,52.69,42.35,56.4,46.83,31.3,45.7,37.03,43.59,47.49,51.69,53.49,54.8,47.62,54.76,56.19,45.53,47.57,47.23,46.02,46.99,43.73,49.03,48.39
2019-01-06 20:35:00,27.73,32.67,35.96,36.63,50.24,53.65,52.05,54.82,39.09,52.03,52.37,42.15,56.06,46.23,30.51,45.11,36.26,42.99,47.25,51.5,53.22,54.48,47.09,54.38,55.64,45.09,47.14,46.9,45.79,46.71,43.61,48.74,48.17
2019-01-06 20:40:00,27.73,32.68,35.97,36.62,50.23,53.65,52.05,54.82,39.09,52.03,52.37,42.14,56.06,46.23,30.51,45.1,36.26,42.99,47.25,51.5,53.22,54.48,47.09,54.38,55.64,45.09,47.13,46.9,45.79,46.71,43.61,48.74,48.17
2019-01-06 20:45:00,27.74,32.69,35.98,36.62,50.23,53.65,52.05,54.82,39.09,52.02,52.37,42.14,56.06,46.23,30.5,45.1,36.25,42.99,47.25,51.5,53.22,54.48,47.09,54.38,55.64,45.09,47.13,46.9,45.79,46.71,43.61,48.74,48.17
2019-01-06 20:50:00,27.75,32.7,35.99,36.62,50.23,53.65,52.05,54.82,39.09,52.02,52.37,42.14,56.06,46.23,30.5,45.1,36.25,42.98,47.25,51.5,53.21,54.47,47.09,54.38,55.64,45.09,47.13,46.9,45.79,46.7,43.61,48.74,48.17
2019-01-06 20:55:00,27.76,32.71,36.0,36.62,50.23,53.65,52.05,54.82,39.09,52.02,52.37,42.14,56.06,46.23,30.5,45.1,36.25,42.98,47.25,51.5,53.21,54.47,47.09,54.38,55.64,45.09,47.13,46.9,45.79,46.7,43.61,48.74,48.17
2019-01-06 21:00:00,27.77,32.72,36.01,36.62,50.23,53.65,52.05,54.82,39.09,52.02,52.37,42.14,56.06,46.23,30.5,45.1,36.25,42.98,47.25,51.5,53.22,54.48,47.09,54.38,55.64,45.09,47.13,46.9,45.79,46.7,43.61,48.74,48.17
2019-01-06 21:05:00,27.78,32.72,36.02,36.62,50.23,53.65,52.05,54.82,39.09,52.03,52.37,42.14,56.06,46.23,30.51,45.1,36.26,42.99,47.25,51.5,53.22,54.48,47.09,54.38,55.64,45.09,47.13,46.9,45.79,46.71,43.61,48.74,48.17
2019-01-06 21:10:00,27.79,32.73,36.02,36.63,50.24,53.65,52.06,54.82,39.09,52.03,52.37,42.15,56.07,46.23,30.51,45.11,36.26,42.99,47.25,51.5,53.22,54.48,47.09,54.39,55.65,45.09,47.14,46.9,45.79,46.71,43.61,48.74,48.18
2019-01-06 21:15:00,27.8,32.74,36.03,36.63,50.24,53.66,52.06,54.83,39.09,52.04,52.38,42.15,56.07,46.24,30.52,45.11,36.27,43.0,47.25,51.51,53.22,54.48,47.1,54.39,55.65,45.1,47.14,46.91,45.8,46.71,43.61,48.75,48.18
2019-01-06 21:20:00,27.81,32.75,36.04,36.64,50.24,53.66,52.07,54.83,39.09,52.04,52.38,42.15,56.07,46.25,30.52,45.12,36.27,43.0,47.26,51.51,53.23,54.49,47.1,54.4,55.66,45.1,47.15,46.91,45.8,46.72,43.61,48.75,48.18
2019-01-06 21:25:00,27.82,32.76,36.05,36.65,50.25,53.66,52.07,54.84,39.09,52.05,52.39,42.16,56.08,46.25,30.53,45.13,36.28,43.01,47.26,51.51,53.23,54.49,47.11,54.4,55.66,45.11,47.16,46.92,45.8,46.72,43.61,48.76,48.19
2019-01-06 21:30:00,27.83,32.77,36.06,36.66,50.25,53.67,52.08,54.85,39.09,52.06,52.39,42.16,56.08,46.26,30.54,45.13,36.29,43.02,47.27,51.52,53.24,54.5,47.12,54.41,55.67,45.12,47.16,46.93,45.81,46.73,43.62,48.76,48.19
2019-01-06 21:35:00,27.84,32.78,36.07,36.67,50.26,53.68,52.09,54.86,39.09,52.07,52.4,42.16,56.09,46.27,30.55,45.14,36.3,43.03,47.27,51.52,53.24,54.51,47.13,54.42,55.68,45.12,47.17,46.93,45.81,46.74,43.62,48.77,48.2
2019-01-06 21:40:00,27.85,32.79,36.08,36.68,50.26,53.68,52.1,54.87,39.09,52.08,52.41,42.17,56.1,46.28,30.56,45.15,36.31,43.04,47.28,51.52,53.25,54.51,47.14,54.42,55.69,45.13,47.18,46.94,45.82,46.74,43.62,48.78,48.2
2019-01-06 21:45:00,27.86,32.8,36.09,36.69,50.27,53.69,52.11,54.88,39.09,52.09,52.42,42.18,56.11,46.29,30.58,45.16,36.32,43.05,47.28,51.53,53.26,54.52,47.15,54.43,55.7,45.14,47.19,46.95,45.83,46.75,43.63,48.79,48.21
2019-01-06 21:50:00,27.87,32.82,36.11,36.7,50.28,53.7,52.12,54.89,39.09,52.1,52.43,42.18,56.12,46.31,30.59,45.18,36.34,43.06,47.29,51.53,53.26,54.53,47.16,54.44,55.72,45.15,47.2,46.96,45.84,46.76,43.63,48.8,48.22
2019-01-06 21:55:00,27.88,32.83,36.12,36.72,50.28,53.71,52.14,54.9,39.09,52.12,52.44,42.19,56.13,46.32,30.6,45.19,36.35,43.08,47.3,51.54,53.27,54.54,47.17,54.45,55.73,45.16,47.22,46.97,45.84,46.77,43.64,48.81,48.22
2019-01-06 22:00:00,27.89,32.84,36.13,36.73,50.29,53.72,52.15,54.92,39.09,52.13,52.45,42.2,56.14,46.33,30.62,45.2,36.37,43.09,47.31,51.54,53.28,54.55,47.19,54.47,55.74,45.18,47.23,46.98,45.85,46.78,43.64,48.82,48.23
2019-01-06 22:05:00,27.91,32.85,36.14,36.75,50.3,53.73,52.17,54.93,39.09,52.15,52.47,42.21,56.15,46.35,30.64,45.22,36.38,43.11,47.32,51.55,53.29,54.57,47.2,54.48,55.76,45.19,47.25,47.0,45.86,46.8,43.65,48.83,48.24
2019-01-06 22:10:00,27.92,32.86,36.15,36.77,50.31,53.74,52.19,54.95,39.09,52.16,52.48,42.22,56.16,46.37,30.66,45.24,36.4,43.13,47.33,51.56,53.3,54.58,47.22,54.49,55.78,45.2,47.26,47.01,45.88,46.81,43.65,48.85,48.25
2019-01-06 22:15:00,27.93,32.88,36.16,36.79,50.32,53.75,52.2,54.97,39.09,52.18,52.5,42.23,56.17,46.39,30.68,45.25,36.42,43.14,47.34,51.57,53.31,54.59,47.23,54.51,55.8,45.22,47.28,47.02,45.89,46.82,43.66,48.86,48.26
2019-01-06 22:20:00,27.94,32.89,36.17,36.81,50.33,53.76,52.22,54.98,39.09,52.2,52.51,42.24,56.18,46.4,30.7,45.27,36.44,43.16,47.35,51.57,53.33,54.6,47.25,54.52,55.81,45.23,47.29,47.04,45.9,46.84,43.66,48.87,48.27
2019-01-06 22:25:00,27.96,32.9,36.19,36.83,50.34,53.77,52.24,55.0,39.09,52.22,52.53,42.25,56.2,46.42,30.72,45.29,36.46,43.18,47.36,51.58,53.34,54.62,47.27,54.53,55.83,45.25,47.31,47.05,45.91,46.85,43.67,48.89,48.28
2019-01-06 22:30:00,27.97,32.91,36.2,36.84,50.35,53.78,52.25,55.02,39.09,52.23,52.54,42.26,56.21,46.44,30.74,45.31,36.48,43.2,47.37,51.59,53.35,54.63,47.28,54.55,55.85,45.26,47.33,47.07,45.92,46.86,43.68,48.9,48.3
2019-01-06 22:35:00,27.98,32.93,36.21,36.86,50.36,53.8,52.27,55.03,39.09,52.25,52.55,42.26,56.22,46.46,30.76,45.32,36.5,43.22,47.38,51.59,53.36,54.64,47.3,54.56,55.86,45.28,47.34,47.08,45.93,46.88,43.68,48.91,48.3
2019-01-06 22:40:00,27.99,32.94,36.22,36.88,50.37,53.81,52.29,55.05,39.09,52.26,52.57,42.27,56.23,46.47,30.78,45.34,36.51,43.23,47.39,51.6,53.37,54.65,47.31,54.57,55.88,45.29,47.36,47.09,45.94,46.89,43.69,48.93,48.31
2019-01-06 22:45:00,28.01,32.95,36.24,36.9,50.38,53.82,52.3,55.06,39.09,52.28,52.58,42.28,56.24,46.49,30.79,45.35,36.53,43.25,47.39,51.6,53.38,54.66,47.33,54.58,55.89,45.3,47.37,47.1,45.95,46.9,43.69,48.94,48.32
2019-01-06 22:50:00,28.02,32.96,36.25,36.91,50.39,53.82,52.32,55.08,39.09,52.29,52.59,42.29,56.25,46.5,30.81,45.37,36.54,43.26,47.4,51.61,53.38,54.67,47.34,54.6,55.91,45.31,47.38,47.12,45.96,46.91,43.7,48.95,48.33
2019-01-06 22:55:00,28.03,32.98,36.26,36.93,50.39,53.83,52.33,55.09,39.09,52.31,52.6,42.3,56.26,46.52,30.83,45.38,36.56,43.28,47.41,51.62,53.39,54.68,47.36,54.61,55.92,45.33,47.4,47.13,45.97,46.92,43.7,48.96,48.34
2019-01-06 23:00:00,28.05,32.99,36.27,36.94,50.4,53.84,52.34,55.1,39.09,52.32,52.61,42.31,56.27,46.53,30.84,45.39,36.58,43.29,47.42,51.62,53.4,54.69,47.37,54.62,55.94,45.34,47.41,47.14,45.98,46.93,43.71,48.97,48.35
2019-01-06 23:05:00,28.06,33.0,36.28,36.96,50.41,53.85,52.36,55.12,39.09,52.34,52.63,42.31,56.28,46.55,30.86,45.41,36.59,43.31,47.43,51.63,53.41,54.7,47.38,54.63,55.95,45.35,47.42,47.15,45.99,46.94,43.71,48.98,48.36
2019-01-06 23:10:00,28.07,33.01,36.3,36.98,50.42,53.86,52.37,55.13,39.09,52.35,52.64,42.32,56.29,46.56,30.88,45.42,36.61,43.32,47.44,51.63,53.42,54.72,47.4,54.64,55.97,45.36,47.44,47.16,46.0,46.96,43.72,49.0,48.37
2019-01-06 23:15:00,28.08,33.03,36.31,36.99,50.43,53.87,52.39,55.15,39.09,52.37,52.65,42.33,56.3,46.58,30.89,45.44,36.62,43.34,47.44,51.64,53.43,54.73,47.41,54.65,55.98,45.38,47.45,47.17,46.01,46.97,43.72,49.01,48.37
2019-01-06 23:20:00,28.1,33.04,36.32,37.01,50.44,53.88,52.4,55.16,39.09,52.38,52.66,42.34,56.31,46.59,30.91,45.45,36.64,43.35,47.45,51.65,53.44,54.74,47.42,54.67,56.0,45.39,47.47,47.19,46.01,46.98,43.73,49.02,48.38
2019-01-06 23:25:00,28.11,33.05,36.33,37.02,50.44,53.89,52.42,55.18,39.09,52.4,52.68,42.35,56.32,46.61,30.93,45.47,36.65,43.37,47.46,51.65,53.45,54.75,47.44,54.68,56.01,45.4,47.48,47.2,46.02,46.99,43.73,49.03,48.39
2019-01-06 23:30:00,28.12,33.07,36.35,37.04,50.45,53.9,52.43,55.19,39.09,52.41,52.69,42.35,56.33,46.62,30.94,45.48,36.67,43.38,47.47,51.66,53.46,54.76,47.45,54.69,56.03,45.41,47.49,47.21,46.03,47.0,43.74,49.04,48.4
2019-01-06 23:35:00,28.14,33.08,36.36,37.05,50.46,53.91,52.45,55.2,39.09,52.42,52.7,42.36,56.34,46.63,30.96,45.49,36.69,43.4,47.48,51.66,53.47,54.77,47.47,54.7,56.04,45.42,47.51,47.22,46.04,47.01,43.74,49.05,48.41
2019-01-06 23:40:00,28.15,33.09,36.37,37.07,50.47,53.92,52.46,55.22,39.09,52.44,52.71,42.37,56.35,46.65,30.97,45.51,36.7,43.41,47.49,51.67,53.48,54.78,47.48,54.71,56.05,45.44,47.52,47.23,46.05,47.02,43.75,49.06,48.42
2019-01-06 23:45:00,28.16,33.11,36.39,37.09,50.48,53.93,52.47,55.23,39.09,52.45,52.72,42.38,56.36,46.66,30.99,45.52,36.72,43.43,47.49,51.68,53.49,54.79,47.49,54.72,56.07,45.45,47.53,47.24,46.06,47.03,43.75,49.07,48.43
2019-01-06 23:50:00,28.18,33.12,36.4,37.1,50.49,53.94,52.49,55.25,39.09,52.47,52.73,42.38,56.38,46.68,31.01,45.54,36.73,43.44,47.5,51.68,53.5,54.8,47.51,54.74,56.08,45.46,47.55,47.25,46.07,47.04,43.75,49.09,48.43
2019-01-06 23:55:00,28.19,33.13,36.41,37.12,50.49,53.95,52.5,55.26,39.09,52.48,52.75,42.39,56.39,46.69,31.02,45.55,36.75,43.46,47.51,51.69,53.5,54.81,47.52,54.75,56.1,45.47,47.56,47.27,46.08,47.05,43.76,49.1,48.44
2019-01-07 00:00:00,28.2,33.15,36.43,37.14,50.5,53.96,52.52,55.28,39.09,52.5,52.76,42.4,56.4,46.71,31.04,45.57,36.77,43.47,47.52,51.69,53.52,54.83,47.54,54.76,56.12,45.49,47.57,47.28,46.09,47.07,43.76,49.11,48.45
2019-01-07 00:05:00,28.22,33.16,36.44,37.15,50.51,53.97,52.54,55.29,39.09,52.52,52.77,42.41,56.41,46.73,31.06,45.58,36.79,43.49,47.53,51.7,53.53,54.84,47.55,54.78,56.13,45.5,47.59,47.29,46.1,47.08,43.77,49.12,48.46
2019-01-07 00:10:00,28.23,33.17,36.45,37.17,50.52,53.99,52.55,55.31,39.09,52.54,52.79,42.42,56.42,46.75,31.08,45.6,36.8,43.51,47.54,51.71,53.54,54.85,47.57,54.79,56.15,45.52,47.61,47.31,46.11,47.09,43.78,49.14,48.47
2019-01-07 00:15:00,28.25,33.19,36.47,37.19,50.53,54.0,52.57,55.33,39.09,52.56,52.8,42.43,56.44,46.77,31.1,45.62,36.82,43.53,47.55,51.72,53.55,54.87,47.59,54.8,56.17,45.53,47.62,47.32,46.12,47.1,43.78,49.15,48.48
2019-01-07 00:20:00,28.26,33.2,36.48,37.22,50.55,54.01,52.59,55.35,39.09,52.58,52.82,42.44,56.45,46.79,31.12,45.64,36.85,43.55,47.56,51.72,53.56,54.88,47.61,54.82,56.19,45.55,47.64,47.34,46.13,47.12,43.79,49.16,48.49
2019-01-07 00:25:00,28.27,33.22,36.49,37.24,50.56,54.03,52.61,55.37,39.09,52.6,52.83,42.45,56.47,46.81,31.15,45.66,36.87,43.57,47.58,51.73,53.58,54.9,47.63,54.84,56.21,45.57,47.66,47.35,46.14,47.13,43.79,49.18,48.51
2019-01-07 00:30:00,28.29,33.23,36.51,37.26,50.57,54.04,52.63,55.39,39.09,52.62,52.85,42.46,56.48,46.83,31.17,45.68,36.89,43.59,47.59,51.74,53.59,54.91,47.65,54.86,56.23,45.58,47.68,47.37,46.16,47.15,43.8,49.2,48.52
2019-01-07 00:35:00,28.3,33.25,36.52,37.29,50.58,54.06,52.66,55.41,39.09,52.64,52.87,42.47,56.5,46.85,31.2,45.7,36.92,43.62,47.6,51.75,53.6,54.93,47.67,54.87,56.25,45.6,47.7,47.38,46.17,47.17,43.81,49.21,48.53
2019-01-07 00:40:00,28.32,33.26,36.54,37.31,50.6,54.07,52.68,55.43,39.09,52.67,52.89,42.48,56.51,46.87,31.22,45.72,36.94,43.64,47.62,51.76,53.62,54.95,47.69,54.89,56.28,45.62,47.72,47.4,46.18,47.18,43.82,49.23,48.54
2019-01-07 00:45:00,28.33,33.28,36.55,37.33,50.61,54.09,52.7,55.45,39.09,52.69,52.9,42.49,56.53,46.9,31.25,45.75,36.96,43.66,47.63,51.77,53.63,54.96,47.71,54.91,56.3,45.64,47.74,47.42,46.2,47.2,43.82,49.25,48.55
2019-01-07 00:50:00,28.35,33.29,36.57,37.36,50.62,54.1,52.72,55.47,39.09,52.71,52.92,42.5,56.54,46.92,31.27,45.77,36.99,43.68,47.64,51.78,53.65,54.98,47.73,54.93,56.32,45.66,47.76,47.43,46.21,47.21,43.83,49.26,48.57
2019-01-07 00:55:00,28.36,33.31,36.58,37.38,50.63,54.11,52.74,55.49,39.1,52.73,52.93,42.51,56.56,46.94,31.29,45.79,37.01,43.7,47.65,51.79,53.66,55.0,47.75,54.94,56.34,45.67,47.78,47.45,46.22,47.23,43.84,49.28,48.58
2019-01-07 01:00:00,28.38,33.32,36.6,37.4,50.64,54.13,52.76,55.51,39.1,52.75,52.95,42.52,56.57,46.96,31.31,45.8,37.03,43.72,47.66,51.79,53.67,55.01,47.76,54.96,56.36,45.69,47.79,47.46,46.23,47.24,43.84,49.29,48.59
2019-01-07 01:05:00,28.39,33.34,36.61,37.42,50.65,54.14,52.78,55.53,39.1,52.77,52.96,42.53,56.58,46.98,31.33,45.82,37.05,43.74,47.67,51.8,53.68,55.02,47.78,54.97,56.38,45.7,47.81,47.48,46.24,47.25,43.85,49.3,48.6
2019-01-07 01:10:00,28.41,33.35,36.62,37.44,50.66,54.15,52.79,55.54,39.1,52.79,52.98,42.54,56.59,46.99,31.35,45.84,37.06,43.76,47.68,51.81,53.69,55.04,47.8,54.99,56.39,45.72,47.82,47.49,46.25,47.26,43.85,49.31,48.61
2019-01-07 01:15:00,28.42,33.37,36.64,37.45,50.67,54.16,52.81,55.56,39.1,52.8,52.99,42.55,56.61,47.01,31.37,45.85,37.08,43.77,47.69,51.81,53.7,55.05,47.81,55.0,56.41,45.73,47.84,47.5,46.26,47.28,43.86,49.33,48.62
2019-01-07 01:20:00,28.44,33.38,36.65,37.47,50.68,54.17,52.82,55.57,39.1,52.82,53.0,42.56,56.62,47.02,31.38,45.87,37.1,43.79,47.7,51.82,53.71,55.06,47.82,55.01,56.42,45.74,47.85,47.51,46.27,47.29,43.86,49.34,48.62
2019-01-07 01:25:00,28.45,33.4,36.67,37.49,50.69,54.18,52.84,55.59,39.1,52.83,53.01,42.56,56.63,47.04,31.4,45.88,37.11,43.8,47.71,51.82,53.72,55.07,47.84,55.02,56.44,45.75,47.87,47.52,46.28,47.3,43.87,49.35,48.63
2019-01-07 01:30:00,28.47,33.41,36.68,37.5,50.7,54.19,52.85,55.6,39.1,52.85,53.02,42.57,56.64,47.05,31.42,45.9,37.13,43.82,47.72,51.83,53.73,55.08,47.85,55.03,56.45,45.77,47.88,47.53,46.29,47.31,43.87,49.36,48.64
2019-01-07 01:35:00,28.49,33.43,36.7,37.52,50.71,54.2,52.87,55.62,39.1,52.86,53.03,42.58,56.65,47.07,31.43,45.91,37.15,43.84,47.73,51.84,53.74,55.09,47.87,55.05,56.47,45.78,47.89,47.55,46.3,47.32,43.88,49.37,48.65
2019-01-07 01:40:00,28.5,33.44,36.71,37.54,50.71,54.21,52.88,55.63,39.1,52.88,53.05,42.59,56.66,47.09,31.45,45.93,37.16,43.85,47.74,51.84,53.75,55.1,47.88,55.06,56.48,45.79,47.91,47.56,46.3,47.33,43.88,49.38,48.66
2019-01-07 01:45:00,28.52,33.46,36.73,37.55,50.72,54.22,52.9,55.65,39.1,52.9,53.06,42.59,56.67,47.1,31.47,45.94,37.18,43.87,47.74,51.85,53.76,55.12,47.9,55.07,56.5,45.81,47.92,47.57,46.31,47.34,43.88,49.39,48.66
2019-01-07 01:50:00,28.53,33.47,36.74,37.57,50.73,54.23,52.91,55.66,39.1,52.91,53.07,42.6,56.68,47.12,31.49,45.96,37.2,43.88,47.75,51.86,53.77,55.13,47.91,55.08,56.51,45.82,47.93,47.58,46.32,47.35,43.89,49.4,48.67
2019-01-07 01:55:00,28.55,33.49,36.76,37.58,50.74,54.24,52.93,55.68,39.1,52.93,53.08,42.61,56.69,47.13,31.5,45.97,37.21,43.9,47.76,51.86,53.78,55.14,47.92,55.09,56.53,45.83,47.94,47.59,46.33,47.36,43.89,49.41,48.68
2019-01-07 02:00:00,28.56,33.5,36.78,37.6,50.75,54.25,52.94,55.69,39.1,52.94,53.09,42.62,56.7,47.14,31.51,45.98,37.23,43.91,47.77,51.87,53.79,55.15,47.94,55.11,56.54,45.84,47.96,47.6,46.34,47.37,43.9,49.42,48.69
2019-01-07 02:05:00,28.58,33.52,36.79,37.61,50.75,54.26,52.95,55.7,39.1,52.95,53.1,42.62,56.71,47.16,31.53,45.99,37.24,43.92,47.78,51.87,53.79,55.16,47.95,55.11,56.55,45.85,47.97,47.61,46.34,47.38,43.9,49.43,48.69
2019-01-07 02:10:00,28.59,33.53,36.81,37.62,50.76,54.26,52.96,55.71,39.1,52.96,53.1,42.63,56.71,47.17,31.54,46.0,37.25,43.93,47.78,51.87,53.8,55.16,47.96,55.12,56.56,45.86,47.98,47.62,46.35,47.38,43.9,49.44,48.7
2019-01-07 02:15:00,28.61,33.55,36.82,37.63,50.76,54.27,52.97,55.72,39.1,52.97,53.11,42.63,56.72,47.18,31.55,46.01,37.26,43.94,47.79,51.88,53.8,55.17,47.96,55.13,56.57,45.86,47.98,47.62,46.35,47.39,43.91,49.44,48.7
2019-01-07 02:20:00,28.62,33.57,36.84,37.64,50.77,54.28,52.98,55.73,39.1,52.98,53.12,42.63,56.73,47.18,31.56,46.02,37.27,43.95,47.79,51.88,53.81,55.18,47.97,55.14,56.58,45.87,47.99,47.63,46.36,47.39,43.91,49.45,48.71
2019-01-07 02:25:00,28.64,33.58,36.85,37.65,50.77,54.28,52.98,55.73,39.1,52.99,53.12,42.64,56.73,47.19,31.57,46.03,37.28,43.96,47.8,51.89,53.81,55.18,47.98,55.14,56.59,45.88,48.0,47.63,46.36,47.4,43.91,49.45,48.71
2019-01-07 02:30:00,28.65,33.6,36.87,37.66,50.78,54.29,52.99,55.74,39.1,53.0,53.13,42.64,56.74,47.2,31.58,46.04,37.29,43.97,47.8,51.89,53.82,55.19,47.99,55.15,56.6,45.88,48.0,47.64,46.37,47.41,43.91,49.46,48.72
2019-01-07 02:35:00,28.67,33.61,36.88,37.67,50.78,54.29,53.0,55.75,39.1,53.0,53.14,42.65,56.74,47.21,31.58,46.04,37.29,43.97,47.8,51.89,53.82,55.19,47.99,55.15,56.6,45.89,48.01,47.65,46.37,47.41,43.92,49.46,48.72
2019-01-07 02:40:00,28.69,33.63,36.9,37.67,50.79,54.3,53.01,55.75,39.1,53.01,53.14,42.65,56.75,47.21,31.59,46.05,37.3,43.98,47.81,51.89,53.83,55.2,48.0,55.16,56.61,45.9,48.02,47.65,46.38,47.41,43.92,49.47,48.72
2019-01-07 02:45:00,28.7,33.64,36.91,37.68,50.79,54.3,53.01,55.76,39.1,53.02,53.15,42.65,56.75,47.22,31.6,46.06,37.31,43.99,47.81,51.9,53.83,55.2,48.01,55.17,56.62,45.9,48.02,47.66,46.38,47.42,43.92,49.47,48.73
2019-01-07 02:50:00,28.72,33.66,36.93,37.69,50.79,54.3,53.02,55.77,39.1,53.02,53.15,42.65,56.76,47.23,31.61,46.06,37.32,43.99,47.82,51.9,53.84,55.21,48.01,55.17,56.62,45.91,48.03,47.66,46.38,47.42,43.92,49.48,48.73
2019-01-07 02:55:00,28.73,33.67,36.94,37.7,50.8,54.31,53.03,55.77,39.1,53.03,53.15,42.66,56.76,47.23,31.61,46.07,37.32,44.0,47.82,51.9,53.84,55.21,48.02,55.18,56.63,45.91,48.03,47.66,46.39,47.43,43.92,49.48,48.73
2019-01-07 03:00:00,28.75,33.69,36.96,37.7,50.8,54.31,53.03,55.78,39.1,53.04,53.16,42.66,56.77,47.24,31.62,46.07,37.33,44.01,47.82,51.9,53.84,55.22,48.02,55.18,56.64,45.92,48.04,47.67,46.39,47.43,43.92,49.49,48.74
2019-01-07 03:05:00,28.76,33.7,36.97,37.71,50.8,54.32,53.04,55.78,39.1,53.04,53.16,42.66,56.77,47.25,31.63,46.08,37.34,44.01,47.83,51.91,53.85,55.22,48.03,55.19,56.64,45.92,48.04,47.67,46.39,47.44,43.93,49.49,48.74
2019-01-07 03:10:00,28.78,33.72,36.99,37.71,50.81,54.32,53.04,55.79,39.1,53.05,53.17,42.67,56.77,47.25,31.63,46.09,37.34,44.02,47.83,51.91,53.85,55.23,48.03,55.19,56.65,45.93,48.05,47.68,46.4,47.44,43.93,49.49,48.74
2019-01-07 03:15:00,28.79,33.74,37.01,37.72,50.81,54.32,53.05,55.79,39.1,53.05,53.17,42.67,56.78,47.26,31.64,46.09,37.35,44.02,47.83,51.91,53.85,55.23,48.04,55.19,56.65,45.93,48.05,47.68,46.4,47.44,43.93,49.5,48.74
2019-01-07 03:20:00,28.81,33.75,37.02,37.72,50.81,54.33,53.05,55.8,39.1,53.06,53.17,42.67,56.78,47.26,31.65,46.09,37.35,44.03,47.83,51.91,53.86,55.23,48.04,55.2,56.66,45.93,48.06,47.68,46.4,47.44,43.93,49.5,48.75
2019-01-07 03:25:00,28.83,33.77,37.04,37.73,50.81,54.33,53.06,55.8,39.1,53.06,53.18,42.67,56.78,47.27,31.65,46.1,37.36,44.03,47.84,51.91,53.86,55.24,48.05,55.2,56.66,45.94,48.06,47.69,46.4,47.45,43.93,49.5,48.75
2019-01-07 03:30:00,28.84,33.78,37.05,37.73,50.82,54.33,53.06,55.81,39.1,53.07,53.18,42.67,56.79,47.27,31.65,46.1,37.36,44.04,47.84,51.92,53.86,55.24,48.05,55.2,56.66,45.94,48.06,47.69,46.41,47.45,43.93,49.51,48.75
2019-01-07 03:35:00,28.86,33.8,37.07,37.74,50.82,54.33,53.06,55.81,39.1,53.07,53.18,42.68,56.79,47.27,31.66,46.11,37.37,44.04,47.84,51.92,53.86,55.24,48.05,55.21,56.67,45.94,48.07,47.69,46.41,47.45,43.93,49.51,48.75
2019-01-07 03:40:00,28.87,33.81,37.08,37.74,50.82,54.34,53.07,55.81,39.1,53.07,53.18,42.68,56.79,47.28,31.66,46.11,37.37,44.04,47.84,51.92,53.87,55.24,48.06,55.21,56.67,45.95,48.07,47.69,46.41,47.46,43.94,49.51,48.75
2019-01-07 03:45:00,28.89,33.83,37.1,37.75,50.82,54.34,53.07,55.82,39.1,53.08,53.19,42.68,56.79,47.28,31.67,46.11,37.37,44.05,47.84,51.92,53.87,55.25,48.06,55.21,56.67,45.95,48.07,47.7,46.41,47.46,43.94,49.51,48.76
2019-01-07 03:50:00,28.9,33.84,37.11,37.75,50.82,54.34,53.07,55.82,39.1,53.08,53.19,42.68,56.79,47.28,31.67,46.12,37.38,44.05,47.85,51.92,53.87,55.25,48.06,55.21,56.68,45.95,48.07,47.7,46.41,47.46,43.94,49.51,48.76
2019-01-07 03:55:00,28.92,33.86,37.13,37.75,50.82,54.34,53.07,55.82,39.1,53.08,53.19,42.68,56.8,47.29,31.67,46.12,37.38,44.05,47.85,51.92,53.87,55.25,48.07,55.22,56.68,45.95,48.08,47.7,46.41,47.46,43.94,49.52,48.76
2019-01-07 04:00:00,28.93,33.88,37.14,37.75,50.83,54.34,53.08,55.82,39.1,53.08,53.19,42.68,56.8,47.29,31.68,46.12,37.38,44.05,47.85,51.92,53.87,55.25,48.07,55.22,56.68,45.96,48.08,47.7,46.42,47.46,43.94,49.52,48.76
2019-01-07 04:05:00,28.95,33.89,37.16,37.76,50.83,54.35,53.08,55.83,39.1,53.09,53.19,42.68,56.8,47.29,31.68,46.12,37.38,44.06,47.85,51.92,53.87,55.25,48.07,55.22,56.69,45.96,48.08,47.7,46.42,47.46,43.94,49.52,48.76
2019-01-07 04:10:00,28.97,33.91,37.18,37.76,50.83,54.35,53.08,55.83,39.1,53.09,53.2,42.68,56.8,47.29,31.68,46.13,37.39,44.06,47.85,51.92,53.88,55.26,48.07,55.22,56.69,45.96,48.08,47.71,46.42,47.47,43.94,49.52,48.76
2019-01-07 04:15:00,28.98,33.92,37.19,37.76,50.83,54.35,53.08,55.83,39.1,53.09,53.2,42.69,56.8,47.29,31.68,46.13,37.39,44.06,47.85,51.92,53.88,55.26,48.07,55.22,56.69,45.96,48.08,47.71,46.42,47.47,43.94,49.52,48.76
2019-01-07 04:20:00,29.0,33.94,37.21,37.76,50.83,54.35,53.08,55.83,39.1,53.09,53.2,42.69,56.8,47.29,31.68,46.13,37.39,44.06,47.85,51.92,53.88,55.26,48.07,55.22,56.69,45.96,48.08,47.71,46.42,47.47,43.94,49.52,48.76
2019-01-07 04:25:00,29.01,33.95,37.22,37.76,50.83,54.35,53.08,55.83,39.1,53.09,53.2,42.69,56.8,47.29,31.68,46.13,37.39,44.06,47.85,51.92,53.88,55.26,48.07,55.22,56.69,45.96,48.08,47.71,46.42,47.47,43.94,49.52,48.76
2019-01-07 04:30:00,29.03,33.97,37.24,37.76,50.83,54.35,53.08,55.83,39.1,53.09,53.2,42.68,56.8,47.29,31.68,46.13,37.39,44.06,47.85,51.92,53.88,55.26,48.07,55.22,56.69,45.96,48.08,47.71,46.42,47.47,43.94,49.52,48.76
2019-01-07 04:35:00,29.04,33.98,37.25,37.76,50.83,54.35,53.08,55.83,39.1,53.09,53.19,42.68,56.8,47.29,31.68,46.12,37.38,44.06,47.85,51.92,53.87,55.25,48.07,55.22,56.69,45.96,48.08,47.7,46.42,47.46,43.94,49.52,48.76
2019-01-07 04:40:00,29.06,34.0,37.27,37.75,50.83,54.34,53.08,55.82,39.1,53.09,53.19,42.68,56.8,47.29,31.68,46.12,37.38,44.05,47.85,51.92,53.87,55.25,48.07,55.22,56.68,45.96,48.08,47.7,46.42,47.46,43.94,49.52,48.76
2019-01-07 04:45:00,29.07,34.01,37.28,37.75,50.83,54.34,53.08,55.82,39.1,53.08,53.19,42.68,56.8,47.29,31.67,46.12,37.38,44.05,47.85,51.92,53.87,55.25,48.07,55.22,56.68,45.95,48.08,47.7,46.41,47.46,43.94,49.52,48.76
2019-01-07 04:50:00,29.09,34.03,37.3,37.75,50.82,54.34,53.07,55.82,39.1,53.08,53.19,42.68,56.8,47.28,31.67,46.12,37.38,44.05,47.85,51.92,53.87,55.25,48.06,55.22,56.68,45.95,48.08,47.7,46.41,47.46,43.94,49.52,48.76
2019-01-07 04:55:00,29.1,34.04,37.31,37.75,50.82,54.34,53.07,55.82,39.1,53.08,53.19,42.68,56.79,47.28,31.67,46.11,37.37,44.05,47.85,51.92,53.87,55.25,48.06,55.21,56.68,45.95,48.07,47.7,46.41,47.46,43.94,49.51,48.76
2019-01-07 05:00:00,29.12,34.06,37.33,37.74,50.82,54.34,53.07,55.81,39.1,53.08,53.19,42.68,56.79,47.28,31.66,46.11,37.37,44.04,47.84,51.92,53.87,55.25,48.06,55.21,56.67,45.95,48.07,47.69,46.41,47.46,43.94,49.51,48.76
2019-01-07 05:05:00,29.13,34.07,37.34,37.74,50.82,54.34,53.06,55.81,39.1,53.07,53.18,42.68,56.79,47.27,31.66,46.11,37.37,44.04,47.84,51.92,53.87,55.24,48.05,55.21,56.67,45.94,48.07,47.69,46.41,47.45,43.93,49.51,48.75
2019-01-07 05:10:00,29.15,34.09,37.36,37.73,50.82,54.33,53.06,55.8,39.1,53.07,53.18,42.67,56.78,47.27,31.65,46.1,37.36,44.03,47.84,51.91,53.86,55.24,48.05,55.2,56.66,45.94,48.06,47.69,46.4,47.45,43.93,49.5,48.75
2019-01-07 05:15:00,29.16,34.1,37.37,37.72,50.81,54.33,53.05,55.8,39.1,53.06,53.17,42.67,56.78,47.26,31.64,46.09,37.35,44.02,47.83,51.91,53.86,55.23,48.04,55.2,56.65,45.93,48.05,47.68,46.4,47.44,43.93,49.5,48.74
2019-01-07 05:20:00,29.17,34.11,37.38,37.71,50.8,54.32,53.03,55.78,39.1,53.04,53.16,42.66,56.77,47.24,31.62,46.08,37.33,44.01,47.83,51.91,53.85,55.22,48.03,55.18,56.64,45.92,48.04,47.67,46.39,47.43,43.92,49.49,48.74
2019-01-07 05:25:00,29.19,34.13,37.4,37.68,50.79,54.31,53.02,55.76,39.1,53.02,53.14,42.65,56.76,47.23,31.6,46.06,37.31,43.99,47.82,51.9,53.84,55.21,48.01,55.17,56.62,45.9,48.02,47.66,46.38,47.42,43.92,49.47,48.73
2019-01-07 05:30:00,29.2,34.14,37.41,37.66,50.78,54.29,52.99,55.74,39.1,53.0,53.13,42.64,56.74,47.2,31.57,46.04,37.29,43.97,47.8,51.89,53.82,55.19,47.99,55.15,56.6,45.88,48.0,47.64,46.36,47.4,43.91,49.46,48.71
2019-01-07 05:35:00,29.21,34.15,37.42,37.63,50.77,54.27,52.96,55.71,39.1,52.97,53.1,42.62,56.72,47.17,31.54,46.01,37.25,43.94,47.79,51.88,53.81,55.17,47.96,55.13,56.57,45.86,47.98,47.62,46.35,47.38,43.9,49.43,48.7
2019-01-07 05:40:00,29.22,34.16,37.43,37.59,50.75,54.25,52.93,55.68,39.1,52.94,53.08,42.61,56.7,47.14,31.5,45.97,37.22,43.9,47.77,51.87,53.79,55.15,47.93,55.1,56.53,45.83,47.95,47.59,46.33,47.36,43.89,49.41,48.68
2019-01-07 05:45:00,29.22,34.16,37.44,37.55,50.73,54.23,52.89,55.65,39.1,52.9,53.05,42.59,56.67,47.1,31.46,45.94,37.17,43.86,47.75,51.85,53.76,55.12,47.89,55.08,56.5,45.8,47.91,47.56,46.3,47.33,43.88,49.38,48.66
2019-01-07 05:50:00,29.23,34.17,37.45,37.5,50.71,54.21,52.86,55.61,39.1,52.87,53.01,42.57,56.64,47.06,31.42,45.9,37.13,43.82,47.73,51.84,53.74,55.1,47.86,55.05,56.46,45.77,47.87,47.53,46.28,47.3,43.87,49.35,48.63
2019-01-07 05:55:00,29.24,34.18,37.46,37.46,50.68,54.18,52.81,55.57,39.1,52.83,52.98,42.54,56.62,47.02,31.37,45.86,37.09,43.78,47.7,51.82,53.71,55.07,47.82,55.01,56.42,45.73,47.84,47.5,46.25,47.27,43.85,49.32,48.61
2019-01-07 06:00:00,29.24,34.18,37.46,37.41,50.66,54.15,52.77,55.53,39.1,52.78,52.95,42.52,56.59,46.98,31.32,45.81,37.04,43.74,47.68,51.8,53.69,55.04,47.78,54.98,56.37,45.7,47.8,47.46,46.23,47.24,43.84,49.29,48.59
2019-01-07 06:05:00,29.25,34.19,37.47,37.36,50.64,54.13,52.73,55.49,39.1,52.74,52.91,42.5,56.56,46.93,31.27,45.77,36.99,43.69,47.66,51.79,53.66,55.01,47.74,54.95,56.33,45.66,47.76,47.43,46.2,47.21,43.83,49.25,48.56
2019-01-07 06:10:00,29.25,34.2,37.48,37.32,50.62,54.1,52.69,55.45,39.1,52.7,52.88,42.48,56.53,46.89,31.23,45.73,36.95,43.65,47.63,51.77,53.64,54.98,47.7,54.92,56.29,45.63,47.72,47.4,46.18,47.18,43.81,49.22,48.54
2019-01-07 06:15:00,29.26,34.2,37.48,37.27,50.59,54.08,52.65,55.41,39.1,52.66,52.85,42.46,56.5,46.85,31.18,45.69,36.91,43.61,47.61,51.75,53.61,54.95,47.66,54.89,56.25,45.6,47.69,47.37,46.15,47.15,43.8,49.19,48.52
2019-01-07 06:20:00,29.26,34.21,37.49,37.23,50.57,54.05,52.61,55.37,39.1,52.63,52.82,42.44,56.48,46.81,31.14,45.66,36.86,43.57,47.59,51.74,53.59,54.92,47.63,54.85,56.21,45.56,47.65,47.34,46.13,47.12,43.79,49.16,48.49
2019-01-07 06:25:00,29.27,34.21,37.5,37.19,50.55,54.03,52.58,55.34,39.1,52.59,52.79,42.42,56.45,46.77,31.09,45.62,36.82,43.53,47.57,51.72,53.57,54.9,47.59,54.82,56.18,45.53,47.61,47.31,46.11,47.09,43.78,49.13,48.47
2019-01-07 06:30:00,29.26,34.2,37.49,37.88,50.71,54.21,52.96,55.7,39.1,52.97,53.0,42.55,56.68,47.2,31.69,46.05,37.41,43.96,47.73,51.85,53.75,55.11,47.97,55.08,56.57,45.84,47.92,47.53,46.26,47.28,43.86,49.32,48.61
2019-01-07 06:35:00,29.24,34.19,37.47,37.86,50.69,54.19,52.93,55.67,39.1,52.94,52.98,42.54,56.66,47.17,31.66,46.03,37.38,43.94,47.71,51.84,53.73,55.09,47.94,55.06,56.54,45.82,47.89,47.51,46.24,47.25,43.85,49.3,48.6
2019-01-07 06:40:00,29.23,34.17,37.46,37.83,50.68,54.17,52.91,55.65,39.1,52.91,52.95,42.52,56.64,47.15,31.63,46.0,37.35,43.91,47.69,51.83,53.71,55.07,47.91,55.04,56.51,45.8,47.86,47.49,46.22,47.23,43.84,49.28,48.58
2019-01-07 06:45:00,29.22,34.16,37.45,37.8,50.66,54.15,52.88,55.62,39.1,52.88,52.93,42.51,56.62,47.12,31.6,45.97,37.32,43.88,47.68,51.81,53.69,55.05,47.89,55.01,56.48,45.77,47.84,47.46,46.2,47.21,43.83,49.25,48.56
2019-01-07 06:50:00,29.2,34.15,37.44,37.77,50.64,54.13,52.85,55.59,39.1,52.85,52.9,42.49,56.59,47.09,31.57,45.94,37.29,43.85,47.66,51.8,53.67,55.02,47.86,54.99,56.45,45.75,47.81,47.44,46.18,47.18,43.81,49.23,48.54
2019-01-07 06:55:00,29.19,34.13,37.42,37.73,50.62,54.1,52.82,55.56,39.1,52.82,52.87,42.47,56.57,47.06,31.53,45.91,37.26,43.82,47.64,51.79,53.65,55.0,47.83,54.96,56.42,45.72,47.78,47.41,46.16,47.16,43.8,49.2,48.52
2019-01-07 07:00:00,29.17,34.12,37.41,37.7,50.6,54.08,52.79,55.53,39.1,52.79,52.84,42.45,56.55,47.02,31.5,45.88,37.23,43.78,47.62,51.77,53.63,54.97,47.8,54.93,56.39,45.69,47.75,47.38,46.14,47.13,43.79,49.17,48.5
2019-01-07 07:05:00,29.16,34.1,37.4,37.67,50.58,54.06,52.75,55.49,39.1,52.75,52.81,42.43,56.52,46.99,31.46,45.85,37.19,43.75,47.6,51.76,53.61,54.95,47.77,54.9,56.35,45.66,47.72,47.35,46.12,47.1,43.78,49.15,48.48
2019-01-07 07:10:00,29.14,34.09,37.38,37.63,50.56,54.03,52.72,55.46,39.1,52.72,52.78,42.41,56.5,46.95,31.42,45.82,37.16,43.71,47.58,51.75,53.59,54.92,47.73,54.88,56.32,45.63,47.68,47.32,46.09,47.08,43.77,49.12,48.46
2019-01-07 07:15:00,29.13,34.07,37.37,37.6,50.54,54.01,52.68,55.43,39.1,52.68,52.75,42.39,56.47,46.92,31.39,45.78,37.12,43.68,47.55,51.73,53.56,54.89,47.7,54.85,56.28,45.6,47.65,47.3,46.07,47.05,43.75,49.09,48.43
2019-01-07 07:20:00,29.11,34.06,37.35,37.56,50.52,53.98,52.65,55.39,39.09,52.65,52.72,42.37,56.45,46.88,31.35,45.75,37.09,43.65,47.53,51.72,53.54,54.87,47.67,54.82,56.25,45.57,47.62,47.27,46.05,47.02,43.74,49.06,48.41
2019-01-07 07:25:00,29.09,34.04,37.34,37.53,50.5,53.96,52.62,55.36,39.09,52.61,52.7,42.35,56.42,46.85,31.31,45.72,37.06,43.61,47.51,51.7,53.52,54.84,47.64,54.79,56.22,45.55,47.59,47.24,46.03,47.0,43.73,49.03,48.39
2019-01-07 07:30:00,29.08,34.03,37.32,37.5,50.48,53.94,52.59,55.33,39.09,52.58,52.67,42.34,56.4,46.82,31.28,45.69,37.03,43.59,47.5,51.69,53.5,54.82,47.61,54.77,56.19,45.52,47.56,47.22,46.01,46.97,43.72,49.01,48.38
2019-01-07 07:35:00,29.07,34.01,37.31,37.48,50.47,53.92,52.57,55.31,39.09,52.56,52.65,42.32,56.38,46.8,31.26,45.67,37.0,43.56,47.48,51.68,53.48,54.8,47.59,54.75,56.17,45.5,47.54,47.2,45.99,46.95,43.71,48.99,48.36
2019-01-07 07:40:00,29.05,34.0,37.3,37.46,50.45,53.91,52.55,55.29,39.09,52.54,52.64,42.31,56.37,46.78,31.24,45.65,36.98,43.54,47.47,51.67,53.47,54.78,47.57,54.73,56.15,45.49,47.52,47.18,45.98,46.94,43.71,48.97,48.35
2019-01-07 07:45:00,29.04,33.99,37.29,37.44,50.44,53.89,52.53,55.28,39.09,52.52,52.62,42.3,56.36,46.76,31.22,45.64,36.97,43.53,47.46,51.67,53.46,54.77,47.56,54.72,56.13,45.47,47.5,47.17,45.97,46.93,43.7,48.96,48.34
2019-01-07 07:50:00,29.03,33.98,37.28,37.43,50.44,53.88,52.52,55.26,39.09,52.51,52.61,42.3,56.35,46.75,31.21,45.63,36.95,43.51,47.45,51.66,53.45,54.76,47.55,54.71,56.12,45.46,47.49,47.16,45.96,46.92,43.7,48.95,48.33
2019-01-07 07:55:00,29.02,33.97,37.26,37.42,50.43,53.88,52.51,55.25,39.09,52.49,52.6,42.29,56.34,46.74,31.19,45.62,36.94,43.5,47.44,51.66,53.44,54.75,47.54,54.7,56.11,45.45,47.48,47.15,45.95,46.91,43.69,48.94,48.32
2019-01-07 08:00:00,29.01,33.96,37.25,37.41,50.42,53.87,52.5,55.24,39.09,52.48,52.59,42.29,56.33,46.73,31.18,45.61,36.93,43.49,47.43,51.65,53.43,54.74,47.53,54.69,56.1,45.45,47.47,47.14,45.95,46.9,43.69,48.94,48.32
2019-01-07 08:05:00,29.0,33.95,37.24,37.39,50.42,53.86,52.49,55.23,39.09,52.47,52.59,42.28,56.32,46.72,31.17,45.6,36.92,43.48,47.43,51.65,53.43,54.73,47.52,54.68,56.09,45.44,47.46,47.13,45.94,46.89,43.69,48.93,48.31
2019-01-07 08:10:00,28.98,33.93,37.23,37.38,50.41,53.85,52.48,55.22,39.09,52.46,52.58,42.27,56.31,46.71,31.16,45.59,36.91,43.47,47.42,51.64,53.42,54.72,47.51,54.67,56.08,45.43,47.45,47.13,45.93,46.89,43.68,48.92,48.31
2019-01-07 08:15:00,28.97,33.92,37.22,37.37,50.4,53.84,52.47,55.21,39.09,52.45,52.57,42.27,56.31,46.7,31.15,45.58,36.9,43.46,47.41,51.64,53.41,54.71,47.5,54.66,56.07,45.42,47.44,47.12,45.93,46.88,43.68,48.91,48.3
2019-01-07 08:20:00,28.96,33.91,37.21,37.36,50.39,53.83,52.46,55.2,39.09,52.44,52.56,42.26,56.3,46.69,31.14,45.56,36.89,43.45,47.41,51.63,53.4,54.7,47.49,54.65,56.05,45.41,47.43,47.11,45.92,46.87,43.67,48.9,48.29
2019-01-07 08:25:00,28.95,33.9,37.2,37.35,50.39,53.82,52.44,55.19,39.09,52.42,52.55,42.26,56.29,46.67,31.13,45.55,36.88,43.44,47.4,51.63,53.4,54.69,47.47,54.64,56.04,45.4,47.42,47.1,45.91,46.86,43.67,48.89,48.29
2019-01-07 08:30:00,28.94,33.89,37.18,37.34,50.38,53.82,52.43,55.18,39.09,52.41,52.54,42.25,56.28,46.66,31.11,45.54,36.87,43.43,47.39,51.62,53.39,54.68,47.47,54.63,56.03,45.39,47.41,47.09,45.91,46.85,43.67,48.88,48.28
2019-01-07 08:35:00,28.93,33.88,37.17,37.33,50.37,53.81,52.43,55.17,39.09,52.4,52.53,42.25,56.27,46.66,31.11,45.54,36.86,43.42,47.39,51.62,53.38,54.68,47.46,54.62,56.02,45.38,47.4,47.08,45.9,46.84,43.66,48.88,48.27
2019-01-07 08:40:00,28.91,33.86,37.16,37.32,50.37,53.8,52.42,55.16,39.09,52.39,52.53,42.24,56.27,46.65,31.1,45.53,36.85,43.41,47.38,51.61,53.38,54.67,47.45,54.61,56.01,45.38,47.4,47.08,45.89,46.84,43.66,48.87,48.27
2019-01-07 08:45:00,28.9,33.85,37.15,37.32,50.37,53.8,52.41,55.16,39.09,52.39,52.52,42.24,56.26,46.64,31.09,45.52,36.84,43.4,47.38,51.61,53.37,54.66,47.44,54.61,56.01,45.37,47.39,47.07,45.89,46.83,43.66,48.87,48.27
2019-01-07 08:50:00,28.89,33.84,37.14,37.31,50.36,53.79,52.41,55.15,39.09,52.38,52.52,42.24,56.26,46.64,31.08,45.52,36.84,43.4,47.37,51.61,53.37,54.66,47.44,54.6,56.0,45.37,47.39,47.07,45.89,46.83,43.66,48.86,48.26
2019-01-07 08:55:00,28.88,33.83,37.13,37.31,50.36,53.79,52.4,55.15,39.09,52.37,52.51,42.23,56.26,46.63,31.08,45.51,36.83,43.39,47.37,51.61,53.36,54.66,47.43,54.6,56.0,45.36,47.38,47.06,45.89,46.83,43.66,48.86,48.26
2019-01-07 09:00:00,28.87,33.82,37.12,37.3,50.36,53.79,52.4,55.14,39.09,52.37,52.51,42.23,56.25,46.63,31.08,45.51,36.83,43.39,47.37,51.61,53.36,54.65,47.43,54.6,55.99,45.36,47.38,47.06,45.88,46.82,43.66,48.85,48.26
2019-01-07 09:05:00,28.86,33.81,37.11,37.3,50.35,53.78,52.39,55.14,39.09,52.36,52.51,42.23,56.25,46.62,31.07,45.5,36.82,43.38,47.36,51.6,53.36,54.65,47.43,54.59,55.99,45.36,47.37,47.06,45.88,46.82,43.65,48.85,48.26
2019-01-07 09:10:00,28.85,33.8,37.1,37.29,50.35,53.78,52.39,55.13,39.09,52.36,52.5,42.23,56.25,46.62,31.07,45.5,36.82,43.38,47.36,51.6,53.35,54.64,47.42,54.59,55.99,45.35,47.37,47.05,45.88,46.82,43.65,48.85,48.25
2019-01-07 09:15:00,28.84,33.79,37.09,37.29,50.35,53.78,52.39,55.13,39.09,52.35,52.5,42.22,56.24,46.61,31.06,45.5,36.82,43.38,47.36,51.6,53.35,54.64,47.42,54.59,55.98,45.35,47.37,47.05,45.88,46.81,43.65,48.85,48.25
2019-01-07 09:20:00,28.83,33.78,37.07,37.28,50.35,53.77,52.38,55.13,39.09,52.35,52.5,42.22,56.24,46.61,31.06,45.49,36.81,43.37,47.36,51.6,53.35,54.64,47.42,54.58,55.98,45.35,47.36,47.05,45.87,46.81,43.65,48.84,48.25
2019-01-07 09:25:00,28.82,33.77,37.06,37.28,50.34,53.77,52.38,55.12,39.09,52.35,52.49,42.22,56.24,46.61,31.06,45.49,36.81,43.37,47.35,51.6,53.35,54.63,47.41,54.58,55.98,45.34,47.36,47.05,45.87,46.81,43.65,48.84,48.25
2019-01-07 09:30:00,28.81,33.76,37.05,37.28,50.34,53.77,52.38,55.12,39.09,52.34,52.49,42.22,56.24,46.61,31.05,45.49,36.81,43.37,47.35,51.6,53.35,54.63,47.41,54.58,55.97,45.34,47.36,47.04,45.87,46.81,43.65,48.84,48.25
2019-01-07 09:35:00,28.8,33.75,37.04,37.28,50.34,53.77,52.38,55.12,39.09,52.34,52.49,42.22,56.23,46.6,31.05,45.49,36.81,43.37,47.35,51.6,53.34,54.63,47.41,54.58,55.97,45.34,47.36,47.04,45.87,46.81,43.65,48.84,48.25
2019-01-07 09:40:00,28.79,33.73,37.03,37.28,50.34,53.77,52.37,55.12,39.09,52.34,52.49,42.22,56.23,46.6,31.05,45.49,36.8,43.36,47.35,51.59,53.34,54.63,47.41,54.57,55.97,45.34,47.36,47.04,45.87,46.81,43.65,48.84,48.24
2019-01-07 09:45:00,28.78,33.72,37.02,37.28,50.34,53.77,52.37,55.12,39.09,52.34,52.49,42.22,56.23,46.6,31.05,45.49,36.8,43.36,47.35,51.59,53.34,54.63,47.41,54.57,55.97,45.34,47.36,47.04,45.87,46.81,43.65,48.84,48.24
2019-01-07 09:50:00,28.76,33.71,37.01,37.28,50.34,53.76,52.37,55.12,39.09,52.34,52.49,42.22,56.23,46.6,31.05,45.49,36.8,43.36,47.35,51.59,53.34,54.63,47.41,54.57,55.97,45.34,47.36,47.04,45.87,46.81,43.65,48.84,48.24
2019-01-07 09:55:00,28.75,33.7,37.0,37.28,50.34,53.76,52.37,55.12,39.09,52.34,52.49,42.22,56.23,46.6,31.05,45.49,36.8,43.36,47.35,51.59,53.34,54.63,47.41,54.57,55.97,45.34,47.36,47.04,45.87,46.81,43.65,48.84,48.24
2019-01-07 10:00:00,28.74,33.69,36.99,37.28,50.34,53.76,52.37,55.12,39.08,52.34,52.49,42.22,56.23,46.6,31.05,45.49,36.8,43.36,47.35,51.59,53.34,54.63,47.41,54.57,55.97,45.34,47.36,47.04,45.87,46.81,43.65,48.84,48.24
2019-01-07 10:05:00,28.73,33.68,36.98,37.28,50.34,53.76,52.37,55.12,39.08,52.34,52.49,42.22,56.23,46.6,31.05,45.49,36.8,43.36,47.35,51.59,53.34,54.63,47.41,54.57,55.97,45.34,47.36,47.04,45.87,46.81,43.65,48.84,48.25
2019-01-07 10:10:00,28.72,33.67,36.97,37.28,50.34,53.76,52.37,55.12,39.08,52.34,52.49,42.22,56.23,46.6,31.05,45.49,36.8,43.36,47.35,51.59,53.34,54.63,47.41,54.57,55.97,45.34,47.36,47.04,45.87,46.81,43.65,48.84,48.25
2019-01-07 10:15:00,28.71,33.66,36.96,37.28,50.34,53.76,52.38,55.12,39.08,52.34,52.49,42.22,56.23,46.6,31.05,45.49,36.81,43.37,47.35,51.59,53.34,54.63,47.41,54.57,55.97,45.34,47.36,47.05,45.87,46.81,43.65,48.84,48.25
2019-01-07 10:20:00,28.7,33.65,36.95,37.28,50.34,53.76,52.38,55.12,39.08,52.34,52.49,42.22,56.23,46.6,31.05,45.49,36.81,43.37,47.35,51.6,53.34,54.63,47.41,54.57,55.97,45.34,47.36,47.05,45.87,46.81,43.65,48.84,48.25
2019-01-07 10:25:00,28.69,33.64,36.94,37.28,50.34,53.77,52.38,55.12,39.08,52.34,52.5,42.22,56.23,46.61,31.06,45.49,36.81,43.37,47.35,51.6,53.34,54.63,47.41,54.58,55.97,45.34,47.36,47.05,45.87,46.81,43.65,48.84,48.25
2019-01-07 10:30:00,28.68,33.63,36.93,37.28,50.34,53.77,52.38,55.12,39.08,52.34,52.5,42.22,56.23,46.61,31.06,45.49,36.81,43.37,47.35,51.6,53.34,54.63,47.41,54.58,55.97,45.34,47.36,47.05,45.87,46.81,43.65,48.84,48.25
2019-01-07 10:35:00,28.67,33.62,36.92,37.28,50.34,53.77,52.38,55.12,39.08,52.34,52.5,42.22,56.24,46.61,31.06,45.49,36.81,43.37,47.35,51.6,53.34,54.63,47.41,54.58,55.97,45.34,47.36,47.05,45.87,46.81,43.65,48.84,48.25
2019-01-07 10:40:00,28.66,33.61,36.91,37.28,50.34,53.77,52.38,55.12,39.08,52.34,52.5,42.22,56.24,46.61,31.06,45.49,36.81,43.37,47.35,51.6,53.34,54.63,47.41,54.58,55.98,45.35,47.36,47.05,45.87,46.81,43.65,48.84,48.25
2019-01-07 10:45:00,28.65,33.6,36.9,37.28,50.34,53.77,52.38,55.12,39.08,52.34,52.5,42.22,56.24,46.61,31.06,45.49,36.81,43.37,47.35,51.6,53.34,54.63,47.41,54.58,55.98,45.35,47.36,47.05,45.87,46.81,43.65,48.84,48.25
2019-01-07 10:50:00,28.64,33.59,36.89,37.28,50.34,53.77,52.38,55.12,39.08,52.34,52.5,42.22,56.24,46.61,31.06,45.49,36.81,43.37,47.35,51.6,53.34,54.63,47.41,54.58,55.97,45.34,47.36,47.05,45.87,46.81,43.65,48.84,48.25
2019-01-07 10:55:00,28.63,33.58,36.88,37.28,50.34,53.76,52.38,55.12,39.08,52.34,52.5,42.22,56.23,46.61,31.06,45.49,36.81,43.37,47.35,51.6,53.34,54.63,47.41,54.58,55.97,45.34,47.36,47.05,45.87,46.81,43.65,48.84,48.25
2019-01-07 11:00:00,28.62,33.57,36.87,37.28,50.34,53.76,52.38,55.12,39.08,52.34,52.5,42.22,56.23,46.61,31.06,45.49,36.81,43.37,47.35,51.6,53.34,54.63,47.41,54.57,55.97,45.34,47.36,47.05,45.87,46.81,43.65,48.84,48.25
2019-01-07 11:05:00,28.61,33.56,36.85,37.28,50.34,53.76,52.38,55.12,39.08,52.34,52.5,42.22,56.23,46.6,31.06,45.49,36.81,43.37,47.35,51.59,53.34,54.63,47.41,54.57,55.97,45.34,47.36,47.05,45.87,46.81,43.65,48.84,48.25
2019-01-07 11:10:00,28.6,33.55,36.84,37.28,50.34,53.76,52.38,55.12,39.08,52.34,52.49,42.22,56.23,46.6,31.06,45.49,36.81,43.37,47.35,51.59,53.34,54.63,47.41,54.57,55.97,45.34,47.36,47.05,45.87,46.81,43.65,48.84,48.25
2019-01-07 11:15:00,28.59,33.54,36.83,37.28,50.34,53.76,52.38,55.12,39.08,52.34,52.5,42.22,56.23,46.6,31.06,45.49,36.81,43.37,47.35,51.59,53.34,54.63,47.41,54.57,55.97,45.34,47.36,47.05,45.87,46.81,43.65,48.84,48.25
2019-01-07 11:20:00,28.58,33.53,36.82,37.28,50.34,53.76,52.38,55.12,39.08,52.34,52.5,42.22,56.23,46.61,31.06,45.49,36.81,43.37,47.35,51.6,53.34,54.63,47.41,54.57,55.97,45.34,47.36,47.05,45.87,46.81,43.65,48.84,48.25
2019-01-07 11:25:00,28.57,33.52,36.81,37.28,50.34,53.77,52.38,55.12,39.08,52.34,52.5,42.22,56.24,46.61,31.06,45.49,36.81,43.37,47.35,51.6,53.34,54.63,47.41,54.58,55.97,45.35,47.36,47.05,45.87,46.81,43.65,48.84,48.25
2019-01-07 11:30:00,28.56,33.51,36.8,37.28,50.34,53.77,52.38,55.12,39.08,52.34,52.5,42.23,56.24,46.61,31.06,45.49,36.81,43.37,47.35,51.6,53.35,54.63,47.41,54.58,55.98,45.35,47.36,47.05,45.88,46.82,43.65,48.85,48.25
2019-01-07 11:35:00,28.55,33.5,36.79,37.29,50.34,53.77,52.38,55.13,39.08,52.35,52.5,42.23,56.24,46.61,31.06,45.5,36.81,43.37,47.35,51.6,53.35,54.63,47.42,54.58,55.98,45.35,47.37,47.05,45.88,46.82,43.65,48.85,48.25
2019-01-07 11:40:00,28.54,33.49,36.78,37.29,50.35,53.77,52.39,55.13,39.08,52.35,52.51,42.23,56.24,46.62,31.07,45.5,36.82,43.38,47.36,51.6,53.35,54.64,47.42,54.58,55.98,45.35,47.37,47.06,45.88,46.82,43.65,48.85,48.26
2019-01-07 11:45:00,28.53,33.48,36.77,37.3,50.35,53.77,52.39,55.13,39.08,52.35,52.51,42.23,56.24,46.62,31.07,45.5,36.82,43.38,47.36,51.6,53.35,54.64,47.42,54.59,55.99,45.36,47.37,47.06,45.88,46.82,43.66,48.86,48.26
2019-01-07 11:50:00,28.52,33.47,36.76,37.3,50.35,53.78,52.4,55.14,39.08,52.36,52.51,42.23,56.25,46.62,31.08,45.51,36.83,43.39,47.36,51.6,53.36,54.64,47.43,54.59,55.99,45.36,47.38,47.06,45.89,46.83,43.66,48.86,48.26
2019-01-07 11:55:00,28.51,33.46,36.75,37.3,50.35,53.78,52.4,55.14,39.08,52.36,52.52,42.24,56.25,46.63,31.08,45.51,36.83,43.39,47.36,51.6,53.36,54.65,47.43,54.59,56.0,45.36,47.38,47.07,45.89,46.83,43.66,48.86,48.26
2019-01-07 12:00:00,28.5,33.45,36.74,37.31,50.36,53.78,52.4,55.15,39.08,52.37,52.52,42.24,56.25,46.63,31.09,45.51,36.83,43.39,47.37,51.61,53.36,54.65,47.44,54.6,56.0,45.37,47.39,47.07,45.89,46.83,43.66,48.86,48.26
2019-01-07 12:05:00,28.49,33.44,36.73,37.31,50.36,53.79,52.41,55.15,39.08,52.37,52.52,42.24,56.26,46.64,31.09,45.52,36.84,43.4,47.37,51.61,53.36,54.65,47.44,54.6,56.0,45.37,47.39,47.07,45.89,46.84,43.66,48.87,48.27
2019-01-07 12:10:00,28.48,33.43,36.72,37.31,50.36,53.79,52.41,55.15,39.08,52.37,52.53,42.24,56.26,46.64,31.09,45.52,36.84,43.4,47.37,51.61,53.37,54.66,47.44,54.6,56.01,45.37,47.39,47.08,45.9,46.84,43.66,48.87,48.27
2019-01-07 12:15:00,28.47,33.42,36.71,37.32,50.36,53.79,52.41,55.16,39.08,52.38,52.53,42.24,56.26,46.64,31.1,45.53,36.85,43.4,47.37,51.61,53.37,54.66,47.45,54.61,56.01,45.37,47.4,47.08,45.9,46.84,43.66,48.87,48.27
2019-01-07 12:20:00,28.46,33.41,36.7,37.32,50.36,53.79,52.42,55.16,39.08,52.38,52.53,42.25,56.26,46.65,31.1,45.53,36.85,43.41,47.37,51.61,53.37,54.66,47.45,54.61,56.01,45.38,47.4,47.08,45.9,46.84,43.66,48.88,48.27
2019-01-07 12:25:00,28.45,33.4,36.69,37.32,50.37,53.8,52.42,55.16,39.08,52.38,52.53,42.25,56.27,46.65,31.1,45.53,36.85,43.41,47.38,51.61,53.37,54.66,47.45,54.61,56.02,45.38,47.4,47.08,45.9,46.85,43.67,48.88,48.28
2019-01-07 12:30:00,28.44,33.39,36.68,37.33,50.37,53.8,52.42,55.16,39.08,52.39,52.54,42.25,56.27,46.65,31.11,45.53,36.85,43.41,47.38,51.61,53.37,54.66,47.45,54.61,56.02,45.38,47.4,47.09,45.9,46.85,43.67,48.88,48.28
2019-01-07 12:35:00,28.43,33.38,36.67,37.33,50.37,53.8,52.42,55.17,39.08,52.39,52.54,42.25,56.27,46.65,31.11,45.54,36.86,43.42,47.38,51.62,53.38,54.67,47.46,54.61,56.02,45.38,47.41,47.09,45.91,46.85,43.67,48.88,48.28
2019-01-07 12:40:00,28.42,33.37,36.66,37.33,50.37,53.8,52.43,55.17,39.09,52.39,52.54,42.25,56.27,46.66,31.11,45.54,36.86,43.42,47.38,51.62,53.38,54.67,47.46,54.62,56.02,45.39,47.41,47.09,45.91,46.85,43.67,48.88,48.28
2019-01-07 12:45:00,28.41,33.36,36.65,37.33,50.37,53.8,52.43,55.17,39.09,52.39,52.54,42.25,56.27,46.66,31.11,45.54,36.86,43.42,47.38,51.62,53.38,54.67,47.46,54.62,56.02,45.39,47.41,47.09,45.91,46.85,43.67,48.89,48.28
2019-01-07 12:50:00,28.4,33.35,36.64,37.33,50.37,53.8,52.43,55.17,39.09,52.39,52.54,42.25,56.27,46.66,31.11,45.54,36.86,43.42,47.38,51.62,53.38,54.67,47.46,54.62,56.03,45.39,47.41,47.09,45.91,46.85,43.67,48.89,48.28
2019-01-07 12:55:00,28.39,33.34,36.63,37.34,50.37,53.8,52.43,55.17,39.09,52.4,52.54,42.25,56.27,46.66,31.12,45.54,36.86,43.42,47.38,51.62,53.38,54.67,47.46,54.62,56.03,45.39,47.41,47.09,45.91,46.86,43.67,48.89,48.28
2019-01-07 13:00:00,28.38,33.33,36.62,37.34,50.38,53.81,52.43,55.18,39.09,52.4,52.55,42.26,56.28,46.66,31.12,45.55,36.87,43.43,47.39,51.62,53.38,54.68,47.47,54.62,56.03,45.39,47.42,47.1,45.91,46.86,43.67,48.89,48.29
2019-01-07 13:05:00,28.37,33.32,36.61,37.35,50.38,53.81,52.44,55.18,39.09,52.4,52.55,42.26,56.28,46.67,31.13,45.55,36.87,43.43,47.39,51.62,53.39,54.68,47.47,54.63,56.04,45.4,47.42,47.1,45.92,46.86,43.67,48.9,48.29
2019-01-07 13:10:00,28.36,33.31,36.6,37.35,50.38,53.81,52.45,55.19,39.09,52.41,52.56,42.26,56.29,46.68,31.13,45.56,36.88,43.44,47.39,51.62,53.39,54.68,47.48,54.63,56.04,45.4,47.43,47.11,45.92,46.87,43.67,48.9,48.29
2019-01-07 13:15:00,28.35,33.3,36.59,37.36,50.39,53.82,52.45,55.2,39.09,52.42,52.56,42.27,56.29,46.68,31.14,45.56,36.89,43.45,47.4,51.63,53.4,54.69,47.48,54.64,56.05,45.41,47.43,47.11,45.93,46.87,43.68,48.91,48.3
2019-01-07 13:20:00,28.34,33.29,36.59,37.37,50.39,53.83,52.46,55.2,39.09,52.43,52.57,42.27,56.3,46.69,31.15,45.57,36.9,43.45,47.4,51.63,53.4,54.7,47.49,54.65,56.06,45.42,47.44,47.12,45.93,46.88,43.68,48.92,48.3
2019-01-07 13:25:00,28.34,33.28,36.58,37.38,50.4,53.83,52.47,55.22,39.09,52.44,52.58,42.28,56.31,46.7,31.16,45.58,36.91,43.47,47.41,51.64,53.41,54.71,47.5,54.66,56.07,45.43,47.45,47.13,45.94,46.89,43.69,48.92,48.31
2019-01-07 13:30:00,28.33,33.28,36.57,37.39,50.41,53.84,52.48,55.23,39.09,52.45,52.59,42.29,56.31,46.71,31.18,45.59,36.92,43.48,47.42,51.64,53.42,54.71,47.51,54.67,56.08,45.44,47.46,47.14,45.95,46.9,43.69,48.93,48.32
2019-01-07 13:35:00,28.32,33.27,36.56,37.4,50.41,53.85,52.49,55.24,39.09,52.46,52.6,42.29,56.32,46.73,31.19,45.6,36.93,43.49,47.42,51.65,53.42,54.72,47.52,54.67,56.09,45.44,47.47,47.15,45.95,46.91,43.69,48.94,48.32
2019-01-07 13:40:00,28.31,33.26,36.55,37.41,50.42,53.86,52.5,55.25,39.09,52.47,52.61,42.3,56.33,46.73,31.2,45.61,36.94,43.5,47.43,51.65,53.43,54.73,47.53,54.68,56.1,45.45,47.48,47.16,45.96,46.92,43.7,48.95,48.33
2019-01-07 13:45:00,28.3,33.25,36.54,37.42,50.42,53.86,52.51,55.25,39.09,52.48,52.62,42.3,56.33,46.74,31.21,45.62,36.95,43.5,47.43,51.65,53.43,54.74,47.54,54.69,56.11,45.46,47.49,47.16,45.97,46.92,43.7,48.96,48.34
2019-01-07 13:50:00,28.3,33.24,36.53,37.43,50.43,53.87,52.52,55.26,39.09,52.48,52.62,42.31,56.34,46.75,31.21,45.63,36.95,43.51,47.44,51.66,53.44,54.74,47.54,54.69,56.12,45.46,47.5,47.17,45.97,46.93,43.7,48.96,48.34
2019-01-07 13:55:00,28.29,33.23,36.53,37.43,50.43,53.87,52.52,55.26,39.09,52.49,52.62,42.31,56.34,46.75,31.22,45.63,36.96,43.51,47.44,51.66,53.44,54.74,47.55,54.7,56.12,45.47,47.5,47.17,45.97,46.93,43.7,48.97,48.34
2019-01-07 14:00:00,28.28,33.22,36.52,37.43,50.43,53.87,52.52,55.27,39.09,52.49,52.63,42.31,56.34,46.76,31.22,45.63,36.96,43.52,47.44,51.66,53.44,54.75,47.55,54.7,56.12,45.47,47.5,47.17,45.97,46.93,43.7,48.97,48.34
2019-01-07 14:05:00,28.27,33.21,36.51,37.44,50.43,53.87,52.53,55.27,39.09,52.49,52.63,42.31,56.35,46.76,31.22,45.63,36.96,43.52,47.44,51.66,53.44,54.75,47.55,54.7,56.12,45.47,47.51,47.18,45.98,46.94,43.7,48.97,48.34
2019-01-07 14:10:00,28.26,33.21,36.5,37.44,50.43,53.87,52.53,55.27,39.09,52.5,52.63,42.31,56.35,46.76,31.22,45.64,36.96,43.52,47.44,51.66,53.45,54.75,47.55,54.7,56.13,45.47,47.51,47.18,45.98,46.94,43.71,48.97,48.35
2019-01-07 14:15:00,28.25,33.2,36.49,37.44,50.43,53.87,52.53,55.27,39.09,52.5,52.63,42.31,56.35,46.76,31.23,45.64,36.97,43.53,47.45,51.66,53.45,54.75,47.56,54.7,56.13,45.48,47.51,47.18,45.98,46.94,43.71,48.97,48.35
2019-01-07 14:20:00,28.24,33.19,36.48,37.45,50.44,53.88,52.54,55.28,39.09,52.5,52.64,42.32,56.35,46.77,31.23,45.64,36.97,43.53,47.45,51.66,53.45,54.75,47.56,54.71,56.13,45.48,47.51,47.18,45.98,46.94,43.71,48.98,48.35
2019-01-07 14:25:00,28.23,33.18,36.47,37.45,50.44,53.88,52.54,55.28,39.09,52.51,52.64,42.32,56.36,46.77,31.24,45.65,36.98,43.54,47.45,51.67,53.46,54.76,47.57,54.71,56.14,45.49,47.52,47.19,45.99,46.95,43.71,48.98,48.36
2019-01-07 14:30:00,28.23,33.17,36.46,37.46,50.45,53.89,52.55,55.29,39.09,52.52,52.65,42.33,56.36,46.78,31.25,45.66,36.99,43.55,47.46,51.67,53.46,54.77,47.58,54.72,56.15,45.49,47.53,47.2,45.99,46.96,43.71,48.99,48.36
2019-01-07 14:35:00,28.22,33.16,36.46,37.47,50.45,53.9,52.56,55.3,39.09,52.53,52.66,42.33,56.37,46.79,31.26,45.67,37.0,43.56,47.47,51.67,53.47,54.77,47.59,54.73,56.16,45.5,47.54,47.21,46.0,46.97,43.72,49.0,48.37
2019-01-07 14:40:00,28.21,33.16,36.45,37.49,50.46,53.9,52.57,55.31,39.09,52.54,52.67,42.34,56.38,46.81,31.28,45.68,37.01,43.57,47.47,51.68,53.48,54.78,47.6,54.74,56.17,45.51,47.55,47.22,46.01,46.98,43.72,49.01,48.38
2019-01-07 14:45:00,28.2,33.15,36.44,37.5,50.47,53.91,52.59,55.33,39.09,52.55,52.68,42.35,56.39,46.82,31.29,45.69,37.02,43.58,47.48,51.68,53.48,54.79,47.61,54.75,56.19,45.52,47.56,47.23,46.02,46.99,43.73,49.02,48.38
2019-01-07 14:50:00,28.2,33.14,36.43,37.51,50.48,53.92,52.6,55.34,39.09,52.57,52.69,42.35,56.4,46.83,31.3,45.7,37.04,43.59,47.49,51.69,53.49,54.8,47.62,54.76,56.2,45.53,47.58,47.24,46.03,47.0,43.73,49.03,48.39
2019-01-07 14:55:00,28.19,33.14,36.43,37.52,50.48,53.93,52.61,55.35,39.09,52.58,52.71,42.36,56.41,46.84,31.32,45.72,37.05,43.61,47.5,51.69,53.5,54.81,47.63,54.77,56.21,45.54,47.59,47.25,46.03,47.01,43.74,49.04,48.4
2019-01-07 15:00:00,28.19,33.13,36.42,37.53,50.49,53.94,52.62,55.36,39.09,52.59,52.72,42.37,56.42,46.85,31.33,45.73,37.06,43.62,47.5,51.7,53.51,54.82,47.64,54.78,56.22,45.55,47.6,47.26,46.04,47.02,43.74,49.05,48.41
2019-01-07 15:05:00,28.18,33.12,36.41,37.54,50.5,53.94,52.63,55.37,39.09,52.6,52.72,42.37,56.42,46.86,31.34,45.74,37.07,43.63,47.51,51.7,53.51,54.83,47.65,54.79,56.23,45.56,47.61,47.27,46.05,47.02,43.74,49.06,48.41
2019-01-07 15:10:00,28.17,33.12,36.4,37.55,50.5,53.95,52.64,55.38,39.09,52.61,52.73,42.38,56.43,46.87,31.35,45.75,37.08,43.64,47.51,51.71,53.52,54.84,47.66,54.8,56.24,45.57,47.62,47.27,46.06,47.03,43.75,49.07,48.42
2019-01-07 15:15:00,28.16,33.11,36.4,37.56,50.51,53.96,52.65,55.39,39.09,52.62,52.74,42.38,56.44,46.88,31.36,45.75,37.09,43.64,47.52,51.71,53.53,54.84,47.67,54.8,56.25,45.58,47.62,47.28,46.06,47.04,43.75,49.08,48.42
2019-01-07 15:20:00,28.16,33.1,36.39,37.57,50.51,53.96,52.65,55.39,39.09,52.62,52.75,42.39,56.44,46.89,31.37,45.76,37.1,43.65,47.52,51.71,53.53,54.85,47.68,54.81,56.25,45.58,47.63,47.29,46.07,47.04,43.75,49.08,48.43
2019-01-07 15:25:00,28.15,33.09,36.38,37.58,50.51,53.97,52.66,55.4,39.09,52.63,52.75,42.39,56.45,46.89,31.37,45.77,37.1,43.66,47.53,51.72,53.53,54.85,47.68,54.81,56.26,45.59,47.64,47.29,46.07,47.05,43.75,49.09,48.43
2019-01-07 15:30:00,28.14,33.09,36.37,37.58,50.52,53.97,52.67,55.41,39.09,52.64,52.76,42.39,56.45,46.9,31.38,45.77,37.11,43.66,47.53,51.72,53.54,54.86,47.69,54.82,56.27,45.59,47.64,47.3,46.07,47.05,43.76,49.09,48.44
2019-01-07 15:35:00,28.13,33.08,36.36,37.58,50.52,53.97,52.67,55.41,39.09,52.64,52.76,42.4,56.45,46.9,31.38,45.77,37.11,43.67,47.53,51.72,53.54,54.86,47.69,54.82,56.27,45.6,47.65,47.3,46.08,47.06,43.76,49.09,48.44
2019-01-07 15:40:00,28.12,33.07,36.36,37.59,50.52,53.98,52.67,55.41,39.09,52.64,52.76,42.4,56.45,46.91,31.39,45.78,37.11,43.67,47.54,51.72,53.54,54.86,47.69,54.82,56.27,45.6,47.65,47.3,46.08,47.06,43.76,49.1,48.44
2019-01-07 15:45:00,28.12,33.06,36.35,37.59,50.52,53.98,52.68,55.41,39.09,52.65,52.76,42.4,56.46,46.91,31.39,45.78,37.12,43.67,47.54,51.72,53.54,54.86,47.69,54.83,56.28,45.6,47.65,47.3,46.08,47.06,43.76,49.1,48.44
2019-01-07 15:50:00,28.11,33.05,36.34,37.59,50.52,53.98,52.68,55.42,39.09,52.65,52.76,42.4,56.46,46.91,31.39,45.78,37.12,43.67,47.54,51.72,53.55,54.87,47.7,54.83,56.28,45.6,47.65,47.3,46.08,47.06,43.76,49.1,48.44
2019-01-07 15:55:00,28.1,33.04,36.33,37.59,50.53,53.98,52.68,55.42,39.09,52.65,52.76,42.4,56.46,46.91,31.39,45.78,37.12,43.68,47.54,51.72,53.55,54.87,47.7,54.83,56.28,45.6,47.65,47.31,46.08,47.06,43.76,49.1,48.44
2019-01-07 16:00:00,28.09,33.03,36.32,37.59,50.53,53.98,52.68,55.42,39.09,52.65,52.77,42.4,56.46,46.91,31.39,45.78,37.12,43.68,47.54,51.72,53.55,54.87,47.7,54.83,56.28,45.6,47.65,47.31,46.08,47.06,43.76,49.1,48.44
2019-01-07 16:05:00,28.08,33.02,36.31,37.59,50.53,53.98,52.68,55.42,39.09,52.65,52.77,42.4,56.46,46.91,31.39,45.78,37.12,43.68,47.54,51.72,53.55,54.87,47.7,54.83,56.28,45.6,47.65,47.31,46.08,47.06,43.76,49.1,48.44
2019-01-07 16:10:00,28.07,33.02,36.3,37.59,50.53,53.98,52.68,55.42,39.09,52.65,52.76,42.4,56.46,46.91,31.39,45.78,37.12,43.68,47.54,51.72,53.55,54.87,47.7,54.83,56.28,45.6,47.65,47.31,46.08,47.06,43.76,49.1,48.44
2019-01-07 16:15:00,28.06,33.01,36.29,37.59,50.53,53.98,52.68,55.42,39.09,52.65,52.76,42.4,56.46,46.91,31.39,45.78,37.12,43.67,47.54,51.72,53.55,54.87,47.7,54.83,56.28,45.6,47.65,47.3,46.08,47.06,43.76,49.1,48.44
2019-01-07 16:20:00,28.05,33.0,36.29,37.59,50.52,53.98,52.68,55.42,39.09,52.65,52.76,42.4,56.46,46.91,31.39,45.78,37.12,43.67,47.54,51.72,53.55,54.87,47.7,54.83,56.28,45.6,47.65,47.3,46.08,47.06,43.76,49.1,48.44
2019-01-07 16:25:00,28.04,32.99,36.28,37.59,50.52,53.98,52.67,55.41,39.09,52.65,52.76,42.4,56.46,46.91,31.39,45.78,37.12,43.67,47.54,51.72,53.55,54.87,47.69,54.83,56.28,45.6,47.65,47.3,46.08,47.06,43.76,49.1,48.44
2019-01-07 16:30:00,28.03,32.98,36.27,37.39,50.4,53.83,52.46,55.17,39.09,52.48,52.66,42.33,56.29,46.71,31.19,45.59,36.92,43.46,47.41,51.63,53.4,54.68,47.5,54.59,56.05,45.46,47.51,47.2,46.0,46.97,43.72,49.01,48.37
2019-01-07 16:35:00,28.03,32.97,36.26,37.39,50.4,53.83,52.45,55.17,39.09,52.48,52.66,42.33,56.29,46.7,31.19,45.59,36.92,43.46,47.41,51.63,53.4,54.68,47.5,54.59,56.04,45.46,47.51,47.2,46.0,46.97,43.72,49.0,48.37
2019-01-07 16:40:00,28.02,32.96,36.25,37.38,50.4,53.83,52.45,55.16,39.09,52.47,52.65,42.33,56.28,46.7,31.18,45.58,36.91,43.45,47.41,51.63,53.4,54.67,47.49,54.59,56.04,45.46,47.51,47.19,46.0,46.96,43.72,49.0,48.37
2019-01-07 16:45:00,28.01,32.95,36.24,37.38,50.39,53.83,52.45,55.16,39.09,52.47,52.65,42.33,56.28,46.7,31.18,45.58,36.91,43.45,47.41,51.63,53.4,54.67,47.49,54.58,56.04,45.45,47.5,47.19,46.0,46.96,43.72,49.0,48.37
2019-01-07 16:50:00,28.0,32.94,36.23,37.38,50.39,53.82,52.44,55.16,39.09,52.47,52.65,42.32,56.28,46.69,31.17,45.58,36.9,43.45,47.41,51.63,53.39,54.67,47.49,54.58,56.03,45.45,47.5,47.19,45.99,46.96,43.71,48.99,48.36
2019-01-07 16:55:00,27.99,32.93,36.22,37.37,50.39,53.82,52.44,55.15,39.09,52.46,52.64,42.32,56.28,46.69,31.17,45.57,36.9,43.44,47.4,51.63,53.39,54.67,47.48,54.58,56.03,45.45,47.49,47.18,45.99,46.95,43.71,48.99,48.36
2019-01-07 17:00:00,27.98,32.92,36.21,37.37,50.39,53.82,52.43,55.15,39.09,52.46,52.64,42.32,56.27,46.68,31.16,45.57,36.9,43.44,47.4,51.62,53.39,54.66,47.48,54.57,56.03,45.44,47.49,47.18,45.99,46.95,43.71,48.99,48.36
2019-01-07 17:05:00,27.97,32.91,36.2,37.36,50.38,53.82,52.43,55.14,39.09,52.46,52.64,42.32,56.27,46.68,31.16,45.56,36.89,43.43,47.4,51.62,53.39,54.66,47.47,54.57,56.02,45.44,47.49,47.18,45.99,46.95,43.71,48.98,48.36
2019-01-07 17:10:00,27.96,32.9,36.19,37.36,50.38,53.81,52.43,55.14,39.09,52.45,52.63,42.32,56.27,46.68,31.16,45.56,36.89,43.43,47.4,51.62,53.38,54.66,47.47,54.57,56.02,45.44,47.48,47.17,45.98,46.94,43.71,48.98,48.35
2019-01-07 17:15:00,27.95,32.89,36.18,37.36,50.38,53.81,52.42,55.14,39.09,52.45,52.63,42.31,56.26,46.67,31.15,45.56,36.88,43.43,47.39,51.62,53.38,54.65,47.47,54.56,56.01,45.43,47.48,47.17,45.98,46.94,43.71,48.98,48.35
2019-01-07 17:20:00,27.94,32.88,36.17,37.35,50.38,53.81,52.42,55.13,39.09,52.44,52.63,42.31,56.26,46.67,31.15,45.55,36.88,43.42,47.39,51.62,53.38,54.65,47.46,54.56,56.01,45.43,47.48,47.17,45.98,46.94,43.71,48.97,48.35
2019-01-07 17:25:00,27.93,32.87,36.16,37.35,50.38,53.81,52.41,55.13,39.09,52.44,52.62,42.31,56.26,46.66,31.14,45.55,36.88,43.42,47.39,51.62,53.38,54.65,47.46,54.56,56.01,45.43,47.47,47.16,45.98,46.93,43.7,48.97,48.35
2019-01-07 17:30:00,27.92,32.86,36.15,37.34,50.37,53.8,52.41,55.12,39.09,52.44,52.62,42.31,56.26,46.66,31.14,45.55,36.87,43.41,47.39,51.61,53.37,54.65,47.46,54.55,56.0,45.42,47.47,47.16,45.97,46.93,43.7,48.97,48.34
2019-01-07 17:35:00,27.91,32.85,36.14,37.34,50.37,53.8,52.41,55.12,39.09,52.43,52.62,42.3,56.25,46.66,31.14,45.54,36.87,43.41,47.38,51.61,53.37,54.64,47.45,54.55,56.0,45.42,47.47,47.16,45.97,46.93,43.7,48.96,48.34
2019-01-07 17:40:00,27.9,32.84,36.13,37.34,50.37,53.8,52.4,55.12,39.09,52.43,52.61,42.3,56.25,46.65,31.13,45.54,36.87,43.41,47.38,51.61,53.37,54.64,47.45,54.55,56.0,45.42,47.46,47.15,45.97,46.93,43.7,48.96,48.34
2019-01-07 17:45:00,27.89,32.83,36.12,37.33,50.37,53.8,52.4,55.11,39.09,52.43,52.61,42.3,56.25,46.65,31.13,45.54,36.86,43.4,47.38,51.61,53.37,54.64,47.45,54.55,55.99,45.42,47.46,47.15,45.97,46.92,43.7,48.96,48.34
2019-01-07 17:50:00,27.88,32.82,36.11,37.33,50.37,53.8,52.4,55.11,39.09,52.43,52.61,42.3,56.25,46.65,31.12,45.53,36.86,43.4,47.38,51.61,53.37,54.64,47.44,54.54,55.99,45.41,47.46,47.15,45.96,46.92,43.7,48.96,48.33
2019-01-07 17:55:00,27.87,32.81,36.1,37.33,50.36,53.79,52.39,55.11,39.09,52.42,52.61,42.3,56.24,46.64,31.12,45.53,36.86,43.4,47.38,51.61,53.36,54.63,47.44,54.54,55.99,45.41,47.45,47.15,45.96,46.92,43.7,48.95,48.33
2019-01-07 18:00:00,27.86,32.8,36.09,37.32,50.36,53.79,52.39,55.1,39.09,52.42,52.6,42.29,56.24,46.64,31.12,45.53,36.85,43.39,47.37,51.61,53.36,54.63,47.44,54.54,55.98,45.41,47.45,47.14,45.96,46.91,43.7,48.95,48.33
2019-01-07 18:05:00,27.85,32.79,36.08,37.32,50.36,53.79,52.39,55.1,39.09,52.42,52.6,42.29,56.24,46.64,31.11,45.52,36.85,43.39,47.37,51.6,53.36,54.63,47.43,54.53,55.98,45.4,47.45,47.14,45.96,46.91,43.69,48.95,48.33
2019-01-07 18:10:00,27.84,32.78,36.07,37.31,50.36,53.78,52.38,55.1,39.09,52.41,52.59,42.29,56.23,46.63,31.11,45.52,36.84,43.39,47.37,51.6,53.36,54.62,47.43,54.53,55.97,45.4,47.44,47.14,45.95,46.91,43.69,48.94,48.32
2019-01-07 18:15:00,27.83,32.77,36.06,37.31,50.35,53.78,52.38,55.09,39.09,52.41,52.59,42.29,56.23,46.63,31.1,45.51,36.84,43.38,47.37,51.6,53.35,54.62,47.42,54.53,55.97,45.4,47.44,47.13,45.95,46.9,43.69,48.94,48.32
2019-01-07 18:20:00,27.82,32.76,36.05,37.3,50.35,53.78,52.37,55.09,39.09,52.4,52.59,42.28,56.23,46.62,31.1,45.51,36.83,43.38,47.36,51.6,53.35,54.62,47.42,54.52,55.96,45.39,47.43,47.13,45.95,46.9,43.69,48.93,48.32
2019-01-07 18:25:00,27.81,32.75,36.04,37.3,50.35,53.78,52.37,55.08,39.09,52.4,52.58,42.28,56.22,46.62,31.09,45.5,36.83,43.37,47.36,51.6,53.35,54.61,47.42,54.52,55.96,45.39,47.43,47.12,45.94,46.9,43.69,48.93,48.32
2019-01-07 18:30:00,27.79,32.74,36.03,37.29,50.34,53.77,52.36,55.08,39.09,52.39,52.58,42.28,56.22,46.61,31.09,45.5,36.82,43.37,47.36,51.59,53.34,54.61,47.41,54.51,55.95,45.38,47.42,47.12,45.94,46.89,43.69,48.93,48.31
2019-01-07 18:35:00,27.78,32.73,36.02,37.29,50.34,53.77,52.36,55.07,39.09,52.39,52.57,42.27,56.22,46.61,31.08,45.5,36.82,43.36,47.36,51.59,53.34,54.61,47.41,54.51,55.95,45.38,47.42,47.11,45.94,46.89,43.68,48.92,48.31
2019-01-07 18:40:00,27.77,32.72,36.01,37.28,50.34,53.77,52.35,55.07,39.09,52.38,52.57,42.27,56.21,46.6,31.08,45.49,36.81,43.36,47.35,51.59,53.34,54.6,47.4,54.51,55.94,45.38,47.41,47.11,45.93,46.88,43.68,48.92,48.31
2019-01-07 18:45:00,27.76,32.71,36.0,37.28,50.34,53.76,52.35,55.06,39.09,52.38,52.56,42.27,56.21,46.6,31.07,45.49,36.81,43.35,47.35,51.59,53.33,54.6,47.4,54.5,55.94,45.37,47.41,47.11,45.93,46.88,43.68,48.91,48.3
2019-01-07 18:50:00,27.75,32.7,35.99,37.28,50.33,53.76,52.34,55.06,39.09,52.38,52.56,42.27,56.21,46.59,31.07,45.48,36.81,43.35,47.35,51.59,53.33,54.6,47.39,54.5,55.94,45.37,47.41,47.1,45.93,46.88,43.68,48.91,48.3
2019-01-07 18:55:00,27.74,32.69,35.98,37.27,50.33,53.76,52.34,55.06,39.09,52.37,52.56,42.27,56.21,46.59,31.06,45.48,36.8,43.34,47.35,51.59,53.33,54.59,47.39,54.5,55.93,45.37,47.4,47.1,45.93,46.87,43.68,48.91,48.3
2019-01-07 19:00:00,27.73,32.68,35.97,37.27,50.33,53.76,52.34,55.05,39.09,52.37,52.56,42.26,56.2,46.59,31.06,45.48,36.8,43.34,47.34,51.58,53.33,54.59,47.39,54.49,55.93,45.36,47.4,47.1,45.92,46.87,43.68,48.91,48.3
2019-01-07 19:05:00,27.72,32.67,35.96,37.27,50.33,53.76,52.34,55.05,39.09,52.37,52.56,42.26,56.2,46.59,31.06,45.48,36.8,43.34,47.34,51.58,53.33,54.59,47.39,54.49,55.93,45.36,47.4,47.1,45.92,46.87,43.68,48.9,48.3
2019-01-07 19:10:00,27.71,32.66,35.95,37.27,50.33,53.76,52.34,55.05,39.09,52.37,52.55,42.26,56.2,46.59,31.06,45.48,36.8,43.34,47.34,51.58,53.33,54.59,47.39,54.49,55.93,45.36,47.4,47.1,45.92,46.87,43.68,48.9,48.3
2019-01-07 19:15:00,27.71,32.66,35.95,36.35,50.06,53.45,51.73,54.46,39.09,51.8,52.23,42.05,55.82,45.95,30.23,44.83,35.99,42.68,47.07,51.37,53.01,54.22,46.81,54.05,55.32,44.9,46.95,46.76,45.69,46.58,43.55,48.61,48.08
2019-01-07 19:20:00,27.72,32.67,35.96,36.35,50.06,53.45,51.73,54.46,39.09,51.8,52.23,42.05,55.82,45.95,30.23,44.83,35.98,42.68,47.07,51.37,53.01,54.22,46.8,54.04,55.32,44.9,46.95,46.76,45.69,46.58,43.55,48.61,48.08
2019-01-07 19:25:00,27.73,32.68,35.97,36.34,50.06,53.45,51.73,54.46,39.09,51.8,52.23,42.05,55.82,45.95,30.23,44.83,35.98,42.67,47.07,51.37,53.01,54.22,46.8,54.04,55.32,44.9,46.95,46.75,45.69,46.58,43.55,48.61,48.08
2019-01-07 19:30:00,27.74,32.69,35.98,36.34,50.06,53.45,51.73,54.46,39.09,51.8,52.23,42.05,55.82,45.94,30.23,44.83,35.98,42.67,47.07,51.37,53.01,54.22,46.8,54.04,55.32,44.9,46.94,46.75,45.68,46.58,43.55,48.61,48.08
2019-01-07 19:35:00,27.75,32.69,35.99,36.34,50.06,53.44,51.72,54.46,39.09,51.79,52.22,42.05,55.81,45.94,30.22,44.83,35.98,42.67,47.07,51.37,53.01,54.21,46.8,54.04,55.31,44.9,46.94,46.75,45.68,46.58,43.55,48.61,48.07
2019-01-07 19:40:00,27.75,32.7,35.99,36.34,50.05,53.44,51.72,54.45,39.09,51.79,52.22,42.05,55.81,45.94,30.22,44.82,35.98,42.67,47.07,51.37,53.01,54.21,46.8,54.04,55.31,44.89,46.94,46.75,45.68,46.57,43.55,48.6,48.07
2019-01-07 19:45:00,27.76,32.71,36.0,36.33,50.05,53.44,51.72,54.45,39.09,51.79,52.22,42.05,55.81,45.94,30.22,44.82,35.97,42.66,47.07,51.37,53.01,54.21,46.79,54.04,55.31,44.89,46.94,46.75,45.68,46.57,43.55,48.6,48.07
2019-01-07 19:50:00,27.77,32.72,36.01,36.33,50.05,53.44,51.71,54.45,39.09,51.79,52.22,42.04,55.81,45.93,30.21,44.82,35.97,42.66,47.07,51.37,53.01,54.21,46.79,54.03,55.3,44.89,46.93,46.74,45.68,46.57,43.55,48.6,48.07
2019-01-07 19:55:00,27.78,32.72,36.02,36.33,50.05,53.44,51.71,54.45,39.09,51.79,52.22,42.04,55.81,45.93,30.21,44.82,35.97,42.66,47.07,51.37,53.01,54.21,46.79,54.03,55.3,44.89,46.93,46.74,45.68,46.57,43.55,48.6,48.07
2019-01-07 20:00:00,27.79,32.73,36.03,36.33,50.05,53.44,51.71,54.45,39.09,51.79,52.22,42.04,55.81,45.93,30.21,44.82,35.97,42.66,47.07,51.37,53.01,54.21,46.79,54.03,55.3,44.89,46.93,46.74,45.68,46.57,43.55,48.6,48.07
2019-01-07 20:05:00,27.79,32.74,36.04,36.33,50.05,53.44,51.72,54.45,39.09,51.79,52.22,42.04,55.81,45.94,30.21,44.82,35.97,42.66,47.07,51.37,53.01,54.21,46.79,54.03,55.31,44.89,46.93,46.74,45.68,46.57,43.55,48.6,48.07
2019-01-07 20:10:00,27.8,32.75,36.04,36.33,50.05,53.44,51.72,54.45,39.09,51.79,52.22,42.05,55.81,45.94,30.22,44.82,35.97,42.67,47.07,51.37,53.01,54.21,46.79,54.04,55.31,44.89,46.94,46.75,45.68,46.57,43.55,48.6,48.07
2019-01-07 20:15:00,27.81,32.76,36.05,36.34,50.06,53.44,51.72,54.46,39.09,51.79,52.22,42.05,55.81,45.94,30.22,44.82,35.98,42.67,47.07,51.37,53.01,54.21,46.8,54.04,55.31,44.89,46.94,46.75,45.68,46.57,43.55,48.6,48.07
2019-01-07 20:20:00,27.82,32.77,36.06,36.34,50.06,53.45,51.72,54.46,39.09,51.8,52.22,42.05,55.81,45.94,30.22,44.82,35.98,42.67,47.07,51.37,53.01,54.21,46.8,54.04,55.31,44.9,46.94,46.75,45.68,46.57,43.55,48.6,48.07
2019-01-07 20:25:00,27.83,32.78,36.07,36.34,50.06,53.44,51.72,54.46,39.09,51.79,52.22,42.05,55.81,45.94,30.22,44.82,35.98,42.67,47.07,51.37,53.01,54.21,46.8,54.04,55.31,44.89,46.94,46.75,45.68,46.57,43.55,48.6,48.07
2019-01-07 20:30:00,27.84,32.78,36.08,36.33,50.05,53.44,51.72,54.45,39.09,51.79,52.22,42.04,55.81,45.94,30.21,44.82,35.97,42.66,47.07,51.37,53.01,54.21,46.79,54.04,55.31,44.89,46.94,46.74,45.68,46.57,43.55,48.6,48.07
2019-01-07 20:35:00,27.84,32.79,36.08,36.33,50.05,53.44,51.71,54.44,39.09,51.78,52.21,42.04,55.81,45.93,30.21,44.81,35.96,42.66,47.06,51.37,53.0,54.21,46.79,54.03,55.3,44.89,46.93,46.74,45.67,46.57,43.55,48.59,48.07
2019-01-07 20:40:00,27.85,32.8,36.09,36.32,50.04,53.43,51.7,54.44,39.09,51.78,52.2,42.04,55.8,45.92,30.2,44.8,35.95,42.65,47.06,51.36,53.0,54.2,46.78,54.02,55.29,44.88,46.92,46.73,45.67,46.56,43.54,48.59,48.06
2019-01-07 20:45:00,27.86,32.8,36.1,36.31,50.04,53.43,51.69,54.43,39.09,51.77,52.2,42.03,55.79,45.91,30.19,44.79,35.94,42.64,47.05,51.36,52.99,54.19,46.77,54.01,55.28,44.87,46.91,46.72,45.66,46.55,43.54,48.58,48.05
2019-01-07 20:50:00,27.86,32.81,36.11,36.29,50.03,53.42,51.68,54.42,39.09,51.76,52.19,42.02,55.78,45.9,30.17,44.78,35.93,42.63,47.05,51.35,52.99,54.19,46.76,54.01,55.27,44.86,46.9,46.72,45.66,46.54,43.54,48.57,48.05
2019-01-07 20:55:00,27.87,32.82,36.11,36.29,50.03,53.41,51.67,54.41,39.09,51.75,52.18,42.02,55.78,45.89,30.17,44.78,35.92,42.62,47.04,51.35,52.98,54.18,46.75,54.0,55.26,44.86,46.89,46.71,45.65,46.54,43.53,48.57,48.04
2019-01-07 21:00:00,27.88,32.82,36.12,36.28,50.03,53.41,51.67,54.4,39.09,51.74,52.18,42.02,55.77,45.89,30.16,44.77,35.92,42.61,47.04,51.35,52.98,54.18,46.75,54.0,55.26,44.85,46.89,46.7,45.65,46.53,43.53,48.56,48.04
2019-01-07 21:05:00,27.88,32.83,36.13,36.28,50.02,53.41,51.67,54.4,39.09,51.74,52.17,42.02,55.77,45.88,30.16,44.77,35.92,42.61,47.04,51.35,52.98,54.17,46.74,53.99,55.26,44.85,46.89,46.7,45.64,46.53,43.53,48.56,48.04
2019-01-07 21:10:00,27.89,32.84,36.14,36.28,50.03,53.41,51.67,54.4,39.09,51.74,52.17,42.02,55.77,45.88,30.16,44.77,35.92,42.61,47.04,51.35,52.98,54.17,46.74,53.99,55.26,44.85,46.89,46.7,45.64,46.53,43.53,48.56,48.04
2019-01-07 21:15:00,27.9,32.85,36.14,36.28,50.03,53.41,51.67,54.41,39.09,51.75,52.18,42.02,55.78,45.89,30.16,44.77,35.92,42.61,47.04,51.35,52.98,54.18,46.75,54.0,55.26,44.85,46.89,46.71,45.65,46.53,43.53,48.56,48.04
2019-01-07 21:20:00,27.91,32.86,36.15,36.29,50.03,53.42,51.68,54.41,39.09,51.75,52.18,42.02,55.78,45.89,30.17,44.78,35.93,42.62,47.05,51.35,52.98,54.18,46.75,54.0,55.27,44.86,46.9,46.71,45.65,46.54,43.53,48.57,48.04
2019-01-07 21:25:00,27.92,32.87,36.16,36.3,50.04,53.42,51.68,54.42,39.09,51.76,52.19,42.02,55.79,45.9,30.18,44.79,35.94,42.63,47.05,51.35,52.99,54.19,46.76,54.01,55.27,44.86,46.9,46.72,45.66,46.54,43.54,48.57,48.05
2019-01-07 21:30:00,27.93,32.88,36.17,36.31,50.04,53.43,51.69,54.43,39.09,51.77,52.2,42.03,55.79,45.91,30.19,44.8,35.95,42.64,47.06,51.36,52.99,54.2,46.77,54.02,55.28,44.87,46.91,46.72,45.66,46.55,43.54,48.58,48.05
2019-01-07 21:35:00,27.94,32.89,36.18,36.32,50.05,53.44,51.71,54.44,39.09,51.78,52.21,42.04,55.8,45.93,30.2,44.81,35.96,42.65,47.06,51.36,53.0,54.21,46.78,54.03,55.3,44.88,46.93,46.74,45.67,46.56,43.54,48.59,48.06
2019-01-07 21:40:00,27.95,32.9,36.19,36.34,50.06,53.45,51.72,54.46,39.09,51.8,52.22,42.05,55.82,45.94,30.22,44.83,35.98,42.67,47.07,51.37,53.01,54.22,46.8,54.04,55.31,44.9,46.94,46.75,45.68,46.57,43.55,48.6,48.07
2019-01-07 21:45:00,27.96,32.91,36.2,36.36,50.07,53.46,51.74,54.48,39.09,51.82,52.24,42.06,55.83,45.96,30.24,44.85,36.0,42.69,47.09,51.38,53.03,54.23,46.82,54.06,55.33,44.91,46.96,46.76,45.69,46.59,43.56,48.62,48.08
2019-01-07 21:50:00,27.97,32.92,36.21,36.39,50.09,53.48,51.77,54.5,39.09,51.84,52.26,42.07,55.85,45.99,30.27,44.87,36.03,42.72,47.1,51.39,53.04,54.25,46.84,54.08,55.36,44.93,46.98,46.78,45.71,46.61,43.57,48.64,48.1
2019-01-07 21:55:00,27.99,32.93,36.22,36.42,50.1,53.5,51.8,54.53,39.09,51.87,52.28,42.09,55.87,46.02,30.3,44.9,36.05,42.74,47.12,51.4,53.06,54.27,46.87,54.1,55.39,44.96,47.01,46.81,45.73,46.63,43.57,48.66,48.11
2019-01-07 22:00:00,28.0,32.95,36.24,36.45,50.12,53.52,51.82,54.56,39.09,51.9,52.3,42.1,55.89,46.05,30.33,44.92,36.09,42.77,47.13,51.41,53.08,54.3,46.9,54.13,55.42,44.98,47.03,46.83,45.74,46.65,43.58,48.68,48.13
2019-01-07 22:05:00,28.01,32.96,36.25,36.48,50.13,53.54,51.85,54.59,39.09,51.93,52.33,42.12,55.91,46.08,30.37,44.95,36.12,42.81,47.15,51.43,53.1,54.32,46.92,54.15,55.45,45.01,47.06,46.85,45.76,46.67,43.59,48.71,48.15
2019-01-07 22:10:00,28.03,32.97,36.26,36.51,50.15,53.56,51.88,54.61,39.09,51.96,52.35,42.13,55.93,46.1,30.4,44.98,36.15,42.83,47.17,51.44,53.12,54.34,46.95,54.18,55.47,45.03,47.09,46.87,45.78,46.69,43.6,48.73,48.16
2019-01-07 22:15:00,28.04,32.98,36.27,36.54,50.16,53.57,51.91,54.64,39.09,51.98,52.37,42.14,55.95,46.13,30.43,45.0,36.17,42.86,47.18,51.45,53.13,54.36,46.97,54.2,55.5,45.05,47.11,46.89,45.79,46.71,43.61,48.75,48.18
2019-01-07 22:20:00,28.05,33.0,36.29,36.56,50.18,53.58,51.92,54.66,39.09,52.0,52.39,42.16,55.96,46.15,30.45,45.02,36.19,42.88,47.19,51.45,53.14,54.37,46.99,54.21,55.52,45.07,47.13,46.91,45.81,46.73,43.62,48.76,48.19
2019-01-07 22:25:00,28.06,33.01,36.3,36.57,50.18,53.59,51.94,54.67,39.09,52.01,52.4,42.16,55.97,46.16,30.47,45.04,36.21,42.89,47.2,51.46,53.15,54.38,47.01,54.23,55.53,45.08,47.14,46.92,45.82,46.74,43.62,48.77,48.2
2019-01-07 22:30:00,28.07,33.02,36.31,36.59,50.19,53.6,51.95,54.68,39.09,52.03,52.41,42.17,55.98,46.18,30.48,45.05,36.22,42.91,47.21,51.47,53.16,54.39,47.02,54.24,55.55,45.09,47.15,46.93,45.82,46.75,43.63,48.78,48.21
2019-01-07 22:35:00,28.09,33.03,36.32,36.6,50.2,53.61,51.96,54.69,39.09,52.04,52.42,42.18,55.99,46.19,30.49,45.06,36.23,42.92,47.21,51.47,53.17,54.4,47.03,54.24,55.56,45.1,47.16,46.94,45.83,46.75,43.63,48.79,48.21
2019-01-07 22:40:00,28.1,33.04,36.33,36.61,50.2,53.62,51.97,54.7,39.09,52.05,52.42,42.18,56.0,46.2,30.5,45.07,36.24,42.93,47.22,51.47,53.17,54.41,47.04,54.25,55.57,45.11,47.17,46.95,45.84,46.76,43.63,48.8,48.22
2019-01-07 22:45:00,28.11,33.05,36.34,36.62,50.21,53.62,51.98,54.72,39.09,52.06,52.43,42.19,56.01,46.21,30.52,45.08,36.26,42.94,47.23,51.48,53.18,54.42,47.05,54.26,55.58,45.12,47.18,46.96,45.84,46.77,43.64,48.81,48.23
2019-01-07 22:50:00,28.12,33.06,36.35,36.64,50.22,53.63,52.0,54.73,39.09,52.07,52.45,42.2,56.02,46.22,30.53,45.1,36.27,42.96,47.24,51.49,53.19,54.43,47.06,54.28,55.59,45.13,47.2,46.97,45.85,46.78,43.64,48.82,48.23
2019-01-07 22:55:00,28.13,33.08,36.36,36.66,50.23,53.65,52.02,54.75,39.09,52.09,52.46,42.2,56.03,46.24,30.55,45.11,36.29,42.97,47.25,51.49,53.2,54.44,47.08,54.29,55.61,45.14,47.21,46.98,45.86,46.8,43.65,48.83,48.24
2019-01-07 23:00:00,28.15,33.09,36.38,36.68,50.24,53.66,52.04,54.77,39.09,52.11,52.48,42.22,56.05,46.26,30.58,45.13,36.32,43.0,47.26,51.5,53.22,54.46,47.1,54.31,55.63,45.16,47.23,47.0,45.88,46.81,43.65,48.85,48.26
2019-01-07 23:05:00,28.16,33.1,36.39,36.7,50.25,53.68,52.06,54.79,39.09,52.13,52.5,42.23,56.06,46.29,30.6,45.16,36.34,43.02,47.27,51.51,53.23,54.47,47.12,54.33,55.66,45.18,47.25,47.02,45.89,46.83,43.66,48.87,48.27
2019-01-07 23:10:00,28.17,33.12,36.4,36.73,50.27,53.69,52.08,54.81,39.09,52.16,52.52,42.24,56.08,46.31,30.63,45.18,36.37,43.04,47.29,51.52,53.25,54.49,47.14,54.35,55.68,45.2,47.27,47.03,45.91,46.85,43.67,48.88,48.28
2019-01-07 23:15:00,28.19,33.13,36.41,36.75,50.28,53.71,52.11,54.84,39.09,52.18,52.53,42.25,56.09,46.33,30.65,45.2,36.39,43.07,47.3,51.53,53.26,54.51,47.16,54.37,55.7,45.22,47.29,47.05,45.92,46.86,43.68,48.9,48.3
2019-01-07 23:20:00,28.2,33.14,36.43,36.78,50.29,53.72,52.13,54.86,39.09,52.2,52.55,42.26,56.11,46.35,30.68,45.22,36.41,43.09,47.31,51.54,53.27,54.52,47.18,54.38,55.72,45.23,47.31,47.07,45.93,46.88,43.68,48.92,48.31
2019-01-07 23:25:00,28.21,33.16,36.44,36.8,50.3,53.73,52.15,54.88,39.09,52.22,52.57,42.27,56.12,46.37,30.7,45.24,36.43,43.11,47.32,51.55,53.29,54.54,47.2,54.4,55.74,45.25,47.33,47.08,45.94,46.89,43.69,48.93,48.32
2019-01-07 23:30:00,28.23,33.17,36.45,36.82,50.31,53.74,52.16,54.89,39.09,52.24,52.58,42.28,56.14,46.39,30.72,45.26,36.45,43.13,47.33,51.55,53.3,54.55,47.22,54.41,55.76,45.27,47.35,47.1,45.96,46.91,43.7,48.95,48.33
2019-01-07 23:35:00,28.24,33.18,36.47,36.84,50.33,53.76,52.18,54.91,39.09,52.25,52.6,42.29,56.15,46.41,30.74,45.28,36.47,43.15,47.34,51.56,53.31,54.57,47.24,54.43,55.78,45.28,47.36,47.11,45.97,46.92,43.7,48.96,48.34
2019-01-07 23:40:00,28.25,33.2,36.48,36.86,50.34,53.77,52.2,54.93,39.09,52.27,52.61,42.3,56.16,46.43,30.76,45.3,36.49,43.17,47.36,51.57,53.32,54.58,47.26,54.45,55.8,45.3,47.38,47.13,45.98,46.93,43.71,48.97,48.35
2019-01-07 23:45:00,28.27,33.21,36.49,36.88,50.35,53.78,52.22,54.95,39.09,52.29,52.63,42.31,56.18,46.45,30.78,45.32,36.51,43.19,47.37,51.58,53.34,54.6,47.28,54.47,55.82,45.31,47.4,47.14,45.99,46.95,43.71,48.99,48.36
2019-01-07 23:50:00,28.28,33.22,36.51,36.9,50.36,53.8,52.25,54.98,39.09,52.32,52.65,42.33,56.2,46.48,30.81,45.34,36.54,43.21,47.38,51.59,53.35,54.62,47.3,54.49,55.84,45.33,47.42,47.16,46.01,46.97,43.72,49.01,48.38
2019-01-07 23:55:00,28.3,33.24,36.52,36.93,50.38,53.82,52.27,55.0,39.09,52.34,52.67,42.34,56.22,46.5,30.84,45.36,36.57,43.24,47.4,51.6,53.37,54.64,47.32,54.51,55.87,45.36,47.45,47.18,46.02,46.98,43.73,49.03,48.39
2019-01-08 00:00:00,28.31,33.25,36.53,36.96,50.39,53.84,52.3,55.03,39.09,52.37,52.69,42.35,56.24,46.53,30.87,45.39,36.6,43.27,47.41,51.61,53.39,54.66,47.35,54.53,55.9,45.38,47.47,47.2,46.04,47.0,43.74,49.05,48.41
2019-01-08 00:05:00,28.33,33.27,36.55,36.99,50.41,53.86,52.33,55.06,39.09,52.4,52.71,42.37,56.26,46.56,30.9,45.42,36.63,43.29,47.43,51.62,53.4,54.68,47.37,54.55,55.92,45.4,47.49,47.22,46.05,47.02,43.75,49.07,48.42
2019-01-08 00:10:00,28.34,33.28,36.56,37.02,50.43,53.87,52.36,55.08,39.09,52.43,52.73,42.38,56.28,46.59,30.93,45.44,36.66,43.32,47.45,51.63,53.42,54.7,47.4,54.58,55.95,45.42,47.52,47.24,46.07,47.04,43.76,49.09,48.44
2019-01-08 00:15:00,28.35,33.3,36.58,37.05,50.44,53.89,52.38,55.11,39.09,52.45,52.75,42.39,56.3,46.61,30.96,45.47,36.68,43.35,47.46,51.64,53.44,54.72,47.43,54.6,55.98,45.45,47.54,47.26,46.09,47.06,43.76,49.11,48.45
2019-01-08 00:20:00,28.37,33.31,36.59,37.08,50.46,53.91,52.41,55.14,39.1,52.48,52.77,42.41,56.32,46.64,30.99,45.5,36.71,43.38,47.48,51.65,53.46,54.74,47.45,54.62,56.01,45.47,47.57,47.28,46.1,47.08,43.77,49.13,48.47
2019-01-08 00:25:00,28.38,33.33,36.6,37.11,50.47,53.93,52.43,55.16,39.1,52.5,52.79,42.42,56.33,46.67,31.02,45.52,36.74,43.4,47.49,51.67,53.47,54.76,47.47,54.64,56.03,45.49,47.59,47.3,46.12,47.1,43.78,49.14,48.48
2019-01-08 00:30:00,28.4,33.34,36.62,37.13,50.49,53.94,52.46,55.18,39.1,52.53,52.81,42.43,56.35,46.69,31.04,45.55,36.77,43.43,47.51,51.68,53.49,54.78,47.5,54.67,56.06,45.51,47.61,47.32,46.13,47.12,43.79,49.16,48.49
2019-01-08 00:35:00,28.41,33.36,36.63,37.16,50.5,53.96,52.48,55.21,39.1,52.55,52.83,42.44,56.37,46.72,31.07,45.57,36.79,43.45,47.52,51.69,53.5,54.8,47.52,54.69,56.08,45.53,47.63,47.34,46.14,47.13,43.79,49.18,48.51
2019-01-08 00:40:00,28.43,33.37,36.65,37.18,50.51,53.98,52.51,55.23,39.1,52.58,52.85,42.46,56.39,46.74,31.1,45.59,36.82,43.48,47.53,51.7,53.52,54.82,47.54,54.71,56.1,45.55,47.65,47.36,46.16,47.15,43.8,49.2,48.52
2019-01-08 00:45:00,28.45,33.39,36.66,37.21,50.53,53.99,52.53,55.26,39.1,52.6,52.86,42.47,56.4,46.76,31.12,45.61,36.84,43.5,47.55,51.7,53.53,54.84,47.57,54.73,56.13,45.57,47.67,47.37,46.17,47.17,43.81,49.21,48.53
2019-01-08 00:50:00,28.46,33.4,36.68,37.23,50.54,54.01,52.55,55.28,39.1,52.62,52.88,42.48,56.42,46.79,31.15,45.64,36.87,43.53,47.56,51.71,53.55,54.85,47.59,54.75,56.15,45.58,47.69,47.39,46.18,47.18,43.82,49.23,48.54
2019-01-08 00:55:00,28.48,33.42,36.69,37.26,50.55,54.03,52.58,55.3,39.1,52.65,52.9,42.49,56.44,46.81,31.17,45.66,36.89,43.55,47.58,51.72,53.56,54.87,47.61,54.77,56.17,45.6,47.71,47.41,46.2,47.2,43.82,49.25,48.56
2019-01-08 01:00:00,28.49,33.43,36.71,37.28,50.57,54.04,52.6,55.32,39.1,52.67,52.91,42.5,56.45,46.83,31.2,45.68,36.91,43.57,47.59,51.73,53.58,54.89,47.63,54.78,56.2,45.62,47.73,47.42,46.21,47.21,43.83,49.26,48.57
2019-01-08 01:05:00,28.51,33.45,36.72,37.3,50.58,54.05,52.62,55.34,39.1,52.69,52.93,42.51,56.47,46.85,31.22,45.7,36.94,43.59,47.6,51.74,53.59,54.9,47.65,54.8,56.22,45.64,47.75,47.44,46.22,47.23,43.84,49.28,48.58
2019-01-08 01:10:00,28.52,33.46,36.74,37.32,50.59,54.07,52.64,55.36,39.1,52.71,52.94,42.52,56.48,46.87,31.24,45.72,36.96,43.61,47.61,51.75,53.6,54.92,47.67,54.82,56.24,45.65,47.77,47.45,46.23,47.24,43.84,49.29,48.59
2019-01-08 01:15:00,28.54,33.48,36.75,37.34,50.6,54.08,52.65,55.38,39.1,52.73,52.96,42.53,56.49,46.89,31.26,45.74,36.98,43.63,47.62,51.76,53.62,54.93,47.68,54.83,56.25,45.67,47.78,47.46,46.24,47.25,43.85,49.3,48.6
2019-01-08 01:20:00,28.55,33.49,36.77,37.36,50.61,54.09,52.67,55.4,39.1,52.74,52.97,42.54,56.51,46.91,31.28,45.75,36.99,43.65,47.63,51.76,53.63,54.95,47.7,54.85,56.27,45.68,47.8,47.48,46.25,47.26,43.85,49.31,48.61
2019-01-08 01:25:00,28.57,33.51,36.78,37.38,50.62,54.1,52.69,55.41,39.1,52.76,52.98,42.55,56.52,46.93,31.3,45.77,37.01,43.67,47.64,51.77,53.64,54.96,47.72,54.86,56.29,45.7,47.81,47.49,46.26,47.27,43.86,49.33,48.62
2019-01-08 01:30:00,28.58,33.52,36.8,37.4,50.63,54.11,52.71,55.43,39.1,52.78,53.0,42.55,56.53,46.94,31.32,45.79,37.03,43.68,47.65,51.78,53.65,54.97,47.73,54.88,56.31,45.71,47.83,47.5,46.27,47.29,43.86,49.34,48.62
2019-01-08 01:35:00,28.6,33.54,36.81,37.42,50.64,54.13,52.72,55.45,39.1,52.79,53.01,42.56,56.54,46.96,31.33,45.8,37.05,43.7,47.66,51.78,53.66,54.99,47.75,54.89,56.32,45.72,47.84,47.51,46.28,47.3,43.87,49.35,48.63
2019-01-08 01:40:00,28.61,33.56,36.83,37.44,50.65,54.14,52.74,55.46,39.1,52.81,53.02,42.57,56.56,46.98,31.35,45.82,37.07,43.72,47.67,51.79,53.67,55.0,47.76,54.9,56.34,45.74,47.86,47.53,46.29,47.31,43.87,49.36,48.64
2019-01-08 01:45:00,28.63,33.57,36.84,37.45,50.66,54.15,52.76,55.48,39.1,52.83,53.03,42.58,56.57,46.99,31.37,45.83,37.08,43.74,47.68,51.8,53.68,55.01,47.78,54.92,56.36,45.75,47.87,47.54,46.3,47.32,43.88,49.37,48.65
2019-01-08 01:50:00,28.65,33.59,36.86,37.47,50.67,54.16,52.77,55.49,39.1,52.84,53.04,42.58,56.58,47.01,31.39,45.85,37.1,43.75,47.69,51.8,53.69,55.02,47.79,54.93,56.37,45.76,47.88,47.55,46.3,47.33,43.88,49.38,48.66
2019-01-08 01:55:00,28.66,33.6,36.87,37.48,50.67,54.17,52.78,55.51,39.1,52.85,53.05,42.59,56.59,47.02,31.4,45.86,37.11,43.76,47.7,51.81,53.7,55.03,47.8,54.94,56.38,45.77,47.89,47.56,46.31,47.34,43.88,49.39,48.66
2019-01-08 02:00:00,28.68,33.62,36.89,37.5,50.68,54.17,52.8,55.52,39.1,52.87,53.06,42.6,56.6,47.03,31.41,45.87,37.13,43.78,47.7,51.81,53.7,55.04,47.82,54.95,56.4,45.78,47.9,47.57,46.32,47.34,43.89,49.4,48.67
2019-01-08 02:05:00,28.69,33.63,36.9,37.51,50.69,54.18,52.81,55.53,39.1,52.88,53.07,42.6,56.6,47.04,31.43,45.88,37.14,43.79,47.71,51.82,53.71,55.05,47.83,54.96,56.41,45.79,47.91,47.57,46.32,47.35,43.89,49.41,48.68
2019-01-08 02:10:00,28.71,33.65,36.92,37.52,50.69,54.19,52.81,55.54,39.1,52.89,53.07,42.61,56.61,47.05,31.44,45.89,37.15,43.8,47.71,51.82,53.72,55.06,47.83,54.97,56.42,45.8,47.92,47.58,46.33,47.36,43.89,49.41,48.68
2019-01-08 02:15:00,28.72,33.66,36.93,37.53,50.7,54.19,52.82,55.55,39.1,52.89,53.08,42.61,56.62,47.06,31.45,45.9,37.16,43.81,47.72,51.83,53.72,55.06,47.84,54.98,56.43,45.8,47.93,47.59,46.33,47.36,43.9,49.42,48.68
2019-01-08 02:20:00,28.74,33.68,36.95,37.53,50.7,54.2,52.83,55.56,39.1,52.9,53.09,42.61,56.62,47.07,31.45,45.91,37.17,43.81,47.72,51.83,53.73,55.07,47.85,54.98,56.43,45.81,47.94,47.59,46.34,47.37,43.9,49.42,48.69
2019-01-08 02:25:00,28.75,33.69,36.97,37.54,50.7,54.2,52.84,55.56,39.1,52.91,53.09,42.62,56.63,47.08,31.46,45.92,37.17,43.82,47.73,51.83,53.73,55.07,47.86,54.99,56.44,45.82,47.94,47.6,46.34,47.37,43.9,49.43,48.69
2019-01-08 02:30:00,28.77,33.71,36.98,37.55,50.71,54.21,52.85,55.57,39.1,52.92,53.1,42.62,56.63,47.09,31.47,45.92,37.18,43.83,47.73,51.83,53.74,55.08,47.86,54.99,56.45,45.82,47.95,47.6,46.35,47.38,43.9,49.43,48.7
2019-01-08 02:35:00,28.78,33.73,37.0,37.56,50.71,54.21,52.85,55.58,39.1,52.92,53.1,42.62,56.64,47.09,31.48,45.93,37.19,43.84,47.74,51.84,53.74,55.09,47.87,55.0,56.46,45.83,47.95,47.61,46.35,47.38,43.9,49.44,48.7
2019-01-08 02:40:00,28.8,33.74,37.01,37.57,50.72,54.22,52.86,55.59,39.1,52.93,53.11,42.63,56.64,47.1,31.49,45.94,37.2,43.85,47.74,51.84,53.75,55.09,47.88,55.01,56.46,45.83,47.96,47.61,46.35,47.39,43.91,49.44,48.7
2019-01-08 02:45:00,28.82,33.76,37.03,37.58,50.72,54.22,52.87,55.59,39.1,52.94,53.11,42.63,56.65,47.11,31.5,45.95,37.21,43.85,47.75,51.84,53.75,55.1,47.89,55.01,56.47,45.84,47.97,47.62,46.36,47.39,43.91,49.45,48.71
2019-01-08 02:50:00,28.83,33.77,37.04,37.58,50.73,54.23,52.88,55.6,39.1,52.95,53.12,42.63,56.66,47.12,31.51,45.95,37.21,43.86,47.75,51.85,53.76,55.1,47.89,55.02,56.48,45.85,47.97,47.62,46.36,47.4,43.91,49.45,48.71
2019-01-08 02:55:00,28.85,33.79,37.06,37.59,50.73,54.23,52.88,55.61,39.1,52.95,53.12,42.64,56.66,47.12,31.51,45.96,37.22,43.87,47.75,51.85,53.76,55.11,47.9,55.03,56.49,45.85,47.98,47.63,46.37,47.4,43.91,49.46,48.71
2019-01-08 03:00:00,28.86,33.8,37.07,37.6,50.73,54.24,52.89,55.62,39.1,52.96,53.13,42.64,56.66,47.13,31.52,45.97,37.23,43.87,47.76,51.85,53.77,55.11,47.91,55.03,56.49,45.86,47.98,47.63,46.37,47.41,43.91,49.46,48.72
2019-01-08 03:05:00,28.88,33.82,37.09,37.6,50.74,54.24,52.9,55.62,39.1,52.96,53.13,42.64,56.67,47.13,31.53,45.97,37.23,43.88,47.76,51.85,53.77,55.12,47.91,55.04,56.5,45.86,47.99,47.64,46.37,47.41,43.92,49.46,48.72
2019-01-08 03:10:00,28.89,33.83,37.1,37.61,50.74,54.24,52.9,55.63,39.1,52.97,53.13,42.64,56.67,47.14,31.53,45.98,37.24,43.88,47.76,51.86,53.77,55.12,47.91,55.04,56.5,45.86,47.99,47.64,46.37,47.41,43.92,49.47,48.72
2019-01-08 03:15:00,28.91,33.85,37.12,37.61,50.74,54.25,52.9,55.63,39.1,52.97,53.14,42.65,56.67,47.14,31.54,45.98,37.24,43.89,47.77,51.86,53.77,55.12,47.92,55.04,56.51,45.87,48.0,47.64,46.38,47.41,43.92,49.47,48.72
2019-01-08 03:20:00,28.92,33.87,37.14,37.62,50.74,54.25,52.91,55.63,39.1,52.98,53.14,42.65,56.68,47.15,31.54,45.98,37.25,43.89,47.77,51.86,53.78,55.13,47.92,55.05,56.51,45.87,48.0,47.64,46.38,47.42,43.92,49.47,48.73
2019-01-08 03:25:00,28.94,33.88,37.15,37.62,50.75,54.25,52.91,55.64,39.1,52.98,53.14,42.65,56.68,47.15,31.54,45.98,37.25,43.9,47.77,51.86,53.78,55.13,47.92,55.05,56.51,45.87,48.0,47.65,46.38,47.42,43.92,49.47,48.73
2019-01-08 03:30:00,28.96,33.9,37.17,37.62,50.75,54.25,52.91,55.64,39.1,52.98,53.14,42.65,56.68,47.15,31.55,45.99,37.25,43.9,47.77,51.86,53.78,55.13,47.93,55.05,56.52,45.87,48.0,47.65,46.38,47.42,43.92,49.48,48.73
2019-01-08 03:35:00,28.97,33.91,37.18,37.63,50.75,54.25,52.92,55.64,39.1,52.98,53.15,42.65,56.68,47.16,31.55,45.99,37.26,43.9,47.77,51.86,53.78,55.13,47.93,55.05,56.52,45.88,48.01,47.65,46.38,47.42,43.92,49.48,48.73
2019-01-08 03:40:00,28.99,33.93,37.2,37.63,50.75,54.26,52.92,55.64,39.1,52.99,53.15,42.65,56.69,47.16,31.55,45.99,37.26,43.9,47.77,51.86,53.78,55.14,47.93,55.06,56.52,45.88,48.01,47.65,46.38,47.42,43.92,49.48,48.73
2019-01-08 03:45:00,29.0,33.94,37.21,37.63,50.75,54.26,52.92,55.65,39.1,52.99,53.15,42.65,56.69,47.16,31.56,46.0,37.26,43.91,47.78,51.86,53.78,55.14,47.93,55.06,56.52,45.88,48.01,47.65,46.38,47.43,43.92,49.48,48.73
2019-01-08 03:50:00,29.02,33.96,37.23,37.64,50.75,54.26,52.92,55.65,39.1,52.99,53.15,42.66,56.69,47.16,31.56,46.0,37.27,43.91,47.78,51.87,53.79,55.14,47.94,55.06,56.53,45.88,48.01,47.66,46.39,47.43,43.92,49.48,48.73
2019-01-08 03:55:00,29.03,33.97,37.24,37.64,50.76,54.26,52.93,55.65,39.1,53.0,53.15,42.66,56.69,47.17,31.56,46.0,37.27,43.91,47.78,51.87,53.79,55.14,47.94,55.06,56.53,45.89,48.02,47.66,46.39,47.43,43.92,49.49,48.74
2019-01-08 04:00:00,29.05,33.99,37.26,37.64,50.76,54.26,52.93,55.66,39.1,53.0,53.16,42.66,56.69,47.17,31.57,46.0,37.27,43.92,47.78,51.87,53.79,55.14,47.94,55.07,56.53,45.89,48.02,47.66,46.39,47.43,43.92,49.49,48.74
2019-01-08 04:05:00,29.06,34.01,37.27,37.65,50.76,54.27,52.93,55.66,39.1,53.0,53.16,42.66,56.7,47.17,31.57,46.01,37.28,43.92,47.78,51.87,53.79,55.15,47.95,55.07,56.54,45.89,48.02,47.66,46.39,47.43,43.93,49.49,48.74
2019-01-08 04:10:00,29.08,34.02,37.29,37.65,50.76,54.27,52.93,55.66,39.1,53.0,53.16,42.66,56.7,47.17,31.57,46.01,37.28,43.92,47.78,51.87,53.79,55.15,47.95,55.07,56.54,45.89,48.02,47.66,46.39,47.43,43.93,49.49,48.74
2019-01-08 04:15:00,29.1,34.04,37.31,37.65,50.76,54.27,52.94,55.66,39.1,53.0,53.16,42.66,56.7,47.18,31.57,46.01,37.28,43.92,47.78,51.87,53.79,55.15,47.95,55.07,56.54,45.89,48.02,47.66,46.39,47.43,43.93,49.49,48.74
2019-01-08 04:20:00,29.11,34.05,37.32,37.65,50.76,54.27,52.94,55.66,39.1,53.01,53.16,42.66,56.7,47.18,31.57,46.01,37.28,43.92,47.78,51.87,53.79,55.15,47.95,55.07,56.54,45.89,48.02,47.66,46.39,47.43,43.93,49.49,48.74
2019-01-08 04:25:00,29.13,34.07,37.34,37.65,50.76,54.27,52.94,55.66,39.1,53.01,53.16,42.66,56.7,47.18,31.57,46.01,37.28,43.92,47.78,51.87,53.79,55.15,47.95,55.07,56.54,45.89,48.02,47.66,46.39,47.43,43.93,49.49,48.74
2019-01-08 04:30:00,29.14,34.08,37.35,37.65,50.76,54.27,52.94,55.66,39.1,53.0,53.16,42.66,56.7,47.18,31.57,46.01,37.28,43.92,47.78,51.87,53.79,55.15,47.95,55.07,56.54,45.89,48.02,47.66,46.39,47.43,43.93,49.49,48.74
2019-01-08 04:35:00,29.16,34.1,37.37,37.65,50.76,54.27,52.93,55.66,39.1,53.0,53.16,42.66,56.7,47.17,31.57,46.01,37.28,43.92,47.78,51.87,53.79,55.15,47.95,55.07,56.54,45.89,48.02,47.66,46.39,47.43,43.93,49.49,48.74
2019-01-08 04:40:00,29.17,34.11,37.38,37.65,50.76,54.27,52.93,55.66,39.1,53.0,53.16,42.66,56.7,47.17,31.57,46.01,37.28,43.92,47.78,51.87,53.79,55.15,47.95,55.07,56.54,45.89,48.02,47.66,46.39,47.43,43.93,49.49,48.74
2019-01-08 04:45:00,29.19,34.13,37.4,37.64,50.76,54.27,52.93,55.66,39.1,53.0,53.16,42.66,56.69,47.17,31.57,46.01,37.27,43.92,47.78,51.87,53.79,55.15,47.94,55.07,56.53,45.89,48.02,47.66,46.39,47.43,43.92,49.49,48.74
2019-01-08 04:50:00,29.2,34.14,37.41,37.64,50.76,54.26,52.93,55.65,39.1,53.0,53.15,42.66,56.69,47.17,31.56,46.0,37.27,43.91,47.78,51.87,53.79,55.14,47.94,55.06,56.53,45.89,48.02,47.66,46.39,47.43,43.92,49.49,48.74
2019-01-08 04:55:00,29.22,34.16,37.43,37.64,50.75,54.26,52.93,55.65,39.1,52.99,53.15,42.66,56.69,47.17,31.56,46.0,37.27,43.91,47.78,51.87,53.79,55.14,47.94,55.06,56.53,45.88,48.01,47.66,46.39,47.43,43.92,49.48,48.73
2019-01-08 05:00:00,29.23,34.17,37.44,37.63,50.75,54.26,52.92,55.65,39.1,52.99,53.15,42.65,56.69,47.16,31.55,45.99,37.26,43.91,47.77,51.86,53.78,55.14,47.93,55.06,56.52,45.88,48.01,47.65,46.38,47.42,43.92,49.48,48.73
2019-01-08 05:05:00,29.25,34.19,37.46,37.62,50.75,54.25,52.91,55.64,39.1,52.98,53.14,42.65,56.68,47.15,31.55,45.99,37.25,43.9,47.77,51.86,53.78,55.13,47.93,55.05,56.52,45.88,48.0,47.65,46.38,47.42,43.92,49.48,48.73
2019-01-08 05:10:00,29.26,34.2,37.47,37.62,50.74,54.25,52.91,55.63,39.1,52.98,53.14,42.65,56.68,47.15,31.54,45.98,37.25,43.89,47.77,51.86,53.78,55.13,47.92,55.05,56.51,45.87,48.0,47.64,46.38,47.42,43.92,49.47,48.72
2019-01-08 05:15:00,29.28,34.22,37.49,37.61,50.74,54.24,52.9,55.62,39.1,52.97,53.13,42.64,56.67,47.14,31.53,45.97,37.24,43.88,47.76,51.85,53.77,55.12,47.91,55.04,56.5,45.86,47.99,47.64,46.37,47.41,43.92,49.46,48.72
2019-01-08 05:20:00,29.29,34.23,37.5,37.59,50.73,54.23,52.88,55.61,39.1,52.96,53.12,42.64,56.66,47.12,31.51,45.96,37.22,43.87,47.75,51.85,53.76,55.11,47.9,55.03,56.49,45.85,47.98,47.63,46.36,47.4,43.91,49.46,48.71
2019-01-08 05:25:00,29.3,34.24,37.51,37.58,50.72,54.23,52.87,55.6,39.1,52.94,53.11,42.63,56.65,47.11,31.5,45.95,37.21,43.85,47.75,51.84,53.75,55.1,47.89,55.02,56.47,45.84,47.97,47.62,46.36,47.39,43.91,49.45,48.71
2019-01-08 05:30:00,29.32,34.26,37.53,37.56,50.71,54.22,52.85,55.58,39.1,52.93,53.1,42.62,56.64,47.09,31.48,45.93,37.19,43.84,47.74,51.84,53.74,55.09,47.87,55.0,56.46,45.83,47.95,47.6,46.35,47.38,43.9,49.43,48.7
2019-01-08 05:35:00,29.33,34.27,37.54,37.54,50.7,54.2,52.83,55.56,39.1,52.91,53.08,42.61,56.62,47.07,31.45,45.91,37.17,43.81,47.73,51.83,53.73,55.07,47.85,54.99,56.43,45.81,47.93,47.59,46.34,47.37,43.9,49.42,48.69
2019-01-08 05:40:00,29.33,34.28,37.55,38.11,50.84,54.35,53.16,55.88,39.1,53.21,53.23,42.71,56.82,47.42,31.94,46.26,37.63,44.17,47.86,51.94,53.88,55.26,48.16,55.21,56.76,46.04,48.15,47.75,46.44,47.49,43.95,49.55,48.78
2019-01-08 05:45:00,29.33,34.27,37.54,38.09,50.82,54.34,53.14,55.86,39.1,53.18,53.21,42.7,56.8,47.4,31.92,46.24,37.61,44.15,47.84,51.93,53.87,55.24,48.14,55.19,56.74,46.03,48.13,47.73,46.43,47.48,43.94,49.53,48.77
2019-01-08 05:50:00,29.32,34.26,37.53,38.06,50.81,54.32,53.11,55.83,39.1,53.16,53.19,42.68,56.79,47.37,31.89,46.21,37.59,44.12,47.83,51.92,53.85,55.22,48.12,55.17,56.71,46.0,48.11,47.71,46.41,47.46,43.93,49.51,48.75
2019-01-08 05:55:00,29.31,34.25,37.52,38.03,50.79,54.3,53.08,55.8,39.1,53.13,53.17,42.66,56.76,47.34,31.85,46.18,37.55,44.09,47.81,51.9,53.83,55.2,48.09,55.14,56.68,45.98,48.08,47.69,46.39,47.43,43.92,49.49,48.74
2019-01-08 06:00:00,29.29,34.24,37.51,37.99,50.77,54.27,53.04,55.76,39.1,53.09,53.13,42.64,56.73,47.3,31.81,46.15,37.52,44.05,47.79,51.89,53.81,55.17,48.05,55.11,56.64,45.95,48.05,47.66,46.37,47.4,43.91,49.46,48.71
2019-01-08 06:05:00,29.28,34.22,37.5,37.94,50.74,54.24,53.0,55.72,39.1,53.05,53.1,42.62,56.7,47.26,31.77,46.11,37.47,44.01,47.76,51.87,53.78,55.13,48.01,55.07,56.6,45.91,48.01,47.62,46.34,47.37,43.9,49.42,48.69
2019-01-08 06:10:00,29.26,34.21,37.49,37.9,50.71,54.21,52.95,55.67,39.1,53.01,53.06,42.6,56.67,47.21,31.72,46.06,37.43,43.96,47.73,51.85,53.75,55.1,47.97,55.04,56.55,45.87,47.97,47.59,46.31,47.34,43.88,49.39,48.66
2019-01-08 06:15:00,29.25,34.19,37.47,37.85,50.69,54.18,52.91,55.62,39.1,52.96,53.02,42.57,56.63,47.16,31.67,46.02,37.38,43.92,47.71,51.83,53.72,55.06,47.92,55.0,56.51,45.83,47.92,47.55,46.28,47.3,43.87,49.35,48.63
2019-01-08 06:20:00,29.23,34.18,37.46,37.8,50.66,54.15,52.86,55.58,39.1,52.91,52.98,42.54,56.6,47.12,31.62,45.97,37.33,43.87,47.68,51.81,53.69,55.03,47.88,54.96,56.46,45.8,47.88,47.51,46.25,47.26,43.85,49.31,48.6
2019-01-08 06:25:00,29.22,34.16,37.45,37.75,50.63,54.12,52.81,55.53,39.1,52.87,52.94,42.52,56.57,47.07,31.57,45.93,37.28,43.82,47.65,51.79,53.66,54.99,47.84,54.92,56.41,45.76,47.83,47.47,46.22,47.23,43.83,49.27,48.58
2019-01-08 06:30:00,29.2,34.15,37.43,37.71,50.6,54.09,52.77,55.49,39.1,52.83,52.91,42.49,56.53,47.03,31.52,45.89,37.24,43.78,47.62,51.77,53.63,54.96,47.8,54.88,56.37,45.72,47.79,47.44,46.19,47.19,43.82,49.24,48.55
2019-01-08 06:35:00,29.19,34.13,37.42,37.67,50.58,54.06,52.73,55.45,39.1,52.79,52.87,42.47,56.5,46.99,31.48,45.85,37.2,43.74,47.6,51.76,53.6,54.93,47.76,54.85,56.33,45.69,47.76,47.41,46.17,47.16,43.81,49.21,48.53
2019-01-08 06:40:00,29.17,34.12,37.4,37.63,50.56,54.03,52.69,55.41,39.1,52.75,52.84,42.45,56.48,46.95,31.44,45.82,37.16,43.7,47.58,51.74,53.58,54.9,47.72,54.81,56.29,45.66,47.72,47.38,46.14,47.13,43.79,49.18,48.5
2019-01-08 06:45:00,29.16,34.1,37.39,37.6,50.54,54.01,52.66,55.38,39.1,52.71,52.81,42.43,56.45,46.91,31.4,45.78,37.12,43.67,47.55,51.73,53.55,54.87,47.69,54.78,56.25,45.63,47.69,47.35,46.12,47.11,43.78,49.15,48.48
2019-01-08 06:50:00,29.14,34.09,37.38,37.56,50.52,53.98,52.62,55.34,39.1,52.68,52.78,42.41,56.42,46.88,31.36,45.75,37.09,43.63,47.53,51.71,53.53,54.84,47.66,54.75,56.22,45.6,47.66,47.32,46.1,47.08,43.77,49.12,48.46
2019-01-08 06:55:00,29.13,34.07,37.36,37.52,50.49,53.95,52.59,55.3,39.1,52.64,52.75,42.39,56.4,46.84,31.32,45.71,37.05,43.59,47.51,51.69,53.51,54.81,47.62,54.72,56.18,45.57,47.62,47.29,46.07,47.05,43.76,49.09,48.44
2019-01-08 07:00:00,29.11,34.06,37.35,37.48,50.47,53.93,52.55,55.26,39.1,52.6,52.72,42.37,56.37,46.8,31.28,45.67,37.01,43.55,47.48,51.68,53.48,54.78,47.58,54.69,56.14,45.53,47.59,47.25,46.05,47.02,43.74,49.06,48.41
2019-01-08 07:05:00,29.09,34.04,37.33,37.44,50.44,53.9,52.5,55.22,39.1,52.56,52.68,42.35,56.33,46.76,31.23,45.63,36.97,43.51,47.46,51.66,53.45,54.75,47.54,54.65,56.1,45.5,47.55,47.22,46.02,46.99,43.73,49.02,48.39
2019-01-08 07:10:00,29.08,34.02,37.32,37.39,50.42,53.87,52.46,55.18,39.1,52.52,52.65,42.32,56.3,46.71,31.18,45.59,36.92,43.47,47.43,51.64,53.42,54.71,47.5,54.61,56.06,45.46,47.51,47.19,45.99,46.95,43.71,48.99,48.36
2019-01-08 07:15:00,29.06,34.01,37.3,37.35,50.39,53.84,52.42,55.13,39.1,52.47,52.61,42.3,56.27,46.67,31.14,45.55,36.88,43.42,47.4,51.62,53.39,54.68,47.46,54.58,56.01,45.43,47.47,47.15,45.96,46.92,43.7,48.96,48.33
2019-01-08 07:20:00,29.04,33.99,37.29,37.31,50.37,53.81,52.38,55.09,39.09,52.43,52.58,42.27,56.24,46.63,31.09,45.51,36.84,43.38,47.38,51.61,53.37,54.65,47.43,54.54,55.97,45.39,47.43,47.12,45.94,46.89,43.68,48.92,48.31
2019-01-08 07:25:00,29.03,33.98,37.27,37.27,50.34,53.78,52.34,55.06,39.09,52.4,52.55,42.26,56.21,46.59,31.06,45.48,36.8,43.35,47.36,51.59,53.34,54.62,47.39,54.51,55.94,45.36,47.4,47.09,45.91,46.86,43.67,48.89,48.29
2019-01-08 07:30:00,29.01,33.96,37.26,37.24,50.33,53.76,52.31,55.03,39.09,52.36,52.52,42.24,56.19,46.56,31.02,45.45,36.77,43.31,47.34,51.58,53.32,54.59,47.36,54.48,55.91,45.34,47.37,47.06,45.89,46.84,43.66,48.87,48.27
2019-01-08 07:35:00,29.0,33.95,37.25,37.22,50.31,53.74,52.29,55.0,39.09,52.34,52.5,42.23,56.17,46.54,31.0,45.43,36.75,43.29,47.32,51.57,53.3,54.57,47.34,54.46,55.88,45.32,47.34,47.05,45.88,46.82,43.65,48.85,48.26
2019-01-08 07:40:00,28.98,33.94,37.23,37.2,50.3,53.73,52.27,54.98,39.09,52.32,52.48,42.22,56.16,46.52,30.98,45.41,36.73,43.27,47.31,51.56,53.29,54.55,47.32,54.44,55.86,45.3,47.33,47.03,45.87,46.8,43.65,48.84,48.24
2019-01-08 07:45:00,28.97,33.92,37.22,37.18,50.29,53.71,52.26,54.97,39.09,52.3,52.47,42.21,56.15,46.51,30.96,45.4,36.71,43.26,47.3,51.55,53.28,54.54,47.31,54.43,55.85,45.29,47.31,47.02,45.86,46.79,43.64,48.83,48.24
2019-01-08 07:50:00,28.96,33.91,37.21,37.17,50.28,53.71,52.24,54.96,39.09,52.29,52.47,42.2,56.14,46.49,30.95,45.38,36.7,43.25,47.29,51.55,53.27,54.53,47.3,54.42,55.84,45.28,47.31,47.01,45.85,46.79,43.64,48.82,48.23
2019-01-08 07:55:00,28.95,33.9,37.2,37.16,50.28,53.7,52.24,54.95,39.09,52.28,52.46,42.2,56.13,46.49,30.94,45.38,36.69,43.24,47.29,51.54,53.27,54.52,47.29,54.41,55.83,45.27,47.3,47.0,45.85,46.78,43.64,48.81,48.23
2019-01-08 08:00:00,28.94,33.89,37.19,37.16,50.27,53.69,52.23,54.94,39.09,52.27,52.45,42.19,56.12,46.48,30.93,45.37,36.68,43.23,47.28,51.54,53.26,54.52,47.28,54.4,55.82,45.27,47.29,47.0,45.84,46.77,43.63,48.8,48.22
2019-01-08 08:05:00,28.93,33.88,37.18,37.15,50.26,53.68,52.22,54.93,39.09,52.26,52.45,42.19,56.12,46.47,30.92,45.36,36.68,43.22,47.28,51.54,53.25,54.51,47.27,54.4,55.81,45.26,47.28,46.99,45.84,46.77,43.63,48.8,48.22
2019-01-08 08:10:00,28.92,33.87,37.17,37.14,50.26,53.68,52.21,54.92,39.09,52.25,52.44,42.19,56.11,46.46,30.92,45.35,36.67,43.21,47.27,51.53,53.25,54.5,47.27,54.39,55.8,45.25,47.27,46.99,45.83,46.76,43.63,48.79,48.21
2019-01-08 08:15:00,28.91,33.86,37.16,37.13,50.25,53.67,52.2,54.92,39.09,52.24,52.43,42.18,56.1,46.45,30.91,45.34,36.66,43.2,47.26,51.53,53.24,54.49,47.26,54.38,55.79,45.25,47.27,46.98,45.83,46.75,43.63,48.79,48.21
2019-01-08 08:20:00,28.9,33.85,37.14,37.12,50.25,53.66,52.19,54.91,39.09,52.23,52.42,42.18,56.1,46.44,30.9,45.33,36.65,43.19,47.26,51.52,53.23,54.48,47.25,54.37,55.78,45.24,47.26,46.97,45.82,46.75,43.62,48.78,48.2
2019-01-08 08:25:00,28.88,33.83,37.13,37.11,50.24,53.65,52.18,54.9,39.09,52.22,52.42,42.17,56.09,46.43,30.89,45.33,36.64,43.18,47.25,51.52,53.23,54.48,47.24,54.36,55.77,45.23,47.25,46.96,45.82,46.74,43.62,48.77,48.2
2019-01-08 08:30:00,28.87,33.82,37.12,37.1,50.23,53.65,52.17,54.89,39.09,52.21,52.41,42.17,56.08,46.42,30.88,45.32,36.63,43.17,47.24,51.51,53.22,54.47,47.23,54.35,55.76,45.22,47.24,46.96,45.81,46.74,43.62,48.77,48.19
2019-01-08 08:35:00,28.86,33.81,37.11,37.09,50.23,53.64,52.16,54.88,39.09,52.2,52.4,42.16,56.07,46.41,30.87,45.31,36.62,43.16,47.24,51.51,53.21,54.46,47.22,54.35,55.76,45.22,47.23,46.95,45.81,46.73,43.61,48.76,48.19
2019-01-08 08:40:00,28.85,33.8,37.1,37.08,50.22,53.63,52.16,54.87,39.09,52.19,52.4,42.16,56.07,46.41,30.86,45.3,36.61,43.16,47.23,51.51,53.21,54.45,47.22,54.34,55.75,45.21,47.23,46.95,45.8,46.72,43.61,48.75,48.18
2019-01-08 08:45:00,28.84,33.79,37.09,37.08,50.22,53.63,52.15,54.86,39.09,52.18,52.39,42.15,56.06,46.4,30.85,45.29,36.61,43.15,47.23,51.5,53.2,54.45,47.21,54.33,55.74,45.2,47.22,46.94,45.8,46.72,43.61,48.75,48.18
2019-01-08 08:50:00,28.83,33.78,37.08,37.07,50.21,53.62,52.14,54.86,39.09,52.18,52.39,42.15,56.06,46.39,30.85,45.29,36.6,43.14,47.22,51.5,53.2,54.44,47.2,54.33,55.73,45.2,47.21,46.93,45.79,46.71,43.61,48.74,48.17
2019-01-08 08:55:00,28.82,33.77,37.07,37.06,50.21,53.62,52.14,54.85,39.09,52.17,52.38,42.15,56.05,46.39,30.84,45.28,36.59,43.14,47.22,51.5,53.19,54.43,47.2,54.32,55.73,45.19,47.21,46.93,45.79,46.71,43.61,48.74,48.17
2019-01-08 09:00:00,28.81,33.76,37.06,37.06,50.21,53.61,52.13,54.85,39.09,52.17,52.38,42.15,56.05,46.38,30.83,45.28,36.59,43.13,47.22,51.5,53.19,54.43,47.19,54.32,55.72,45.19,47.2,46.93,45.79,46.71,43.6,48.74,48.17
2019-01-08 09:05:00,28.8,33.75,37.04,37.06,50.2,53.61,52.13,54.84,39.09,52.16,52.37,42.14,56.05,46.38,30.83,45.27,36.58,43.13,47.21,51.49,53.19,54.43,47.19,54.31,55.72,45.19,47.2,46.92,45.78,46.7,43.6,48.73,48.17
2019-01-08 09:10:00,28.78,33.73,37.03,37.05,50.2,53.61,52.12,54.84,39.09,52.16,52.37,42.14,56.04,46.37,30.83,45.27,36.58,43.12,47.21,51.49,53.18,54.42,47.19,54.31,55.72,45.18,47.2,46.92,45.78,46.7,43.6,48.73,48.16
2019-01-08 09:15:00,28.77,33.72,37.02,37.05,50.2,53.6,52.12,54.84,39.09,52.15,52.37,42.14,56.04,46.37,30.82,45.27,36.58,43.12,47.21,51.49,53.18,54.42,47.18,54.31,55.71,45.18,47.19,46.92,45.78,46.7,43.6,48.73,48.16
2019-01-08 09:20:00,28.76,33.71,37.01,37.04,50.2,53.6,52.12,54.83,39.09,52.15,52.37,42.14,56.04,46.37,30.82,45.26,36.57,43.12,47.21,51.49,53.18,54.42,47.18,54.3,55.71,45.18,47.19,46.92,45.78,46.7,43.6,48.72,48.16
2019-01-08 09:25:00,28.75,33.7,37.0,37.04,50.19,53.6,52.11,54.83,39.09,52.14,52.36,42.14,56.03,46.36,30.81,45.26,36.57,43.11,47.2,51.49,53.18,54.41,47.17,54.3,55.7,45.17,47.19,46.91,45.78,46.69,43.6,48.72,48.16
2019-01-08 09:30:00,28.74,33.69,36.99,37.04,50.19,53.59,52.11,54.82,39.09,52.14,52.36,42.13,56.03,46.36,30.81,45.26,36.57,43.11,47.2,51.49,53.17,54.41,47.17,54.29,55.7,45.17,47.18,46.91,45.77,46.69,43.6,48.72,48.16
2019-01-08 09:35:00,28.73,33.68,36.98,37.03,50.19,53.59,52.11,54.82,39.09,52.14,52.36,42.13,56.03,46.35,30.81,45.25,36.56,43.11,47.2,51.48,53.17,54.41,47.17,54.29,55.7,45.17,47.18,46.91,45.77,46.69,43.6,48.72,48.15
2019-01-08 09:40:00,28.72,33.67,36.97,37.03,50.19,53.59,52.1,54.82,39.09,52.13,52.35,42.13,56.02,46.35,30.8,45.25,36.56,43.1,47.2,51.48,53.17,54.4,47.16,54.29,55.69,45.16,47.18,46.9,45.77,46.68,43.6,48.71,48.15
2019-01-08 09:45:00,28.71,33.66,36.95,37.03,50.18,53.59,52.1,54.81,39.09,52.13,52.35,42.13,56.02,46.35,30.8,45.25,36.56,43.1,47.19,51.48,53.17,54.4,47.16,54.29,55.69,45.16,47.17,46.9,45.77,46.68,43.59,48.71,48.15
2019-01-08 09:50:00,28.69,33.64,36.94,37.02,50.18,53.58,52.1,54.81,39.09,52.13,52.35,42.13,56.02,46.35,30.8,45.25,36.55,43.1,47.19,51.48,53.16,54.4,47.16,54.28,55.69,45.16,47.17,46.9,45.77,46.68,43.59,48.71,48.15
2019-01-08 09:55:00,28.68,33.63,36.93,37.02,50.18,53.58,52.1,54.81,39.09,52.13,52.35,42.13,56.02,46.35,30.8,45.25,36.55,43.1,47.19,51.48,53.16,54.4,47.16,54.28,55.69,45.16,47.17,46.9,45.77,46.68,43.59,48.71,48.15
2019-01-08 10:00:00,28.67,33.62,36.92,37.03,50.18,53.58,52.1,54.81,39.09,52.13,52.35,42.13,56.02,46.35,30.8,45.25,36.56,43.1,47.19,51.48,53.17,54.4,47.16,54.29,55.69,45.16,47.18,46.9,45.77,46.68,43.59,48.71,48.15
2019-01-08 10:05:00,28.66,33.61,36.91,37.03,50.19,53.59,52.1,54.82,39.09,52.13,52.36,42.13,56.03,46.35,30.8,45.25,36.56,43.1,47.2,51.48,53.17,54.4,47.16,54.29,55.69,45.17,47.18,46.91,45.77,46.69,43.6,48.71,48.15
2019-01-08 10:10:00,28.65,33.6,36.9,37.03,50.19,53.59,52.11,54.82,39.09,52.13,52.36,42.13,56.03,46.35,30.81,45.25,36.56,43.11,47.2,51.48,53.17,54.4,47.17,54.29,55.7,45.17,47.18,46.91,45.77,46.69,43.6,48.72,48.15
2019-01-08 10:15:00,28.64,33.59,36.89,37.04,50.19,53.59,52.11,54.82,39.09,52.14,52.36,42.14,56.03,46.36,30.81,45.26,36.56,43.11,47.2,51.49,53.17,54.41,47.17,54.29,55.7,45.17,47.18,46.91,45.77,46.69,43.6,48.72,48.16
2019-01-08 10:20:00,28.63,33.58,36.88,37.04,50.19,53.59,52.11,54.83,39.09,52.14,52.36,42.14,56.03,46.36,30.81,45.26,36.57,43.11,47.2,51.49,53.17,54.41,47.17,54.29,55.7,45.17,47.19,46.91,45.78,46.69,43.6,48.72,48.16
2019-01-08 10:25:00,28.62,33.57,36.87,37.04,50.19,53.59,52.11,54.83,39.09,52.14,52.36,42.14,56.03,46.36,30.82,45.26,36.57,43.11,47.2,51.49,53.17,54.41,47.17,54.3,55.7,45.17,47.19,46.91,45.78,46.69,43.6,48.72,48.16
2019-01-08 10:30:00,28.61,33.56,36.86,37.04,50.19,53.59,52.11,54.83,39.09,52.14,52.36,42.14,56.03,46.36,30.82,45.26,36.57,43.11,47.2,51.49,53.17,54.41,47.17,54.29,55.7,45.17,47.19,46.91,45.78,46.69,43.6,48.72,48.16
2019-01-08 10:35:00,28.6,33.55,36.85,37.04,50.19,53.59,52.11,54.83,39.09,52.14,52.36,42.14,56.03,46.36,30.81,45.26,36.57,43.11,47.2,51.49,53.17,54.41,47.17,54.29,55.7,45.17,47.19,46.91,45.78,46.69,43.6,48.72,48.16
2019-01-08 10:40:00,28.59,33.54,36.84,37.04,50.19,53.59,52.11,54.82,39.09,52.14,52.36,42.14,56.03,46.36,30.81,45.26,36.57,43.11,47.2,51.49,53.17,54.41,47.17,54.29,55.7,45.17,47.19,46.91,45.78,46.69,43.6,48.72,48.16
2019-01-08 10:45:00,28.58,33.53,36.83,37.04,50.19,53.59,52.11,54.82,39.09,52.14,52.36,42.14,56.03,46.36,30.81,45.26,36.57,43.11,47.2,51.48,53.17,54.4,47.17,54.29,55.7,45.17,47.19,46.91,45.78,46.69,43.6,48.72,48.16
2019-01-08 10:50:00,28.57,33.52,36.82,37.04,50.19,53.59,52.11,54.82,39.08,52.13,52.36,42.14,56.03,46.36,30.81,45.26,36.57,43.11,47.2,51.48,53.17,54.4,47.17,54.29,55.7,45.17,47.19,46.91,45.78,46.69,43.6,48.72,48.16
2019-01-08 10:55:00,28.56,33.51,36.81,37.04,50.19,53.59,52.11,54.82,39.08,52.13,52.36,42.14,56.03,46.36,30.81,45.26,36.57,43.11,47.2,51.48,53.17,54.4,47.17,54.29,55.7,45.17,47.19,46.91,45.78,46.69,43.6,48.72,48.16
2019-01-08 11:00:00,28.55,33.5,36.8,37.04,50.19,53.59,52.11,54.82,39.08,52.14,52.36,42.14,56.03,46.36,30.81,45.26,36.57,43.11,47.2,51.49,53.17,54.41,47.17,54.29,55.7,45.17,47.19,46.91,45.78,46.69,43.6,48.72,48.16
2019-01-08 11:05:00,28.54,33.49,36.79,37.04,50.19,53.59,52.11,54.83,39.08,52.14,52.37,42.14,56.03,46.36,30.82,45.26,36.57,43.11,47.2,51.49,53.17,54.41,47.17,54.29,55.7,45.17,47.19,46.92,45.78,46.7,43.6,48.72,48.16
2019-01-08 11:10:00,28.53,33.48,36.78,37.04,50.19,53.59,52.11,54.83,39.08,52.14,52.37,42.14,56.03,46.36,30.82,45.26,36.57,43.11,47.2,51.49,53.17,54.41,47.18,54.3,55.7,45.18,47.19,46.92,45.78,46.7,43.6,48.73,48.16
2019-01-08 11:15:00,28.52,33.47,36.77,37.04,50.19,53.59,52.12,54.83,39.08,52.14,52.37,42.14,56.03,46.36,30.82,45.26,36.57,43.12,47.2,51.49,53.17,54.41,47.18,54.3,55.71,45.18,47.19,46.92,45.78,46.7,43.6,48.73,48.16
2019-01-08 11:20:00,28.51,33.46,36.76,37.04,50.19,53.59,52.12,54.83,39.08,52.14,52.37,42.14,56.03,46.37,30.82,45.27,36.57,43.12,47.2,51.49,53.17,54.41,47.18,54.3,55.71,45.18,47.19,46.92,45.78,46.7,43.6,48.73,48.16
2019-01-08 11:25:00,28.5,33.45,36.74,37.05,50.19,53.59,52.12,54.83,39.08,52.14,52.37,42.14,56.04,46.37,30.82,45.27,36.57,43.12,47.2,51.49,53.18,54.41,47.18,54.3,55.71,45.18,47.19,46.92,45.78,46.7,43.6,48.73,48.16
2019-01-08 11:30:00,28.49,33.44,36.73,37.05,50.19,53.59,52.12,54.83,39.08,52.14,52.37,42.14,56.04,46.37,30.82,45.27,36.58,43.12,47.2,51.49,53.18,54.41,47.18,54.3,55.71,45.18,47.2,46.92,45.78,46.7,43.6,48.73,48.16
2019-01-08 11:35:00,28.48,33.43,36.72,37.05,50.19,53.59,52.12,54.83,39.08,52.14,52.37,42.14,56.04,46.37,30.82,45.27,36.58,43.12,47.2,51.49,53.18,54.41,47.18,54.3,55.71,45.18,47.2,46.92,45.78,46.7,43.6,48.73,48.16
2019-01-08 11:40:00,28.47,33.42,36.71,37.05,50.19,53.59,52.12,54.83,39.08,52.14,52.37,42.14,56.04,46.37,30.82,45.27,36.58,43.12,47.2,51.49,53.18,54.41,47.18,54.3,55.71,45.18,47.2,46.92,45.78,46.7,43.6,48.73,48.16
2019-01-08 11:45:00,28.46,33.41,36.7,37.05,50.19,53.59,52.12,54.83,39.08,52.14,52.37,42.14,56.04,46.37,30.83,45.27,36.58,43.12,47.21,51.49,53.18,54.41,47.18,54.3,55.71,45.18,47.2,46.92,45.78,46.7,43.6,48.73,48.17
2019-01-08 11:50:00,28.45,33.4,36.69,37.05,50.2,53.6,52.12,54.84,39.08,52.15,52.38,42.15,56.04,46.37,30.83,45.27,36.58,43.12,47.21,51.49,53.18,54.41,47.18,54.3,55.71,45.18,47.2,46.93,45.79,46.71,43.6,48.73,48.17
2019-01-08 11:55:00,28.44,33.39,36.68,37.05,50.2,53.6,52.13,54.84,39.08,52.15,52.38,42.15,56.04,46.37,30.83,45.27,36.58,43.13,47.21,51.49,53.18,54.42,47.19,54.3,55.72,45.19,47.2,46.93,45.79,46.71,43.61,48.74,48.17
2019-01-08 12:00:00,28.43,33.38,36.67,37.06,50.2,53.6,52.13,54.84,39.08,52.15,52.38,42.15,56.04,46.38,30.84,45.28,36.59,43.13,47.21,51.49,53.18,54.42,47.19,54.31,55.72,45.19,47.21,46.93,45.79,46.71,43.61,48.74,48.17
2019-01-08 12:05:00,28.42,33.37,36.66,37.06,50.2,53.6,52.13,54.85,39.08,52.16,52.39,42.15,56.05,46.38,30.84,45.28,36.59,43.13,47.21,51.5,53.19,54.42,47.19,54.31,55.72,45.19,47.21,46.93,45.79,46.71,43.61,48.74,48.17
2019-01-08 12:10:00,28.41,33.36,36.65,37.07,50.21,53.61,52.14,54.85,39.08,52.16,52.39,42.15,56.05,46.39,30.85,45.29,36.6,43.14,47.22,51.5,53.19,54.43,47.2,54.32,55.73,45.2,47.21,46.94,45.8,46.72,43.61,48.75,48.18
2019-01-08 12:15:00,28.4,33.35,36.64,37.07,50.21,53.61,52.14,54.86,39.08,52.17,52.39,42.16,56.05,46.39,30.85,45.29,36.6,43.14,47.22,51.5,53.19,54.43,47.2,54.32,55.73,45.2,47.22,46.94,45.8,46.72,43.61,48.75,48.18
2019-01-08 12:20:00,28.39,33.34,36.63,37.08,50.21,53.61,52.15,54.86,39.08,52.17,52.4,42.16,56.06,46.4,30.85,45.29,36.6,43.15,47.22,51.5,53.19,54.43,47.21,54.32,55.74,45.2,47.22,46.94,45.8,46.72,43.61,48.75,48.18
2019-01-08 12:25:00,28.38,33.33,36.62,37.08,50.21,53.62,52.15,54.86,39.08,52.17,52.4,42.16,56.06,46.4,30.86,45.3,36.61,43.15,47.22,51.5,53.2,54.44,47.21,54.33,55.74,45.21,47.23,46.95,45.8,46.73,43.61,48.76,48.18
2019-01-08 12:30:00,28.37,33.32,36.61,37.08,50.21,53.62,52.15,54.87,39.08,52.18,52.4,42.16,56.06,46.4,30.86,45.3,36.61,43.15,47.23,51.5,53.2,54.44,47.21,54.33,55.74,45.21,47.23,46.95,45.81,46.73,43.61,48.76,48.19
2019-01-08 12:35:00,28.36,33.31,36.6,37.08,50.22,53.62,52.16,54.87,39.08,52.18,52.4,42.16,56.06,46.4,30.86,45.3,36.61,43.16,47.23,51.5,53.2,54.44,47.21,54.33,55.75,45.21,47.23,46.95,45.81,46.73,43.62,48.76,48.19
2019-01-08 12:40:00,28.35,33.29,36.59,37.09,50.22,53.62,52.16,54.87,39.09,52.18,52.41,42.16,56.06,46.41,30.87,45.3,36.61,43.16,47.23,51.51,53.2,54.44,47.22,54.33,55.75,45.21,47.23,46.95,45.81,46.73,43.62,48.76,48.19
2019-01-08 12:45:00,28.34,33.28,36.58,37.09,50.22,53.62,52.16,54.87,39.09,52.18,52.41,42.17,56.07,46.41,30.87,45.31,36.62,43.16,47.23,51.51,53.2,54.44,47.22,54.33,55.75,45.21,47.23,46.95,45.81,46.73,43.62,48.76,48.19
2019-01-08 12:50:00,28.33,33.27,36.57,37.09,50.22,53.62,52.16,54.87,39.09,52.18,52.41,42.17,56.07,46.41,30.87,45.31,36.62,43.16,47.23,51.51,53.2,54.44,47.22,54.34,55.75,45.21,47.23,46.96,45.81,46.73,43.62,48.76,48.19
2019-01-08 12:55:00,28.32,33.26,36.56,37.09,50.22,53.62,52.16,54.88,39.09,52.19,52.41,42.17,56.07,46.41,30.87,45.31,36.62,43.16,47.23,51.51,53.2,54.45,47.22,54.34,55.75,45.22,47.24,46.96,45.81,46.74,43.62,48.77,48.19
2019-01-08 13:00:00,28.31,33.25,36.55,37.09,50.22,53.63,52.16,54.88,39.09,52.19,52.41,42.17,56.07,46.41,30.87,45.31,36.62,43.16,47.23,51.51,53.21,54.45,47.22,54.34,55.75,45.22,47.24,46.96,45.81,46.74,43.62,48.77,48.19
2019-01-08 13:05:00,28.3,33.24,36.54,37.09,50.22,53.63,52.17,54.88,39.09,52.19,52.41,42.17,56.07,46.41,30.87,45.31,36.62,43.17,47.23,51.51,53.21,54.45,47.22,54.34,55.76,45.22,47.24,46.96,45.81,46.74,43.62,48.77,48.19
2019-01-08 13:10:00,28.29,33.23,36.53,37.1,50.22,53.63,52.17,54.88,39.09,52.19,52.42,42.17,56.07,46.42,30.88,45.31,36.63,43.17,47.24,51.51,53.21,54.45,47.23,54.34,55.76,45.22,47.24,46.96,45.82,46.74,43.62,48.77,48.2
2019-01-08 13:15:00,28.28,33.22,36.52,37.1,50.23,53.63,52.17,54.89,39.09,52.2,52.42,42.17,56.08,46.42,30.88,45.32,36.63,43.17,47.24,51.51,53.21,54.45,47.23,54.35,55.76,45.22,47.25,46.97,45.82,46.74,43.62,48.77,48.2
2019-01-08 13:20:00,28.27,33.21,36.51,37.11,50.23,53.63,52.18,54.89,39.09,52.2,52.42,42.18,56.08,46.43,30.89,45.32,36.63,43.18,47.24,51.51,53.21,54.46,47.23,54.35,55.77,45.23,47.25,46.97,45.82,46.75,43.62,48.78,48.2
2019-01-08 13:25:00,28.26,33.2,36.5,37.11,50.23,53.64,52.18,54.9,39.09,52.21,52.43,42.18,56.08,46.43,30.89,45.33,36.64,43.18,47.24,51.52,53.22,54.46,47.24,54.35,55.77,45.23,47.25,46.97,45.82,46.75,43.62,48.78,48.2
2019-01-08 13:30:00,28.25,33.2,36.49,37.12,50.24,53.64,52.19,54.9,39.09,52.21,52.43,42.18,56.09,46.44,30.9,45.33,36.65,43.19,47.25,51.52,53.22,54.47,47.24,54.36,55.78,45.24,47.26,46.98,45.83,46.76,43.63,48.79,48.21
2019-01-08 13:35:00,28.24,33.19,36.48,37.12,50.24,53.65,52.19,54.91,39.09,52.22,52.44,42.18,56.09,46.44,30.9,45.34,36.65,43.19,47.25,51.52,53.23,54.47,47.25,54.36,55.78,45.24,47.27,46.98,45.83,46.76,43.63,48.79,48.21
2019-01-08 13:40:00,28.23,33.18,36.47,37.13,50.24,53.65,52.2,54.91,39.09,52.22,52.44,42.19,56.1,46.45,30.91,45.34,36.66,43.2,47.25,51.52,53.23,54.48,47.26,54.37,55.79,45.25,47.27,46.99,45.84,46.77,43.63,48.8,48.21
2019-01-08 13:45:00,28.22,33.17,36.46,37.13,50.25,53.66,52.21,54.92,39.09,52.23,52.45,42.19,56.1,46.45,30.92,45.35,36.66,43.21,47.26,51.53,53.23,54.48,47.26,54.37,55.8,45.25,47.28,46.99,45.84,46.77,43.63,48.8,48.22
2019-01-08 13:50:00,28.21,33.16,36.45,37.14,50.25,53.66,52.21,54.93,39.09,52.24,52.45,42.19,56.11,46.46,30.92,45.36,36.67,43.21,47.26,51.53,53.24,54.49,47.27,54.38,55.8,45.26,47.28,47.0,45.84,46.77,43.63,48.81,48.22
2019-01-08 13:55:00,28.2,33.15,36.44,37.15,50.25,53.66,52.22,54.93,39.09,52.24,52.46,42.2,56.11,46.47,30.93,45.36,36.68,43.22,47.27,51.53,53.24,54.49,47.27,54.38,55.81,45.26,47.29,47.0,45.85,46.78,43.64,48.81,48.23
2019-01-08 14:00:00,28.19,33.14,36.43,37.15,50.26,53.67,52.22,54.94,39.09,52.25,52.46,42.2,56.11,46.47,30.94,45.37,36.68,43.22,47.27,51.53,53.25,54.49,47.28,54.39,55.81,45.27,47.29,47.01,45.85,46.78,43.64,48.82,48.23
2019-01-08 14:05:00,28.18,33.13,36.42,37.16,50.26,53.67,52.23,54.94,39.09,52.25,52.47,42.21,56.12,46.48,30.94,45.37,36.69,43.23,47.27,51.54,53.25,54.5,47.28,54.39,55.82,45.27,47.3,47.01,45.86,46.79,43.64,48.82,48.23
2019-01-08 14:10:00,28.17,33.12,36.42,37.16,50.26,53.68,52.23,54.95,39.09,52.26,52.47,42.21,56.12,46.48,30.95,45.38,36.69,43.24,47.28,51.54,53.25,54.5,47.29,54.4,55.83,45.28,47.3,47.02,45.86,46.79,43.64,48.83,48.24
2019-01-08 14:15:00,28.17,33.11,36.41,37.17,50.27,53.68,52.24,54.95,39.09,52.26,52.48,42.21,56.13,46.49,30.96,45.38,36.7,43.24,47.28,51.54,53.26,54.51,47.3,54.4,55.83,45.28,47.31,47.02,45.86,46.8,43.65,48.83,48.24
2019-01-08 14:20:00,28.16,33.1,36.4,37.18,50.27,53.68,52.25,54.96,39.09,52.27,52.48,42.22,56.13,46.5,30.96,45.39,36.71,43.25,47.28,51.54,53.26,54.51,47.3,54.41,55.84,45.29,47.32,47.03,45.87,46.8,43.65,48.84,48.24
2019-01-08 14:25:00,28.15,33.1,36.39,37.18,50.28,53.69,52.25,54.97,39.09,52.28,52.49,42.22,56.14,46.5,30.97,45.4,36.71,43.26,47.29,51.55,53.27,54.52,47.31,54.42,55.84,45.29,47.32,47.03,45.87,46.81,43.65,48.84,48.25
2019-01-08 14:30:00,28.14,33.09,36.38,37.19,50.28,53.69,52.26,54.97,39.09,52.28,52.5,42.22,56.14,46.51,30.98,45.4,36.72,43.26,47.29,51.55,53.27,54.52,47.32,54.42,55.85,45.3,47.33,47.04,45.88,46.82,43.65,48.85,48.25
2019-01-08 14:35:00,28.13,33.08,36.37,37.2,50.29,53.7,52.27,54.98,39.09,52.29,52.5,42.23,56.15,46.52,30.99,45.41,36.73,43.27,47.3,51.55,53.28,54.53,47.32,54.43,55.86,45.31,47.34,47.05,45.88,46.82,43.66,48.86,48.26
2019-01-08 14:40:00,28.12,33.07,36.36,37.21,50.29,53.71,52.28,54.99,39.09,52.3,52.51,42.23,56.16,46.53,31.0,45.42,36.74,43.28,47.3,51.56,53.28,54.54,47.33,54.44,55.87,45.31,47.35,47.05,45.89,46.83,43.66,48.86,48.26
2019-01-08 14:45:00,28.12,33.06,36.36,37.22,50.3,53.71,52.29,55.0,39.09,52.31,52.52,42.24,56.16,46.54,31.01,45.43,36.75,43.29,47.31,51.56,53.29,54.55,47.34,54.45,55.88,45.32,47.36,47.06,45.9,46.84,43.66,48.87,48.27
2019-01-08 14:50:00,28.11,33.06,36.35,37.23,50.3,53.72,52.3,55.01,39.09,52.32,52.53,42.25,56.17,46.55,31.02,45.44,36.76,43.3,47.32,51.57,53.3,54.55,47.35,54.46,55.89,45.33,47.37,47.07,45.9,46.85,43.67,48.88,48.28
2019-01-08 14:55:00,28.1,33.05,36.34,37.25,50.31,53.73,52.31,55.03,39.09,52.34,52.54,42.25,56.18,46.56,31.04,45.45,36.78,43.32,47.32,51.57,53.31,54.56,47.37,54.47,55.91,45.34,47.38,47.08,45.91,46.86,43.67,48.89,48.29
2019-01-08 15:00:00,28.1,33.04,36.33,37.26,50.32,53.74,52.33,55.04,39.09,52.35,52.55,42.26,56.19,46.58,31.05,45.47,36.79,43.33,47.33,51.58,53.32,54.57,47.38,54.48,55.92,45.36,47.39,47.1,45.92,46.87,43.68,48.9,48.29
2019-01-08 15:05:00,28.09,33.03,36.33,37.27,50.33,53.75,52.34,55.05,39.09,52.36,52.57,42.27,56.2,46.59,31.07,45.48,36.8,43.34,47.34,51.58,53.32,54.59,47.39,54.49,55.93,45.37,47.41,47.11,45.93,46.88,43.68,48.91,48.3
2019-01-08 15:10:00,28.08,33.03,36.32,37.29,50.34,53.76,52.36,55.07,39.09,52.38,52.58,42.28,56.21,46.6,31.08,45.49,36.82,43.36,47.35,51.59,53.33,54.6,47.4,54.5,55.95,45.38,47.42,47.12,45.94,46.89,43.69,48.93,48.31
2019-01-08 15:15:00,28.08,33.02,36.31,37.3,50.34,53.77,52.37,55.08,39.09,52.39,52.59,42.28,56.22,46.62,31.09,45.51,36.83,43.37,47.36,51.59,53.34,54.61,47.42,54.51,55.96,45.39,47.43,47.13,45.95,46.9,43.69,48.94,48.32
2019-01-08 15:20:00,28.07,33.01,36.3,37.31,50.35,53.78,52.38,55.09,39.09,52.4,52.6,42.29,56.23,46.63,31.11,45.52,36.84,43.38,47.36,51.6,53.35,54.62,47.43,54.52,55.97,45.4,47.44,47.14,45.96,46.91,43.69,48.95,48.33
2019-01-08 15:25:00,28.06,33.01,36.3,37.32,50.36,53.78,52.39,55.1,39.09,52.41,52.61,42.3,56.24,46.64,31.12,45.53,36.85,43.39,47.37,51.6,53.36,54.62,47.44,54.53,55.98,45.41,47.45,47.15,45.96,46.92,43.7,48.95,48.33
2019-01-08 15:30:00,28.05,33.0,36.29,37.33,50.36,53.79,52.4,55.11,39.09,52.42,52.61,42.3,56.24,46.65,31.13,45.53,36.86,43.4,47.38,51.61,53.36,54.63,47.44,54.54,55.99,45.41,47.46,47.15,45.97,46.92,43.7,48.96,48.34
2019-01-08 15:35:00,28.04,32.99,36.28,37.34,50.37,53.79,52.41,55.12,39.09,52.43,52.62,42.31,56.25,46.65,31.13,45.54,36.87,43.41,47.38,51.61,53.37,54.64,47.45,54.55,56.0,45.42,47.47,47.16,45.97,46.93,43.7,48.97,48.34
2019-01-08 15:40:00,28.04,32.98,36.27,37.34,50.37,53.8,52.41,55.12,39.09,52.43,52.62,42.31,56.25,46.66,31.14,45.55,36.87,43.41,47.38,51.61,53.37,54.64,47.46,54.55,56.0,45.42,47.47,47.16,45.98,46.93,43.7,48.97,48.35
2019-01-08 15:45:00,28.03,32.97,36.26,37.35,50.37,53.8,52.41,55.13,39.09,52.44,52.63,42.31,56.26,46.66,31.15,45.55,36.88,43.42,47.39,51.61,53.37,54.64,47.46,54.55,56.01,45.43,47.47,47.17,45.98,46.94,43.71,48.97,48.35
2019-01-08 15:50:00,28.02,32.96,36.25,37.35,50.38,53.8,52.42,55.13,39.09,52.44,52.63,42.31,56.26,46.67,31.15,45.55,36.88,43.42,47.39,51.62,53.38,54.65,47.46,54.56,56.01,45.43,47.48,47.17,45.98,46.94,43.71,48.98,48.35
2019-01-08 15:55:00,28.01,32.96,36.24,37.35,50.38,53.81,52.42,55.13,39.09,52.44,52.63,42.31,56.26,46.67,31.15,45.56,36.88,43.42,47.39,51.62,53.38,54.65,47.47,54.56,56.01,45.43,47.48,47.17,45.98,46.94,43.71,48.98,48.35
2019-01-08 16:00:00,28.0,32.95,36.24,37.36,50.38,53.81,52.42,55.14,39.09,52.45,52.63,42.31,56.26,46.67,31.15,45.56,36.88,43.43,47.39,51.62,53.38,54.65,47.47,54.56,56.01,45.43,47.48,47.17,45.98,46.94,43.71,48.98,48.35
2019-01-08 16:05:00,27.99,32.94,36.23,37.36,50.38,53.81,52.42,55.14,39.09,52.45,52.63,42.31,56.26,46.67,31.15,45.56,36.88,43.43,47.39,51.62,53.38,54.65,47.47,54.56,56.01,45.43,47.48,47.17,45.98,46.94,43.71,48.98,48.35
2019-01-08 16:10:00,27.98,32.93,36.22,37.36,50.38,53.81,52.42,55.14,39.09,52.45,52.63,42.31,56.26,46.67,31.15,45.56,36.88,43.43,47.39,51.62,53.38,54.65,47.47,54.56,56.01,45.43,47.48,47.17,45.98,46.94,43.71,48.98,48.35
2019-01-08 16:15:00,27.97,32.92,36.21,37.35,50.38,53.81,52.42,55.13,39.09,52.44,52.63,42.31,56.26,46.67,31.15,45.56,36.88,43.42,47.39,51.62,53.38,54.65,47.47,54.56,56.01,45.43,47.48,47.17,45.98,46.94,43.71,48.98,48.35
2019-01-08 16:20:00,27.96,32.91,36.2,37.35,50.38,53.81,52.42,55.13,39.09,52.44,52.63,42.31,56.26,46.67,31.15,45.55,36.88,43.42,47.39,51.62,53.38,54.65,47.46,54.56,56.01,45.43,47.48,47.17,45.98,46.94,43.71,48.98,48.35
2019-01-08 16:25:00,27.96,32.9,36.19,37.35,50.37,53.8,52.42,55.13,39.09,52.44,52.63,42.31,56.26,46.67,31.15,45.55,36.88,43.42,47.39,51.62,53.38,54.65,47.46,54.56,56.01,45.43,47.47,47.17,45.98,46.94,43.71,48.97,48.35
2019-01-08 16:30:00,27.95,32.89,36.18,37.35,50.37,53.8,52.41,55.13,39.09,52.44,52.62,42.31,56.26,46.66,31.14,45.55,36.87,43.42,47.39,51.61,53.37,54.64,47.46,54.55,56.0,45.43,47.47,47.16,45.98,46.93,43.7,48.97,48.35
2019-01-08 16:35:00,27.94,32.88,36.17,37.34,50.37,53.8,52.41,55.12,39.09,52.43,52.62,42.31,56.25,46.66,31.14,45.54,36.87,43.41,47.38,51.61,53.37,54.64,47.45,54.55,56.0,45.42,47.47,47.16,45.97,46.93,43.7,48.97,48.34
2019-01-08 16:40:00,27.93,32.87,36.16,37.34,50.37,53.8,52.41,55.12,39.09,52.43,52.62,42.3,56.25,46.66,31.13,45.54,36.87,43.41,47.38,51.61,53.37,54.64,47.45,54.55,56.0,45.42,47.46,47.16,45.97,46.93,43.7,48.96,48.34
2019-01-08 16:45:00,27.92,32.86,36.15,37.34,50.37,53.8,52.4,55.12,39.09,52.43,52.61,42.3,56.25,46.65,31.13,45.54,36.86,43.41,47.38,51.61,53.37,54.64,47.45,54.54,55.99,45.42,47.46,47.15,45.97,46.93,43.7,48.96,48.34
2019-01-08 16:50:00,27.91,32.85,36.14,37.33,50.37,53.79,52.4,55.11,39.09,52.42,52.61,42.3,56.25,46.65,31.13,45.54,36.86,43.4,47.38,51.61,53.36,54.63,47.45,54.54,55.99,45.41,47.46,47.15,45.97,46.92,43.7,48.96,48.34
2019-01-08 16:55:00,27.9,32.84,36.13,37.33,50.36,53.79,52.4,55.11,39.09,52.42,52.61,42.3,56.24,46.65,31.12,45.53,36.86,43.4,47.38,51.61,53.36,54.63,47.44,54.54,55.99,45.41,47.46,47.15,45.96,46.92,43.7,48.96,48.33
2019-01-08 17:00:00,27.89,32.83,36.12,37.33,50.36,53.79,52.39,55.11,39.09,52.42,52.61,42.3,56.24,46.64,31.12,45.53,36.85,43.4,47.37,51.61,53.36,54.63,47.44,54.54,55.98,45.41,47.45,47.15,45.96,46.92,43.7,48.95,48.33
2019-01-08 17:05:00,27.88,32.82,36.11,37.32,50.36,53.79,52.39,55.1,39.09,52.41,52.6,42.29,56.24,46.64,31.12,45.53,36.85,43.39,47.37,51.6,53.36,54.63,47.44,54.53,55.98,45.41,47.45,47.14,45.96,46.91,43.7,48.95,48.33
2019-01-08 17:10:00,27.87,32.81,36.1,37.32,50.36,53.78,52.38,55.1,39.09,52.41,52.6,42.29,56.24,46.63,31.11,45.52,36.85,43.39,47.37,51.6,53.36,54.62,47.43,54.53,55.98,45.4,47.44,47.14,45.96,46.91,43.69,48.95,48.33
2019-01-08 17:15:00,27.86,32.8,36.09,37.31,50.35,53.78,52.38,55.09,39.09,52.41,52.6,42.29,56.23,46.63,31.11,45.52,36.84,43.38,47.37,51.6,53.35,54.62,47.43,54.53,55.97,45.4,47.44,47.14,45.95,46.91,43.69,48.94,48.33
2019-01-08 17:20:00,27.85,32.79,36.08,37.31,50.35,53.78,52.38,55.09,39.09,52.4,52.59,42.29,56.23,46.63,31.1,45.51,36.84,43.38,47.37,51.6,53.35,54.62,47.42,54.52,55.97,45.4,47.44,47.13,45.95,46.9,43.69,48.94,48.32
2019-01-08 17:25:00,27.84,32.78,36.07,37.31,50.35,53.78,52.37,55.09,39.09,52.4,52.59,42.29,56.23,46.62,31.1,45.51,36.83,43.38,47.36,51.6,53.35,54.61,47.42,54.52,55.96,45.39,47.43,47.13,45.95,46.9,43.69,48.94,48.32
2019-01-08 17:30:00,27.83,32.77,36.06,37.3,50.35,53.77,52.37,55.08,39.09,52.4,52.59,42.28,56.22,46.62,31.09,45.51,36.83,43.37,47.36,51.6,53.35,54.61,47.42,54.52,55.96,45.39,47.43,47.13,45.95,46.9,43.69,48.93,48.32
2019-01-08 17:35:00,27.82,32.76,36.05,37.3,50.35,53.77,52.37,55.08,39.09,52.39,52.58,42.28,56.22,46.62,31.09,45.5,36.83,43.37,47.36,51.59,53.34,54.61,47.41,54.51,55.96,45.39,47.43,47.12,45.94,46.9,43.69,48.93,48.32
2019-01-08 17:40:00,27.81,32.75,36.04,37.3,50.34,53.77,52.36,55.08,39.09,52.39,52.58,42.28,56.22,46.61,31.09,45.5,36.82,43.37,47.36,51.59,53.34,54.61,47.41,54.51,55.96,45.39,47.42,47.12,45.94,46.89,43.69,48.93,48.31
2019-01-08 17:45:00,27.8,32.74,36.03,37.29,50.34,53.77,52.36,55.07,39.09,52.39,52.58,42.28,56.22,46.61,31.09,45.5,36.82,43.36,47.36,51.59,53.34,54.61,47.41,54.51,55.95,45.38,47.42,47.12,45.94,46.89,43.69,48.93,48.31
2019-01-08 17:50:00,27.79,32.73,36.02,37.29,50.34,53.77,52.36,55.07,39.09,52.39,52.58,42.28,56.22,46.61,31.08,45.5,36.82,43.36,47.35,51.59,53.34,54.6,47.41,54.51,55.95,45.38,47.42,47.12,45.94,46.89,43.69,48.92,48.31
2019-01-08 17:55:00,27.78,32.72,36.01,37.29,50.34,53.76,52.36,55.07,39.09,52.38,52.57,42.28,56.21,46.61,31.08,45.49,36.82,43.36,47.35,51.59,53.34,54.6,47.4,54.51,55.95,45.38,47.42,47.11,45.94,46.89,43.68,48.92,48.31
2019-01-08 18:00:00,27.77,32.71,36.0,37.28,50.34,53.76,52.35,55.07,39.09,52.38,52.57,42.27,56.21,46.6,31.08,45.49,36.81,43.36,47.35,51.59,53.33,54.6,47.4,54.5,55.94,45.38,47.41,47.11,45.94,46.88,43.68,48.92,48.31
2019-01-08 18:05:00,27.76,32.7,35.99,37.28,50.34,53.76,52.35,55.06,39.09,52.38,52.57,42.27,56.21,46.6,31.07,45.49,36.81,43.35,47.35,51.59,53.33,54.6,47.4,54.5,55.94,45.37,47.41,47.11,45.93,46.88,43.68,48.92,48.3
2019-01-08 18:10:00,27.74,32.69,35.98,37.28,50.33,53.76,52.35,55.06,39.09,52.37,52.56,42.27,56.21,46.59,31.07,45.48,36.81,43.35,47.35,51.59,53.33,54.59,47.39,54.5,55.94,45.37,47.41,47.11,45.93,46.88,43.68,48.91,48.3
2019-01-08 18:15:00,27.73,32.68,35.97,37.27,50.33,53.75,52.34,55.05,39.09,52.37,52.56,42.27,56.2,46.59,31.06,45.48,36.8,43.34,47.34,51.58,53.33,54.59,47.39,54.49,55.93,45.37,47.4,47.1,45.93,46.88,43.68,48.91,48.3
2019-01-08 18:20:00,27.72,32.67,35.96,37.27,50.33,53.75,52.34,55.05,39.09,52.37,52.56,42.26,56.2,46.59,31.06,45.48,36.8,43.34,47.34,51.58,53.32,54.59,47.39,54.49,55.93,45.36,47.4,47.1,45.92,46.87,43.68,48.91,48.3
2019-01-08 18:25:00,27.71,32.66,35.95,37.26,50.33,53.75,52.33,55.05,39.09,52.36,52.55,42.26,56.2,46.58,31.05,45.47,36.79,43.34,47.34,51.58,53.32,54.58,47.38,54.49,55.92,45.36,47.4,47.1,45.92,46.87,43.68,48.9,48.29
2019-01-08 18:30:00,27.72,32.66,35.96,36.34,50.05,53.44,51.72,54.45,39.09,51.79,52.22,42.05,55.81,45.94,30.22,44.82,35.98,42.67,47.07,51.37,53.01,54.21,46.8,54.04,55.31,44.9,46.94,46.75,45.68,46.58,43.55,48.61,48.08
2019-01-08 18:35:00,27.72,32.67,35.96,36.33,50.05,53.44,51.71,54.45,39.09,51.78,52.22,42.05,55.81,45.93,30.22,44.82,35.97,42.66,47.06,51.37,53.0,54.2,46.79,54.03,55.31,44.89,46.94,46.75,45.68,46.57,43.55,48.6,48.07
2019-01-08 18:40:00,27.73,32.68,35.97,36.33,50.05,53.43,51.71,54.44,39.09,51.78,52.22,42.04,55.8,45.93,30.21,44.81,35.97,42.66,47.06,51.36,53.0,54.2,46.79,54.03,55.3,44.89,46.93,46.74,45.68,46.57,43.55,48.6,48.07
2019-01-08 18:45:00,27.74,32.69,35.98,36.32,50.04,53.43,51.7,54.44,39.09,51.77,52.21,42.04,55.8,45.92,30.2,44.81,35.96,42.65,47.06,51.36,53.0,54.2,46.78,54.02,55.3,44.88,46.93,46.74,45.67,46.57,43.55,48.6,48.07
2019-01-08 18:50:00,27.75,32.69,35.99,36.32,50.04,53.43,51.7,54.44,39.09,51.77,52.21,42.04,55.8,45.92,30.2,44.8,35.96,42.65,47.06,51.36,53.0,54.19,46.78,54.02,55.29,44.88,46.92,46.74,45.67,46.56,43.55,48.59,48.06
2019-01-08 18:55:00,27.75,32.7,35.99,36.31,50.04,53.42,51.7,54.43,39.09,51.77,52.2,42.04,55.79,45.92,30.2,44.8,35.95,42.64,47.05,51.36,52.99,54.19,46.78,54.02,55.29,44.88,46.92,46.73,45.67,46.56,43.54,48.59,48.06
2019-01-08 19:00:00,27.76,32.71,36.0,36.31,50.04,53.42,51.69,54.43,39.09,51.77,52.2,42.04,55.79,45.91,30.19,44.8,35.95,42.64,47.05,51.36,52.99,54.19,46.77,54.02,55.29,44.87,46.92,46.73,45.67,46.56,43.54,48.59,48.06
2019-01-08 19:05:00,27.77,32.72,36.01,36.31,50.04,53.42,51.69,54.43,39.09,51.76,52.2,42.03,55.79,45.91,30.19,44.8,35.95,42.64,47.05,51.36,52.99,54.19,46.77,54.01,55.28,44.87,46.92,46.73,45.67,46.56,43.54,48.59,48.06
2019-01-08 19:10:00,27.78,32.73,36.02,36.31,50.04,53.42,51.69,54.43,39.09,51.76,52.2,42.03,55.79,45.91,30.19,44.8,35.95,42.64,47.05,51.36,52.99,54.19,46.77,54.01,55.28,44.87,46.92,46.73,45.67,46.56,43.54,48.59,48.06
2019-01-08 19:15:00,27.79,32.73,36.03,36.31,50.04,53.42,51.69,54.43,39.09,51.76,52.2,42.03,55.79,45.91,30.19,44.8,35.95,42.64,47.05,51.36,52.99,54.19,46.77,54.01,55.28,44.87,46.92,46.73,45.67,46.56,43.54,48.58,48.06
2019-01-08 19:20:00,27.8,32.74,36.04,36.31,50.04,53.42,51.69,54.43,39.09,51.76,52.2,42.03,55.79,45.91,30.19,44.8,35.95,42.64,47.05,51.36,52.99,54.19,46.77,54.01,55.28,44.87,46.92,46.73,45.67,46.56,43.54,48.58,48.06
2019-01-08 19:25:00,27.8,32.75,36.04,36.31,50.04,53.42,51.69,54.43,39.09,51.76,52.2,42.03,55.79,45.91,30.19,44.8,35.95,42.64,47.05,51.36,52.99,54.19,46.77,54.01,55.28,44.87,46.91,46.73,45.66,46.55,43.54,48.58,48.06
2019-01-08 19:30:00,27.81,32.76,36.05,36.3,50.04,53.42,51.69,54.42,39.09,51.76,52.2,42.03,55.79,45.91,30.19,44.79,35.94,42.64,47.05,51.36,52.99,54.19,46.77,54.01,55.28,44.87,46.91,46.72,45.66,46.55,43.54,48.58,48.06
2019-01-08 19:35:00,27.82,32.77,36.06,36.3,50.03,53.42,51.68,54.42,39.09,51.76,52.19,42.03,55.79,45.9,30.18,44.79,35.94,42.63,47.05,51.35,52.99,54.18,46.76,54.01,55.27,44.87,46.91,46.72,45.66,46.55,43.54,48.58,48.05
2019-01-08 19:40:00,27.83,32.77,36.07,36.3,50.03,53.41,51.68,54.42,39.09,51.75,52.19,42.03,55.78,45.9,30.18,44.78,35.93,42.63,47.05,51.35,52.98,54.18,46.76,54.0,55.27,44.86,46.9,46.72,45.66,46.55,43.54,48.57,48.05
2019-01-08 19:45:00,27.83,32.78,36.08,36.29,50.03,53.41,51.68,54.41,39.09,51.75,52.19,42.02,55.78,45.89,30.17,44.78,35.93,42.62,47.04,51.35,52.98,54.18,46.75,54.0,55.27,44.86,46.9,46.71,45.65,46.54,43.54,48.57,48.05
2019-01-08 19:50:00,27.84,32.79,36.08,36.29,50.03,53.41,51.67,54.41,39.09,51.74,52.18,42.02,55.78,45.89,30.17,44.78,35.93,42.62,47.04,51.35,52.98,54.17,46.75,54.0,55.26,44.86,46.9,46.71,45.65,46.54,43.54,48.57,48.05
2019-01-08 19:55:00,27.85,32.8,36.09,36.29,50.03,53.41,51.67,54.41,39.09,51.74,52.18,42.02,55.78,45.89,30.17,44.78,35.92,42.62,47.04,51.35,52.98,54.17,46.75,54.0,55.26,44.85,46.9,46.71,45.65,46.54,43.53,48.57,48.04
2019-01-08 20:00:00,27.86,32.81,36.1,36.29,50.03,53.41,51.67,54.41,39.09,51.75,52.18,42.02,55.78,45.89,30.17,44.78,35.93,42.62,47.04,51.35,52.98,54.18,46.75,54.0,55.26,44.86,46.9,46.71,45.65,46.54,43.54,48.57,48.05
2019-01-08 20:05:00,27.87,32.81,36.11,36.29,50.03,53.41,51.68,54.41,39.09,51.75,52.19,42.02,55.78,45.9,30.17,44.78,35.93,42.62,47.04,51.35,52.98,54.18,46.76,54.0,55.27,44.86,46.9,46.71,45.65,46.54,43.54,48.57,48.05
2019-01-08 20:10:00,27.87,32.82,36.12,36.3,50.03,53.42,51.68,54.42,39.09,51.75,52.19,42.03,55.78,45.9,30.18,44.79,35.94,42.63,47.05,51.35,52.98,54.18,46.76,54.01,55.27,44.86,46.9,46.72,45.66,46.55,43.54,48.57,48.05
2019-01-08 20:15:00,27.88,32.83,36.13,36.3,50.04,53.42,51.69,54.42,39.09,51.76,52.19,42.03,55.79,45.91,30.18,44.79,35.94,42.63,47.05,51.36,52.99,54.19,46.77,54.01,55.28,44.87,46.91,46.72,45.66,46.55,43.54,48.58,48.05
2019-01-08 20:20:00,27.89,32.84,36.13,36.31,50.04,53.42,51.69,54.43,39.09,51.76,52.2,42.03,55.79,45.91,30.19,44.8,35.95,42.64,47.05,51.36,52.99,54.19,46.77,54.01,55.28,44.87,46.91,46.73,45.66,46.55,43.54,48.58,48.06
2019-01-08 20:25:00,27.9,32.85,36.14,36.31,50.04,53.42,51.69,54.43,39.09,51.77,52.2,42.03,55.79,45.91,30.19,44.8,35.95,42.64,47.05,51.36,52.99,54.19,46.77,54.01,55.28,44.87,46.91,46.73,45.66,46.55,43.54,48.58,48.06
2019-01-08 20:30:00,27.91,32.86,36.15,36.3,50.04,53.42,51.69,54.42,39.09,51.76,52.2,42.03,55.79,45.91,30.19,44.79,35.94,42.64,47.05,51.36,52.99,54.19,46.77,54.01,55.28,44.87,46.91,46.72,45.66,46.55,43.54,48.58,48.05
2019-01-08 20:35:00,27.92,32.86,36.16,36.3,50.03,53.42,51.68,54.42,39.09,51.76,52.19,42.03,55.79,45.9,30.18,44.79,35.94,42.63,47.05,51.35,52.99,54.18,46.76,54.01,55.27,44.86,46.9,46.72,45.66,46.55,43.54,48.57,48.05
2019-01-08 20:40:00,27.92,32.87,36.16,36.29,50.03,53.41,51.67,54.41,39.09,51.75,52.18,42.02,55.78,45.89,30.17,44.78,35.93,42.62,47.04,51.35,52.98,54.18,46.75,54.0,55.26,44.86,46.9,46.71,45.65,46.54,43.53,48.57,48.04
2019-01-08 20:45:00,27.93,32.88,36.17,36.27,50.02,53.4,51.66,54.4,39.09,51.73,52.17,42.01,55.77,45.88,30.15,44.77,35.91,42.61,47.04,51.34,52.97,54.17,46.74,53.99,55.25,44.85,46.88,46.7,45.64,46.53,43.53,48.56,48.04
2019-01-08 20:50:00,27.93,32.88,36.18,36.26,50.01,53.4,51.65,54.39,39.09,51.72,52.16,42.01,55.76,45.87,30.14,44.75,35.9,42.6,47.03,51.34,52.96,54.16,46.73,53.98,55.24,44.84,46.87,46.69,45.64,46.52,43.53,48.55,48.03
2019-01-08 20:55:00,27.94,32.89,36.18,36.25,50.01,53.39,51.64,54.38,39.09,51.71,52.15,42.0,55.75,45.86,30.13,44.75,35.89,42.59,47.02,51.34,52.96,54.15,46.72,53.97,55.23,44.83,46.87,46.68,45.63,46.51,43.52,48.54,48.03
2019-01-08 21:00:00,27.95,32.9,36.19,36.25,50.01,53.39,51.64,54.37,39.09,51.71,52.15,42.0,55.75,45.85,30.12,44.74,35.88,42.58,47.02,51.33,52.95,54.15,46.72,53.97,55.23,44.82,46.86,46.68,45.63,46.51,43.52,48.54,48.02
2019-01-08 21:05:00,27.96,32.9,36.2,36.24,50.01,53.39,51.63,54.37,39.09,51.71,52.15,42.0,55.75,45.85,30.12,44.74,35.88,42.58,47.02,51.33,52.95,54.15,46.71,53.97,55.22,44.82,46.86,46.68,45.63,46.51,43.52,48.54,48.02
2019-01-08 21:10:00,27.96,32.91,36.21,36.25,50.01,53.39,51.64,54.37,39.09,51.71,52.15,42.0,55.75,45.85,30.13,44.74,35.89,42.58,47.02,51.33,52.96,54.15,46.72,53.97,55.23,44.82,46.86,46.68,45.63,46.51,43.52,48.54,48.02
2019-01-08 21:15:00,27.97,32.92,36.22,36.25,50.01,53.39,51.64,54.38,39.09,51.72,52.16,42.0,55.76,45.86,30.13,44.75,35.89,42.59,47.02,51.34,52.96,54.15,46.72,53.97,55.23,44.83,46.87,46.69,45.63,46.51,43.52,48.54,48.03
2019-01-08 21:20:00,27.98,32.93,36.23,36.26,50.02,53.4,51.65,54.39,39.09,51.73,52.16,42.01,55.76,45.87,30.14,44.76,35.9,42.6,47.03,51.34,52.97,54.16,46.73,53.98,55.24,44.84,46.88,46.69,45.64,46.52,43.53,48.55,48.03
2019-01-08 21:25:00,27.99,32.94,36.24,36.28,50.02,53.41,51.66,54.4,39.09,51.74,52.17,42.01,55.77,45.88,30.15,44.77,35.91,42.61,47.04,51.35,52.97,54.17,46.74,53.99,55.25,44.85,46.89,46.7,45.64,46.53,43.53,48.56,48.04
2019-01-08 21:30:00,28.0,32.95,36.24,36.29,50.03,53.41,51.68,54.41,39.09,51.75,52.18,42.02,55.78,45.89,30.17,44.78,35.93,42.62,47.04,51.35,52.98,54.18,46.75,54.0,55.27,44.86,46.9,46.71,45.65,46.54,43.54,48.57,48.04
2019-01-08 21:35:00,28.01,32.96,36.25,36.3,50.04,53.42,51.69,54.42,39.09,51.76,52.19,42.03,55.79,45.91,30.18,44.79,35.94,42.64,47.05,51.36,52.99,54.19,46.77,54.01,55.28,44.87,46.91,46.72,45.66,46.55,43.54,48.58,48.05
2019-01-08 21:40:00,28.02,32.97,36.26,36.32,50.05,53.44,51.71,54.44,39.09,51.78,52.21,42.04,55.8,45.93,30.2,44.81,35.96,42.65,47.06,51.36,53.0,54.2,46.78,54.03,55.3,44.88,46.93,46.74,45.67,46.56,43.55,48.59,48.06
2019-01-08 21:45:00,28.03,32.98,36.28,36.34,50.06,53.45,51.73,54.46,39.09,51.8,52.22,42.05,55.82,45.95,30.23,44.83,35.98,42.67,47.07,51.37,53.01,54.22,46.8,54.04,55.32,44.9,46.94,46.75,45.68,46.58,43.55,48.61,48.07
2019-01-08 21:50:00,28.05,32.99,36.29,36.37,50.07,53.47,51.75,54.48,39.09,51.82,52.24,42.06,55.83,45.97,30.25,44.85,36.01,42.7,47.09,51.38,53.03,54.24,46.82,54.06,55.34,44.92,46.97,46.77,45.7,46.6,43.56,48.63,48.09
2019-01-08 21:55:00,28.06,33.01,36.3,36.4,50.09,53.48,51.78,54.51,39.09,51.85,52.27,42.08,55.85,46.0,30.28,44.88,36.04,42.73,47.1,51.39,53.05,54.26,46.85,54.09,55.37,44.94,46.99,46.79,45.72,46.62,43.57,48.65,48.1
2019-01-08 22:00:00,28.07,33.02,36.31,36.43,50.11,53.5,51.81,54.54,39.09,51.88,52.29,42.09,55.88,46.03,30.31,44.91,36.07,42.76,47.12,51.4,53.07,54.28,46.88,54.11,55.4,44.97,47.02,46.81,45.73,46.64,43.58,48.67,48.12
2019-01-08 22:05:00,28.09,33.03,36.32,36.46,50.12,53.52,51.83,54.57,39.09,51.91,52.31,42.11,55.9,46.06,30.35,44.94,36.1,42.79,47.14,51.42,53.08,54.3,46.91,54.14,55.43,44.99,47.04,46.84,45.75,46.66,43.59,48.69,48.14
2019-01-08 22:10:00,28.1,33.05,36.34,36.49,50.14,53.54,51.86,54.6,39.09,51.94,52.34,42.12,55.92,46.08,30.38,44.96,36.13,42.81,47.15,51.43,53.1,54.32,46.93,54.16,55.45,45.01,47.07,46.86,45.77,46.68,43.6,48.71,48.16
2019-01-08 22:15:00,28.11,33.06,36.35,36.52,50.15,53.56,51.89,54.62,39.09,51.96,52.36,42.14,55.94,46.11,30.41,44.99,36.16,42.84,47.17,51.44,53.12,54.34,46.96,54.18,55.48,45.04,47.09,46.88,45.79,46.7,43.61,48.73,48.17
2019-01-08 22:20:00,28.13,33.07,36.36,36.54,50.17,53.57,51.91,54.64,39.09,51.98,52.37,42.15,55.95,46.13,30.43,45.01,36.18,42.86,47.18,51.45,53.13,54.36,46.98,54.2,55.5,45.05,47.11,46.9,45.8,46.72,43.61,48.75,48.18
2019-01-08 22:25:00,28.14,33.08,36.37,36.56,50.17,53.58,51.92,54.66,39.09,52.0,52.39,42.16,55.96,46.15,30.45,45.02,36.19,42.88,47.19,51.45,53.14,54.37,46.99,54.21,55.52,45.07,47.13,46.91,45.81,46.73,43.62,48.76,48.19
2019-01-08 22:30:00,28.15,33.09,36.38,36.57,50.18,53.59,51.94,54.67,39.09,52.01,52.4,42.16,55.97,46.16,30.46,45.04,36.21,42.89,47.2,51.46,53.15,54.38,47.0,54.22,55.53,45.08,47.14,46.92,45.82,46.74,43.62,48.77,48.2
2019-01-08 22:35:00,28.16,33.1,36.39,36.58,50.19,53.6,51.95,54.68,39.09,52.02,52.41,42.17,55.98,46.17,30.47,45.05,36.22,42.9,47.2,51.46,53.16,54.39,47.01,54.23,55.54,45.08,47.15,46.93,45.82,46.74,43.63,48.78,48.2
2019-01-08 22:40:00,28.17,33.12,36.4,36.59,50.19,53.6,51.96,54.69,39.09,52.03,52.41,42.17,55.98,46.18,30.48,45.05,36.23,42.91,47.21,51.47,53.16,54.39,47.02,54.24,55.55,45.09,47.16,46.93,45.83,46.75,43.63,48.79,48.21
2019-01-08 22:45:00,28.18,33.13,36.41,36.6,50.2,53.61,51.96,54.7,39.09,52.04,52.42,42.18,55.99,46.19,30.5,45.06,36.24,42.92,47.21,51.47,53.17,54.4,47.03,54.24,55.56,45.1,47.17,46.94,45.83,46.76,43.63,48.79,48.22
2019-01-08 22:50:00,28.19,33.14,36.43,36.61,50.2,53.62,51.98,54.71,39.09,52.05,52.43,42.19,56.0,46.2,30.51,45.08,36.25,42.93,47.22,51.48,53.18,54.41,47.04,54.25,55.57,45.11,47.18,46.95,45.84,46.77,43.64,48.8,48.22
2019-01-08 22:55:00,28.21,33.15,36.44,36.63,50.21,53.63,51.99,54.72,39.09,52.06,52.44,42.19,56.01,46.22,30.53,45.09,36.27,42.95,47.23,51.48,53.18,54.42,47.06,54.27,55.59,45.12,47.19,46.96,45.85,46.78,43.64,48.82,48.23
2019-01-08 23:00:00,28.22,33.16,36.45,36.65,50.22,53.64,52.01,54.74,39.09,52.08,52.46,42.2,56.02,46.24,30.55,45.11,36.29,42.97,47.24,51.49,53.2,54.43,47.07,54.28,55.6,45.14,47.21,46.98,45.86,46.79,43.65,48.83,48.24
2019-01-08 23:05:00,28.23,33.18,36.46,36.67,50.24,53.65,52.03,54.76,39.09,52.1,52.48,42.21,56.04,46.26,30.57,45.13,36.31,42.99,47.25,51.5,53.21,54.45,47.09,54.3,55.63,45.16,47.23,47.0,45.88,46.81,43.65,48.85,48.25
2019-01-08 23:10:00,28.25,33.19,36.47,36.7,50.25,53.67,52.05,54.78,39.09,52.12,52.49,42.23,56.06,46.28,30.6,45.15,36.33,43.01,47.27,51.51,53.22,54.47,47.11,54.32,55.65,45.17,47.25,47.01,45.89,46.83,43.66,48.86,48.27
2019-01-08 23:15:00,28.26,33.2,36.49,36.72,50.26,53.68,52.08,54.81,39.09,52.14,52.51,42.24,56.07,46.3,30.62,45.17,36.36,43.04,47.28,51.52,53.24,54.48,47.14,54.34,55.67,45.19,47.27,47.03,45.9,46.84,43.67,48.88,48.28
2019-01-08 23:20:00,28.27,33.22,36.5,36.75,50.27,53.7,52.1,54.83,39.09,52.17,52.53,42.25,56.09,46.32,30.65,45.19,36.38,43.06,47.29,51.53,53.25,54.5,47.16,54.36,55.69,45.21,47.29,47.05,45.92,46.86,43.68,48.9,48.29
2019-01-08 23:25:00,28.29,33.23,36.51,36.77,50.29,53.71,52.12,54.85,39.09,52.19,52.55,42.26,56.1,46.35,30.67,45.22,36.4,43.08,47.3,51.53,53.27,54.52,47.18,54.37,55.71,45.23,47.31,47.06,45.93,46.87,43.68,48.91,48.31
2019-01-08 23:30:00,28.3,33.24,36.53,36.79,50.3,53.72,52.14,54.87,39.09,52.21,52.56,42.27,56.12,46.37,30.69,45.24,36.43,43.1,47.32,51.54,53.28,54.53,47.2,54.39,55.74,45.25,47.33,47.08,45.94,46.89,43.69,48.93,48.32
2019-01-08 23:35:00,28.31,33.26,36.54,36.81,50.31,53.74,52.16,54.89,39.09,52.23,52.58,42.28,56.13,46.39,30.72,45.26,36.45,43.12,47.33,51.55,53.29,54.55,47.22,54.41,55.76,45.26,47.35,47.1,45.96,46.9,43.7,48.95,48.33
2019-01-08 23:40:00,28.33,33.27,36.55,36.84,50.32,53.75,52.18,54.91,39.09,52.25,52.6,42.29,56.15,46.41,30.74,45.28,36.47,43.14,47.34,51.56,53.31,54.56,47.24,54.43,55.78,45.28,47.36,47.11,45.97,46.92,43.7,48.96,48.34
2019-01-08 23:45:00,28.34,33.28,36.57,36.86,50.34,53.77,52.2,54.93,39.09,52.27,52.61,42.31,56.16,46.43,30.76,45.3,36.49,43.17,47.35,51.57,53.32,54.58,47.26,54.45,55.8,45.3,47.38,47.13,45.98,46.94,43.71,48.98,48.35
2019-01-08 23:50:00,28.35,33.3,36.58,36.88,50.35,53.78,52.23,54.95,39.09,52.29,52.63,42.32,56.18,46.45,30.79,45.32,36.52,43.19,47.37,51.58,53.34,54.6,47.28,54.47,55.82,45.32,47.41,47.15,45.99,46.95,43.72,48.99,48.37
2019-01-08 23:55:00,28.37,33.31,36.59,36.91,50.36,53.8,52.25,54.98,39.09,52.32,52.65,42.33,56.2,46.48,30.82,45.34,36.54,43.22,47.38,51.59,53.35,54.62,47.3,54.49,55.85,45.34,47.43,47.17,46.01,46.97,43.72,49.01,48.38
2019-01-09 00:00:00,28.38,33.33,36.61,36.94,50.38,53.82,52.28,55.0,39.09,52.34,52.67,42.34,56.22,46.5,30.84,45.37,36.57,43.24,47.4,51.6,53.37,54.63,47.32,54.51,55.87,45.36,47.45,47.18,46.02,46.99,43.73,49.03,48.39
2019-01-09 00:05:00,28.4,33.34,36.62,36.96,50.39,53.83,52.3,55.03,39.09,52.37,52.69,42.35,56.24,46.53,30.87,45.39,36.6,43.27,47.41,51.61,53.38,54.65,47.35,54.53,55.9,45.38,47.47,47.2,46.04,47.01,43.74,49.05,48.41
2019-01-09 00:10:00,28.41,33.35,36.63,36.99,50.41,53.85,52.33,55.05,39.09,52.39,52.71,42.37,56.25,46.55,30.9,45.42,36.62,43.29,47.43,51.62,53.4,54.67,47.37,54.55,55.92,45.4,47.49,47.22,46.05,47.02,43.75,49.07,48.42
2019-01-09 00:15:00,28.43,33.37,36.65,37.02,50.42,53.87,52.35,55.08,39.09,52.42,52.73,42.38,56.27,46.58,30.93,45.44,36.65,43.32,47.44,51.63,53.42,54.69,47.39,54.57,55.95,45.42,47.52,47.24,46.07,47.04,43.75,49.08,48.43
2019-01-09 00:20:00,28.44,33.38,36.66,37.04,50.43,53.88,52.37,55.1,39.09,52.44,52.75,42.39,56.29,46.6,30.95,45.46,36.68,43.34,47.45,51.64,53.43,54.71,47.42,54.59,55.97,45.44,47.54,47.26,46.08,47.06,43.76,49.1,48.45
2019-01-09 00:25:00,28.46,33.4,36.68,37.07,50.45,53.9,52.4,55.12,39.09,52.46,52.77,42.4,56.31,46.63,30.98,45.49,36.7,43.37,47.47,51.65,53.45,54.73,47.44,54.61,55.99,45.46,47.56,47.28,46.1,47.07,43.77,49.12,48.46
2019-01-09 00:30:00,28.47,33.41,36.69,37.09,50.46,53.92,52.42,55.15,39.09,52.49,52.78,42.42,56.32,46.65,31.01,45.51,36.73,43.39,47.48,51.66,53.46,54.75,47.46,54.63,56.02,45.48,47.58,47.29,46.11,47.09,43.78,49.14,48.47
2019-01-09 00:35:00,28.49,33.43,36.71,37.12,50.48,53.93,52.45,55.17,39.1,52.51,52.8,42.43,56.34,46.68,31.03,45.53,36.75,43.42,47.5,51.67,53.48,54.77,47.49,54.65,56.04,45.5,47.6,47.31,46.12,47.11,43.78,49.16,48.49
2019-01-09 00:40:00,28.5,33.44,36.72,37.15,50.49,53.95,52.47,55.2,39.1,52.54,52.82,42.44,56.36,46.7,31.06,45.56,36.78,43.44,47.51,51.68,53.49,54.79,47.51,54.67,56.07,45.52,47.62,47.33,46.14,47.13,43.79,49.17,48.5
2019-01-09 00:45:00,28.52,33.46,36.73,37.17,50.51,53.97,52.5,55.22,39.1,52.56,52.84,42.45,56.38,46.73,31.09,45.58,36.81,43.47,47.53,51.69,53.51,54.81,47.53,54.7,56.09,45.54,47.65,47.35,46.15,47.14,43.8,49.19,48.51
2019-01-09 00:50:00,28.53,33.47,36.75,37.2,50.52,53.99,52.52,55.25,39.1,52.59,52.86,42.47,56.4,46.75,31.11,45.61,36.83,43.49,47.54,51.7,53.53,54.83,47.56,54.72,56.12,45.56,47.67,47.37,46.17,47.16,43.81,49.21,48.53
2019-01-09 00:55:00,28.55,33.49,36.76,37.23,50.54,54.0,52.55,55.27,39.1,52.61,52.88,42.48,56.41,46.78,31.14,45.63,36.86,43.52,47.56,51.71,53.54,54.85,47.58,54.74,56.14,45.58,47.69,47.39,46.18,47.18,43.81,49.23,48.54
2019-01-09 01:00:00,28.56,33.5,36.78,37.25,50.55,54.02,52.57,55.29,39.1,52.64,52.9,42.49,56.43,46.8,31.17,45.65,36.88,43.54,47.57,51.72,53.56,54.86,47.6,54.76,56.17,45.6,47.71,47.4,46.19,47.19,43.82,49.24,48.55
2019-01-09 01:05:00,28.58,33.52,36.79,37.28,50.56,54.03,52.59,55.32,39.1,52.66,52.91,42.5,56.45,46.83,31.19,45.68,36.91,43.57,47.58,51.73,53.57,54.88,47.62,54.78,56.19,45.62,47.73,47.42,46.21,47.21,43.83,49.26,48.57
2019-01-09 01:10:00,28.59,33.53,36.81,37.3,50.57,54.05,52.61,55.34,39.1,52.68,52.93,42.51,56.46,46.85,31.21,45.7,36.93,43.59,47.6,51.74,53.59,54.9,47.64,54.79,56.21,45.63,47.75,47.43,46.22,47.22,43.83,49.27,48.58
2019-01-09 01:15:00,28.61,33.55,36.82,37.32,50.58,54.06,52.63,55.36,39.1,52.7,52.94,42.52,56.48,46.87,31.23,45.71,36.95,43.61,47.61,51.75,53.6,54.91,47.66,54.81,56.23,45.65,47.76,47.45,46.23,47.24,43.84,49.29,48.59
2019-01-09 01:20:00,28.62,33.57,36.84,37.34,50.6,54.07,52.65,55.37,39.1,52.72,52.96,42.53,56.49,46.88,31.26,45.73,36.97,43.63,47.62,51.75,53.61,54.93,47.68,54.83,56.25,45.66,47.78,47.46,46.24,47.25,43.85,49.3,48.6
2019-01-09 01:25:00,28.64,33.58,36.85,37.36,50.61,54.09,52.67,55.39,39.1,52.74,52.97,42.54,56.5,46.9,31.27,45.75,36.99,43.64,47.63,51.76,53.62,54.94,47.7,54.84,56.27,45.68,47.8,47.48,46.25,47.26,43.85,49.31,48.61
2019-01-09 01:30:00,28.65,33.6,36.87,37.38,50.62,54.1,52.68,55.41,39.1,52.75,52.98,42.54,56.52,46.92,31.29,45.77,37.01,43.66,47.64,51.77,53.63,54.95,47.71,54.86,56.28,45.69,47.81,47.49,46.26,47.27,43.86,49.32,48.61
2019-01-09 01:35:00,28.67,33.61,36.88,37.39,50.63,54.11,52.7,55.43,39.1,52.77,52.99,42.55,56.53,46.94,31.31,45.78,37.03,43.68,47.65,51.77,53.64,54.97,47.73,54.87,56.3,45.71,47.82,47.5,46.27,47.28,43.86,49.34,48.62
2019-01-09 01:40:00,28.69,33.63,36.9,37.41,50.63,54.12,52.72,55.44,39.1,52.79,53.01,42.56,56.54,46.95,31.33,45.8,37.04,43.7,47.66,51.78,53.65,54.98,47.74,54.88,56.32,45.72,47.84,47.51,46.28,47.29,43.87,49.35,48.63
2019-01-09 01:45:00,28.7,33.64,36.91,37.43,50.64,54.13,52.73,55.46,39.1,52.8,53.02,42.57,56.55,46.97,31.35,45.81,37.06,43.71,47.67,51.79,53.66,54.99,47.76,54.9,56.33,45.73,47.85,47.52,46.29,47.3,43.87,49.36,48.64
2019-01-09 01:50:00,28.72,33.66,36.93,37.44,50.65,54.14,52.75,55.47,39.1,52.82,53.03,42.57,56.56,46.98,31.36,45.83,37.08,43.73,47.67,51.79,53.67,55.0,47.77,54.91,56.35,45.74,47.86,47.53,46.29,47.31,43.87,49.37,48.65
2019-01-09 01:55:00,28.73,33.67,36.94,37.46,50.66,54.15,52.76,55.48,39.1,52.83,53.04,42.58,56.57,47.0,31.38,45.84,37.09,43.74,47.68,51.8,53.68,55.01,47.78,54.92,56.36,45.75,47.88,47.54,46.3,47.32,43.88,49.38,48.65
2019-01-09 02:00:00,28.75,33.69,36.96,37.47,50.67,54.16,52.77,55.5,39.1,52.84,53.04,42.59,56.58,47.01,31.39,45.85,37.1,43.75,47.69,51.8,53.69,55.02,47.79,54.93,56.37,45.76,47.89,47.55,46.31,47.33,43.88,49.38,48.66
2019-01-09 02:05:00,28.76,33.7,36.97,37.48,50.67,54.16,52.78,55.51,39.1,52.85,53.05,42.59,56.59,47.02,31.4,45.86,37.11,43.76,47.7,51.81,53.7,55.03,47.8,54.94,56.38,45.77,47.89,47.56,46.31,47.34,43.88,49.39,48.66
2019-01-09 02:10:00,28.78,33.72,36.99,37.49,50.68,54.17,52.79,55.52,39.1,52.86,53.06,42.6,56.59,47.03,31.41,45.87,37.12,43.77,47.7,51.81,53.7,55.04,47.81,54.95,56.39,45.78,47.9,47.56,46.32,47.34,43.89,49.4,48.67
2019-01-09 02:15:00,28.79,33.73,37.01,37.5,50.68,54.18,52.8,55.53,39.1,52.87,53.07,42.6,56.6,47.04,31.42,45.88,37.13,43.78,47.71,51.82,53.71,55.04,47.82,54.96,56.4,45.79,47.91,47.57,46.32,47.35,43.89,49.4,48.67
2019-01-09 02:20:00,28.81,33.75,37.02,37.51,50.69,54.18,52.81,55.54,39.1,52.88,53.07,42.6,56.61,47.05,31.43,45.89,37.14,43.79,47.71,51.82,53.71,55.05,47.83,54.96,56.41,45.79,47.92,47.58,46.33,47.36,43.89,49.41,48.68
2019-01-09 02:25:00,28.82,33.77,37.04,37.52,50.69,54.19,52.82,55.55,39.1,52.89,53.08,42.61,56.61,47.06,31.44,45.9,37.15,43.8,47.72,51.82,53.72,55.06,47.84,54.97,56.42,45.8,47.93,47.58,46.33,47.36,43.89,49.42,48.68
2019-01-09 02:30:00,28.84,33.78,37.05,37.53,50.7,54.2,52.83,55.55,39.1,52.9,53.09,42.61,56.62,47.07,31.45,45.91,37.16,43.81,47.72,51.83,53.73,55.07,47.85,54.98,56.43,45.81,47.93,47.59,46.34,47.37,43.9,49.42,48.69
2019-01-09 02:35:00,28.86,33.8,37.07,37.54,50.7,54.2,52.84,55.56,39.1,52.91,53.09,42.62,56.63,47.08,31.46,45.92,37.17,43.82,47.73,51.83,53.73,55.07,47.86,54.99,56.44,45.82,47.94,47.6,46.34,47.37,43.9,49.43,48.69
2019-01-09 02:40:00,28.87,33.81,37.08,37.55,50.71,54.21,52.85,55.57,39.1,52.92,53.1,42.62,56.63,47.09,31.47,45.93,37.18,43.83,47.73,51.83,53.74,55.08,47.87,55.0,56.45,45.82,47.95,47.6,46.35,47.38,43.9,49.43,48.7
2019-01-09 02:45:00,28.89,33.83,37.1,37.56,50.71,54.21,52.86,55.58,39.1,52.93,53.11,42.63,56.64,47.1,31.48,45.93,37.19,43.84,47.74,51.84,53.74,55.09,47.87,55.0,56.46,45.83,47.96,47.61,46.35,47.39,43.91,49.44,48.7
2019-01-09 02:50:00,28.9,33.84,37.11,37.57,50.72,54.22,52.87,55.59,39.1,52.93,53.11,42.63,56.65,47.1,31.49,45.94,37.2,43.85,47.74,51.84,53.75,55.09,47.88,55.01,56.47,45.84,47.96,47.62,46.36,47.39,43.91,49.45,48.71
2019-01-09 02:55:00,28.92,33.86,37.13,37.58,50.72,54.22,52.87,55.6,39.1,52.94,53.12,42.63,56.65,47.11,31.5,45.95,37.21,43.86,47.75,51.84,53.75,55.1,47.89,55.02,56.47,45.84,47.97,47.62,46.36,47.4,43.91,49.45,48.71
2019-01-09 03:00:00,28.93,33.87,37.14,37.59,50.73,54.23,52.88,55.6,39.1,52.95,53.12,42.64,56.66,47.12,31.51,45.95,37.22,43.86,47.75,51.85,53.76,55.1,47.89,55.02,56.48,45.85,47.98,47.62,46.36,47.4,43.91,49.45,48.71
2019-01-09 03:05:00,28.95,33.89,37.16,37.59,50.73,54.23,52.88,55.61,39.1,52.95,53.12,42.64,56.66,47.12,31.51,45.96,37.22,43.87,47.75,51.85,53.76,55.11,47.9,55.02,56.49,45.85,47.98,47.63,46.37,47.4,43.91,49.46,48.72
2019-01-09 03:10:00,28.96,33.91,37.18,37.6,50.73,54.23,52.89,55.61,39.1,52.96,53.13,42.64,56.66,47.13,31.52,45.96,37.23,43.87,47.76,51.85,53.76,55.11,47.9,55.03,56.49,45.86,47.98,47.63,46.37,47.41,43.91,49.46,48.72
2019-01-09 03:15:00,28.98,33.92,37.19,37.6,50.73,54.24,52.89,55.62,39.1,52.96,53.13,42.64,56.67,47.13,31.52,45.97,37.23,43.88,47.76,51.85,53.77,55.11,47.91,55.03,56.5,45.86,47.99,47.63,46.37,47.41,43.91,49.46,48.72
2019-01-09 03:20:00,29.0,33.94,37.21,37.61,50.74,54.24,52.9,55.62,39.1,52.96,53.13,42.64,56.67,47.14,31.53,45.97,37.24,43.88,47.76,51.85,53.77,55.12,47.91,55.04,56.5,45.86,47.99,47.64,46.37,47.41,43.92,49.47,48.72
2019-01-09 03:25:00,29.01,33.95,37.22,37.61,50.74,54.24,52.9,55.63,39.1,52.97,53.14,42.65,56.67,47.14,31.53,45.98,37.24,43.89,47.76,51.86,53.77,55.12,47.92,55.04,56.5,45.87,47.99,47.64,46.38,47.41,43.92,49.47,48.72
2019-01-09 03:30:00,29.03,33.97,37.24,37.62,50.74,54.25,52.91,55.63,39.1,52.97,53.14,42.65,56.68,47.15,31.54,45.98,37.25,43.89,47.77,51.86,53.77,55.12,47.92,55.04,56.51,45.87,48.0,47.64,46.38,47.42,43.92,49.47,48.73
2019-01-09 03:35:00,29.04,33.98,37.25,37.62,50.74,54.25,52.91,55.64,39.1,52.98,53.14,42.65,56.68,47.15,31.54,45.99,37.25,43.9,47.77,51.86,53.78,55.13,47.92,55.05,56.51,45.87,48.0,47.65,46.38,47.42,43.92,49.48,48.73
2019-01-09 03:40:00,29.06,34.0,37.27,37.63,50.75,54.25,52.92,55.64,39.1,52.98,53.15,42.65,56.68,47.16,31.55,45.99,37.26,43.9,47.77,51.86,53.78,55.13,47.93,55.05,56.52,45.88,48.01,47.65,46.38,47.42,43.92,49.48,48.73
2019-01-09 03:45:00,29.07,34.02,37.28,37.63,50.75,54.26,52.92,55.65,39.1,52.99,53.15,42.65,56.69,47.16,31.56,46.0,37.26,43.91,47.77,51.86,53.78,55.14,47.93,55.06,56.52,45.88,48.01,47.65,46.39,47.43,43.92,49.48,48.73
2019-01-09 03:50:00,29.09,34.03,37.3,37.64,50.75,54.26,52.92,55.65,39.1,52.99,53.15,42.66,56.69,47.16,31.56,46.0,37.27,43.91,47.78,51.87,53.79,55.14,47.94,55.06,56.53,45.88,48.01,47.66,46.39,47.43,43.92,49.48,48.74
2019-01-09 03:55:00,29.11,34.05,37.32,37.64,50.75,54.26,52.93,55.65,39.1,53.0,53.15,42.66,56.69,47.17,31.56,46.0,37.27,43.91,47.78,51.87,53.79,55.14,47.94,55.06,56.53,45.89,48.02,47.66,46.39,47.43,43.92,49.49,48.74
2019-01-09 04:00:00,29.12,34.06,37.33,37.64,50.76,54.26,52.93,55.66,39.1,53.0,53.16,42.66,56.69,47.17,31.57,46.0,37.27,43.92,47.78,51.87,53.79,55.14,47.94,55.06,56.53,45.89,48.02,47.66,46.39,47.43,43.93,49.49,48.74
2019-01-09 04:05:00,29.14,34.08,37.35,37.64,50.76,54.26,52.93,55.66,39.1,53.0,53.16,42.66,56.69,47.17,31.57,46.01,37.27,43.92,47.78,51.87,53.79,55.14,47.94,55.07,56.53,45.89,48.02,47.66,46.39,47.43,43.93,49.49,48.74
2019-01-09 04:10:00,29.15,34.09,37.36,37.65,50.76,54.26,52.93,55.66,39.1,53.0,53.16,42.66,56.69,47.17,31.57,46.01,37.28,43.92,47.78,51.87,53.79,55.14,47.95,55.07,56.54,45.89,48.02,47.66,46.39,47.43,43.93,49.49,48.74
2019-01-09 04:15:00,29.17,34.11,37.38,37.65,50.76,54.26,52.93,55.66,39.1,53.0,53.16,42.66,56.69,47.17,31.57,46.01,37.27,43.92,47.78,51.87,53.79,55.14,47.95,55.07,56.54,45.89,48.02,47.66,46.39,47.43,43.93,49.49,48.74
2019-01-09 04:20:00,29.18,34.12,37.39,37.64,50.76,54.26,52.93,55.66,39.1,53.0,53.16,42.66,56.69,47.17,31.57,46.01,37.27,43.92,47.78,51.87,53.79,55.14,47.94,55.07,56.53,45.89,48.02,47.66,46.39,47.43,43.93,49.49,48.74
2019-01-09 04:25:00,29.2,34.14,37.41,37.64,50.76,54.26,52.93,55.66,39.1,53.0,53.16,42.66,56.69,47.17,31.57,46.01,37.27,43.92,47.78,51.87,53.79,55.14,47.94,55.06,56.53,45.89,48.02,47.66,46.39,47.43,43.93,49.49,48.74
2019-01-09 04:30:00,29.21,34.15,37.42,37.64,50.76,54.26,52.93,55.65,39.1,53.0,53.16,42.66,56.69,47.17,31.57,46.0,37.27,43.92,47.78,51.87,53.79,55.14,47.94,55.06,56.53,45.89,48.02,47.66,46.39,47.43,43.93,49.49,48.74
2019-01-09 04:35:00,29.23,34.17,37.44,37.64,50.76,54.26,52.93,55.65,39.1,53.0,53.16,42.66,56.69,47.17,31.57,46.0,37.27,43.91,47.78,51.87,53.79,55.14,47.94,55.06,56.53,45.89,48.02,47.66,46.39,47.43,43.92,49.49,48.74
2019-01-09 04:40:00,29.24,34.19,37.45,37.64,50.75,54.26,52.93,55.65,39.1,53.0,53.15,42.66,56.69,47.17,31.56,46.0,37.27,43.91,47.78,51.87,53.79,55.14,47.94,55.06,56.53,45.89,48.02,47.66,46.39,47.43,43.92,49.49,48.74
2019-01-09 04:45:00,29.26,34.2,37.47,37.64,50.75,54.26,52.93,55.65,39.1,52.99,53.15,42.66,56.69,47.17,31.56,46.0,37.27,43.91,47.78,51.87,53.79,55.14,47.94,55.06,56.53,45.89,48.02,47.66,46.39,47.43,43.92,49.48,48.74
2019-01-09 04:50:00,29.27,34.22,37.49,37.64,50.75,54.26,52.92,55.65,39.1,52.99,53.15,42.66,56.69,47.16,31.56,46.0,37.27,43.91,47.78,51.87,53.79,55.14,47.94,55.06,56.53,45.88,48.01,47.66,46.39,47.43,43.92,49.48,48.73
2019-01-09 04:55:00,29.29,34.23,37.5,37.63,50.75,54.26,52.92,55.65,39.1,52.99,53.15,42.65,56.69,47.16,31.56,46.0,37.26,43.91,47.77,51.86,53.78,55.14,47.93,55.06,56.52,45.88,48.01,47.65,46.38,47.43,43.92,49.48,48.73
2019-01-09 05:00:00,29.3,34.25,37.52,37.63,50.75,54.25,52.92,55.64,39.1,52.98,53.15,42.65,56.68,47.16,31.55,45.99,37.26,43.9,47.77,51.86,53.78,55.13,47.93,55.05,56.52,45.88,48.01,47.65,46.38,47.42,43.92,49.48,48.73
2019-01-09 05:05:00,29.32,34.26,37.53,37.62,50.74,54.25,52.91,55.63,39.1,52.98,53.14,42.65,56.68,47.15,31.54,45.98,37.25,43.89,47.77,51.86,53.78,55.13,47.92,55.05,56.51,45.87,48.0,47.65,46.38,47.42,43.92,49.47,48.73
2019-01-09 05:10:00,29.33,34.27,37.54,37.61,50.74,54.24,52.9,55.63,39.1,52.97,53.14,42.64,56.67,47.14,31.53,45.98,37.24,43.89,47.76,51.86,53.77,55.12,47.92,55.04,56.5,45.87,47.99,47.64,46.37,47.41,43.92,49.47,48.72
2019-01-09 05:15:00,29.35,34.29,37.56,38.16,50.87,54.39,53.21,55.93,39.1,53.26,53.27,42.74,56.86,47.47,32.0,46.31,37.69,44.23,47.89,51.96,53.92,55.3,48.21,55.25,56.82,46.09,48.2,47.79,46.47,47.53,43.97,49.59,48.81
2019-01-09 05:20:00,29.34,34.28,37.55,38.15,50.86,54.38,53.2,55.92,39.1,53.25,53.27,42.73,56.85,47.46,31.99,46.3,37.68,44.22,47.88,51.96,53.92,55.29,48.21,55.25,56.81,46.08,48.2,47.79,46.47,47.53,43.97,49.58,48.81
2019-01-09 05:25:00,29.34,34.28,37.55,38.14,50.86,54.38,53.19,55.91,39.1,53.24,53.26,42.73,56.85,47.45,31.98,46.29,37.67,44.21,47.88,51.95,53.91,55.28,48.2,55.24,56.8,46.07,48.19,47.78,46.46,47.52,43.96,49.58,48.8
2019-01-09 05:30:00,29.33,34.27,37.54,38.13,50.85,54.37,53.18,55.9,39.1,53.23,53.25,42.72,56.84,47.44,31.97,46.28,37.66,44.2,47.87,51.95,53.9,55.28,48.19,55.23,56.79,46.06,48.18,47.77,46.45,47.51,43.96,49.57,48.8
2019-01-09 05:35:00,29.32,34.27,37.54,38.12,50.84,54.36,53.17,55.89,39.1,53.22,53.24,42.71,56.83,47.43,31.95,46.27,37.65,44.18,47.86,51.94,53.89,55.26,48.17,55.22,56.77,46.05,48.16,47.76,46.45,47.5,43.95,49.56,48.79
2019-01-09 05:40:00,29.32,34.26,37.53,38.1,50.83,54.35,53.15,55.87,39.1,53.2,53.23,42.7,56.82,47.41,31.93,46.25,37.63,44.17,47.85,51.93,53.88,55.25,48.16,55.2,56.76,46.04,48.15,47.75,46.44,47.49,43.95,49.54,48.78
2019-01-09 05:45:00,29.31,34.25,37.52,38.08,50.82,54.33,53.13,55.85,39.1,53.18,53.21,42.69,56.8,47.39,31.91,46.23,37.61,44.14,47.84,51.92,53.87,55.24,48.14,55.19,56.73,46.02,48.13,47.73,46.42,47.47,43.94,49.53,48.77
2019-01-09 05:50:00,29.3,34.24,37.52,38.05,50.8,54.32,53.11,55.83,39.1,53.15,53.19,42.68,56.78,47.37,31.88,46.21,37.58,44.12,47.83,51.91,53.85,55.22,48.11,55.16,56.71,46.0,48.11,47.71,46.41,47.45,43.93,49.51,48.75
2019-01-09 05:55:00,29.29,34.23,37.51,38.02,50.79,54.29,53.08,55.79,39.1,53.12,53.16,42.66,56.76,47.33,31.85,46.18,37.55,44.09,47.81,51.9,53.83,55.19,48.08,55.14,56.68,45.98,48.08,47.68,46.39,47.43,43.92,49.48,48.73
2019-01-09 06:00:00,29.28,34.22,37.5,37.99,50.76,54.27,53.04,55.76,39.1,53.09,53.13,42.64,56.73,47.3,31.81,46.15,37.51,44.05,47.79,51.89,53.81,55.16,48.05,55.11,56.64,45.95,48.05,47.66,46.37,47.4,43.91,49.46,48.71
2019-01-09 06:05:00,29.26,34.21,37.48,37.94,50.74,54.24,53.0,55.72,39.1,53.05,53.1,42.62,56.7,47.26,31.77,46.11,37.47,44.01,47.76,51.87,53.78,55.13,48.01,55.07,56.6,45.91,48.01,47.62,46.34,47.37,43.9,49.42,48.69
2019-01-09 06:10:00,29.25,34.19,37.47,37.9,50.71,54.21,52.95,55.67,39.1,53.0,53.06,42.6,56.67,47.21,31.72,46.06,37.42,43.96,47.73,51.85,53.75,55.1,47.97,55.03,56.55,45.87,47.96,47.59,46.31,47.34,43.88,49.39,48.66
2019-01-09 06:15:00,29.23,34.18,37.46,37.85,50.68,54.18,52.9,55.62,39.1,52.96,53.02,42.57,56.63,47.16,31.66,46.02,37.37,43.91,47.7,51.83,53.72,55.06,47.92,54.99,56.5,45.83,47.92,47.55,46.28,47.3,43.87,49.35,48.63
2019-01-09 06:20:00,29.22,34.16,37.44,37.8,50.65,54.14,52.85,55.57,39.1,52.91,52.98,42.54,56.6,47.11,31.61,45.97,37.32,43.86,47.67,51.81,53.68,55.02,47.88,54.95,56.45,45.79,47.87,47.51,46.25,47.26,43.85,49.31,48.6
2019-01-09 06:25:00,29.2,34.14,37.43,37.75,50.63,54.11,52.81,55.52,39.1,52.86,52.94,42.51,56.56,47.06,31.56,45.92,37.27,43.81,47.64,51.79,53.65,54.98,47.83,54.91,56.4,45.75,47.83,47.47,46.21,47.22,43.83,49.27,48.57
2019-01-09 06:30:00,29.18,34.13,37.41,37.7,50.6,54.08,52.76,55.48,39.1,52.81,52.9,42.49,56.52,47.01,31.51,45.88,37.23,43.77,47.61,51.77,53.62,54.95,47.78,54.87,56.35,45.71,47.78,47.43,46.18,47.18,43.82,49.23,48.54
2019-01-09 06:35:00,29.17,34.11,37.4,37.65,50.57,54.05,52.71,55.43,39.1,52.77,52.86,42.46,56.49,46.97,31.46,45.83,37.18,43.72,47.59,51.75,53.59,54.91,47.74,54.83,56.31,45.67,47.74,47.39,46.15,47.15,43.8,49.19,48.51
2019-01-09 06:40:00,29.15,34.1,37.38,37.61,50.55,54.02,52.67,55.39,39.1,52.73,52.82,42.44,56.46,46.93,31.41,45.79,37.14,43.68,47.56,51.73,53.56,54.88,47.7,54.8,56.27,45.64,47.7,47.36,46.13,47.12,43.79,49.16,48.49
2019-01-09 06:45:00,29.13,34.08,37.37,37.57,50.52,53.99,52.63,55.35,39.1,52.69,52.79,42.42,56.43,46.89,31.37,45.76,37.1,43.64,47.54,51.71,53.54,54.85,47.67,54.76,56.23,45.61,47.67,47.32,46.1,47.09,43.77,49.13,48.46
2019-01-09 06:50:00,29.12,34.07,37.36,37.53,50.5,53.96,52.59,55.31,39.1,52.65,52.76,42.39,56.4,46.85,31.33,45.72,37.06,43.6,47.51,51.7,53.51,54.82,47.63,54.73,56.19,45.57,47.63,47.29,46.08,47.05,43.76,49.1,48.44
2019-01-09 06:55:00,29.1,34.05,37.34,37.49,50.47,53.93,52.55,55.27,39.1,52.61,52.72,42.37,56.37,46.81,31.28,45.68,37.02,43.56,47.49,51.68,53.48,54.78,47.59,54.69,56.15,45.54,47.59,47.26,46.05,47.02,43.74,49.06,48.42
2019-01-09 07:00:00,29.09,34.03,37.33,37.44,50.45,53.9,52.51,55.23,39.1,52.57,52.69,42.35,56.34,46.76,31.24,45.64,36.97,43.52,47.46,51.66,53.46,54.75,47.55,54.66,56.11,45.51,47.55,47.23,46.02,46.99,43.73,49.03,48.39
2019-01-09 07:05:00,29.07,34.02,37.31,37.4,50.42,53.87,52.47,55.19,39.1,52.52,52.65,42.33,56.31,46.72,31.19,45.6,36.93,43.47,47.44,51.64,53.43,54.72,47.51,54.62,56.06,45.47,47.51,47.19,46.0,46.96,43.72,49.0,48.37
2019-01-09 07:10:00,29.05,34.0,37.3,37.36,50.4,53.84,52.43,55.14,39.1,52.48,52.62,42.3,56.28,46.68,31.14,45.56,36.89,43.43,47.41,51.63,53.4,54.68,47.47,54.58,56.02,45.43,47.47,47.16,45.97,46.92,43.7,48.96,48.34
2019-01-09 07:15:00,29.03,33.98,37.28,37.31,50.37,53.81,52.38,55.1,39.1,52.44,52.58,42.28,56.24,46.63,31.1,45.52,36.84,43.39,47.38,51.61,53.37,54.65,47.43,54.54,55.98,45.4,47.43,47.12,45.94,46.89,43.69,48.93,48.31
2019-01-09 07:20:00,29.02,33.97,37.26,37.27,50.34,53.78,52.34,55.06,39.09,52.4,52.54,42.25,56.21,46.59,31.05,45.48,36.8,43.34,47.36,51.59,53.34,54.62,47.39,54.51,55.94,45.36,47.39,47.09,45.91,46.86,43.67,48.89,48.29
2019-01-09 07:25:00,29.0,33.95,37.25,37.24,50.32,53.75,52.31,55.02,39.09,52.36,52.51,42.23,56.19,46.56,31.02,45.44,36.76,43.31,47.33,51.57,53.32,54.59,47.36,54.48,55.9,45.33,47.36,47.06,45.89,46.83,43.66,48.86,48.27
2019-01-09 07:30:00,28.99,33.94,37.23,37.21,50.3,53.73,52.28,54.99,39.09,52.33,52.49,42.22,56.16,46.53,30.98,45.42,36.73,43.28,47.32,51.56,53.3,54.56,47.33,54.45,55.87,45.31,47.33,47.03,45.87,46.81,43.65,48.84,48.25
2019-01-09 07:35:00,28.97,33.92,37.22,37.18,50.29,53.72,52.25,54.97,39.09,52.3,52.47,42.21,56.15,46.5,30.96,45.39,36.71,43.25,47.3,51.55,53.28,54.54,47.31,54.43,55.85,45.29,47.31,47.02,45.86,46.79,43.64,48.82,48.23
2019-01-09 07:40:00,28.96,33.91,37.21,37.16,50.28,53.7,52.24,54.95,39.09,52.29,52.46,42.2,56.13,46.49,30.94,45.38,36.69,43.24,47.29,51.54,53.27,54.53,47.29,54.42,55.83,45.28,47.3,47.0,45.85,46.78,43.64,48.81,48.22
2019-01-09 07:45:00,28.95,33.9,37.2,37.15,50.27,53.69,52.23,54.94,39.09,52.27,52.45,42.19,56.12,46.48,30.93,45.37,36.68,43.23,47.28,51.54,53.26,54.52,47.28,54.41,55.82,45.27,47.29,46.99,45.84,46.77,43.63,48.8,48.22
2019-01-09 07:50:00,28.94,33.89,37.19,37.15,50.27,53.69,52.22,54.93,39.09,52.27,52.44,42.19,56.12,46.47,30.92,45.36,36.68,43.22,47.28,51.54,53.25,54.51,47.27,54.4,55.81,45.26,47.28,46.99,45.83,46.76,43.63,48.8,48.21
2019-01-09 07:55:00,28.93,33.88,37.18,37.14,50.26,53.68,52.21,54.93,39.09,52.26,52.44,42.18,56.11,46.46,30.92,45.35,36.67,43.21,47.27,51.53,53.25,54.51,47.27,54.39,55.8,45.26,47.28,46.99,45.83,46.76,43.63,48.79,48.21
2019-01-09 08:00:00,28.92,33.87,37.17,37.14,50.26,53.68,52.21,54.92,39.09,52.25,52.44,42.18,56.11,46.46,30.91,45.35,36.66,43.21,47.27,51.53,53.25,54.5,47.26,54.39,55.8,45.25,47.27,46.98,45.83,46.76,43.63,48.79,48.21
2019-01-09 08:05:00,28.91,33.86,37.16,37.13,50.25,53.67,52.2,54.92,39.09,52.25,52.43,42.18,56.1,46.45,30.91,45.34,36.66,43.2,47.27,51.53,53.24,54.5,47.26,54.38,55.79,45.25,47.27,46.98,45.83,46.75,43.63,48.79,48.21
2019-01-09 08:10:00,28.89,33.84,37.14,37.12,50.25,53.67,52.19,54.91,39.09,52.24,52.43,42.18,56.1,46.44,30.9,45.34,36.65,43.2,47.26,51.52,53.24,54.49,47.25,54.38,55.79,45.24,47.26,46.97,45.82,46.75,43.62,48.78,48.2
2019-01-09 08:15:00,28.88,33.83,37.13,37.11,50.24,53.66,52.19,54.9,39.09,52.23,52.42,42.17,56.09,46.44,30.89,45.33,36.64,43.19,47.25,51.52,53.23,54.48,47.24,54.37,55.78,45.23,47.25,46.97,45.82,46.74,43.62,48.77,48.2
2019-01-09 08:20:00,28.87,33.82,37.12,37.1,50.24,53.65,52.18,54.89,39.09,52.22,52.41,42.17,56.08,46.42,30.88,45.32,36.63,43.18,47.25,51.52,53.22,54.47,47.23,54.36,55.77,45.23,47.24,46.96,45.81,46.74,43.62,48.77,48.19
2019-01-09 08:25:00,28.86,33.81,37.11,37.09,50.23,53.64,52.17,54.88,39.09,52.21,52.4,42.16,56.08,46.41,30.87,45.31,36.62,43.17,47.24,51.51,53.21,54.46,47.22,54.35,55.76,45.22,47.23,46.95,45.8,46.73,43.61,48.76,48.19
2019-01-09 08:30:00,28.85,33.8,37.1,37.08,50.22,53.63,52.15,54.87,39.09,52.19,52.39,42.16,56.07,46.4,30.86,45.3,36.61,43.15,47.23,51.51,53.21,54.45,47.21,54.34,55.75,45.21,47.22,46.94,45.8,46.72,43.61,48.75,48.18
2019-01-09 08:35:00,28.84,33.79,37.09,37.07,50.22,53.63,52.14,54.86,39.09,52.18,52.39,42.15,56.06,46.39,30.85,45.29,36.6,43.14,47.23,51.5,53.2,54.44,47.2,54.33,55.74,45.2,47.21,46.93,45.79,46.71,43.61,48.74,48.17
2019-01-09 08:40:00,28.82,33.78,37.07,37.06,50.21,53.62,52.14,54.85,39.09,52.17,52.38,42.15,56.05,46.38,30.84,45.28,36.59,43.14,47.22,51.5,53.19,54.44,47.2,54.32,55.73,45.19,47.21,46.93,45.79,46.71,43.6,48.74,48.17
2019-01-09 08:45:00,28.81,33.76,37.06,37.05,50.2,53.61,52.13,54.84,39.09,52.16,52.37,42.14,56.05,46.38,30.83,45.27,36.58,43.13,47.22,51.49,53.19,54.43,47.19,54.31,55.72,45.19,47.2,46.92,45.78,46.7,43.6,48.73,48.16
2019-01-09 08:50:00,28.8,33.75,37.05,37.05,50.2,53.61,52.12,54.84,39.09,52.16,52.37,42.14,56.04,46.37,30.82,45.27,36.58,43.12,47.21,51.49,53.18,54.42,47.18,54.31,55.71,45.18,47.19,46.92,45.78,46.7,43.6,48.72,48.16
2019-01-09 08:55:00,28.79,33.74,37.04,37.04,50.2,53.6,52.11,54.83,39.09,52.15,52.36,42.13,56.04,46.36,30.81,45.26,36.57,43.11,47.21,51.49,53.18,54.42,47.18,54.3,55.71,45.17,47.19,46.91,45.77,46.69,43.6,48.72,48.16
2019-01-09 09:00:00,28.78,33.73,37.03,37.04,50.19,53.6,52.11,54.82,39.09,52.14,52.36,42.13,56.03,46.36,30.81,45.26,36.56,43.11,47.2,51.49,53.17,54.41,47.17,54.3,55.7,45.17,47.18,46.91,45.77,46.69,43.6,48.72,48.15
2019-01-09 09:05:00,28.77,33.72,37.02,37.03,50.19,53.59,52.1,54.82,39.09,52.14,52.35,42.13,56.03,46.35,30.8,45.25,36.56,43.1,47.2,51.48,53.17,54.41,47.17,54.29,55.69,45.17,47.18,46.9,45.77,46.68,43.59,48.71,48.15
2019-01-09 09:10:00,28.76,33.71,37.01,37.03,50.19,53.59,52.1,54.81,39.09,52.13,52.35,42.13,56.02,46.35,30.8,45.25,36.56,43.1,47.2,51.48,53.17,54.41,47.16,54.29,55.69,45.16,47.17,46.9,45.76,46.68,43.59,48.71,48.15
2019-01-09 09:15:00,28.74,33.69,36.99,37.02,50.18,53.59,52.1,54.81,39.09,52.13,52.35,42.13,56.02,46.34,30.8,45.24,36.55,43.1,47.19,51.48,53.16,54.4,47.16,54.28,55.69,45.16,47.17,46.9,45.76,46.68,43.59,48.71,48.15
2019-01-09 09:20:00,28.73,33.68,36.98,37.02,50.18,53.58,52.09,54.81,39.09,52.13,52.34,42.12,56.02,46.34,30.79,45.24,36.55,43.09,47.19,51.48,53.16,54.4,47.16,54.28,55.68,45.16,47.17,46.89,45.76,46.68,43.59,48.7,48.14
2019-01-09 09:25:00,28.72,33.67,36.97,37.02,50.18,53.58,52.09,54.81,39.09,52.12,52.34,42.12,56.02,46.34,30.79,45.24,36.55,43.09,47.19,51.48,53.16,54.4,47.15,54.28,55.68,45.16,47.17,46.89,45.76,46.67,43.59,48.7,48.14
2019-01-09 09:30:00,28.71,33.66,36.96,37.01,50.18,53.58,52.09,54.8,39.09,52.12,52.34,42.12,56.02,46.34,30.79,45.24,36.54,43.09,47.19,51.48,53.16,54.39,47.15,54.28,55.68,45.15,47.16,46.89,45.76,46.67,43.59,48.7,48.14
2019-01-09 09:35:00,28.7,33.65,36.95,37.01,50.18,53.58,52.09,54.8,39.09,52.12,52.34,42.12,56.01,46.33,30.79,45.24,36.54,43.09,47.19,51.48,53.16,54.39,47.15,54.28,55.68,45.15,47.16,46.89,45.76,46.67,43.59,48.7,48.14
2019-01-09 09:40:00,28.69,33.64,36.94,37.01,50.18,53.58,52.09,54.8,39.09,52.12,52.34,42.12,56.01,46.33,30.78,45.23,36.54,43.08,47.19,51.48,53.16,54.39,47.15,54.27,55.68,45.15,47.16,46.89,45.76,46.67,43.59,48.7,48.14
2019-01-09 09:45:00,28.68,33.63,36.93,37.01,50.18,53.57,52.08,54.8,39.09,52.11,52.34,42.12,56.01,46.33,30.78,45.23,36.54,43.08,47.19,51.47,53.15,54.39,47.15,54.27,55.67,45.15,47.16,46.89,45.76,46.67,43.59,48.7,48.14
2019-01-09 09:50:00,28.67,33.62,36.92,37.01,50.17,53.57,52.08,54.8,39.09,52.11,52.34,42.12,56.01,46.33,30.78,45.23,36.54,43.08,47.18,51.47,53.15,54.39,47.14,54.27,55.67,45.15,47.16,46.89,45.75,46.67,43.59,48.7,48.14
2019-01-09 09:55:00,28.66,33.61,36.91,37.01,50.17,53.57,52.08,54.79,39.09,52.11,52.34,42.12,56.01,46.33,30.78,45.23,36.54,43.08,47.18,51.47,53.15,54.39,47.14,54.27,55.67,45.15,47.16,46.89,45.75,46.67,43.59,48.69,48.14
2019-01-09 10:00:00,28.65,33.6,36.9,37.0,50.17,53.57,52.08,54.79,39.09,52.11,52.33,42.12,56.01,46.33,30.78,45.23,36.53,43.08,47.18,51.47,53.15,54.38,47.14,54.27,55.67,45.15,47.16,46.88,45.75,46.67,43.59,48.69,48.14
2019-01-09 10:05:00,28.63,33.58,36.88,37.0,50.17,53.57,52.08,54.79,39.09,52.11,52.33,42.12,56.01,46.32,30.78,45.23,36.53,43.08,47.18,51.47,53.15,54.38,47.14,54.27,55.67,45.14,47.15,46.88,45.75,46.67,43.59,48.69,48.14
2019-01-09 10:10:00,28.62,33.57,36.87,37.0,50.17,53.57,52.08,54.79,39.09,52.11,52.33,42.12,56.01,46.32,30.78,45.23,36.53,43.08,47.18,51.47,53.15,54.38,47.14,54.26,55.67,45.14,47.15,46.88,45.75,46.66,43.59,48.69,48.14
2019-01-09 10:15:00,28.61,33.56,36.86,37.0,50.17,53.57,52.08,54.79,39.09,52.1,52.33,42.12,56.0,46.32,30.77,45.23,36.53,43.08,47.18,51.47,53.15,54.38,47.14,54.26,55.67,45.14,47.15,46.88,45.75,46.66,43.59,48.69,48.14
2019-01-09 10:20:00,28.6,33.55,36.85,37.0,50.17,53.57,52.08,54.79,39.09,52.1,52.33,42.12,56.0,46.32,30.78,45.23,36.53,43.08,47.18,51.47,53.15,54.38,47.14,54.26,55.67,45.14,47.15,46.88,45.75,46.67,43.59,48.69,48.14
2019-01-09 10:25:00,28.59,33.54,36.84,37.0,50.17,53.57,52.08,54.79,39.09,52.1,52.33,42.12,56.01,46.32,30.78,45.23,36.53,43.08,47.18,51.47,53.15,54.38,47.14,54.26,55.67,45.14,47.15,46.88,45.75,46.67,43.59,48.69,48.14
2019-01-09 10:30:00,28.58,33.53,36.83,37.0,50.17,53.57,52.08,54.79,39.09,52.11,52.34,42.12,56.01,46.33,30.78,45.23,36.53,43.08,47.18,51.47,53.15,54.38,47.14,54.27,55.67,45.15,47.16,46.89,45.75,46.67,43.59,48.69,48.14
2019-01-09 10:35:00,28.57,33.52,36.82,37.01,50.17,53.57,52.08,54.79,39.08,52.11,52.34,42.12,56.01,46.33,30.78,45.23,36.54,43.08,47.18,51.47,53.15,54.38,47.14,54.27,55.67,45.15,47.16,46.89,45.76,46.67,43.59,48.7,48.14
2019-01-09 10:40:00,28.56,33.51,36.81,37.01,50.17,53.57,52.08,54.8,39.08,52.11,52.34,42.12,56.01,46.33,30.78,45.23,36.54,43.08,47.18,51.47,53.15,54.38,47.14,54.27,55.67,45.15,47.16,46.89,45.76,46.67,43.59,48.7,48.14
2019-01-09 10:45:00,28.55,33.5,36.8,37.01,50.17,53.57,52.08,54.8,39.08,52.11,52.34,42.12,56.01,46.33,30.78,45.23,36.54,43.08,47.18,51.47,53.15,54.38,47.15,54.27,55.67,45.15,47.16,46.89,45.76,46.67,43.59,48.7,48.14
2019-01-09 10:50:00,28.54,33.49,36.79,37.01,50.17,53.57,52.08,54.8,39.08,52.11,52.34,42.12,56.01,46.33,30.78,45.23,36.54,43.08,47.18,51.47,53.15,54.38,47.15,54.27,55.67,45.15,47.16,46.89,45.76,46.67,43.59,48.7,48.14
2019-01-09 10:55:00,28.53,33.48,36.78,37.01,50.17,53.57,52.09,54.8,39.08,52.11,52.34,42.12,56.01,46.33,30.79,45.23,36.54,43.08,47.18,51.47,53.15,54.38,47.15,54.27,55.67,45.15,47.16,46.89,45.76,46.67,43.59,48.7,48.14
2019-01-09 11:00:00,28.52,33.47,36.77,37.01,50.17,53.57,52.09,54.8,39.08,52.11,52.34,42.12,56.01,46.33,30.79,45.24,36.54,43.09,47.18,51.47,53.15,54.39,47.15,54.27,55.68,45.15,47.16,46.89,45.76,46.67,43.59,48.7,48.14
2019-01-09 11:05:00,28.51,33.46,36.76,37.01,50.17,53.57,52.09,54.8,39.08,52.11,52.34,42.12,56.01,46.33,30.79,45.24,36.54,43.09,47.18,51.47,53.15,54.39,47.15,54.27,55.68,45.15,47.16,46.89,45.76,46.68,43.59,48.7,48.14
2019-01-09 11:10:00,28.5,33.45,36.75,37.01,50.17,53.57,52.09,54.8,39.08,52.11,52.35,42.12,56.01,46.34,30.79,45.24,36.54,43.09,47.18,51.48,53.15,54.39,47.15,54.27,55.68,45.15,47.17,46.9,45.76,46.68,43.59,48.7,48.14
2019-01-09 11:15:00,28.49,33.44,36.74,37.02,50.18,53.57,52.09,54.8,39.08,52.11,52.35,42.13,56.01,46.34,30.79,45.24,36.54,43.09,47.19,51.48,53.16,54.39,47.15,54.27,55.68,45.15,47.17,46.9,45.76,46.68,43.59,48.71,48.15
2019-01-09 11:20:00,28.48,33.43,36.73,37.02,50.18,53.57,52.09,54.8,39.08,52.11,52.35,42.13,56.01,46.34,30.79,45.24,36.55,43.09,47.19,51.48,53.16,54.39,47.15,54.27,55.68,45.16,47.17,46.9,45.76,46.68,43.59,48.71,48.15
2019-01-09 11:25:00,28.47,33.42,36.72,37.02,50.18,53.58,52.09,54.81,39.08,52.12,52.35,42.13,56.02,46.34,30.8,45.24,36.55,43.09,47.19,51.48,53.16,54.39,47.16,54.28,55.68,45.16,47.17,46.9,45.77,46.68,43.59,48.71,48.15
2019-01-09 11:30:00,28.46,33.41,36.7,37.02,50.18,53.58,52.1,54.81,39.08,52.12,52.35,42.13,56.02,46.34,30.8,45.25,36.55,43.1,47.19,51.48,53.16,54.39,47.16,54.28,55.69,45.16,47.17,46.9,45.77,46.68,43.59,48.71,48.15
2019-01-09 11:35:00,28.45,33.4,36.69,37.03,50.18,53.58,52.1,54.81,39.08,52.12,52.36,42.13,56.02,46.35,30.8,45.25,36.56,43.1,47.19,51.48,53.16,54.4,47.16,54.28,55.69,45.16,47.18,46.91,45.77,46.69,43.6,48.72,48.15
2019-01-09 11:40:00,28.44,33.39,36.68,37.03,50.19,53.58,52.1,54.82,39.08,52.13,52.36,42.13,56.03,46.35,30.81,45.25,36.56,43.1,47.2,51.48,53.17,54.4,47.17,54.29,55.69,45.17,47.18,46.91,45.77,46.69,43.6,48.72,48.16
2019-01-09 11:45:00,28.43,33.38,36.67,37.04,50.19,53.59,52.11,54.82,39.08,52.13,52.36,42.14,56.03,46.36,30.81,45.26,36.57,43.11,47.2,51.48,53.17,54.4,47.17,54.29,55.7,45.17,47.19,46.91,45.78,46.69,43.6,48.72,48.16
2019-01-09 11:50:00,28.42,33.37,36.66,37.04,50.19,53.59,52.11,54.83,39.08,52.14,52.37,42.14,56.03,46.36,30.82,45.26,36.57,43.11,47.2,51.49,53.17,54.41,47.18,54.29,55.7,45.18,47.19,46.92,45.78,46.7,43.6,48.73,48.16
2019-01-09 11:55:00,28.41,33.36,36.65,37.05,50.19,53.59,52.12,54.83,39.08,52.14,52.37,42.14,56.03,46.37,30.82,45.27,36.57,43.12,47.2,51.49,53.17,54.41,47.18,54.3,55.71,45.18,47.19,46.92,45.78,46.7,43.6,48.73,48.16
2019-01-09 12:00:00,28.4,33.35,36.64,37.05,50.2,53.59,52.12,54.84,39.08,52.15,52.37,42.14,56.04,46.37,30.83,45.27,36.58,43.12,47.21,51.49,53.18,54.41,47.18,54.3,55.71,45.18,47.2,46.92,45.79,46.7,43.6,48.73,48.17
2019-01-09 12:05:00,28.39,33.34,36.63,37.05,50.2,53.6,52.12,54.84,39.08,52.15,52.38,42.15,56.04,46.37,30.83,45.27,36.58,43.12,47.21,51.49,53.18,54.41,47.19,54.3,55.71,45.18,47.2,46.93,45.79,46.71,43.6,48.74,48.17
2019-01-09 12:10:00,28.38,33.33,36.62,37.05,50.2,53.6,52.13,54.84,39.08,52.15,52.38,42.15,56.04,46.37,30.83,45.27,36.58,43.13,47.21,51.49,53.18,54.42,47.19,54.31,55.72,45.19,47.2,46.93,45.79,46.71,43.61,48.74,48.17
2019-01-09 12:15:00,28.37,33.32,36.61,37.06,50.2,53.6,52.13,54.84,39.08,52.15,52.38,42.15,56.04,46.38,30.83,45.28,36.59,43.13,47.21,51.49,53.18,54.42,47.19,54.31,55.72,45.19,47.2,46.93,45.79,46.71,43.61,48.74,48.17
2019-01-09 12:20:00,28.36,33.31,36.6,37.06,50.2,53.6,52.13,54.84,39.08,52.15,52.38,42.15,56.04,46.38,30.84,45.28,36.59,43.13,47.21,51.49,53.18,54.42,47.19,54.31,55.72,45.19,47.21,46.93,45.79,46.71,43.61,48.74,48.17
2019-01-09 12:25:00,28.35,33.29,36.59,37.06,50.2,53.6,52.13,54.84,39.08,52.15,52.38,42.15,56.04,46.38,30.84,45.28,36.59,43.13,47.21,51.49,53.18,54.42,47.19,54.31,55.72,45.19,47.21,46.93,45.79,46.71,43.61,48.74,48.17
2019-01-09 12:30:00,28.34,33.28,36.58,37.06,50.2,53.6,52.13,54.84,39.08,52.15,52.38,42.15,56.04,46.38,30.84,45.28,36.59,43.13,47.21,51.49,53.18,54.42,47.19,54.31,55.72,45.19,47.21,46.93,45.79,46.71,43.61,48.74,48.17
2019-01-09 12:35:00,28.32,33.27,36.57,37.06,50.2,53.6,52.13,54.84,39.08,52.15,52.38,42.15,56.04,46.38,30.84,45.28,36.59,43.13,47.21,51.49,53.18,54.42,47.19,54.31,55.72,45.19,47.21,46.93,45.79,46.71,43.61,48.74,48.17
2019-01-09 12:40:00,28.31,33.26,36.56,37.06,50.2,53.6,52.13,54.84,39.08,52.16,52.38,42.15,56.04,46.38,30.84,45.28,36.59,43.13,47.21,51.49,53.18,54.42,47.19,54.31,55.72,45.19,47.21,46.93,45.79,46.71,43.61,48.74,48.17
2019-01-09 12:45:00,28.3,33.25,36.55,37.06,50.2,53.6,52.13,54.84,39.08,52.16,52.38,42.15,56.04,46.38,30.84,45.28,36.59,43.13,47.21,51.49,53.18,54.42,47.19,54.31,55.72,45.19,47.21,46.93,45.79,46.71,43.61,48.74,48.17
2019-01-09 12:50:00,28.29,33.24,36.54,37.06,50.2,53.6,52.13,54.84,39.08,52.16,52.38,42.15,56.04,46.38,30.84,45.28,36.59,43.13,47.21,51.49,53.18,54.42,47.19,54.31,55.72,45.19,47.21,46.93,45.79,46.71,43.61,48.74,48.17
2019-01-09 12:55:00,28.28,33.23,36.53,37.06,50.2,53.6,52.13,54.84,39.08,52.16,52.38,42.15,56.04,46.38,30.84,45.28,36.59,43.13,47.21,51.49,53.18,54.42,47.19,54.31,55.72,45.19,47.21,46.93,45.79,46.71,43.61,48.74,48.17
2019-01-09 13:00:00,28.27,33.22,36.52,37.06,50.2,53.6,52.13,54.85,39.08,52.16,52.38,42.15,56.05,46.38,30.84,45.28,36.59,43.13,47.21,51.49,53.18,54.42,47.19,54.31,55.72,45.19,47.21,46.93,45.79,46.71,43.61,48.74,48.17
2019-01-09 13:05:00,28.26,33.21,36.51,37.06,50.2,53.6,52.13,54.85,39.09,52.16,52.38,42.15,56.05,46.38,30.84,45.28,36.59,43.13,47.21,51.5,53.19,54.42,47.19,54.31,55.72,45.19,47.21,46.93,45.79,46.71,43.61,48.74,48.17
2019-01-09 13:10:00,28.25,33.2,36.5,37.06,50.21,53.61,52.14,54.85,39.09,52.16,52.39,42.15,56.05,46.38,30.84,45.28,36.59,43.14,47.22,51.5,53.19,54.43,47.2,54.32,55.73,45.2,47.21,46.94,45.79,46.72,43.61,48.74,48.18
2019-01-09 13:15:00,28.24,33.19,36.49,37.07,50.21,53.61,52.14,54.85,39.09,52.17,52.39,42.15,56.05,46.39,30.85,45.29,36.6,43.14,47.22,51.5,53.19,54.43,47.2,54.32,55.73,45.2,47.22,46.94,45.8,46.72,43.61,48.75,48.18
2019-01-09 13:20:00,28.23,33.18,36.48,37.07,50.21,53.61,52.15,54.86,39.09,52.17,52.4,42.16,56.06,46.39,30.85,45.29,36.6,43.15,47.22,51.5,53.19,54.43,47.21,54.32,55.74,45.2,47.22,46.94,45.8,46.72,43.61,48.75,48.18
2019-01-09 13:25:00,28.22,33.17,36.47,37.08,50.22,53.62,52.15,54.87,39.09,52.18,52.4,42.16,56.06,46.4,30.86,45.3,36.61,43.15,47.23,51.5,53.2,54.44,47.21,54.33,55.74,45.21,47.23,46.95,45.81,46.73,43.61,48.76,48.19
2019-01-09 13:30:00,28.21,33.16,36.46,37.09,50.22,53.62,52.16,54.87,39.09,52.19,52.41,42.17,56.07,46.41,30.87,45.31,36.62,43.16,47.23,51.51,53.2,54.45,47.22,54.34,55.75,45.21,47.23,46.95,45.81,46.73,43.62,48.76,48.19
2019-01-09 13:35:00,28.2,33.15,36.45,37.1,50.22,53.63,52.17,54.88,39.09,52.19,52.41,42.17,56.07,46.42,30.88,45.31,36.63,43.17,47.24,51.51,53.21,54.45,47.23,54.34,55.76,45.22,47.24,46.96,45.81,46.74,43.62,48.77,48.19
2019-01-09 13:40:00,28.19,33.14,36.44,37.1,50.23,53.63,52.18,54.89,39.09,52.2,52.42,42.17,56.08,46.42,30.88,45.32,36.63,43.18,47.24,51.51,53.21,54.46,47.23,54.35,55.77,45.23,47.25,46.97,45.82,46.75,43.62,48.78,48.2
2019-01-09 13:45:00,28.18,33.13,36.43,37.11,50.23,53.64,52.18,54.9,39.09,52.21,52.43,42.18,56.08,46.43,30.89,45.33,36.64,43.18,47.24,51.52,53.22,54.46,47.24,54.35,55.77,45.23,47.25,46.97,45.82,46.75,43.62,48.78,48.2
2019-01-09 13:50:00,28.17,33.12,36.42,37.12,50.24,53.64,52.19,54.9,39.09,52.21,52.43,42.18,56.09,46.44,30.9,45.33,36.65,43.19,47.25,51.52,53.22,54.47,47.25,54.36,55.78,45.24,47.26,46.98,45.83,46.76,43.63,48.79,48.21
2019-01-09 13:55:00,28.17,33.11,36.41,37.12,50.24,53.65,52.19,54.91,39.09,52.22,52.44,42.18,56.09,46.44,30.9,45.34,36.65,43.19,47.25,51.52,53.23,54.47,47.25,54.36,55.78,45.24,47.27,46.98,45.83,46.76,43.63,48.79,48.21
2019-01-09 14:00:00,28.16,33.1,36.4,37.13,50.24,53.65,52.2,54.91,39.09,52.22,52.44,42.19,56.1,46.45,30.91,45.34,36.66,43.2,47.25,51.52,53.23,54.47,47.26,54.37,55.79,45.25,47.27,46.99,45.84,46.76,43.63,48.8,48.21
2019-01-09 14:05:00,28.15,33.1,36.39,37.13,50.25,53.65,52.2,54.92,39.09,52.23,52.44,42.19,56.1,46.45,30.91,45.35,36.66,43.2,47.26,51.52,53.23,54.48,47.26,54.37,55.79,45.25,47.27,46.99,45.84,46.77,43.63,48.8,48.22
2019-01-09 14:10:00,28.14,33.09,36.38,37.14,50.25,53.66,52.21,54.92,39.09,52.23,52.45,42.19,56.1,46.46,30.92,45.35,36.67,43.21,47.26,51.53,53.24,54.48,47.26,54.38,55.8,45.25,47.28,46.99,45.84,46.77,43.63,48.8,48.22
2019-01-09 14:15:00,28.13,33.08,36.37,37.14,50.25,53.66,52.21,54.93,39.09,52.24,52.45,42.2,56.11,46.46,30.93,45.36,36.67,43.21,47.26,51.53,53.24,54.49,47.27,54.38,55.8,45.26,47.28,47.0,45.85,46.78,43.64,48.81,48.22
2019-01-09 14:20:00,28.12,33.07,36.36,37.15,50.26,53.67,52.22,54.93,39.09,52.24,52.46,42.2,56.11,46.47,30.93,45.36,36.68,43.22,47.27,51.53,53.24,54.49,47.28,54.39,55.81,45.26,47.29,47.0,45.85,46.78,43.64,48.81,48.23
2019-01-09 14:25:00,28.11,33.06,36.35,37.16,50.26,53.67,52.23,54.94,39.09,52.25,52.47,42.2,56.12,46.48,30.94,45.37,36.69,43.23,47.27,51.53,53.25,54.5,47.28,54.39,55.82,45.27,47.3,47.01,45.85,46.79,43.64,48.82,48.23
2019-01-09 14:30:00,28.1,33.05,36.34,37.17,50.27,53.68,52.24,54.95,39.09,52.26,52.47,42.21,56.12,46.48,30.95,45.38,36.69,43.24,47.28,51.54,53.25,54.5,47.29,54.4,55.83,45.28,47.31,47.02,45.86,46.79,43.64,48.83,48.24
2019-01-09 14:35:00,28.1,33.04,36.34,37.18,50.27,53.68,52.25,54.96,39.09,52.27,52.48,42.22,56.13,46.5,30.96,45.39,36.71,43.25,47.28,51.54,53.26,54.51,47.3,54.41,55.84,45.29,47.32,47.03,45.87,46.8,43.65,48.84,48.24
2019-01-09 14:40:00,28.09,33.04,36.33,37.19,50.28,53.69,52.26,54.97,39.09,52.28,52.49,42.22,56.14,46.51,30.98,45.4,36.72,43.26,47.29,51.55,53.27,54.52,47.31,54.42,55.85,45.3,47.33,47.04,45.88,46.81,43.65,48.85,48.25
2019-01-09 14:45:00,28.08,33.03,36.32,37.2,50.29,53.7,52.27,54.99,39.09,52.3,52.5,42.23,56.15,46.52,30.99,45.41,36.73,43.27,47.3,51.55,53.28,54.53,47.33,54.43,55.86,45.31,47.34,47.05,45.88,46.82,43.66,48.86,48.26
2019-01-09 14:50:00,28.07,33.02,36.31,37.22,50.3,53.71,52.29,55.0,39.09,52.31,52.52,42.24,56.16,46.54,31.01,45.43,36.75,43.29,47.31,51.56,53.29,54.54,47.34,54.44,55.88,45.32,47.35,47.06,45.9,46.84,43.66,48.87,48.27
2019-01-09 14:55:00,28.07,33.01,36.31,37.24,50.31,53.72,52.3,55.02,39.09,52.33,52.53,42.25,56.17,46.55,31.03,45.44,36.76,43.31,47.32,51.57,53.3,54.56,47.36,54.46,55.9,45.34,47.37,47.07,45.91,46.85,43.67,48.88,48.28
2019-01-09 15:00:00,28.06,33.01,36.3,37.25,50.32,53.74,52.32,55.03,39.09,52.34,52.55,42.26,56.19,46.57,31.04,45.46,36.78,43.32,47.33,51.57,53.31,54.57,47.37,54.47,55.91,45.35,47.39,47.09,45.92,46.86,43.67,48.9,48.29
2019-01-09 15:05:00,28.05,33.0,36.29,37.27,50.33,53.75,52.34,55.05,39.09,52.36,52.56,42.27,56.2,46.59,31.06,45.48,36.8,43.34,47.34,51.58,53.32,54.58,47.39,54.49,55.93,45.36,47.4,47.1,45.93,46.88,43.68,48.91,48.3
2019-01-09 15:10:00,28.05,32.99,36.28,37.29,50.34,53.76,52.35,55.07,39.09,52.38,52.57,42.28,56.21,46.6,31.08,45.49,36.81,43.36,47.35,51.59,53.33,54.6,47.4,54.5,55.94,45.38,47.42,47.12,45.94,46.89,43.69,48.92,48.31
2019-01-09 15:15:00,28.04,32.99,36.28,37.3,50.34,53.77,52.37,55.08,39.09,52.39,52.59,42.28,56.22,46.62,31.09,45.51,36.83,43.37,47.36,51.59,53.34,54.61,47.42,54.51,55.96,45.39,47.43,47.13,45.95,46.9,43.69,48.94,48.32
2019-01-09 15:20:00,28.03,32.98,36.27,37.31,50.35,53.78,52.38,55.09,39.09,52.4,52.6,42.29,56.23,46.63,31.11,45.52,36.84,43.38,47.37,51.6,53.35,54.62,47.43,54.52,55.97,45.4,47.44,47.14,45.96,46.91,43.69,48.94,48.33
2019-01-09 15:25:00,28.03,32.97,36.26,37.32,50.36,53.78,52.39,55.1,39.09,52.41,52.6,42.3,56.24,46.64,31.12,45.53,36.85,43.39,47.37,51.6,53.36,54.62,47.44,54.53,55.98,45.41,47.45,47.14,45.96,46.92,43.7,48.95,48.33
2019-01-09 15:30:00,28.02,32.96,36.25,37.33,50.36,53.79,52.4,55.11,39.09,52.42,52.61,42.3,56.24,46.65,31.12,45.53,36.86,43.4,47.38,51.61,53.36,54.63,47.44,54.54,55.99,45.41,47.46,47.15,45.97,46.92,43.7,48.96,48.34
2019-01-09 15:35:00,28.01,32.96,36.24,37.33,50.36,53.79,52.4,55.11,39.09,52.42,52.61,42.3,56.25,46.65,31.13,45.54,36.86,43.4,47.38,51.61,53.36,54.63,47.45,54.54,55.99,45.42,47.46,47.15,45.97,46.92,43.7,48.96,48.34
2019-01-09 15:40:00,28.0,32.95,36.24,37.34,50.37,53.79,52.4,55.12,39.09,52.43,52.62,42.3,56.25,46.65,31.13,45.54,36.87,43.41,47.38,51.61,53.37,54.64,47.45,54.54,55.99,45.42,47.46,47.16,45.97,46.93,43.7,48.96,48.34
2019-01-09 15:45:00,27.99,32.94,36.23,37.34,50.37,53.8,52.4,55.12,39.09,52.43,52.62,42.3,56.25,46.65,31.13,45.54,36.87,43.41,47.38,51.61,53.37,54.64,47.45,54.55,56.0,45.42,47.46,47.16,45.97,46.93,43.7,48.96,48.34
2019-01-09 15:50:00,27.98,32.93,36.22,37.34,50.37,53.8,52.4,55.12,39.09,52.43,52.62,42.3,56.25,46.65,31.13,45.54,36.87,43.41,47.38,51.61,53.37,54.64,47.45,54.55,56.0,45.42,47.46,47.16,45.97,46.93,43.7,48.96,48.34
2019-01-09 15:55:00,27.97,32.92,36.21,37.34,50.37,53.8,52.4,55.12,39.09,52.43,52.62,42.3,56.25,46.65,31.13,45.54,36.87,43.41,47.38,51.61,53.37,54.64,47.45,54.55,55.99,45.42,47.46,47.16,45.97,46.93,43.7,48.96,48.34
2019-01-09 16:00:00,27.96,32.91,36.2,37.34,50.37,53.8,52.4,55.12,39.09,52.43,52.61,42.3,56.25,46.65,31.13,45.54,36.86,43.41,47.38,51.61,53.37,54.64,47.45,54.54,55.99,45.42,47.46,47.15,45.97,46.93,43.7,48.96,48.34
2019-01-09 16:05:00,27.95,32.9,36.19,37.33,50.37,53.79,52.4,55.11,39.09,52.43,52.61,42.3,56.25,46.65,31.13,45.54,36.86,43.4,47.38,51.61,53.37,54.64,47.45,54.54,55.99,45.42,47.46,47.15,45.97,46.92,43.7,48.96,48.34
2019-01-09 16:10:00,27.94,32.89,36.18,37.33,50.37,53.79,52.4,55.11,39.09,52.42,52.61,42.3,56.25,46.65,31.13,45.54,36.86,43.4,47.38,51.61,53.36,54.63,47.45,54.54,55.99,45.42,47.46,47.15,45.97,46.92,43.7,48.96,48.34
2019-01-09 16:15:00,27.94,32.88,36.17,37.33,50.36,53.79,52.4,55.11,39.09,52.42,52.61,42.3,56.24,46.65,31.13,45.53,36.86,43.4,47.38,51.61,53.36,54.63,47.44,54.54,55.99,45.41,47.46,47.15,45.97,46.92,43.7,48.96,48.34
2019-01-09 16:20:00,27.93,32.87,36.16,37.33,50.36,53.79,52.39,55.11,39.09,52.42,52.61,42.3,56.24,46.64,31.12,45.53,36.86,43.4,47.38,51.61,53.36,54.63,47.44,54.54,55.99,45.41,47.45,47.15,45.96,46.92,43.7,48.96,48.33
2019-01-09 16:25:00,27.92,32.86,36.15,37.32,50.36,53.79,52.39,55.1,39.09,52.42,52.6,42.3,56.24,46.64,31.12,45.53,36.85,43.4,47.37,51.61,53.36,54.63,47.44,54.54,55.98,45.41,47.45,47.15,45.96,46.92,43.7,48.95,48.33
2019-01-09 16:30:00,27.91,32.85,36.14,37.32,50.36,53.79,52.39,55.1,39.09,52.41,52.6,42.29,56.24,46.64,31.12,45.52,36.85,43.39,47.37,51.6,53.36,54.63,47.43,54.53,55.98,45.41,47.45,47.14,45.96,46.91,43.7,48.95,48.33
2019-01-09 16:35:00,27.9,32.84,36.13,37.32,50.36,53.78,52.38,55.1,39.09,52.41,52.6,42.29,56.23,46.63,31.11,45.52,36.85,43.39,47.37,51.6,53.35,54.62,47.43,54.53,55.98,45.4,47.44,47.14,45.96,46.91,43.69,48.95,48.33
2019-01-09 16:40:00,27.89,32.83,36.12,37.31,50.35,53.78,52.38,55.09,39.09,52.41,52.59,42.29,56.23,46.63,31.11,45.52,36.84,43.38,47.37,51.6,53.35,54.62,47.43,54.53,55.97,45.4,47.44,47.14,45.95,46.91,43.69,48.94,48.32
2019-01-09 16:45:00,27.88,32.82,36.11,37.31,50.35,53.78,52.38,55.09,39.09,52.4,52.59,42.29,56.23,46.63,31.1,45.51,36.84,43.38,47.36,51.6,53.35,54.62,47.42,54.52,55.97,45.39,47.44,47.13,45.95,46.9,43.69,48.94,48.32
2019-01-09 16:50:00,27.87,32.81,36.1,37.3,50.35,53.77,52.37,55.08,39.09,52.4,52.59,42.28,56.23,46.62,31.1,45.51,36.83,43.37,47.36,51.6,53.35,54.61,47.42,54.52,55.96,45.39,47.43,47.13,45.95,46.9,43.69,48.94,48.32
2019-01-09 16:55:00,27.85,32.8,36.09,37.3,50.35,53.77,52.37,55.08,39.09,52.39,52.58,42.28,56.22,46.62,31.09,45.5,36.83,43.37,47.36,51.59,53.34,54.61,47.41,54.51,55.96,45.39,47.43,47.12,45.94,46.9,43.69,48.93,48.32
2019-01-09 17:00:00,27.84,32.79,36.08,37.29,50.34,53.77,52.36,55.07,39.09,52.39,52.58,42.28,56.22,46.61,31.09,45.5,36.82,43.36,47.36,51.59,53.34,54.61,47.41,54.51,55.95,45.38,47.42,47.12,45.94,46.89,43.69,48.93,48.31
2019-01-09 17:05:00,27.83,32.78,36.07,37.29,50.34,53.76,52.36,55.07,39.09,52.38,52.57,42.28,56.21,46.61,31.08,45.49,36.82,43.36,47.35,51.59,53.34,54.6,47.4,54.51,55.95,45.38,47.42,47.12,45.94,46.89,43.68,48.92,48.31
2019-01-09 17:10:00,27.82,32.77,36.06,37.28,50.34,53.76,52.35,55.06,39.09,52.38,52.57,42.27,56.21,46.6,31.07,45.49,36.81,43.35,47.35,51.59,53.33,54.6,47.4,54.5,55.94,45.37,47.41,47.11,45.93,46.88,43.68,48.92,48.31
2019-01-09 17:15:00,27.81,32.76,36.05,37.28,50.33,53.76,52.35,55.06,39.09,52.37,52.57,42.27,56.21,46.6,31.07,45.48,36.81,43.35,47.35,51.59,53.33,54.59,47.39,54.5,55.94,45.37,47.41,47.11,45.93,46.88,43.68,48.91,48.3
2019-01-09 17:20:00,27.8,32.75,36.04,37.27,50.33,53.75,52.34,55.05,39.09,52.37,52.56,42.27,56.2,46.59,31.06,45.48,36.8,43.34,47.34,51.58,53.33,54.59,47.39,54.49,55.93,45.37,47.4,47.1,45.93,46.88,43.68,48.91,48.3
2019-01-09 17:25:00,27.79,32.74,36.03,37.27,50.33,53.75,52.34,55.05,39.09,52.36,52.56,42.26,56.2,46.59,31.06,45.48,36.8,43.34,47.34,51.58,53.32,54.59,47.39,54.49,55.93,45.36,47.4,47.1,45.92,46.87,43.68,48.91,48.3
2019-01-09 17:30:00,27.78,32.73,36.02,37.26,50.33,53.75,52.33,55.05,39.09,52.36,52.55,42.26,56.2,46.58,31.05,45.47,36.79,43.34,47.34,51.58,53.32,54.58,47.38,54.49,55.92,45.36,47.4,47.1,45.92,46.87,43.68,48.9,48.3
2019-01-09 17:35:00,27.77,32.72,36.01,37.26,50.32,53.75,52.33,55.04,39.09,52.36,52.55,42.26,56.19,46.58,31.05,45.47,36.79,43.33,47.34,51.58,53.32,54.58,47.38,54.48,55.92,45.36,47.39,47.09,45.92,46.87,43.68,48.9,48.29
2019-01-09 17:40:00,27.76,32.71,36.0,37.26,50.32,53.74,52.33,55.04,39.09,52.35,52.55,42.26,56.19,46.58,31.05,45.47,36.79,43.33,47.33,51.58,53.32,54.58,47.38,54.48,55.92,45.35,47.39,47.09,45.92,46.86,43.67,48.9,48.29
2019-01-09 17:45:00,27.75,32.7,35.99,37.26,50.32,53.74,52.32,55.04,39.09,52.35,52.55,42.26,56.19,46.57,31.04,45.46,36.78,43.33,47.33,51.58,53.32,54.58,47.37,54.48,55.92,45.35,47.39,47.09,45.92,46.86,43.67,48.9,48.29
2019-01-09 17:50:00,27.74,32.69,35.98,37.25,50.32,53.74,52.32,55.04,39.09,52.35,52.54,42.26,56.19,46.57,31.04,45.46,36.78,43.32,47.33,51.58,53.31,54.58,47.37,54.48,55.91,45.35,47.38,47.09,45.91,46.86,43.67,48.89,48.29
2019-01-09 17:55:00,27.73,32.68,35.97,37.25,50.32,53.74,52.32,55.03,39.09,52.35,52.54,42.25,56.19,46.57,31.04,45.46,36.78,43.32,47.33,51.57,53.31,54.57,47.37,54.47,55.91,45.35,47.38,47.08,45.91,46.86,43.67,48.89,48.29
2019-01-09 18:00:00,27.72,32.67,35.96,37.25,50.32,53.74,52.31,55.03,39.09,52.34,52.54,42.25,56.18,46.56,31.03,45.45,36.78,43.32,47.33,51.57,53.31,54.57,47.37,54.47,55.91,45.34,47.38,47.08,45.91,46.85,43.67,48.89,48.28
2019-01-09 18:05:00,27.71,32.66,35.95,37.24,50.31,53.73,52.31,55.02,39.09,52.34,52.53,42.25,56.18,46.56,31.03,45.45,36.77,43.31,47.33,51.57,53.31,54.57,47.36,54.47,55.9,45.34,47.37,47.08,45.91,46.85,43.67,48.88,48.28
2019-01-09 18:10:00,27.71,32.66,35.95,36.31,50.04,53.42,51.69,54.43,39.09,51.76,52.2,42.03,55.79,45.91,30.19,44.8,35.95,42.64,47.05,51.36,52.99,54.19,46.77,54.01,55.28,44.87,46.92,46.73,45.67,46.56,43.54,48.59,48.06
2019-01-09 18:15:00,27.72,32.67,35.96,36.3,50.03,53.42,51.69,54.42,39.09,51.75,52.2,42.03,55.79,45.9,30.18,44.79,35.94,42.63,47.05,51.35,52.99,54.18,46.76,54.01,55.28,44.87,46.91,46.73,45.66,46.55,43.54,48.58,48.06
2019-01-09 18:20:00,27.73,32.68,35.97,36.3,50.03,53.41,51.68,54.42,39.09,51.75,52.19,42.03,55.78,45.9,30.18,44.79,35.93,42.63,47.04,51.35,52.98,54.18,46.76,54.0,55.27,44.86,46.91,46.72,45.66,46.55,43.54,48.58,48.05
2019-01-09 18:25:00,27.74,32.68,35.98,36.29,50.03,53.41,51.68,54.41,39.09,51.74,52.19,42.03,55.78,45.89,30.17,44.78,35.93,42.62,47.04,51.35,52.98,54.17,46.75,54.0,55.27,44.86,46.9,46.72,45.66,46.54,43.54,48.57,48.05
2019-01-09 18:30:00,27.74,32.69,35.98,36.28,50.02,53.4,51.67,54.4,39.09,51.74,52.18,42.02,55.77,45.89,30.17,44.78,35.92,42.62,47.04,51.35,52.97,54.17,46.75,53.99,55.26,44.85,46.9,46.71,45.65,46.54,43.54,48.57,48.05
2019-01-09 18:35:00,27.75,32.7,35.99,36.28,50.02,53.4,51.67,54.4,39.09,51.73,52.18,42.02,55.77,45.88,30.16,44.77,35.92,42.61,47.04,51.35,52.97,54.17,46.75,53.99,55.26,44.85,46.89,46.71,45.65,46.54,43.53,48.57,48.04
2019-01-09 18:40:00,27.76,32.71,36.0,36.28,50.02,53.4,51.66,54.4,39.09,51.73,52.18,42.02,55.77,45.88,30.16,44.77,35.91,42.61,47.03,51.34,52.97,54.16,46.74,53.99,55.25,44.85,46.89,46.71,45.65,46.53,43.53,48.56,48.04
2019-01-09 18:45:00,27.77,32.71,36.01,36.27,50.02,53.4,51.66,54.39,39.09,51.73,52.17,42.02,55.77,45.88,30.15,44.76,35.91,42.61,47.03,51.34,52.97,54.16,46.74,53.98,55.25,44.84,46.89,46.7,45.65,46.53,43.53,48.56,48.04
2019-01-09 18:50:00,27.77,32.72,36.02,36.27,50.02,53.4,51.66,54.39,39.09,51.73,52.17,42.02,55.77,45.88,30.15,44.76,35.91,42.6,47.03,51.34,52.97,54.16,46.74,53.98,55.25,44.84,46.88,46.7,45.64,46.53,43.53,48.56,48.04
2019-01-09 18:55:00,27.78,32.73,36.02,36.27,50.02,53.4,51.66,54.39,39.09,51.73,52.17,42.01,55.76,45.87,30.15,44.76,35.91,42.6,47.03,51.34,52.97,54.16,46.74,53.98,55.25,44.84,46.88,46.7,45.64,46.53,43.53,48.56,48.04
2019-01-09 19:00:00,27.79,32.74,36.03,36.27,50.02,53.4,51.66,54.39,39.09,51.73,52.17,42.01,55.76,45.87,30.15,44.76,35.91,42.6,47.03,51.34,52.97,54.16,46.74,53.98,55.25,44.84,46.88,46.7,45.64,46.53,43.53,48.56,48.04
2019-01-09 19:05:00,27.8,32.75,36.04,36.27,50.02,53.4,51.66,54.39,39.09,51.73,52.17,42.01,55.77,45.88,30.15,44.76,35.91,42.6,47.03,51.34,52.97,54.16,46.74,53.98,55.25,44.84,46.88,46.7,45.64,46.53,43.53,48.56,48.04
2019-01-09 19:10:00,27.81,32.75,36.05,36.27,50.02,53.4,51.66,54.39,39.09,51.73,52.17,42.02,55.77,45.88,30.15,44.76,35.91,42.6,47.03,51.34,52.97,54.16,46.74,53.98,55.25,44.84,46.88,46.7,45.64,46.53,43.53,48.56,48.04
2019-01-09 19:15:00,27.81,32.76,36.06,36.27,50.02,53.4,51.66,54.4,39.09,51.73,52.17,42.02,55.77,45.88,30.16,44.77,35.91,42.61,47.03,51.34,52.97,54.16,46.74,53.99,55.25,44.85,46.89,46.7,45.65,46.53,43.53,48.56,48.04
2019-01-09 19:20:00,27.82,32.77,36.06,36.28,50.02,53.4,51.66,54.4,39.09,51.73,52.18,42.02,55.77,45.88,30.16,44.77,35.92,42.61,47.03,51.35,52.97,54.17,46.74,53.99,55.25,44.85,46.89,46.7,45.65,46.53,43.53,48.56,48.04
2019-01-09 19:25:00,27.83,32.78,36.07,36.28,50.02,53.4,51.66,54.4,39.09,51.74,52.18,42.02,55.77,45.88,30.16,44.77,35.92,42.61,47.04,51.35,52.97,54.17,46.74,53.99,55.25,44.85,46.89,46.71,45.65,46.53,43.53,48.56,48.04
2019-01-09 19:30:00,27.84,32.79,36.08,36.28,50.02,53.4,51.67,54.4,39.09,51.74,52.18,42.02,55.77,45.88,30.16,44.77,35.92,42.61,47.04,51.35,52.97,54.17,46.74,53.99,55.26,44.85,46.89,46.71,45.65,46.53,43.53,48.56,48.04
2019-01-09 19:35:00,27.85,32.8,36.09,36.28,50.02,53.4,51.66,54.4,39.09,51.74,52.18,42.02,55.77,45.88,30.16,44.77,35.92,42.61,47.04,51.35,52.97,54.17,46.74,53.99,55.25,44.85,46.89,46.71,45.65,46.53,43.53,48.56,48.04
2019-01-09 19:40:00,27.86,32.8,36.1,36.28,50.02,53.4,51.66,54.4,39.09,51.74,52.18,42.02,55.77,45.88,30.16,44.77,35.92,42.61,47.04,51.35,52.97,54.17,46.74,53.99,55.25,44.85,46.89,46.71,45.65,46.53,43.53,48.56,48.04
2019-01-09 19:45:00,27.86,32.81,36.11,36.28,50.02,53.4,51.66,54.4,39.09,51.73,52.18,42.02,55.77,45.88,30.16,44.77,35.92,42.61,47.04,51.35,52.97,54.17,46.74,53.99,55.25,44.85,46.89,46.7,45.65,46.53,43.53,48.56,48.04
2019-01-09 19:50:00,27.87,32.82,36.11,36.28,50.02,53.4,51.66,54.4,39.09,51.73,52.18,42.02,55.77,45.88,30.16,44.77,35.92,42.61,47.04,51.35,52.97,54.17,46.74,53.99,55.25,44.85,46.89,46.7,45.65,46.53,43.53,48.56,48.04
2019-01-09 19:55:00,27.88,32.83,36.12,36.28,50.02,53.4,51.66,54.4,39.09,51.74,52.18,42.02,55.77,45.88,30.16,44.77,35.92,42.61,47.04,51.35,52.97,54.17,46.74,53.99,55.25,44.85,46.89,46.71,45.65,46.53,43.53,48.56,48.04
2019-01-09 20:00:00,27.89,32.84,36.13,36.28,50.02,53.41,51.67,54.4,39.09,51.74,52.18,42.02,55.77,45.89,30.16,44.77,35.92,42.61,47.04,51.35,52.97,54.17,46.75,53.99,55.26,44.85,46.89,46.71,45.65,46.54,43.53,48.56,48.04
2019-01-09 20:05:00,27.9,32.85,36.14,36.29,50.03,53.41,51.67,54.41,39.09,51.74,52.18,42.02,55.78,45.89,30.17,44.78,35.92,42.62,47.04,51.35,52.98,54.17,46.75,54.0,55.26,44.85,46.9,46.71,45.65,46.54,43.53,48.57,48.04
2019-01-09 20:10:00,27.91,32.85,36.15,36.29,50.03,53.41,51.68,54.41,39.09,51.75,52.19,42.02,55.78,45.9,30.17,44.78,35.93,42.62,47.04,51.35,52.98,54.18,46.76,54.0,55.27,44.86,46.9,46.71,45.66,46.54,43.54,48.57,48.05
2019-01-09 20:15:00,27.92,32.86,36.16,36.3,50.03,53.42,51.68,54.42,39.09,51.75,52.19,42.03,55.78,45.9,30.18,44.79,35.94,42.63,47.05,51.35,52.98,54.18,46.76,54.0,55.27,44.86,46.9,46.72,45.66,46.55,43.54,48.58,48.05
2019-01-09 20:20:00,27.92,32.87,36.17,36.3,50.03,53.42,51.69,54.42,39.09,51.76,52.19,42.03,55.79,45.9,30.18,44.79,35.94,42.63,47.05,51.35,52.99,54.18,46.76,54.01,55.28,44.87,46.91,46.72,45.66,46.55,43.54,48.58,48.05
2019-01-09 20:25:00,27.93,32.88,36.17,36.3,50.03,53.42,51.69,54.42,39.09,51.76,52.19,42.03,55.79,45.91,30.18,44.79,35.94,42.63,47.05,51.36,52.99,54.19,46.77,54.01,55.28,44.87,46.91,46.72,45.66,46.55,43.54,48.58,48.05
2019-01-09 20:30:00,27.94,32.89,36.18,36.3,50.03,53.42,51.68,54.42,39.09,51.76,52.19,42.03,55.79,45.9,30.18,44.79,35.94,42.63,47.05,51.35,52.99,54.18,46.76,54.01,55.28,44.87,46.91,46.72,45.66,46.55,43.54,48.58,48.05
2019-01-09 20:35:00,27.95,32.9,36.19,36.29,50.03,53.41,51.68,54.41,39.09,51.75,52.19,42.03,55.78,45.9,30.18,44.78,35.93,42.63,47.05,51.35,52.98,54.18,46.76,54.0,55.27,44.86,46.9,46.72,45.66,46.54,43.54,48.57,48.05
2019-01-09 20:40:00,27.96,32.9,36.2,36.29,50.03,53.41,51.67,54.41,39.09,51.74,52.18,42.02,55.78,45.89,30.17,44.78,35.93,42.62,47.04,51.35,52.98,54.17,46.75,54.0,55.26,44.86,46.9,46.71,45.65,46.54,43.54,48.57,48.04
2019-01-09 20:45:00,27.96,32.91,36.2,36.28,50.02,53.4,51.66,54.4,39.09,51.74,52.18,42.02,55.77,45.88,30.16,44.77,35.92,42.61,47.04,51.35,52.97,54.17,46.74,53.99,55.25,44.85,46.89,46.7,45.65,46.53,43.53,48.56,48.04
2019-01-09 20:50:00,27.97,32.92,36.21,36.27,50.02,53.4,51.66,54.39,39.09,51.73,52.17,42.01,55.76,45.87,30.15,44.76,35.91,42.6,47.03,51.34,52.97,54.16,46.74,53.98,55.25,44.84,46.88,46.7,45.64,46.53,43.53,48.55,48.03
2019-01-09 20:55:00,27.98,32.92,36.22,36.26,50.01,53.39,51.65,54.38,39.09,51.72,52.16,42.01,55.76,45.87,30.14,44.75,35.9,42.59,47.03,51.34,52.96,54.16,46.73,53.98,55.24,44.84,46.87,46.69,45.64,46.52,43.53,48.55,48.03
2019-01-09 21:00:00,27.98,32.93,36.23,36.26,50.01,53.39,51.64,54.38,39.09,51.72,52.16,42.01,55.76,45.86,30.14,44.75,35.9,42.59,47.03,51.34,52.96,54.15,46.73,53.97,55.23,44.83,46.87,46.69,45.63,46.52,43.53,48.55,48.03
2019-01-09 21:05:00,27.99,32.94,36.23,36.26,50.01,53.39,51.64,54.38,39.09,51.72,52.16,42.01,55.76,45.86,30.14,44.75,35.9,42.59,47.03,51.34,52.96,54.15,46.73,53.97,55.23,44.83,46.87,46.69,45.63,46.52,43.53,48.55,48.03
2019-01-09 21:10:00,28.0,32.95,36.24,36.26,50.01,53.39,51.65,54.38,39.09,51.72,52.16,42.01,55.76,45.87,30.14,44.75,35.9,42.59,47.03,51.34,52.96,54.16,46.73,53.98,55.24,44.83,46.87,46.69,45.64,46.52,43.53,48.55,48.03
2019-01-09 21:15:00,28.01,32.96,36.25,36.27,50.02,53.4,51.65,54.39,39.09,51.73,52.17,42.01,55.76,45.87,30.15,44.76,35.9,42.6,47.03,51.34,52.97,54.16,46.73,53.98,55.24,44.84,46.88,46.7,45.64,46.52,43.53,48.55,48.03
2019-01-09 21:20:00,28.02,32.97,36.26,36.27,50.02,53.4,51.66,54.4,39.09,51.73,52.17,42.02,55.77,45.88,30.15,44.77,35.91,42.61,47.04,51.34,52.97,54.17,46.74,53.99,55.25,44.85,46.89,46.7,45.64,46.53,43.53,48.56,48.04
2019-01-09 21:25:00,28.03,32.98,36.27,36.29,50.03,53.41,51.67,54.41,39.09,51.74,52.18,42.02,55.78,45.89,30.17,44.78,35.92,42.62,47.04,51.35,52.98,54.17,46.75,54.0,55.26,44.85,46.89,46.71,45.65,46.54,43.53,48.57,48.04
2019-01-09 21:30:00,28.04,32.99,36.28,36.3,50.03,53.42,51.68,54.42,39.09,51.76,52.19,42.03,55.78,45.9,30.18,44.79,35.94,42.63,47.05,51.35,52.99,54.18,46.76,54.01,55.27,44.86,46.9,46.72,45.66,46.55,43.54,48.57,48.05
2019-01-09 21:35:00,28.05,33.0,36.29,36.31,50.04,53.43,51.7,54.43,39.09,51.77,52.2,42.03,55.79,45.91,30.19,44.8,35.95,42.64,47.06,51.36,52.99,54.19,46.77,54.02,55.29,44.87,46.92,46.73,45.67,46.56,43.54,48.58,48.06
2019-01-09 21:40:00,28.06,33.01,36.3,36.33,50.05,53.44,51.71,54.45,39.09,51.78,52.21,42.04,55.81,45.93,30.21,44.81,35.97,42.66,47.06,51.37,53.0,54.21,46.79,54.03,55.3,44.89,46.93,46.74,45.68,46.57,43.55,48.6,48.07
2019-01-09 21:45:00,28.07,33.02,36.31,36.35,50.06,53.45,51.73,54.46,39.09,51.8,52.23,42.05,55.82,45.95,30.23,44.83,35.99,42.68,47.08,51.37,53.02,54.22,46.81,54.05,55.32,44.9,46.95,46.76,45.69,46.58,43.55,48.61,48.08
2019-01-09 21:50:00,28.08,33.03,36.32,36.37,50.07,53.46,51.75,54.49,39.09,51.82,52.25,42.06,55.84,45.97,30.26,44.85,36.01,42.7,47.09,51.38,53.03,54.24,46.83,54.06,55.34,44.92,46.97,46.77,45.7,46.6,43.56,48.63,48.09
2019-01-09 21:55:00,28.09,33.04,36.33,36.4,50.09,53.48,51.78,54.51,39.09,51.85,52.27,42.08,55.85,46.0,30.28,44.88,36.04,42.73,47.1,51.39,53.05,54.26,46.85,54.09,55.37,44.94,46.99,46.79,45.72,46.62,43.57,48.65,48.11
2019-01-09 22:00:00,28.11,33.05,36.34,36.43,50.1,53.5,51.8,54.54,39.09,51.88,52.29,42.09,55.87,46.03,30.31,44.91,36.07,42.75,47.12,51.4,53.06,54.28,46.88,54.11,55.4,44.97,47.02,46.82,45.73,46.64,43.58,48.67,48.12
2019-01-09 22:05:00,28.12,33.07,36.36,36.46,50.12,53.52,51.83,54.56,39.09,51.9,52.31,42.11,55.89,46.05,30.35,44.93,36.1,42.78,47.14,51.42,53.08,54.3,46.9,54.13,55.42,44.99,47.04,46.84,45.75,46.66,43.59,48.69,48.14
2019-01-09 22:10:00,28.13,33.08,36.37,36.49,50.14,53.54,51.86,54.59,39.09,51.93,52.33,42.12,55.91,46.08,30.38,44.96,36.12,42.81,47.15,51.43,53.1,54.32,46.93,54.15,55.45,45.01,47.07,46.86,45.77,46.68,43.6,48.71,48.15
2019-01-09 22:15:00,28.15,33.09,36.38,36.51,50.15,53.55,51.88,54.61,39.09,51.95,52.35,42.13,55.93,46.1,30.4,44.98,36.15,42.84,47.17,51.44,53.11,54.33,46.95,54.17,55.47,45.03,47.09,46.88,45.78,46.7,43.6,48.73,48.17
2019-01-09 22:20:00,28.16,33.1,36.39,36.53,50.16,53.56,51.9,54.63,39.09,51.97,52.37,42.15,55.94,46.12,30.42,45.0,36.17,42.86,47.18,51.44,53.13,54.35,46.97,54.19,55.49,45.05,47.11,46.89,45.8,46.71,43.61,48.75,48.18
2019-01-09 22:25:00,28.17,33.12,36.4,36.55,50.17,53.57,51.92,54.65,39.09,51.99,52.38,42.15,55.96,46.14,30.44,45.02,36.19,42.87,47.19,51.45,53.14,54.36,46.98,54.2,55.51,45.06,47.12,46.91,45.81,46.72,43.62,48.76,48.19
2019-01-09 22:30:00,28.18,33.13,36.42,36.56,50.18,53.58,51.93,54.66,39.09,52.0,52.39,42.16,55.96,46.15,30.46,45.03,36.2,42.88,47.19,51.46,53.14,54.37,47.0,54.21,55.52,45.07,47.13,46.91,45.81,46.73,43.62,48.77,48.2
2019-01-09 22:35:00,28.19,33.14,36.43,36.57,50.18,53.59,51.94,54.67,39.09,52.01,52.4,42.16,55.97,46.16,30.47,45.04,36.21,42.89,47.2,51.46,53.15,54.38,47.0,54.22,55.53,45.08,47.14,46.92,45.82,46.74,43.62,48.77,48.2
2019-01-09 22:40:00,28.2,33.15,36.44,36.58,50.19,53.59,51.95,54.68,39.09,52.01,52.41,42.17,55.98,46.17,30.47,45.04,36.22,42.9,47.2,51.46,53.15,54.38,47.01,54.23,55.54,45.08,47.15,46.93,45.82,46.75,43.63,48.78,48.21
2019-01-09 22:45:00,28.22,33.16,36.45,36.59,50.19,53.6,51.95,54.69,39.09,52.02,52.41,42.17,55.98,46.18,30.48,45.05,36.23,42.91,47.21,51.47,53.16,54.39,47.02,54.23,55.55,45.09,47.16,46.93,45.83,46.75,43.63,48.79,48.21
2019-01-09 22:50:00,28.23,33.17,36.46,36.6,50.2,53.61,51.97,54.7,39.09,52.03,52.42,42.18,55.99,46.19,30.5,45.06,36.24,42.92,47.21,51.47,53.17,54.4,47.03,54.24,55.56,45.1,47.17,46.94,45.84,46.76,43.63,48.8,48.22
2019-01-09 22:55:00,28.24,33.18,36.47,36.62,50.21,53.62,51.98,54.71,39.09,52.05,52.44,42.19,56.0,46.2,30.51,45.08,36.26,42.94,47.22,51.48,53.18,54.41,47.04,54.26,55.57,45.11,47.18,46.96,45.85,46.77,43.64,48.81,48.23
2019-01-09 23:00:00,28.25,33.2,36.48,36.64,50.22,53.63,52.0,54.73,39.09,52.07,52.45,42.2,56.01,46.22,30.53,45.1,36.27,42.96,47.23,51.48,53.19,54.42,47.06,54.27,55.59,45.13,47.2,46.97,45.86,46.79,43.64,48.82,48.24
2019-01-09 23:05:00,28.27,33.21,36.5,36.66,50.23,53.64,52.02,54.75,39.09,52.09,52.47,42.21,56.03,46.24,30.56,45.12,36.3,42.98,47.24,51.49,53.2,54.44,47.08,54.29,55.61,45.15,47.22,46.99,45.87,46.8,43.65,48.84,48.25
2019-01-09 23:10:00,28.28,33.22,36.51,36.69,50.24,53.66,52.04,54.77,39.09,52.11,52.49,42.22,56.05,46.27,30.58,45.14,36.32,43.0,47.26,51.5,53.22,54.45,47.1,54.31,55.64,45.16,47.24,47.0,45.88,46.82,43.66,48.86,48.26
2019-01-09 23:15:00,28.29,33.24,36.52,36.71,50.25,53.67,52.07,54.8,39.09,52.13,52.51,42.23,56.06,46.29,30.61,45.16,36.35,43.02,47.27,51.51,53.23,54.47,47.13,54.33,55.66,45.18,47.26,47.02,45.9,46.84,43.67,48.87,48.28
2019-01-09 23:20:00,28.31,33.25,36.53,36.74,50.27,53.69,52.09,54.82,39.09,52.15,52.52,42.25,56.08,46.31,30.64,45.19,36.37,43.05,47.29,51.52,53.25,54.49,47.15,54.35,55.68,45.2,47.28,47.04,45.91,46.85,43.67,48.89,48.29
2019-01-09 23:25:00,28.32,33.26,36.55,36.76,50.28,53.7,52.11,54.84,39.09,52.18,52.54,42.26,56.1,46.34,30.66,45.21,36.4,43.07,47.3,51.53,53.26,54.51,47.17,54.37,55.71,45.22,47.3,47.06,45.93,46.87,43.68,48.91,48.3
2019-01-09 23:30:00,28.33,33.28,36.56,36.78,50.29,53.72,52.13,54.86,39.09,52.2,52.56,42.27,56.11,46.36,30.69,45.23,36.42,43.09,47.31,51.54,53.27,54.52,47.19,54.38,55.73,45.24,47.32,47.08,45.94,46.89,43.69,48.93,48.31
2019-01-09 23:35:00,28.35,33.29,36.57,36.81,50.3,53.73,52.15,54.88,39.09,52.22,52.58,42.28,56.13,46.38,30.71,45.25,36.44,43.12,47.32,51.55,53.29,54.54,47.21,54.4,55.75,45.26,47.34,47.09,45.95,46.9,43.69,48.94,48.33
2019-01-09 23:40:00,28.36,33.3,36.59,36.83,50.32,53.74,52.17,54.9,39.09,52.24,52.59,42.29,56.14,46.4,30.73,45.27,36.46,43.14,47.33,51.56,53.3,54.55,47.23,54.42,55.77,45.27,47.36,47.11,45.96,46.92,43.7,48.96,48.34
2019-01-09 23:45:00,28.38,33.32,36.6,36.85,50.33,53.76,52.19,54.92,39.09,52.26,52.61,42.3,56.16,46.42,30.75,45.29,36.48,43.16,47.35,51.56,53.31,54.57,47.25,54.44,55.79,45.29,47.38,47.12,45.98,46.93,43.71,48.97,48.35
2019-01-09 23:50:00,28.39,33.33,36.61,36.87,50.34,53.77,52.21,54.94,39.09,52.28,52.62,42.31,56.17,46.44,30.78,45.31,36.51,43.18,47.36,51.57,53.33,54.58,47.27,54.45,55.81,45.31,47.39,47.14,45.99,46.95,43.71,48.99,48.36
2019-01-09 23:55:00,28.4,33.35,36.63,36.89,50.35,53.79,52.24,54.96,39.09,52.3,52.64,42.32,56.19,46.46,30.8,45.33,36.53,43.2,47.37,51.58,53.34,54.6,47.29,54.47,55.83,45.32,47.41,47.15,46.0,46.96,43.72,49.0,48.37
2019-01-10 00:00:00,28.42,33.36,36.64,36.92,50.37,53.8,52.26,54.98,39.09,52.32,52.66,42.33,56.2,46.49,30.82,45.35,36.55,43.22,47.38,51.59,53.35,54.62,47.31,54.49,55.85,45.34,47.43,47.17,46.01,46.98,43.73,49.02,48.38
2019-01-10 00:05:00,28.43,33.37,36.65,36.94,50.38,53.82,52.28,55.01,39.09,52.34,52.68,42.35,56.22,46.51,30.85,45.37,36.58,43.25,47.4,51.6,53.37,54.64,47.33,54.51,55.88,45.36,47.45,47.19,46.03,46.99,43.73,49.04,48.4
2019-01-10 00:10:00,28.45,33.39,36.67,36.97,50.39,53.83,52.3,55.03,39.09,52.37,52.69,42.36,56.24,46.53,30.88,45.4,36.6,43.27,47.41,51.61,53.38,54.65,47.35,54.53,55.9,45.38,47.48,47.21,46.04,47.01,43.74,49.05,48.41
2019-01-10 00:15:00,28.46,33.4,36.68,36.99,50.41,53.85,52.33,55.05,39.09,52.39,52.71,42.37,56.25,46.56,30.9,45.42,36.63,43.29,47.43,51.62,53.4,54.67,47.37,54.55,55.92,45.4,47.5,47.23,46.06,47.03,43.75,49.07,48.42
2019-01-10 00:20:00,28.47,33.42,36.7,37.02,50.42,53.87,52.35,55.08,39.09,52.42,52.73,42.38,56.27,46.58,30.93,45.44,36.65,43.32,47.44,51.63,53.42,54.69,47.4,54.57,55.95,45.42,47.52,47.24,46.07,47.04,43.76,49.09,48.44
2019-01-10 00:25:00,28.49,33.43,36.71,37.05,50.44,53.88,52.38,55.1,39.09,52.44,52.75,42.39,56.29,46.61,30.96,45.47,36.68,43.35,47.46,51.64,53.43,54.71,47.42,54.59,55.97,45.44,47.54,47.26,46.08,47.06,43.76,49.11,48.45
2019-01-10 00:30:00,28.5,33.45,36.72,37.07,50.45,53.9,52.4,55.13,39.09,52.47,52.77,42.41,56.31,46.63,30.98,45.49,36.71,43.37,47.47,51.65,53.45,54.73,47.44,54.61,56.0,45.46,47.56,47.28,46.1,47.08,43.77,49.12,48.46
2019-01-10 00:35:00,28.52,33.46,36.74,37.1,50.46,53.92,52.43,55.15,39.09,52.49,52.79,42.42,56.33,46.66,31.01,45.52,36.73,43.4,47.48,51.66,53.46,54.75,47.47,54.63,56.02,45.48,47.59,47.3,46.11,47.1,43.78,49.14,48.48
2019-01-10 00:40:00,28.53,33.48,36.75,37.13,50.48,53.94,52.45,55.18,39.09,52.52,52.81,42.43,56.35,46.68,31.04,45.54,36.76,43.42,47.5,51.67,53.48,54.77,47.49,54.66,56.05,45.5,47.61,47.32,46.13,47.11,43.79,49.16,48.49
2019-01-10 00:45:00,28.55,33.49,36.77,37.15,50.49,53.95,52.48,55.2,39.09,52.54,52.83,42.44,56.36,46.71,31.07,45.56,36.79,43.45,47.51,51.68,53.5,54.79,47.52,54.68,56.07,45.52,47.63,47.34,46.14,47.13,43.79,49.18,48.5
2019-01-10 00:50:00,28.56,33.51,36.78,37.18,50.51,53.97,52.5,55.23,39.1,52.57,52.85,42.46,56.38,46.73,31.09,45.59,36.81,43.47,47.53,51.69,53.51,54.81,47.54,54.7,56.1,45.54,47.65,47.35,46.16,47.15,43.8,49.2,48.52
2019-01-10 00:55:00,28.58,33.52,36.8,37.21,50.52,53.99,52.53,55.25,39.1,52.59,52.86,42.47,56.4,46.76,31.12,45.61,36.84,43.5,47.54,51.7,53.53,54.83,47.56,54.72,56.12,45.56,47.67,47.37,46.17,47.17,43.81,49.21,48.53
2019-01-10 01:00:00,28.6,33.54,36.81,37.23,50.54,54.0,52.55,55.27,39.1,52.62,52.88,42.48,56.42,46.78,31.15,45.63,36.86,43.52,47.56,51.71,53.54,54.85,47.58,54.74,56.15,45.58,47.69,47.39,46.18,47.18,43.82,49.23,48.54
2019-01-10 01:05:00,28.61,33.55,36.83,37.26,50.55,54.02,52.57,55.3,39.1,52.64,52.9,42.49,56.43,46.81,31.17,45.66,36.89,43.55,47.57,51.72,53.56,54.86,47.61,54.76,56.17,45.6,47.71,47.41,46.2,47.2,43.82,49.25,48.56
2019-01-10 01:10:00,28.63,33.57,36.84,37.28,50.56,54.03,52.59,55.32,39.1,52.66,52.92,42.5,56.45,46.83,31.19,45.68,36.91,43.57,47.58,51.73,53.57,54.88,47.63,54.78,56.19,45.62,47.73,47.42,46.21,47.21,43.83,49.26,48.57
2019-01-10 01:15:00,28.64,33.58,36.86,37.3,50.57,54.05,52.61,55.34,39.1,52.68,52.93,42.51,56.46,46.85,31.22,45.7,36.93,43.59,47.6,51.74,53.59,54.9,47.65,54.8,56.21,45.64,47.75,47.44,46.22,47.23,43.84,49.28,48.58
2019-01-10 01:20:00,28.66,33.6,36.87,37.32,50.59,54.06,52.64,55.36,39.1,52.7,52.95,42.52,56.48,46.87,31.24,45.72,36.96,43.61,47.61,51.75,53.6,54.91,47.67,54.81,56.23,45.65,47.77,47.45,46.23,47.24,43.84,49.29,48.59
2019-01-10 01:25:00,28.67,33.61,36.89,37.35,50.6,54.08,52.65,55.38,39.1,52.72,52.96,42.53,56.49,46.89,31.26,45.74,36.98,43.63,47.62,51.76,53.61,54.93,47.68,54.83,56.25,45.67,47.79,47.47,46.24,47.25,43.85,49.3,48.6
2019-01-10 01:30:00,28.69,33.63,36.9,37.37,50.61,54.09,52.67,55.4,39.1,52.74,52.97,42.54,56.51,46.91,31.28,45.76,37.0,43.65,47.63,51.76,53.63,54.94,47.7,54.85,56.27,45.68,47.8,47.48,46.25,47.27,43.85,49.32,48.61
2019-01-10 01:35:00,28.7,33.64,36.92,37.39,50.62,54.1,52.69,55.42,39.1,52.76,52.99,42.55,56.52,46.93,31.3,45.77,37.02,43.67,47.64,51.77,53.64,54.96,47.72,54.86,56.29,45.7,47.82,47.49,46.26,47.28,43.86,49.33,48.62
2019-01-10 01:40:00,28.72,33.66,36.93,37.41,50.63,54.11,52.71,55.44,39.1,52.78,53.0,42.56,56.53,46.95,31.32,45.79,37.04,43.69,47.65,51.78,53.65,54.97,47.74,54.88,56.31,45.71,47.83,47.51,46.27,47.29,43.86,49.34,48.63
2019-01-10 01:45:00,28.73,33.68,36.95,37.42,50.64,54.13,52.73,55.45,39.1,52.8,53.01,42.57,56.55,46.96,31.34,45.81,37.06,43.71,47.66,51.79,53.66,54.99,47.75,54.89,56.33,45.73,47.85,47.52,46.28,47.3,43.87,49.35,48.64
2019-01-10 01:50:00,28.75,33.69,36.96,37.44,50.65,54.14,52.74,55.47,39.1,52.81,53.03,42.57,56.56,46.98,31.36,45.82,37.07,43.72,47.67,51.79,53.67,55.0,47.77,54.91,56.35,45.74,47.86,47.53,46.29,47.31,43.87,49.37,48.65
2019-01-10 01:55:00,28.77,33.71,36.98,37.46,50.66,54.15,52.76,55.48,39.1,52.83,53.04,42.58,56.57,47.0,31.38,45.84,37.09,43.74,47.68,51.8,53.68,55.01,47.78,54.92,56.36,45.75,47.88,47.54,46.3,47.32,43.88,49.38,48.65
2019-01-10 02:00:00,28.78,33.72,36.99,37.47,50.67,54.16,52.77,55.5,39.1,52.84,53.05,42.59,56.58,47.01,31.39,45.85,37.1,43.75,47.69,51.8,53.69,55.02,47.8,54.93,56.38,45.76,47.89,47.55,46.31,47.33,43.88,49.39,48.66
2019-01-10 02:05:00,28.8,33.74,37.01,37.49,50.67,54.17,52.79,55.51,39.1,52.86,53.06,42.59,56.59,47.02,31.41,45.87,37.12,43.77,47.7,51.81,53.7,55.03,47.81,54.94,56.39,45.77,47.9,47.56,46.32,47.34,43.89,49.39,48.67
2019-01-10 02:10:00,28.81,33.75,37.02,37.5,50.68,54.17,52.8,55.52,39.1,52.87,53.07,42.6,56.6,47.04,31.42,45.88,37.13,43.78,47.7,51.81,53.71,55.04,47.82,54.95,56.4,45.78,47.91,47.57,46.32,47.35,43.89,49.4,48.67
2019-01-10 02:15:00,28.83,33.77,37.04,37.51,50.69,54.18,52.81,55.54,39.1,52.88,53.07,42.6,56.61,47.05,31.43,45.89,37.14,43.79,47.71,51.82,53.71,55.05,47.83,54.96,56.41,45.79,47.92,47.58,46.33,47.36,43.89,49.41,48.68
2019-01-10 02:20:00,28.84,33.78,37.06,37.52,50.69,54.19,52.82,55.55,39.1,52.89,53.08,42.61,56.61,47.06,31.44,45.9,37.16,43.8,47.72,51.82,53.72,55.06,47.84,54.97,56.42,45.8,47.93,47.59,46.33,47.36,43.9,49.42,48.68
2019-01-10 02:25:00,28.86,33.8,37.07,37.54,50.7,54.2,52.83,55.56,39.1,52.9,53.09,42.61,56.62,47.07,31.46,45.91,37.17,43.81,47.72,51.83,53.73,55.07,47.85,54.98,56.43,45.81,47.94,47.59,46.34,47.37,43.9,49.42,48.69
2019-01-10 02:30:00,28.87,33.82,37.09,37.55,50.7,54.2,52.84,55.57,39.1,52.91,53.09,42.62,56.63,47.08,31.47,45.92,37.18,43.82,47.73,51.83,53.73,55.07,47.86,54.99,56.44,45.82,47.94,47.6,46.34,47.38,43.9,49.43,48.69
2019-01-10 02:35:00,28.89,33.83,37.1,37.56,50.71,54.21,52.85,55.57,39.1,52.92,53.1,42.62,56.64,47.09,31.48,45.93,37.19,43.83,47.73,51.84,53.74,55.08,47.87,55.0,56.45,45.82,47.95,47.61,46.35,47.38,43.9,49.44,48.7
2019-01-10 02:40:00,28.91,33.85,37.12,37.57,50.72,54.21,52.86,55.58,39.1,52.93,53.11,42.63,56.64,47.1,31.49,45.94,37.2,43.84,47.74,51.84,53.74,55.09,47.88,55.0,56.46,45.83,47.96,47.61,46.35,47.39,43.91,49.44,48.7
2019-01-10 02:45:00,28.92,33.86,37.13,37.57,50.72,54.22,52.87,55.59,39.1,52.93,53.11,42.63,56.65,47.11,31.5,45.94,37.2,43.85,47.74,51.84,53.75,55.09,47.88,55.01,56.47,45.84,47.97,47.62,46.36,47.39,43.91,49.45,48.71
2019-01-10 02:50:00,28.94,33.88,37.15,37.58,50.72,54.23,52.87,55.6,39.1,52.94,53.12,42.63,56.65,47.11,31.5,45.95,37.21,43.86,47.75,51.85,53.75,55.1,47.89,55.02,56.48,45.84,47.97,47.62,46.36,47.4,43.91,49.45,48.71
2019-01-10 02:55:00,28.95,33.89,37.16,37.59,50.73,54.23,52.88,55.61,39.1,52.95,53.12,42.64,56.66,47.12,31.51,45.96,37.22,43.87,47.75,51.85,53.76,55.11,47.9,55.02,56.48,45.85,47.98,47.63,46.37,47.4,43.91,49.46,48.71
2019-01-10 03:00:00,28.97,33.91,37.18,37.6,50.73,54.23,52.89,55.61,39.1,52.96,53.13,42.64,56.66,47.13,31.52,45.96,37.23,43.87,47.76,51.85,53.76,55.11,47.9,55.03,56.49,45.86,47.98,47.63,46.37,47.41,43.91,49.46,48.72
2019-01-10 03:05:00,28.98,33.93,37.19,37.6,50.74,54.24,52.89,55.62,39.1,52.96,53.13,42.64,56.67,47.13,31.53,45.97,37.23,43.88,47.76,51.85,53.77,55.11,47.91,55.03,56.5,45.86,47.99,47.64,46.37,47.41,43.92,49.46,48.72
2019-01-10 03:10:00,29.0,33.94,37.21,37.61,50.74,54.24,52.9,55.62,39.1,52.97,53.14,42.64,56.67,47.14,31.53,45.97,37.24,43.88,47.76,51.86,53.77,55.12,47.91,55.04,56.5,45.86,47.99,47.64,46.37,47.41,43.92,49.47,48.72
2019-01-10 03:15:00,29.02,33.96,37.23,37.61,50.74,54.24,52.9,55.63,39.1,52.97,53.14,42.65,56.67,47.14,31.54,45.98,37.24,43.89,47.76,51.86,53.77,55.12,47.92,55.04,56.51,45.87,48.0,47.64,46.38,47.42,43.92,49.47,48.72
2019-01-10 03:20:00,29.03,33.97,37.24,37.62,50.74,54.25,52.91,55.63,39.1,52.98,53.14,42.65,56.68,47.15,31.54,45.98,37.25,43.89,47.77,51.86,53.78,55.12,47.92,55.04,56.51,45.87,48.0,47.64,46.38,47.42,43.92,49.47,48.73
2019-01-10 03:25:00,29.05,33.99,37.26,37.62,50.74,54.25,52.91,55.64,39.1,52.98,53.14,42.65,56.68,47.15,31.54,45.99,37.25,43.9,47.77,51.86,53.78,55.13,47.92,55.05,56.51,45.87,48.0,47.65,46.38,47.42,43.92,49.48,48.73
2019-01-10 03:30:00,29.06,34.0,37.27,37.63,50.75,54.25,52.91,55.64,39.1,52.98,53.15,42.65,56.68,47.15,31.55,45.99,37.26,43.9,47.77,51.86,53.78,55.13,47.93,55.05,56.52,45.88,48.01,47.65,46.38,47.42,43.92,49.48,48.73
2019-01-10 03:35:00,29.08,34.02,37.29,37.63,50.75,54.25,52.92,55.64,39.1,52.99,53.15,42.65,56.68,47.16,31.55,45.99,37.26,43.9,47.77,51.86,53.78,55.13,47.93,55.05,56.52,45.88,48.01,47.65,46.38,47.42,43.92,49.48,48.73
2019-01-10 03:40:00,29.09,34.03,37.3,37.63,50.75,54.26,52.92,55.65,39.1,52.99,53.15,42.65,56.69,47.16,31.56,46.0,37.26,43.91,47.77,51.86,53.78,55.14,47.94,55.06,56.52,45.88,48.01,47.65,46.39,47.43,43.92,49.48,48.73
2019-01-10 03:45:00,29.11,34.05,37.32,37.64,50.75,54.26,52.93,55.65,39.1,52.99,53.15,42.66,56.69,47.17,31.56,46.0,37.27,43.91,47.78,51.87,53.79,55.14,47.94,55.06,56.53,45.89,48.02,47.66,46.39,47.43,43.92,49.48,48.74
2019-01-10 03:50:00,29.12,34.07,37.33,37.64,50.76,54.26,52.93,55.65,39.1,53.0,53.16,42.66,56.69,47.17,31.57,46.0,37.27,43.92,47.78,51.87,53.79,55.14,47.94,55.06,56.53,45.89,48.02,47.66,46.39,47.43,43.92,49.49,48.74
2019-01-10 03:55:00,29.14,34.08,37.35,37.65,50.76,54.26,52.93,55.66,39.1,53.0,53.16,42.66,56.7,47.17,31.57,46.01,37.28,43.92,47.78,51.87,53.79,55.14,47.95,55.07,56.54,45.89,48.02,47.66,46.39,47.43,43.93,49.49,48.74
2019-01-10 04:00:00,29.16,34.1,37.37,37.65,50.76,54.27,52.94,55.66,39.1,53.0,53.16,42.66,56.7,47.18,31.57,46.01,37.28,43.92,47.78,51.87,53.79,55.15,47.95,55.07,56.54,45.89,48.02,47.66,46.39,47.44,43.93,49.49,48.74
2019-01-10 04:05:00,29.17,34.11,37.38,37.65,50.76,54.27,52.94,55.66,39.1,53.01,53.16,42.66,56.7,47.18,31.58,46.01,37.28,43.92,47.78,51.87,53.79,55.15,47.95,55.07,56.54,45.9,48.03,47.67,46.39,47.44,43.93,49.49,48.74
2019-01-10 04:10:00,29.19,34.13,37.4,37.65,50.76,54.27,52.94,55.66,39.1,53.01,53.16,42.66,56.7,47.18,31.58,46.01,37.28,43.93,47.78,51.87,53.8,55.15,47.95,55.07,56.54,45.9,48.03,47.67,46.39,47.44,43.93,49.49,48.74
2019-01-10 04:15:00,29.2,34.14,37.41,37.65,50.76,54.27,52.94,55.66,39.1,53.01,53.16,42.66,56.7,47.18,31.58,46.01,37.28,43.93,47.78,51.87,53.8,55.15,47.95,55.07,56.54,45.9,48.03,47.67,46.39,47.44,43.93,49.49,48.74
2019-01-10 04:20:00,29.22,34.16,37.43,37.65,50.76,54.27,52.94,55.66,39.1,53.01,53.16,42.66,56.7,47.18,31.58,46.01,37.28,43.93,47.78,51.87,53.8,55.15,47.95,55.07,56.54,45.9,48.03,47.67,46.39,47.44,43.93,49.49,48.74
2019-01-10 04:25:00,29.23,34.17,37.44,37.65,50.76,54.27,52.94,55.66,39.1,53.01,53.16,42.66,56.7,47.18,31.58,46.01,37.28,43.92,47.78,51.87,53.8,55.15,47.95,55.07,56.54,45.9,48.03,47.67,46.39,47.44,43.93,49.49,48.74
2019-01-10 04:30:00,29.25,34.19,37.46,37.65,50.76,54.27,52.94,55.66,39.1,53.01,53.16,42.66,56.7,47.18,31.58,46.01,37.28,43.92,47.78,51.87,53.79,55.15,47.95,55.07,56.54,45.9,48.03,47.67,46.39,47.44,43.93,49.49,48.74
2019-01-10 04:35:00,29.26,34.21,37.47,37.65,50.76,54.27,52.94,55.66,39.1,53.01,53.16,42.66,56.7,47.18,31.57,46.01,37.28,43.92,47.78,51.87,53.79,55.15,47.95,55.07,56.54,45.89,48.02,47.66,46.39,47.44,43.93,49.49,48.74
2019-01-10 04:40:00,29.28,34.22,37.49,37.65,50.76,54.27,52.94,55.66,39.1,53.01,53.16,42.66,56.7,47.18,31.57,46.01,37.28,43.92,47.78,51.87,53.79,55.15,47.95,55.07,56.54,45.89,48.02,47.66,46.39,47.44,43.93,49.49,48.74
2019-01-10 04:45:00,29.3,34.24,37.51,37.65,50.76,54.27,52.94,55.66,39.1,53.0,53.16,42.66,56.7,47.18,31.57,46.01,37.28,43.92,47.78,51.87,53.79,55.15,47.95,55.07,56.54,45.89,48.02,47.66,46.39,47.43,43.93,49.49,48.74
2019-01-10 04:50:00,29.31,34.25,37.52,37.65,50.76,54.27,52.93,55.66,39.1,53.0,53.16,42.66,56.7,47.17,31.57,46.01,37.28,43.92,47.78,51.87,53.79,55.15,47.95,55.07,56.54,45.89,48.02,47.66,46.39,47.43,43.93,49.49,48.74
2019-01-10 04:55:00,29.33,34.27,37.54,37.65,50.76,54.26,52.93,55.66,39.1,53.0,53.16,42.66,56.69,47.17,31.57,46.01,37.27,43.92,47.78,51.87,53.79,55.15,47.94,55.07,56.54,45.89,48.02,47.66,46.39,47.43,43.93,49.49,48.74
2019-01-10 05:00:00,29.34,34.28,37.55,37.64,50.76,54.26,52.93,55.65,39.1,53.0,53.15,42.66,56.69,47.17,31.56,46.0,37.27,43.91,47.78,51.87,53.79,55.14,47.94,55.06,56.53,45.89,48.02,47.66,46.39,47.43,43.92,49.49,48.74
2019-01-10 05:05:00,29.35,34.29,37.56,38.18,50.88,54.4,53.23,55.95,39.1,53.28,53.29,42.75,56.88,47.49,32.02,46.33,37.71,44.25,47.9,51.97,53.93,55.31,48.23,55.27,56.84,46.1,48.22,47.81,46.48,47.55,43.97,49.6,48.82
2019-01-10 05:10:00,29.34,34.28,37.55,38.18,50.88,54.4,53.23,55.95,39.1,53.27,53.28,42.74,56.87,47.49,32.01,46.33,37.71,44.24,47.9,51.97,53.93,55.31,48.23,55.27,56.83,46.1,48.22,47.8,46.48,47.54,43.97,49.6,48.82
2019-01-10 05:15:00,29.34,34.28,37.55,38.17,50.87,54.4,53.22,55.94,39.1,53.27,53.28,42.74,56.87,47.48,32.01,46.32,37.7,44.24,47.9,51.96,53.93,55.31,48.22,55.26,56.83,46.1,48.21,47.8,46.48,47.54,43.97,49.6,48.82
2019-01-10 05:20:00,29.34,34.28,37.55,38.17,50.87,54.39,53.21,55.93,39.1,53.26,53.28,42.74,56.86,47.47,32.0,46.31,37.69,44.23,47.89,51.96,53.92,55.3,48.22,55.26,56.82,46.09,48.2,47.79,46.47,47.53,43.97,49.59,48.81
2019-01-10 05:25:00,29.33,34.27,37.54,38.16,50.86,54.39,53.21,55.93,39.1,53.25,53.27,42.73,56.86,47.47,31.99,46.31,37.68,44.22,47.89,51.96,53.92,55.29,48.21,55.25,56.81,46.08,48.2,47.79,46.47,47.53,43.97,49.58,48.81
2019-01-10 05:30:00,29.33,34.27,37.54,38.15,50.86,54.38,53.2,55.92,39.1,53.24,53.26,42.73,56.85,47.46,31.98,46.3,37.67,44.21,47.88,51.95,53.91,55.29,48.2,55.24,56.8,46.08,48.19,47.78,46.46,47.52,43.96,49.58,48.8
2019-01-10 05:35:00,29.32,34.26,37.53,38.13,50.85,54.37,53.18,55.9,39.1,53.23,53.25,42.72,56.84,47.44,31.97,46.28,37.66,44.2,47.87,51.95,53.9,55.28,48.19,55.23,56.79,46.06,48.18,47.77,46.46,47.51,43.96,49.57,48.8
2019-01-10 05:40:00,29.31,34.25,37.53,38.12,50.84,54.36,53.17,55.89,39.1,53.22,53.24,42.71,56.83,47.43,31.95,46.27,37.65,44.18,47.86,51.94,53.89,55.26,48.17,55.22,56.77,46.05,48.16,47.76,46.45,47.5,43.95,49.56,48.79
2019-01-10 05:45:00,29.31,34.25,37.52,38.1,50.83,54.34,53.15,55.87,39.1,53.2,53.22,42.7,56.81,47.41,31.93,46.25,37.62,44.16,47.85,51.93,53.88,55.25,48.15,55.2,56.75,46.04,48.14,47.74,46.43,47.48,43.95,49.54,48.78
2019-01-10 05:50:00,29.3,34.24,37.51,38.07,50.81,54.33,53.12,55.84,39.1,53.17,53.2,42.69,56.79,47.38,31.9,46.23,37.6,44.14,47.84,51.92,53.86,55.23,48.13,55.18,56.73,46.01,48.12,47.72,46.42,47.47,43.94,49.52,48.76
2019-01-10 05:55:00,29.29,34.23,37.5,38.04,50.8,54.31,53.09,55.81,39.1,53.14,53.18,42.67,56.77,47.35,31.87,46.2,37.57,44.1,47.82,51.91,53.84,55.2,48.1,55.15,56.69,45.99,48.09,47.7,46.4,47.44,43.93,49.5,48.74
2019-01-10 06:00:00,29.27,34.22,37.49,38.0,50.77,54.28,53.05,55.77,39.1,53.1,53.14,42.65,56.74,47.31,31.83,46.16,37.53,44.07,47.79,51.89,53.82,55.18,48.06,55.12,56.65,45.96,48.06,47.67,46.37,47.41,43.92,49.47,48.72
2019-01-10 06:05:00,29.26,34.2,37.48,37.96,50.75,54.25,53.01,55.73,39.1,53.06,53.11,42.63,56.71,47.27,31.78,46.12,37.48,44.02,47.77,51.87,53.79,55.14,48.02,55.08,56.61,45.92,48.02,47.63,46.35,47.38,43.9,49.43,48.69
2019-01-10 06:10:00,29.24,34.19,37.47,37.91,50.72,54.22,52.96,55.68,39.1,53.01,53.07,42.6,56.68,47.22,31.73,46.07,37.43,43.97,47.74,51.85,53.76,55.11,47.98,55.04,56.56,45.88,47.97,47.59,46.32,47.34,43.89,49.39,48.67
2019-01-10 06:15:00,29.23,34.17,37.45,37.85,50.69,54.18,52.91,55.63,39.1,52.96,53.03,42.57,56.64,47.17,31.67,46.02,37.38,43.92,47.71,51.83,53.72,55.07,47.93,55.0,56.51,45.84,47.93,47.55,46.28,47.3,43.87,49.35,48.63
2019-01-10 06:20:00,29.21,34.15,37.44,37.8,50.66,54.15,52.86,55.58,39.1,52.91,52.98,42.54,56.6,47.12,31.62,45.97,37.33,43.87,47.68,51.81,53.69,55.03,47.88,54.96,56.46,45.8,47.88,47.51,46.25,47.26,43.85,49.31,48.6
2019-01-10 06:25:00,29.19,34.14,37.42,37.75,50.63,54.11,52.81,55.53,39.1,52.86,52.94,42.52,56.56,47.07,31.56,45.93,37.28,43.82,47.65,51.79,53.66,54.99,47.83,54.91,56.41,45.75,47.83,47.47,46.22,47.22,43.83,49.27,48.57
2019-01-10 06:30:00,29.18,34.12,37.41,37.7,50.6,54.08,52.76,55.48,39.1,52.82,52.9,42.49,56.53,47.02,31.51,45.88,37.23,43.77,47.62,51.77,53.62,54.95,47.79,54.87,56.36,45.71,47.79,47.43,46.19,47.19,43.82,49.23,48.54
2019-01-10 06:35:00,29.16,34.11,37.39,37.66,50.57,54.05,52.72,55.44,39.1,52.77,52.86,42.46,56.49,46.97,31.46,45.84,37.19,43.73,47.59,51.75,53.6,54.92,47.75,54.84,56.32,45.68,47.75,47.39,46.16,47.15,43.8,49.2,48.52
2019-01-10 06:40:00,29.15,34.09,37.38,37.62,50.55,54.02,52.68,55.4,39.1,52.73,52.83,42.44,56.46,46.93,31.42,45.8,37.14,43.69,47.57,51.73,53.57,54.89,47.71,54.8,56.27,45.64,47.71,47.36,46.13,47.12,43.79,49.16,48.49
2019-01-10 06:45:00,29.13,34.08,37.37,37.58,50.53,53.99,52.64,55.36,39.1,52.7,52.8,42.42,56.44,46.89,31.38,45.76,37.1,43.65,47.54,51.72,53.54,54.85,47.67,54.77,56.24,45.61,47.67,47.33,46.11,47.09,43.77,49.13,48.47
2019-01-10 06:50:00,29.11,34.06,37.35,37.54,50.5,53.97,52.6,55.32,39.1,52.66,52.76,42.4,56.41,46.86,31.34,45.73,37.07,43.61,47.52,51.7,53.52,54.82,47.64,54.74,56.2,45.58,47.64,47.3,46.08,47.06,43.76,49.1,48.45
2019-01-10 06:55:00,29.1,34.05,37.34,37.5,50.48,53.94,52.56,55.28,39.1,52.62,52.73,42.38,56.38,46.82,31.29,45.69,37.03,43.57,47.49,51.68,53.49,54.79,47.6,54.7,56.16,45.55,47.6,47.27,46.06,47.03,43.75,49.07,48.42
2019-01-10 07:00:00,29.08,34.03,37.32,37.46,50.45,53.91,52.52,55.24,39.1,52.58,52.7,42.35,56.35,46.77,31.25,45.65,36.98,43.53,47.47,51.67,53.46,54.76,47.56,54.67,56.12,45.51,47.56,47.23,46.03,47.0,43.73,49.04,48.4
2019-01-10 07:05:00,29.07,34.01,37.31,37.41,50.43,53.88,52.48,55.2,39.1,52.53,52.66,42.33,56.32,46.73,31.2,45.61,36.94,43.48,47.44,51.65,53.43,54.73,47.52,54.63,56.07,45.48,47.52,47.2,46.0,46.97,43.72,49.0,48.37
2019-01-10 07:10:00,29.05,34.0,37.29,37.37,50.4,53.85,52.44,55.15,39.1,52.49,52.62,42.31,56.28,46.69,31.16,45.57,36.9,43.44,47.42,51.63,53.4,54.69,47.48,54.59,56.03,45.44,47.48,47.16,45.97,46.93,43.7,48.97,48.34
2019-01-10 07:15:00,29.03,33.98,37.28,37.32,50.38,53.82,52.39,55.11,39.1,52.45,52.59,42.28,56.25,46.64,31.11,45.53,36.85,43.4,47.39,51.61,53.38,54.66,47.44,54.55,55.99,45.41,47.44,47.13,45.95,46.9,43.69,48.93,48.32
2019-01-10 07:20:00,29.01,33.96,37.26,37.28,50.35,53.79,52.35,55.07,39.09,52.41,52.55,42.26,56.22,46.6,31.06,45.49,36.81,43.35,47.36,51.59,53.35,54.62,47.4,54.52,55.94,45.37,47.4,47.1,45.92,46.87,43.68,48.9,48.29
2019-01-10 07:25:00,29.0,33.95,37.25,37.24,50.33,53.76,52.31,55.03,39.09,52.37,52.52,42.24,56.19,46.57,31.02,45.45,36.77,43.32,47.34,51.58,53.32,54.59,47.36,54.49,55.91,45.34,47.37,47.07,45.89,46.84,43.66,48.87,48.27
2019-01-10 07:30:00,28.98,33.93,37.23,37.21,50.31,53.74,52.28,55.0,39.09,52.33,52.49,42.22,56.17,46.53,30.99,45.42,36.74,43.28,47.32,51.56,53.3,54.57,47.33,54.46,55.88,45.31,47.34,47.04,45.87,46.81,43.65,48.84,48.25
2019-01-10 07:35:00,28.97,33.92,37.22,37.18,50.29,53.72,52.26,54.97,39.09,52.31,52.47,42.21,56.15,46.51,30.96,45.4,36.71,43.26,47.3,51.55,53.28,54.55,47.31,54.43,55.85,45.29,47.31,47.02,45.86,46.79,43.64,48.82,48.24
2019-01-10 07:40:00,28.95,33.9,37.2,37.16,50.28,53.7,52.24,54.95,39.09,52.29,52.46,42.2,56.13,46.49,30.94,45.38,36.69,43.24,47.29,51.54,53.27,54.53,47.29,54.42,55.83,45.28,47.3,47.0,45.85,46.78,43.64,48.81,48.22
2019-01-10 07:45:00,28.94,33.89,37.19,37.15,50.27,53.69,52.22,54.94,39.09,52.27,52.44,42.19,56.12,46.47,30.93,45.36,36.68,43.22,47.28,51.54,53.26,54.52,47.28,54.4,55.81,45.26,47.28,46.99,45.84,46.77,43.63,48.8,48.22
2019-01-10 07:50:00,28.93,33.88,37.18,37.14,50.26,53.68,52.21,54.93,39.09,52.26,52.44,42.18,56.11,46.46,30.91,45.35,36.67,43.21,47.27,51.53,53.25,54.51,47.27,54.39,55.8,45.25,47.27,46.98,45.83,46.76,43.63,48.79,48.21
2019-01-10 07:55:00,28.92,33.87,37.17,37.13,50.26,53.67,52.2,54.92,39.09,52.25,52.43,42.18,56.11,46.45,30.91,45.34,36.66,43.2,47.27,51.53,53.24,54.5,47.26,54.38,55.79,45.25,47.27,46.98,45.82,46.75,43.63,48.78,48.2
2019-01-10 08:00:00,28.91,33.86,37.16,37.12,50.25,53.67,52.2,54.91,39.09,52.24,52.42,42.18,56.1,46.44,30.9,45.34,36.65,43.2,47.26,51.53,53.24,54.49,47.25,54.38,55.79,45.24,47.26,46.97,45.82,46.75,43.62,48.78,48.2
2019-01-10 08:05:00,28.9,33.85,37.15,37.12,50.25,53.66,52.19,54.9,39.09,52.23,52.42,42.17,56.09,46.44,30.89,45.33,36.64,43.19,47.26,51.52,53.23,54.49,47.25,54.37,55.78,45.24,47.25,46.97,45.82,46.74,43.62,48.77,48.2
2019-01-10 08:10:00,28.89,33.84,37.14,37.11,50.24,53.66,52.18,54.9,39.09,52.22,52.41,42.17,56.09,46.43,30.88,45.32,36.64,43.18,47.25,51.52,53.23,54.48,47.24,54.36,55.77,45.23,47.25,46.96,45.81,46.74,43.62,48.77,48.19
2019-01-10 08:15:00,28.88,33.83,37.13,37.1,50.24,53.65,52.17,54.89,39.09,52.22,52.41,42.16,56.08,46.42,30.88,45.32,36.63,43.17,47.25,51.52,53.22,54.47,47.23,54.36,55.76,45.22,47.24,46.96,45.81,46.73,43.62,48.76,48.19
2019-01-10 08:20:00,28.86,33.81,37.11,37.09,50.23,53.64,52.17,54.88,39.09,52.21,52.4,42.16,56.08,46.41,30.87,45.31,36.62,43.17,47.24,51.51,53.22,54.46,47.22,54.35,55.76,45.22,47.23,46.95,45.8,46.73,43.61,48.76,48.19
2019-01-10 08:25:00,28.85,33.8,37.1,37.09,50.23,53.64,52.16,54.87,39.09,52.2,52.4,42.16,56.07,46.41,30.86,45.3,36.61,43.16,47.24,51.51,53.21,54.46,47.22,54.34,55.75,45.21,47.23,46.94,45.8,46.72,43.61,48.75,48.18
2019-01-10 08:30:00,28.84,33.79,37.09,37.08,50.22,53.63,52.15,54.87,39.09,52.19,52.39,42.15,56.06,46.4,30.85,45.3,36.61,43.15,47.23,51.51,53.2,54.45,47.21,54.34,55.74,45.2,47.22,46.94,45.8,46.72,43.61,48.75,48.18
2019-01-10 08:35:00,28.83,33.78,37.08,37.07,50.22,53.62,52.14,54.86,39.09,52.18,52.39,42.15,56.06,46.39,30.85,45.29,36.6,43.14,47.23,51.5,53.2,54.44,47.2,54.33,55.74,45.2,47.21,46.93,45.79,46.71,43.61,48.74,48.17
2019-01-10 08:40:00,28.82,33.77,37.07,37.07,50.21,53.62,52.14,54.85,39.09,52.18,52.38,42.15,56.05,46.39,30.84,45.28,36.59,43.14,47.22,51.5,53.19,54.44,47.2,54.32,55.73,45.19,47.21,46.93,45.79,46.71,43.61,48.74,48.17
2019-01-10 08:45:00,28.81,33.76,37.06,37.06,50.21,53.62,52.13,54.85,39.09,52.17,52.38,42.14,56.05,46.38,30.83,45.28,36.59,43.13,47.22,51.5,53.19,54.43,47.19,54.32,55.72,45.19,47.2,46.93,45.79,46.7,43.6,48.73,48.17
2019-01-10 08:50:00,28.8,33.75,37.05,37.06,50.21,53.61,52.13,54.84,39.09,52.16,52.37,42.14,56.05,46.38,30.83,45.28,36.58,43.13,47.22,51.5,53.19,54.43,47.19,54.31,55.72,45.19,47.2,46.92,45.78,46.7,43.6,48.73,48.16
2019-01-10 08:55:00,28.79,33.74,37.04,37.05,50.2,53.61,52.13,54.84,39.09,52.16,52.37,42.14,56.04,46.37,30.83,45.27,36.58,43.12,47.21,51.49,53.19,54.43,47.19,54.31,55.72,45.18,47.2,46.92,45.78,46.7,43.6,48.73,48.16
2019-01-10 09:00:00,28.78,33.73,37.03,37.05,50.2,53.61,52.12,54.84,39.09,52.16,52.37,42.14,56.04,46.37,30.82,45.27,36.58,43.12,47.21,51.49,53.18,54.42,47.18,54.31,55.71,45.18,47.19,46.92,45.78,46.7,43.6,48.73,48.16
2019-01-10 09:05:00,28.76,33.71,37.01,37.05,50.2,53.6,52.12,54.83,39.09,52.15,52.37,42.14,56.04,46.37,30.82,45.27,36.58,43.12,47.21,51.49,53.18,54.42,47.18,54.31,55.71,45.18,47.19,46.92,45.78,46.7,43.6,48.72,48.16
2019-01-10 09:10:00,28.75,33.7,37.0,37.04,50.2,53.6,52.12,54.83,39.09,52.15,52.37,42.14,56.04,46.37,30.82,45.27,36.57,43.12,47.21,51.49,53.18,54.42,47.18,54.3,55.71,45.18,47.19,46.91,45.78,46.69,43.6,48.72,48.16
2019-01-10 09:15:00,28.74,33.69,36.99,37.04,50.2,53.6,52.12,54.83,39.09,52.15,52.36,42.14,56.04,46.36,30.82,45.26,36.57,43.12,47.21,51.49,53.18,54.42,47.18,54.3,55.71,45.18,47.19,46.91,45.78,46.69,43.6,48.72,48.16
2019-01-10 09:20:00,28.73,33.68,36.98,37.04,50.2,53.6,52.12,54.83,39.09,52.15,52.36,42.14,56.04,46.36,30.82,45.26,36.57,43.11,47.21,51.49,53.18,54.42,47.18,54.3,55.71,45.18,47.19,46.91,45.78,46.69,43.6,48.72,48.16
2019-01-10 09:25:00,28.72,33.67,36.97,37.04,50.19,53.6,52.11,54.83,39.09,52.15,52.36,42.13,56.03,46.36,30.81,45.26,36.57,43.11,47.2,51.49,53.18,54.41,47.17,54.3,55.7,45.17,47.19,46.91,45.77,46.69,43.6,48.72,48.16
2019-01-10 09:30:00,28.71,33.66,36.96,37.04,50.19,53.6,52.11,54.83,39.09,52.14,52.36,42.13,56.03,46.36,30.81,45.26,36.57,43.11,47.2,51.49,53.17,54.41,47.17,54.3,55.7,45.17,47.18,46.91,45.77,46.69,43.6,48.72,48.16
2019-01-10 09:35:00,28.7,33.65,36.95,37.03,50.19,53.59,52.11,54.82,39.09,52.14,52.36,42.13,56.03,46.36,30.81,45.26,36.56,43.11,47.2,51.49,53.17,54.41,47.17,54.29,55.7,45.17,47.18,46.91,45.77,46.69,43.6,48.72,48.15
2019-01-10 09:40:00,28.69,33.64,36.94,37.03,50.19,53.59,52.1,54.82,39.09,52.14,52.36,42.13,56.03,46.35,30.81,45.25,36.56,43.1,47.2,51.48,53.17,54.41,47.17,54.29,55.7,45.17,47.18,46.91,45.77,46.69,43.6,48.71,48.15
2019-01-10 09:45:00,28.68,33.63,36.93,37.03,50.19,53.59,52.1,54.82,39.09,52.13,52.35,42.13,56.03,46.35,30.8,45.25,36.56,43.1,47.2,51.48,53.17,54.4,47.16,54.29,55.69,45.16,47.18,46.9,45.77,46.68,43.59,48.71,48.15
2019-01-10 09:50:00,28.67,33.62,36.91,37.02,50.18,53.59,52.1,54.81,39.09,52.13,52.35,42.13,56.02,46.35,30.8,45.25,36.55,43.1,47.2,51.48,53.17,54.4,47.16,54.29,55.69,45.16,47.17,46.9,45.77,46.68,43.59,48.71,48.15
2019-01-10 09:55:00,28.65,33.6,36.9,37.02,50.18,53.58,52.1,54.81,39.09,52.13,52.35,42.13,56.02,46.34,30.8,45.24,36.55,43.1,47.19,51.48,53.16,54.4,47.16,54.28,55.69,45.16,47.17,46.9,45.76,46.68,43.59,48.71,48.15
2019-01-10 10:00:00,28.64,33.59,36.89,37.02,50.18,53.58,52.09,54.81,39.09,52.12,52.35,42.13,56.02,46.34,30.79,45.24,36.55,43.09,47.19,51.48,53.16,54.4,47.16,54.28,55.68,45.16,47.17,46.9,45.76,46.68,43.59,48.71,48.15
2019-01-10 10:05:00,28.63,33.58,36.88,37.02,50.18,53.58,52.09,54.81,39.09,52.12,52.35,42.12,56.02,46.34,30.79,45.24,36.55,43.09,47.19,51.48,53.16,54.4,47.15,54.28,55.68,45.16,47.17,46.9,45.76,46.68,43.59,48.7,48.14
2019-01-10 10:10:00,28.62,33.57,36.87,37.02,50.18,53.58,52.09,54.81,39.09,52.12,52.34,42.12,56.02,46.34,30.79,45.24,36.55,43.09,47.19,51.48,53.16,54.39,47.15,54.28,55.68,45.16,47.17,46.89,45.76,46.68,43.59,48.7,48.14
2019-01-10 10:15:00,28.61,33.56,36.86,37.02,50.18,53.58,52.09,54.8,39.09,52.12,52.34,42.12,56.02,46.34,30.79,45.24,36.55,43.09,47.19,51.48,53.16,54.39,47.15,54.28,55.68,45.16,47.17,46.89,45.76,46.68,43.59,48.7,48.14
2019-01-10 10:20:00,28.6,33.55,36.85,37.02,50.18,53.58,52.09,54.8,39.09,52.12,52.34,42.12,56.02,46.34,30.79,45.24,36.55,43.09,47.19,51.48,53.16,54.39,47.15,54.28,55.68,45.16,47.17,46.89,45.76,46.68,43.59,48.7,48.14
2019-01-10 10:25:00,28.59,33.54,36.84,37.02,50.18,53.58,52.09,54.8,39.09,52.12,52.35,42.12,56.02,46.34,30.79,45.24,36.55,43.09,47.19,51.48,53.16,54.39,47.15,54.28,55.68,45.16,47.17,46.9,45.76,46.68,43.59,48.7,48.14
2019-01-10 10:30:00,28.58,33.53,36.83,37.02,50.18,53.58,52.09,54.8,39.09,52.12,52.35,42.12,56.02,46.34,30.79,45.24,36.55,43.09,47.19,51.48,53.16,54.39,47.15,54.28,55.68,45.16,47.17,46.9,45.76,46.68,43.59,48.7,48.14
2019-01-10 10:35:00,28.57,33.52,36.82,37.02,50.18,53.58,52.09,54.8,39.09,52.12,52.35,42.13,56.02,46.34,30.79,45.24,36.55,43.09,47.19,51.48,53.16,54.39,47.15,54.28,55.68,45.16,47.17,46.9,45.76,46.68,43.59,48.71,48.15
2019-01-10 10:40:00,28.56,33.51,36.81,37.02,50.18,53.58,52.09,54.81,39.09,52.12,52.35,42.13,56.02,46.34,30.79,45.24,36.55,43.09,47.19,51.48,53.16,54.39,47.15,54.28,55.68,45.16,47.17,46.9,45.76,46.68,43.59,48.71,48.15
2019-01-10 10:45:00,28.55,33.5,36.8,37.02,50.18,53.58,52.09,54.81,39.09,52.12,52.35,42.13,56.02,46.34,30.79,45.24,36.55,43.09,47.19,51.48,53.16,54.39,47.15,54.28,55.68,45.16,47.17,46.9,45.76,46.68,43.59,48.71,48.15
2019-01-10 10:50:00,28.54,33.49,36.79,37.02,50.18,53.58,52.09,54.81,39.09,52.12,52.35,42.13,56.02,46.34,30.79,45.24,36.55,43.09,47.19,51.48,53.16,54.39,47.16,54.28,55.68,45.16,47.17,46.9,45.76,46.68,43.59,48.71,48.15
2019-01-10 10:55:00,28.53,33.48,36.78,37.02,50.18,53.58,52.09,54.81,39.09,52.12,52.35,42.13,56.02,46.34,30.79,45.24,36.55,43.09,47.19,51.48,53.16,54.39,47.16,54.28,55.68,45.16,47.17,46.9,45.76,46.68,43.59,48.71,48.15
2019-01-10 11:00:00,28.52,33.47,36.76,37.02,50.18,53.58,52.09,54.81,39.08,52.12,52.35,42.13,56.02,46.34,30.8,45.24,36.55,43.09,47.19,51.48,53.16,54.39,47.16,54.28,55.68,45.16,47.17,46.9,45.77,46.68,43.59,48.71,48.15
2019-01-10 11:05:00,28.51,33.46,36.75,37.02,50.18,53.58,52.09,54.81,39.08,52.12,52.35,42.13,56.02,46.34,30.8,45.24,36.55,43.09,47.19,51.48,53.16,54.39,47.16,54.28,55.68,45.16,47.17,46.9,45.77,46.68,43.59,48.71,48.15
2019-01-10 11:10:00,28.5,33.44,36.74,37.02,50.18,53.58,52.09,54.81,39.08,52.12,52.35,42.13,56.02,46.34,30.8,45.24,36.55,43.09,47.19,51.48,53.16,54.39,47.16,54.28,55.68,45.16,47.17,46.9,45.77,46.68,43.59,48.71,48.15
2019-01-10 11:15:00,28.48,33.43,36.73,37.02,50.18,53.58,52.1,54.81,39.08,52.12,52.35,42.13,56.02,46.34,30.8,45.24,36.55,43.09,47.19,51.48,53.16,54.39,47.16,54.28,55.69,45.16,47.17,46.9,45.77,46.68,43.59,48.71,48.15
2019-01-10 11:20:00,28.47,33.42,36.72,37.02,50.18,53.58,52.1,54.81,39.08,52.12,52.35,42.13,56.02,46.34,30.8,45.24,36.55,43.1,47.19,51.48,53.16,54.39,47.16,54.28,55.69,45.16,47.17,46.9,45.77,46.68,43.59,48.71,48.15
2019-01-10 11:25:00,28.46,33.41,36.71,37.02,50.18,53.58,52.1,54.81,39.08,52.12,52.35,42.13,56.02,46.34,30.8,45.25,36.55,43.1,47.19,51.48,53.16,54.39,47.16,54.28,55.69,45.16,47.17,46.9,45.77,46.68,43.59,48.71,48.15
2019-01-10 11:30:00,28.45,33.4,36.7,37.03,50.18,53.58,52.1,54.81,39.08,52.12,52.35,42.13,56.02,46.35,30.8,45.25,36.55,43.1,47.19,51.48,53.16,54.4,47.16,54.28,55.69,45.16,47.18,46.9,45.77,46.69,43.6,48.71,48.15
2019-01-10 11:35:00,28.44,33.39,36.69,37.03,50.18,53.58,52.1,54.81,39.08,52.13,52.36,42.13,56.02,46.35,30.8,45.25,36.56,43.1,47.19,51.48,53.16,54.4,47.16,54.28,55.69,45.16,47.18,46.91,45.77,46.69,43.6,48.72,48.15
2019-01-10 11:40:00,28.43,33.38,36.68,37.03,50.18,53.58,52.1,54.82,39.08,52.13,52.36,42.13,56.02,46.35,30.81,45.25,36.56,43.1,47.19,51.48,53.17,54.4,47.17,54.29,55.69,45.17,47.18,46.91,45.77,46.69,43.6,48.72,48.15
2019-01-10 11:45:00,28.42,33.37,36.67,37.03,50.19,53.59,52.11,54.82,39.08,52.13,52.36,42.14,56.03,46.35,30.81,45.26,36.56,43.11,47.2,51.48,53.17,54.4,47.17,54.29,55.7,45.17,47.18,46.91,45.78,46.69,43.6,48.72,48.16
2019-01-10 11:50:00,28.41,33.36,36.66,37.04,50.19,53.59,52.11,54.82,39.08,52.13,52.37,42.14,56.03,46.36,30.81,45.26,36.57,43.11,47.2,51.49,53.17,54.4,47.17,54.29,55.7,45.17,47.19,46.91,45.78,46.7,43.6,48.72,48.16
2019-01-10 11:55:00,28.4,33.35,36.65,37.04,50.19,53.59,52.11,54.83,39.08,52.14,52.37,42.14,56.03,46.36,30.82,45.26,36.57,43.11,47.2,51.49,53.17,54.41,47.17,54.29,55.7,45.18,47.19,46.92,45.78,46.7,43.6,48.73,48.16
2019-01-10 12:00:00,28.39,33.34,36.64,37.04,50.19,53.59,52.12,54.83,39.08,52.14,52.37,42.14,56.03,46.36,30.82,45.26,36.57,43.12,47.2,51.49,53.17,54.41,47.18,54.3,55.71,45.18,47.19,46.92,45.78,46.7,43.6,48.73,48.16
2019-01-10 12:05:00,28.38,33.33,36.63,37.05,50.19,53.59,52.12,54.83,39.08,52.14,52.37,42.14,56.03,46.37,30.82,45.27,36.57,43.12,47.2,51.49,53.17,54.41,47.18,54.3,55.71,45.18,47.19,46.92,45.78,46.7,43.6,48.73,48.16
2019-01-10 12:10:00,28.37,33.32,36.62,37.05,50.19,53.59,52.12,54.83,39.08,52.14,52.37,42.14,56.04,46.37,30.82,45.27,36.58,43.12,47.2,51.49,53.18,54.41,47.18,54.3,55.71,45.18,47.2,46.92,45.78,46.7,43.6,48.73,48.16
2019-01-10 12:15:00,28.36,33.31,36.61,37.05,50.19,53.59,52.12,54.83,39.08,52.14,52.37,42.14,56.04,46.37,30.82,45.27,36.58,43.12,47.21,51.49,53.18,54.41,47.18,54.3,55.71,45.18,47.2,46.92,45.78,46.7,43.6,48.73,48.17
2019-01-10 12:20:00,28.35,33.3,36.6,37.05,50.2,53.6,52.12,54.83,39.08,52.15,52.37,42.14,56.04,46.37,30.83,45.27,36.58,43.12,47.21,51.49,53.18,54.41,47.18,54.3,55.71,45.18,47.2,46.92,45.78,46.7,43.6,48.73,48.17
2019-01-10 12:25:00,28.34,33.29,36.59,37.05,50.2,53.6,52.12,54.84,39.08,52.15,52.38,42.14,56.04,46.37,30.83,45.27,36.58,43.12,47.21,51.49,53.18,54.41,47.18,54.3,55.71,45.18,47.2,46.92,45.79,46.7,43.6,48.73,48.17
2019-01-10 12:30:00,28.33,33.28,36.58,37.05,50.2,53.6,52.13,54.84,39.08,52.15,52.38,42.15,56.04,46.37,30.83,45.27,36.58,43.13,47.21,51.49,53.18,54.42,47.19,54.3,55.72,45.19,47.2,46.93,45.79,46.71,43.6,48.74,48.17
2019-01-10 12:35:00,28.32,33.27,36.57,37.06,50.2,53.6,52.13,54.84,39.08,52.15,52.38,42.15,56.04,46.38,30.83,45.28,36.58,43.13,47.21,51.49,53.18,54.42,47.19,54.31,55.72,45.19,47.2,46.93,45.79,46.71,43.61,48.74,48.17
2019-01-10 12:40:00,28.31,33.26,36.56,37.06,50.2,53.6,52.13,54.85,39.08,52.16,52.38,42.15,56.05,46.38,30.84,45.28,36.59,43.13,47.21,51.49,53.18,54.42,47.19,54.31,55.72,45.19,47.21,46.93,45.79,46.71,43.61,48.74,48.17
2019-01-10 12:45:00,28.3,33.25,36.55,37.06,50.2,53.61,52.14,54.85,39.08,52.16,52.39,42.15,56.05,46.38,30.84,45.28,36.59,43.14,47.21,51.5,53.19,54.42,47.2,54.31,55.73,45.19,47.21,46.93,45.79,46.71,43.61,48.74,48.17
2019-01-10 12:50:00,28.29,33.24,36.54,37.07,50.21,53.61,52.14,54.85,39.08,52.16,52.39,42.15,56.05,46.39,30.85,45.29,36.6,43.14,47.22,51.5,53.19,54.43,47.2,54.32,55.73,45.2,47.21,46.94,45.8,46.72,43.61,48.75,48.18
2019-01-10 12:55:00,28.28,33.23,36.53,37.07,50.21,53.61,52.14,54.86,39.08,52.17,52.39,42.16,56.05,46.39,30.85,45.29,36.6,43.14,47.22,51.5,53.19,54.43,47.2,54.32,55.73,45.2,47.22,46.94,45.8,46.72,43.61,48.75,48.18
2019-01-10 13:00:00,28.27,33.22,36.52,37.07,50.21,53.61,52.15,54.86,39.08,52.17,52.39,42.16,56.06,46.39,30.85,45.29,36.6,43.15,47.22,51.5,53.19,54.43,47.2,54.32,55.74,45.2,47.22,46.94,45.8,46.72,43.61,48.75,48.18
2019-01-10 13:05:00,28.26,33.21,36.5,37.07,50.21,53.61,52.15,54.86,39.08,52.17,52.4,42.16,56.06,46.39,30.85,45.29,36.6,43.15,47.22,51.5,53.19,54.43,47.21,54.32,55.74,45.2,47.22,46.94,45.8,46.72,43.61,48.75,48.18
2019-01-10 13:10:00,28.25,33.2,36.49,37.08,50.21,53.61,52.15,54.86,39.08,52.17,52.4,42.16,56.06,46.4,30.86,45.3,36.61,43.15,47.22,51.5,53.2,54.43,47.21,54.32,55.74,45.2,47.22,46.95,45.8,46.73,43.61,48.75,48.18
2019-01-10 13:15:00,28.24,33.19,36.48,37.08,50.21,53.62,52.15,54.86,39.08,52.17,52.4,42.16,56.06,46.4,30.86,45.3,36.61,43.15,47.22,51.5,53.2,54.44,47.21,54.33,55.74,45.21,47.22,46.95,45.8,46.73,43.61,48.76,48.18
2019-01-10 13:20:00,28.23,33.18,36.47,37.08,50.21,53.62,52.15,54.87,39.09,52.18,52.4,42.16,56.06,46.4,30.86,45.3,36.61,43.15,47.23,51.5,53.2,54.44,47.21,54.33,55.74,45.21,47.23,46.95,45.81,46.73,43.61,48.76,48.19
2019-01-10 13:25:00,28.22,33.17,36.46,37.09,50.22,53.62,52.16,54.87,39.09,52.18,52.41,42.16,56.06,46.41,30.87,45.3,36.61,43.16,47.23,51.51,53.2,54.44,47.22,54.33,55.75,45.21,47.23,46.95,45.81,46.73,43.62,48.76,48.19
2019-01-10 13:30:00,28.21,33.16,36.45,37.09,50.22,53.63,52.16,54.88,39.09,52.19,52.41,42.17,56.07,46.41,30.87,45.31,36.62,43.16,47.23,51.51,53.21,54.45,47.22,54.34,55.75,45.22,47.24,46.96,45.81,46.74,43.62,48.77,48.19
2019-01-10 13:35:00,28.2,33.15,36.44,37.1,50.23,53.63,52.17,54.88,39.09,52.2,52.42,42.17,56.08,46.42,30.88,45.32,36.63,43.17,47.24,51.51,53.21,54.45,47.23,54.34,55.76,45.22,47.24,46.96,45.82,46.74,43.62,48.77,48.2
2019-01-10 13:40:00,28.19,33.14,36.44,37.11,50.23,53.64,52.18,54.89,39.09,52.21,52.42,42.18,56.08,46.43,30.89,45.33,36.64,43.18,47.24,51.52,53.22,54.46,47.24,54.35,55.77,45.23,47.25,46.97,45.82,46.75,43.62,48.78,48.2
2019-01-10 13:45:00,28.18,33.13,36.43,37.12,50.24,53.65,52.19,54.9,39.09,52.22,52.43,42.18,56.09,46.44,30.9,45.34,36.65,43.19,47.25,51.52,53.22,54.47,47.25,54.36,55.78,45.24,47.26,46.98,45.83,46.76,43.63,48.79,48.21
2019-01-10 13:50:00,28.17,33.12,36.42,37.13,50.24,53.65,52.2,54.91,39.09,52.23,52.44,42.19,56.1,46.45,30.91,45.35,36.66,43.2,47.26,51.52,53.23,54.48,47.26,54.37,55.79,45.25,47.27,46.99,45.84,46.77,43.63,48.8,48.21
2019-01-10 13:55:00,28.17,33.11,36.41,37.14,50.25,53.66,52.21,54.92,39.09,52.24,52.45,42.19,56.1,46.46,30.92,45.35,36.67,43.21,47.26,51.53,53.24,54.48,47.27,54.38,55.8,45.26,47.28,47.0,45.84,46.77,43.63,48.81,48.22
2019-01-10 14:00:00,28.16,33.11,36.4,37.15,50.26,53.66,52.22,54.93,39.09,52.24,52.46,42.2,56.11,46.47,30.93,45.36,36.68,43.22,47.27,51.53,53.24,54.49,47.27,54.39,55.81,45.26,47.29,47.0,45.85,46.78,43.64,48.81,48.23
2019-01-10 14:05:00,28.15,33.1,36.39,37.16,50.26,53.67,52.23,54.94,39.09,52.25,52.46,42.2,56.12,46.47,30.94,45.37,36.68,43.23,47.27,51.53,53.25,54.5,47.28,54.39,55.82,45.27,47.3,47.01,45.85,46.79,43.64,48.82,48.23
2019-01-10 14:10:00,28.14,33.09,36.38,37.16,50.26,53.67,52.23,54.95,39.09,52.26,52.47,42.21,56.12,46.48,30.95,45.38,36.69,43.23,47.27,51.54,53.25,54.5,47.29,54.4,55.82,45.27,47.3,47.01,45.86,46.79,43.64,48.82,48.23
2019-01-10 14:15:00,28.13,33.08,36.37,37.17,50.27,53.68,52.24,54.95,39.09,52.26,52.47,42.21,56.12,46.49,30.95,45.38,36.7,43.24,47.28,51.54,53.25,54.5,47.29,54.4,55.83,45.28,47.31,47.02,45.86,46.8,43.64,48.83,48.24
2019-01-10 14:20:00,28.12,33.07,36.36,37.17,50.27,53.68,52.24,54.95,39.09,52.26,52.48,42.21,56.13,46.49,30.96,45.38,36.7,43.24,47.28,51.54,53.26,54.51,47.3,54.4,55.83,45.28,47.31,47.02,45.86,46.8,43.65,48.83,48.24
2019-01-10 14:25:00,28.11,33.06,36.35,37.18,50.27,53.68,52.25,54.96,39.09,52.27,52.48,42.22,56.13,46.49,30.96,45.39,36.71,43.25,47.28,51.54,53.26,54.51,47.3,54.41,55.84,45.29,47.32,47.03,45.87,46.8,43.65,48.84,48.24
2019-01-10 14:30:00,28.11,33.05,36.35,37.18,50.27,53.69,52.25,54.97,39.09,52.28,52.49,42.22,56.14,46.5,30.97,45.4,36.71,43.25,47.29,51.55,53.26,54.52,47.31,54.41,55.84,45.29,47.32,47.03,45.87,46.81,43.65,48.84,48.25
2019-01-10 14:35:00,28.1,33.04,36.34,37.19,50.28,53.69,52.26,54.97,39.09,52.28,52.5,42.22,56.14,46.51,30.98,45.4,36.72,43.26,47.29,51.55,53.27,54.52,47.31,54.42,55.85,45.3,47.33,47.04,45.88,46.82,43.65,48.85,48.25
2019-01-10 14:40:00,28.09,33.04,36.33,37.2,50.29,53.7,52.27,54.99,39.09,52.29,52.51,42.23,56.15,46.52,30.99,45.41,36.73,43.27,47.3,51.55,53.28,54.53,47.33,54.43,55.86,45.31,47.34,47.05,45.89,46.82,43.66,48.86,48.26
2019-01-10 14:45:00,28.08,33.03,36.32,37.22,50.29,53.71,52.29,55.0,39.09,52.31,52.52,42.24,56.16,46.53,31.01,45.43,36.75,43.29,47.31,51.56,53.29,54.54,47.34,54.44,55.88,45.32,47.35,47.06,45.89,46.84,43.66,48.87,48.27
2019-01-10 14:50:00,28.08,33.02,36.31,37.23,50.3,53.72,52.3,55.01,39.09,52.32,52.53,42.25,56.17,46.55,31.02,45.44,36.76,43.3,47.32,51.57,53.3,54.55,47.35,54.45,55.89,45.33,47.37,47.07,45.9,46.85,43.67,48.88,48.28
2019-01-10 14:55:00,28.07,33.02,36.31,37.25,50.31,53.73,52.32,55.03,39.09,52.34,52.54,42.26,56.18,46.57,31.04,45.46,36.78,43.32,47.33,51.57,53.31,54.56,47.37,54.47,55.91,45.35,47.38,47.09,45.92,46.86,43.67,48.89,48.29
2019-01-10 15:00:00,28.06,33.01,36.3,37.27,50.32,53.74,52.33,55.05,39.09,52.35,52.56,42.27,56.2,46.58,31.06,45.47,36.79,43.34,47.34,51.58,53.32,54.58,47.38,54.48,55.92,45.36,47.4,47.1,45.93,46.87,43.68,48.91,48.3
2019-01-10 15:05:00,28.06,33.0,36.29,37.28,50.33,53.75,52.35,55.06,39.09,52.37,52.57,42.27,56.21,46.6,31.07,45.49,36.81,43.35,47.35,51.59,53.33,54.59,47.4,54.5,55.94,45.37,47.41,47.11,45.94,46.89,43.68,48.92,48.31
2019-01-10 15:10:00,28.05,33.0,36.29,37.3,50.34,53.76,52.36,55.08,39.09,52.38,52.58,42.28,56.22,46.61,31.09,45.5,36.83,43.37,47.35,51.59,53.34,54.6,47.41,54.51,55.95,45.39,47.43,47.12,45.95,46.9,43.69,48.93,48.32
2019-01-10 15:15:00,28.04,32.99,36.28,37.31,50.35,53.77,52.38,55.09,39.09,52.4,52.59,42.29,56.23,46.63,31.1,45.51,36.84,43.38,47.36,51.6,53.35,54.61,47.42,54.52,55.97,45.4,47.44,47.14,45.95,46.91,43.69,48.94,48.32
2019-01-10 15:20:00,28.04,32.98,36.27,37.32,50.36,53.78,52.39,55.1,39.09,52.41,52.6,42.3,56.24,46.64,31.12,45.52,36.85,43.39,47.37,51.6,53.35,54.62,47.43,54.53,55.98,45.4,47.45,47.14,45.96,46.92,43.7,48.95,48.33
2019-01-10 15:25:00,28.03,32.97,36.26,37.33,50.36,53.79,52.39,55.11,39.09,52.41,52.61,42.3,56.24,46.64,31.12,45.53,36.86,43.4,47.37,51.61,53.36,54.63,47.44,54.54,55.99,45.41,47.46,47.15,45.97,46.92,43.7,48.96,48.34
2019-01-10 15:30:00,28.02,32.97,36.25,37.33,50.36,53.79,52.4,55.11,39.09,52.42,52.62,42.3,56.25,46.65,31.13,45.54,36.86,43.4,47.38,51.61,53.36,54.63,47.45,54.54,55.99,45.42,47.46,47.15,45.97,46.93,43.7,48.96,48.34
2019-01-10 15:35:00,28.01,32.96,36.25,37.34,50.37,53.79,52.4,55.12,39.09,52.43,52.62,42.31,56.25,46.65,31.13,45.54,36.87,43.41,47.38,51.61,53.37,54.64,47.45,54.54,56.0,45.42,47.46,47.16,45.97,46.93,43.7,48.97,48.34
2019-01-10 15:40:00,28.0,32.95,36.24,37.34,50.37,53.8,52.41,55.12,39.09,52.43,52.62,42.31,56.25,46.66,31.14,45.54,36.87,43.41,47.38,51.61,53.37,54.64,47.45,54.55,56.0,45.42,47.47,47.16,45.97,46.93,43.7,48.97,48.34
2019-01-10 15:45:00,27.99,32.94,36.23,37.34,50.37,53.8,52.41,55.12,39.09,52.43,52.62,42.31,56.25,46.66,31.14,45.55,36.87,43.41,47.38,51.61,53.37,54.64,47.45,54.55,56.0,45.42,47.47,47.16,45.98,46.93,43.7,48.97,48.34
2019-01-10 15:50:00,27.99,32.93,36.22,37.34,50.37,53.8,52.41,55.12,39.09,52.43,52.62,42.31,56.25,46.66,31.14,45.55,36.87,43.41,47.38,51.61,53.37,54.64,47.46,54.55,56.0,45.43,47.47,47.16,45.98,46.93,43.7,48.97,48.35
2019-01-10 15:55:00,27.98,32.92,36.21,37.35,50.37,53.8,52.41,55.13,39.09,52.43,52.62,42.31,56.26,46.66,31.14,45.55,36.87,43.42,47.39,51.61,53.37,54.64,47.46,54.55,56.0,45.43,47.47,47.16,45.98,46.93,43.71,48.97,48.35
2019-01-10 16:00:00,27.97,32.91,36.2,37.35,50.37,53.8,52.41,55.13,39.09,52.44,52.62,42.31,56.26,46.66,31.14,45.55,36.88,43.42,47.39,51.61,53.37,54.64,47.46,54.55,56.0,45.43,47.47,47.16,45.98,46.93,43.71,48.97,48.35
2019-01-10 16:05:00,27.96,32.9,36.19,37.35,50.37,53.8,52.41,55.13,39.09,52.44,52.62,42.31,56.26,46.66,31.14,45.55,36.88,43.42,47.39,51.61,53.37,54.64,47.46,54.55,56.0,45.43,47.47,47.16,45.98,46.94,43.71,48.97,48.35
2019-01-10 16:10:00,27.95,32.89,36.18,37.35,50.37,53.8,52.41,55.13,39.09,52.44,52.62,42.31,56.26,46.66,31.14,45.55,36.88,43.42,47.39,51.61,53.37,54.64,47.46,54.55,56.0,45.43,47.47,47.16,45.98,46.93,43.71,48.97,48.35
2019-01-10 16:15:00,27.94,32.89,36.17,37.35,50.37,53.8,52.41,55.13,39.09,52.44,52.62,42.31,56.26,46.66,31.14,45.55,36.88,43.42,47.39,51.61,53.37,54.64,47.46,54.55,56.0,45.43,47.47,47.16,45.98,46.93,43.71,48.97,48.35
2019-01-10 16:20:00,27.93,32.88,36.17,37.35,50.37,53.8,52.41,55.12,39.09,52.43,52.62,42.31,56.26,46.66,31.14,45.55,36.87,43.42,47.39,51.61,53.37,54.64,47.46,54.55,56.0,45.43,47.47,47.16,45.98,46.93,43.7,48.97,48.35
2019-01-10 16:25:00,27.92,32.87,36.16,37.34,50.37,53.8,52.41,55.12,39.09,52.43,52.62,42.31,56.25,46.66,31.14,45.55,36.87,43.41,47.38,51.61,53.37,54.64,47.46,54.55,56.0,45.42,47.47,47.16,45.97,46.93,43.7,48.97,48.34
2019-01-10 16:30:00,27.91,32.86,36.15,37.34,50.37,53.8,52.41,55.12,39.09,52.43,52.62,42.31,56.25,46.66,31.14,45.54,36.87,43.41,47.38,51.61,53.37,54.64,47.45,54.55,56.0,45.42,47.47,47.16,45.97,46.93,43.7,48.97,48.34
2019-01-10 16:35:00,27.9,32.85,36.14,37.34,50.37,53.8,52.41,55.12,39.09,52.43,52.62,42.3,56.25,46.66,31.13,45.54,36.87,43.41,47.38,51.61,53.37,54.64,47.45,54.55,56.0,45.42,47.46,47.16,45.97,46.93,43.7,48.96,48.34
2019-01-10 16:40:00,27.89,32.84,36.13,37.34,50.37,53.8,52.4,55.12,39.09,52.43,52.62,42.3,56.25,46.65,31.13,45.54,36.86,43.41,47.38,51.61,53.37,54.64,47.45,54.54,55.99,45.42,47.46,47.15,45.97,46.93,43.7,48.96,48.34
2019-01-10 16:45:00,27.88,32.83,36.12,37.33,50.36,53.79,52.4,55.11,39.09,52.42,52.61,42.3,56.25,46.65,31.13,45.54,36.86,43.4,47.38,51.61,53.36,54.63,47.45,54.54,55.99,45.42,47.46,47.15,45.97,46.92,43.7,48.96,48.34
2019-01-10 16:50:00,27.87,32.82,36.11,37.33,50.36,53.79,52.4,55.11,39.09,52.42,52.61,42.3,56.24,46.65,31.12,45.53,36.86,43.4,47.38,51.61,53.36,54.63,47.44,54.54,55.99,45.41,47.46,47.15,45.96,46.92,43.7,48.96,48.33
2019-01-10 16:55:00,27.86,32.81,36.1,37.32,50.36,53.79,52.39,55.1,39.09,52.42,52.61,42.3,56.24,46.64,31.12,45.53,36.85,43.4,47.37,51.61,53.36,54.63,47.44,54.54,55.98,45.41,47.45,47.15,45.96,46.92,43.7,48.95,48.33
2019-01-10 17:00:00,27.85,32.8,36.09,37.32,50.36,53.78,52.39,55.1,39.09,52.41,52.6,42.29,56.24,46.64,31.11,45.52,36.85,43.39,47.37,51.6,53.36,54.62,47.43,54.53,55.98,45.4,47.45,47.14,45.96,46.91,43.7,48.95,48.33
2019-01-10 17:05:00,27.84,32.79,36.08,37.32,50.36,53.78,52.38,55.1,39.09,52.41,52.6,42.29,56.23,46.63,31.11,45.52,36.84,43.39,47.37,51.6,53.35,54.62,47.43,54.53,55.97,45.4,47.44,47.14,45.96,46.91,43.69,48.95,48.33
2019-01-10 17:10:00,27.83,32.78,36.07,37.31,50.35,53.78,52.38,55.09,39.09,52.4,52.59,42.29,56.23,46.63,31.1,45.52,36.84,43.38,47.37,51.6,53.35,54.62,47.43,54.52,55.97,45.4,47.44,47.13,45.95,46.91,43.69,48.94,48.32
2019-01-10 17:15:00,27.82,32.77,36.06,37.31,50.35,53.78,52.37,55.09,39.09,52.4,52.59,42.29,56.23,46.62,31.1,45.51,36.84,43.38,47.36,51.6,53.35,54.61,47.42,54.52,55.97,45.39,47.43,47.13,45.95,46.9,43.69,48.94,48.32
2019-01-10 17:20:00,27.81,32.76,36.05,37.3,50.35,53.77,52.37,55.08,39.09,52.4,52.59,42.28,56.22,46.62,31.1,45.51,36.83,43.37,47.36,51.6,53.35,54.61,47.42,54.52,55.96,45.39,47.43,47.13,45.95,46.9,43.69,48.93,48.32
2019-01-10 17:25:00,27.8,32.75,36.04,37.3,50.35,53.77,52.37,55.08,39.09,52.39,52.58,42.28,56.22,46.62,31.09,45.5,36.83,43.37,47.36,51.59,53.34,54.61,47.41,54.51,55.96,45.39,47.43,47.12,45.95,46.9,43.69,48.93,48.32
2019-01-10 17:30:00,27.79,32.74,36.03,37.3,50.34,53.77,52.36,55.08,39.09,52.39,52.58,42.28,56.22,46.61,31.09,45.5,36.82,43.37,47.36,51.59,53.34,54.61,47.41,54.51,55.95,45.38,47.42,47.12,45.94,46.89,43.69,48.93,48.31
2019-01-10 17:35:00,27.78,32.73,36.02,37.29,50.34,53.77,52.36,55.07,39.09,52.39,52.58,42.28,56.22,46.61,31.08,45.5,36.82,43.36,47.35,51.59,53.34,54.6,47.41,54.51,55.95,45.38,47.42,47.12,45.94,46.89,43.69,48.93,48.31
2019-01-10 17:40:00,27.77,32.72,36.01,37.29,50.34,53.76,52.36,55.07,39.09,52.38,52.58,42.28,56.22,46.61,31.08,45.5,36.82,43.36,47.35,51.59,53.34,54.6,47.41,54.51,55.95,45.38,47.42,47.12,45.94,46.89,43.69,48.92,48.31
2019-01-10 17:45:00,27.76,32.71,36.0,37.29,50.34,53.76,52.35,55.07,39.09,52.38,52.57,42.27,56.21,46.6,31.08,45.49,36.82,43.36,47.35,51.59,53.34,54.6,47.4,54.5,55.95,45.38,47.42,47.11,45.94,46.89,43.68,48.92,48.31
2019-01-10 17:50:00,27.75,32.7,35.99,37.28,50.34,53.76,52.35,55.06,39.09,52.38,52.57,42.27,56.21,46.6,31.08,45.49,36.81,43.35,47.35,51.59,53.33,54.6,47.4,54.5,55.94,45.37,47.41,47.11,45.93,46.88,43.68,48.92,48.31
2019-01-10 17:55:00,27.74,32.69,35.98,37.28,50.33,53.76,52.35,55.06,39.09,52.37,52.57,42.27,56.21,46.6,31.07,45.49,36.81,43.35,47.35,51.59,53.33,54.59,47.4,54.5,55.94,45.37,47.41,47.11,45.93,46.88,43.68,48.92,48.3
2019-01-10 18:00:00,27.73,32.68,35.97,37.28,50.33,53.76,52.34,55.06,39.09,52.37,52.56,42.27,56.21,46.59,31.07,45.48,36.81,43.35,47.35,51.59,53.33,54.59,47.39,54.5,55.94,45.37,47.41,47.11,45.93,46.88,43.68,48.91,48.3
2019-01-10 18:05:00,27.72,32.67,35.96,37.27,50.33,53.75,52.34,55.05,39.09,52.37,52.56,42.27,56.2,46.59,31.06,45.48,36.8,43.34,47.34,51.58,53.33,54.59,47.39,54.49,55.93,45.37,47.4,47.1,45.93,46.88,43.68,48.91,48.3
2019-01-10 18:10:00,27.72,32.66,35.95,36.35,50.06,53.44,51.73,54.46,39.09,51.79,52.23,42.06,55.82,45.95,30.23,44.83,35.99,42.68,47.07,51.37,53.01,54.21,46.81,54.04,55.32,44.9,46.95,46.76,45.69,46.59,43.56,48.62,48.08
2019-01-10 18:15:00,27.72,32.67,35.96,36.34,50.05,53.44,51.72,54.46,39.09,51.79,52.23,42.05,55.81,45.94,30.23,44.83,35.98,42.67,47.07,51.37,53.01,54.21,46.8,54.04,55.31,44.9,46.95,46.76,45.69,46.58,43.55,48.61,48.08
2019-01-10 18:20:00,27.73,32.68,35.97,36.34,50.05,53.43,51.72,54.45,39.09,51.78,52.22,42.05,55.81,45.94,30.22,44.82,35.97,42.67,47.06,51.37,53.0,54.2,46.79,54.03,55.31,44.89,46.94,46.75,45.68,46.58,43.55,48.61,48.07
2019-01-10 18:25:00,27.74,32.69,35.98,36.33,50.05,53.43,51.71,54.44,39.09,51.78,52.22,42.05,55.8,45.93,30.21,44.82,35.97,42.66,47.06,51.36,53.0,54.2,46.79,54.03,55.3,44.89,46.93,46.75,45.68,46.57,43.55,48.6,48.07
2019-01-10 18:30:00,27.75,32.69,35.99,36.32,50.04,53.43,51.7,54.44,39.09,51.77,52.21,42.04,55.8,45.92,30.21,44.81,35.96,42.65,47.06,51.36,53.0,54.19,46.78,54.02,55.29,44.88,46.93,46.74,45.68,46.57,43.55,48.6,48.07
2019-01-10 18:35:00,27.75,32.7,35.99,36.31,50.04,53.42,51.7,54.43,39.09,51.77,52.21,42.04,55.79,45.92,30.2,44.8,35.95,42.65,47.05,51.36,52.99,54.19,46.78,54.02,55.29,44.88,46.92,46.73,45.67,46.56,43.55,48.59,48.06
2019-01-10 18:40:00,27.76,32.71,36.0,36.31,50.04,53.42,51.69,54.43,39.09,51.76,52.2,42.03,55.79,45.91,30.19,44.8,35.95,42.64,47.05,51.36,52.99,54.18,46.77,54.01,55.28,44.87,46.92,46.73,45.67,46.56,43.54,48.59,48.06
2019-01-10 18:45:00,27.77,32.72,36.01,36.3,50.03,53.41,51.69,54.42,39.09,51.75,52.2,42.03,55.79,45.9,30.18,44.79,35.94,42.63,47.05,51.35,52.98,54.18,46.76,54.01,55.28,44.87,46.91,46.72,45.66,46.55,43.54,48.58,48.06
2019-01-10 18:50:00,27.78,32.72,36.02,36.3,50.03,53.41,51.68,54.42,39.09,51.75,52.19,42.03,55.78,45.9,30.18,44.79,35.94,42.63,47.04,51.35,52.98,54.18,46.76,54.0,55.27,44.86,46.91,46.72,45.66,46.55,43.54,48.58,48.05
2019-01-10 18:55:00,27.78,32.73,36.02,36.29,50.03,53.41,51.68,54.41,39.09,51.75,52.19,42.03,55.78,45.9,30.18,44.78,35.93,42.62,47.04,51.35,52.98,54.18,46.76,54.0,55.27,44.86,46.9,46.72,45.66,46.55,43.54,48.58,48.05
2019-01-10 19:00:00,27.79,32.74,36.03,36.29,50.03,53.41,51.68,54.41,39.09,51.75,52.19,42.03,55.78,45.89,30.17,44.78,35.93,42.62,47.04,51.35,52.98,54.17,46.76,54.0,55.27,44.86,46.9,46.72,45.66,46.54,43.54,48.57,48.05
2019-01-10 19:05:00,27.8,32.75,36.04,36.29,50.03,53.41,51.68,54.41,39.09,51.74,52.19,42.03,55.78,45.89,30.17,44.78,35.93,42.62,47.04,51.35,52.98,54.17,46.75,54.0,55.27,44.86,46.9,46.72,45.66,46.54,43.54,48.57,48.05
2019-01-10 19:10:00,27.81,32.76,36.05,36.29,50.03,53.41,51.68,54.41,39.09,51.75,52.19,42.03,55.78,45.89,30.17,44.78,35.93,42.62,47.04,51.35,52.98,54.17,46.76,54.0,55.27,44.86,46.9,46.72,45.66,46.54,43.54,48.57,48.05
2019-01-10 19:15:00,27.82,32.76,36.06,36.29,50.03,53.41,51.68,54.41,39.09,51.75,52.19,42.03,55.78,45.9,30.17,44.78,35.93,42.62,47.04,51.35,52.98,54.18,46.76,54.0,55.27,44.86,46.9,46.72,45.66,46.54,43.54,48.57,48.05
2019-01-10 19:20:00,27.82,32.77,36.07,36.29,50.03,53.41,51.68,54.41,39.09,51.75,52.19,42.03,55.78,45.9,30.17,44.78,35.93,42.62,47.04,51.35,52.98,54.18,46.76,54.0,55.27,44.86,46.9,46.72,45.66,46.55,43.54,48.57,48.05
2019-01-10 19:25:00,27.83,32.78,36.07,36.29,50.03,53.41,51.68,54.41,39.09,51.75,52.19,42.03,55.78,45.9,30.17,44.78,35.93,42.62,47.04,51.35,52.98,54.18,46.76,54.0,55.27,44.86,46.9,46.72,45.66,46.55,43.54,48.57,48.05
2019-01-10 19:30:00,27.84,32.79,36.08,36.29,50.03,53.41,51.68,54.41,39.09,51.75,52.19,42.03,55.78,45.89,30.17,44.78,35.93,42.62,47.04,51.35,52.98,54.17,46.76,54.0,55.27,44.86,46.9,46.72,45.66,46.54,43.54,48.57,48.05
2019-01-10 19:35:00,27.85,32.8,36.09,36.29,50.03,53.41,51.67,54.41,39.09,51.74,52.19,42.02,55.78,45.89,30.17,44.78,35.93,42.62,47.04,51.35,52.98,54.17,46.75,54.0,55.26,44.86,46.9,46.71,45.65,46.54,43.54,48.57,48.05
2019-01-10 19:40:00,27.86,32.8,36.1,36.29,50.02,53.41,51.67,54.41,39.09,51.74,52.18,42.02,55.78,45.89,30.17,44.78,35.92,42.62,47.04,51.35,52.98,54.17,46.75,53.99,55.26,44.85,46.9,46.71,45.65,46.54,43.54,48.57,48.05
2019-01-10 19:45:00,27.86,32.81,36.11,36.28,50.02,53.4,51.67,54.4,39.09,51.74,52.18,42.02,55.77,45.89,30.16,44.77,35.92,42.61,47.04,51.35,52.97,54.17,46.75,53.99,55.26,44.85,46.89,46.71,45.65,46.54,43.53,48.57,48.04
2019-01-10 19:50:00,27.87,32.82,36.11,36.28,50.02,53.4,51.67,54.4,39.09,51.74,52.18,42.02,55.77,45.88,30.16,44.77,35.92,42.61,47.04,51.35,52.97,54.17,46.74,53.99,55.26,44.85,46.89,46.71,45.65,46.54,43.53,48.56,48.04
2019-01-10 19:55:00,27.88,32.83,36.12,36.28,50.02,53.4,51.66,54.4,39.09,51.73,52.18,42.02,55.77,45.88,30.16,44.77,35.92,42.61,47.04,51.35,52.97,54.17,46.74,53.99,55.25,44.85,46.89,46.71,45.65,46.53,43.53,48.56,48.04
2019-01-10 20:00:00,27.89,32.84,36.13,36.28,50.02,53.4,51.67,54.4,39.09,51.74,52.18,42.02,55.77,45.88,30.16,44.77,35.92,42.61,47.04,51.35,52.97,54.17,46.75,53.99,55.26,44.85,46.89,46.71,45.65,46.54,43.53,48.56,48.04
2019-01-10 20:05:00,27.9,32.84,36.14,36.28,50.02,53.41,51.67,54.4,39.09,51.74,52.18,42.02,55.77,45.89,30.16,44.77,35.92,42.62,47.04,51.35,52.98,54.17,46.75,53.99,55.26,44.85,46.89,46.71,45.65,46.54,43.53,48.57,48.04
2019-01-10 20:10:00,27.91,32.85,36.15,36.29,50.03,53.41,51.67,54.41,39.09,51.74,52.18,42.02,55.78,45.89,30.17,44.78,35.93,42.62,47.04,51.35,52.98,54.17,46.75,54.0,55.26,44.86,46.9,46.71,45.65,46.54,43.54,48.57,48.05
2019-01-10 20:15:00,27.91,32.86,36.16,36.29,50.03,53.41,51.68,54.41,39.09,51.75,52.19,42.03,55.78,45.9,30.17,44.78,35.93,42.63,47.04,51.35,52.98,54.18,46.76,54.0,55.27,44.86,46.9,46.72,45.66,46.54,43.54,48.57,48.05
2019-01-10 20:20:00,27.92,32.87,36.16,36.3,50.03,53.42,51.68,54.42,39.09,51.75,52.19,42.03,55.78,45.9,30.18,44.79,35.94,42.63,47.05,51.35,52.98,54.18,46.76,54.01,55.27,44.86,46.91,46.72,45.66,46.55,43.54,48.58,48.05
2019-01-10 20:25:00,27.93,32.88,36.17,36.3,50.03,53.42,51.68,54.42,39.09,51.76,52.19,42.03,55.79,45.9,30.18,44.79,35.94,42.63,47.05,51.35,52.99,54.18,46.76,54.01,55.27,44.87,46.91,46.72,45.66,46.55,43.54,48.58,48.05
2019-01-10 20:30:00,27.94,32.89,36.18,36.3,50.03,53.42,51.68,54.42,39.09,51.75,52.19,42.03,55.79,45.9,30.18,44.79,35.94,42.63,47.05,51.35,52.98,54.18,46.76,54.01,55.27,44.86,46.91,46.72,45.66,46.55,43.54,48.58,48.05
2019-01-10 20:35:00,27.95,32.9,36.19,36.29,50.03,53.41,51.68,54.41,39.09,51.75,52.19,42.03,55.78,45.9,30.18,44.78,35.93,42.63,47.04,51.35,52.98,54.18,46.76,54.0,55.27,44.86,46.9,46.72,45.66,46.54,43.54,48.57,48.05
2019-01-10 20:40:00,27.95,32.9,36.2,36.29,50.03,53.41,51.67,54.41,39.09,51.74,52.18,42.02,55.78,45.89,30.17,44.78,35.93,42.62,47.04,51.35,52.98,54.17,46.75,54.0,55.26,44.86,46.9,46.71,45.65,46.54,43.54,48.57,48.05
2019-01-10 20:45:00,27.96,32.91,36.2,36.28,50.02,53.4,51.66,54.4,39.09,51.74,52.18,42.02,55.77,45.88,30.16,44.77,35.92,42.61,47.04,51.35,52.97,54.17,46.74,53.99,55.25,44.85,46.89,46.7,45.65,46.53,43.53,48.56,48.04
2019-01-10 20:50:00,27.97,32.92,36.21,36.27,50.02,53.4,51.66,54.39,39.09,51.73,52.17,42.01,55.76,45.87,30.15,44.76,35.91,42.6,47.03,51.34,52.97,54.16,46.74,53.98,55.25,44.84,46.88,46.7,45.64,46.53,43.53,48.55,48.04
2019-01-10 20:55:00,27.98,32.92,36.22,36.26,50.01,53.39,51.65,54.38,39.09,51.72,52.16,42.01,55.76,45.87,30.14,44.75,35.9,42.59,47.03,51.34,52.96,54.16,46.73,53.98,55.24,44.84,46.87,46.69,45.64,46.52,43.53,48.55,48.03
2019-01-10 21:00:00,27.98,32.93,36.23,36.26,50.01,53.39,51.64,54.38,39.09,51.72,52.16,42.01,55.76,45.86,30.14,44.75,35.9,42.59,47.02,51.34,52.96,54.15,46.72,53.97,55.23,44.83,46.87,46.69,45.63,46.52,43.53,48.55,48.03
2019-01-10 21:05:00,27.99,32.94,36.23,36.26,50.01,53.39,51.64,54.38,39.09,51.72,52.16,42.01,55.76,45.86,30.13,44.75,35.89,42.59,47.02,51.34,52.96,54.15,46.72,53.97,55.23,44.83,46.87,46.69,45.63,46.52,43.53,48.54,48.03
2019-01-10 21:10:00,28.0,32.95,36.24,36.26,50.01,53.39,51.65,54.38,39.09,51.72,52.16,42.01,55.76,45.86,30.14,44.75,35.9,42.59,47.03,51.34,52.96,54.16,46.73,53.98,55.24,44.83,46.87,46.69,45.64,46.52,43.53,48.55,48.03
2019-01-10 21:15:00,28.01,32.96,36.25,36.26,50.02,53.4,51.65,54.39,39.09,51.72,52.17,42.01,55.76,45.87,30.14,44.76,35.9,42.6,47.03,51.34,52.97,54.16,46.73,53.98,55.24,44.84,46.88,46.69,45.64,46.52,43.53,48.55,48.03
2019-01-10 21:20:00,28.02,32.96,36.26,36.27,50.02,53.4,51.66,54.4,39.09,51.73,52.17,42.01,55.77,45.88,30.15,44.76,35.91,42.61,47.03,51.34,52.97,54.17,46.74,53.99,55.25,44.85,46.88,46.7,45.64,46.53,43.53,48.56,48.04
2019-01-10 21:25:00,28.03,32.97,36.27,36.29,50.03,53.41,51.67,54.41,39.09,51.74,52.18,42.02,55.78,45.89,30.17,44.78,35.92,42.62,47.04,51.35,52.98,54.18,46.75,54.0,55.26,44.85,46.89,46.71,45.65,46.54,43.53,48.57,48.04
2019-01-10 21:30:00,28.04,32.98,36.28,36.3,50.03,53.42,51.68,54.42,39.09,51.76,52.19,42.03,55.79,45.9,30.18,44.79,35.94,42.63,47.05,51.35,52.99,54.18,46.76,54.01,55.27,44.86,46.91,46.72,45.66,46.55,43.54,48.58,48.05
2019-01-10 21:35:00,28.05,32.99,36.29,36.31,50.04,53.43,51.7,54.43,39.09,51.77,52.2,42.04,55.8,45.92,30.2,44.8,35.95,42.65,47.06,51.36,53.0,54.2,46.78,54.02,55.29,44.88,46.92,46.73,45.67,46.56,43.54,48.59,48.06
2019-01-10 21:40:00,28.06,33.0,36.3,36.33,50.05,53.44,51.72,54.45,39.09,51.79,52.22,42.04,55.81,45.94,30.22,44.82,35.97,42.66,47.07,51.37,53.01,54.21,46.79,54.04,55.31,44.89,46.94,46.75,45.68,46.57,43.55,48.6,48.07
2019-01-10 21:45:00,28.07,33.02,36.31,36.36,50.07,53.45,51.74,54.47,39.09,51.81,52.23,42.06,55.82,45.96,30.24,44.84,35.99,42.68,47.08,51.38,53.02,54.23,46.81,54.05,55.33,44.91,46.95,46.76,45.69,46.59,43.56,48.62,48.08
2019-01-10 21:50:00,28.08,33.03,36.32,36.38,50.08,53.47,51.76,54.49,39.09,51.83,52.25,42.07,55.84,45.98,30.27,44.86,36.02,42.71,47.09,51.39,53.04,54.24,46.83,54.07,55.35,44.93,46.98,46.78,45.71,46.6,43.56,48.64,48.1
2019-01-10 21:55:00,28.09,33.04,36.33,36.41,50.09,53.49,51.79,54.52,39.09,51.86,52.27,42.08,55.86,46.01,30.29,44.89,36.05,42.74,47.11,51.4,53.05,54.26,46.86,54.09,55.38,44.95,47.0,46.8,45.72,46.62,43.57,48.66,48.11
2019-01-10 22:00:00,28.11,33.05,36.34,36.44,50.11,53.51,51.81,54.55,39.09,51.89,52.3,42.1,55.88,46.04,30.33,44.92,36.08,42.76,47.13,51.41,53.07,54.28,46.89,54.12,55.41,44.97,47.03,46.82,45.74,46.65,43.58,48.68,48.13
2019-01-10 22:05:00,28.12,33.07,36.36,36.47,50.13,53.53,51.84,54.57,39.09,51.91,52.32,42.11,55.9,46.06,30.36,44.94,36.11,42.79,47.14,51.42,53.09,54.31,46.91,54.14,55.43,45.0,47.05,46.85,45.76,46.67,43.59,48.7,48.14
2019-01-10 22:10:00,28.13,33.08,36.37,36.5,50.14,53.54,51.87,54.6,39.09,51.94,52.34,42.13,55.92,46.09,30.39,44.97,36.13,42.82,47.16,51.43,53.11,54.32,46.94,54.16,55.46,45.02,47.08,46.87,45.77,46.69,43.6,48.72,48.16
2019-01-10 22:15:00,28.15,33.09,36.38,36.52,50.15,53.56,51.89,54.62,39.09,51.96,52.36,42.14,55.94,46.11,30.41,44.99,36.16,42.84,47.17,51.44,53.12,54.34,46.96,54.18,55.48,45.04,47.1,46.88,45.79,46.7,43.61,48.74,48.17
2019-01-10 22:20:00,28.16,33.1,36.39,36.54,50.16,53.57,51.91,54.64,39.09,51.98,52.38,42.15,55.95,46.13,30.43,45.01,36.18,42.86,47.18,51.45,53.13,54.36,46.98,54.2,55.5,45.05,47.12,46.9,45.8,46.72,43.61,48.75,48.18
2019-01-10 22:25:00,28.17,33.12,36.4,36.56,50.17,53.58,51.92,54.66,39.09,51.99,52.39,42.16,55.96,46.15,30.45,45.02,36.19,42.88,47.19,51.45,53.14,54.37,46.99,54.21,55.52,45.07,47.13,46.91,45.81,46.73,43.62,48.76,48.19
2019-01-10 22:30:00,28.18,33.13,36.42,36.57,50.18,53.59,51.93,54.67,39.09,52.0,52.4,42.16,55.97,46.16,30.46,45.03,36.21,42.89,47.2,51.46,53.15,54.37,47.0,54.22,55.53,45.07,47.14,46.92,45.82,46.74,43.62,48.77,48.2
2019-01-10 22:35:00,28.19,33.14,36.43,36.58,50.18,53.59,51.94,54.67,39.09,52.01,52.4,42.17,55.97,46.16,30.47,45.04,36.21,42.9,47.2,51.46,53.15,54.38,47.01,54.22,55.53,45.08,47.15,46.93,45.82,46.74,43.62,48.78,48.2
2019-01-10 22:40:00,28.2,33.15,36.44,36.58,50.19,53.59,51.95,54.68,39.09,52.02,52.41,42.17,55.98,46.17,30.48,45.05,36.22,42.9,47.2,51.46,53.16,54.38,47.01,54.23,55.54,45.09,47.15,46.93,45.83,46.75,43.63,48.78,48.21
2019-01-10 22:45:00,28.22,33.16,36.45,36.59,50.19,53.6,51.96,54.69,39.09,52.02,52.42,42.17,55.98,46.18,30.49,45.06,36.23,42.91,47.21,51.47,53.16,54.39,47.02,54.24,55.55,45.09,47.16,46.94,45.83,46.75,43.63,48.79,48.21
2019-01-10 22:50:00,28.23,33.17,36.46,36.6,50.2,53.61,51.97,54.7,39.09,52.03,52.42,42.18,55.99,46.19,30.5,45.06,36.24,42.92,47.21,51.47,53.17,54.4,47.03,54.24,55.56,45.1,47.17,46.94,45.84,46.76,43.63,48.8,48.22
2019-01-10 22:55:00,28.24,33.18,36.47,36.62,50.2,53.61,51.98,54.71,39.09,52.05,52.43,42.19,56.0,46.2,30.51,45.08,36.25,42.93,47.22,51.48,53.17,54.41,47.04,54.25,55.57,45.11,47.18,46.95,45.84,46.77,43.64,48.81,48.22
2019-01-10 23:00:00,28.25,33.2,36.48,36.63,50.21,53.62,51.99,54.72,39.09,52.06,52.45,42.2,56.01,46.22,30.53,45.09,36.27,42.95,47.23,51.48,53.18,54.42,47.06,54.27,55.59,45.12,47.19,46.97,45.85,46.78,43.64,48.82,48.23
2019-01-10 23:05:00,28.26,33.21,36.49,36.65,50.22,53.64,52.01,54.74,39.09,52.08,52.46,42.21,56.02,46.24,30.55,45.11,36.29,42.97,47.24,51.49,53.2,54.43,47.07,54.28,55.61,45.14,47.21,46.98,45.87,46.8,43.65,48.83,48.24
2019-01-10 23:10:00,28.28,33.22,36.51,36.67,50.23,53.65,52.03,54.76,39.09,52.1,52.48,42.22,56.04,46.26,30.57,45.13,36.31,42.99,47.25,51.5,53.21,54.45,47.09,54.3,55.63,45.16,47.23,47.0,45.88,46.81,43.65,48.85,48.26
2019-01-10 23:15:00,28.29,33.23,36.52,36.7,50.25,53.66,52.05,54.78,39.09,52.12,52.49,42.23,56.05,46.28,30.6,45.15,36.33,43.01,47.26,51.51,53.22,54.46,47.11,54.32,55.65,45.17,47.25,47.01,45.89,46.83,43.66,48.86,48.27
2019-01-10 23:20:00,28.3,33.25,36.53,36.72,50.26,53.68,52.07,54.8,39.09,52.14,52.51,42.24,56.07,46.3,30.62,45.17,36.35,43.03,47.28,51.51,53.23,54.48,47.13,54.33,55.67,45.19,47.27,47.03,45.9,46.84,43.67,48.88,48.28
2019-01-10 23:25:00,28.32,33.26,36.54,36.74,50.27,53.69,52.09,54.82,39.09,52.16,52.53,42.25,56.08,46.32,30.64,45.19,36.38,43.05,47.29,51.52,53.25,54.49,47.15,54.35,55.69,45.21,47.28,47.04,45.91,46.86,43.67,48.89,48.29
2019-01-10 23:30:00,28.33,33.27,36.56,36.76,50.28,53.7,52.11,54.84,39.09,52.18,52.54,42.26,56.1,46.34,30.66,45.21,36.4,43.07,47.3,51.53,53.26,54.5,47.17,54.37,55.7,45.22,47.3,47.06,45.93,46.87,43.68,48.91,48.3
2019-01-10 23:35:00,28.34,33.29,36.57,36.78,50.29,53.71,52.13,54.86,39.09,52.19,52.56,42.27,56.11,46.36,30.68,45.23,36.42,43.09,47.31,51.54,53.27,54.52,47.19,54.38,55.72,45.24,47.32,47.07,45.94,46.88,43.69,48.92,48.31
2019-01-10 23:40:00,28.36,33.3,36.58,36.8,50.3,53.73,52.15,54.88,39.09,52.22,52.57,42.28,56.12,46.38,30.71,45.25,36.44,43.11,47.32,51.55,53.29,54.54,47.21,54.4,55.75,45.25,47.34,47.09,45.95,46.9,43.69,48.94,48.32
2019-01-10 23:45:00,28.37,33.31,36.6,36.83,50.32,53.74,52.17,54.9,39.09,52.24,52.59,42.29,56.14,46.4,30.73,45.27,36.46,43.14,47.33,51.56,53.3,54.55,47.23,54.42,55.77,45.27,47.36,47.11,45.96,46.92,43.7,48.96,48.34
2019-01-10 23:50:00,28.39,33.33,36.61,36.85,50.33,53.76,52.2,54.92,39.09,52.26,52.61,42.3,56.16,46.42,30.76,45.29,36.49,43.16,47.35,51.57,53.31,54.57,47.25,54.44,55.79,45.29,47.38,47.12,45.98,46.93,43.71,48.97,48.35
2019-01-10 23:55:00,28.4,33.34,36.62,36.88,50.34,53.78,52.22,54.95,39.09,52.29,52.63,42.32,56.18,46.45,30.78,45.32,36.51,43.18,47.36,51.58,53.33,54.59,47.27,54.46,55.82,45.31,47.4,47.14,45.99,46.95,43.72,48.99,48.36
2019-01-11 00:00:00,28.41,33.36,36.64,36.91,50.36,53.79,52.25,54.97,39.09,52.31,52.65,42.33,56.19,46.47,30.81,45.34,36.54,43.21,47.38,51.59,53.35,54.61,47.3,54.48,55.84,45.33,47.42,47.16,46.01,46.97,43.72,49.01,48.38
2019-01-11 00:05:00,28.43,33.37,36.65,36.93,50.37,53.81,52.27,55.0,39.09,52.34,52.67,42.34,56.21,46.5,30.84,45.36,36.57,43.24,47.39,51.6,53.36,54.63,47.32,54.5,55.87,45.35,47.45,47.18,46.02,46.99,43.73,49.03,48.39
2019-01-11 00:10:00,28.44,33.39,36.66,36.96,50.39,53.83,52.3,55.02,39.09,52.36,52.69,42.35,56.23,46.53,30.87,45.39,36.59,43.26,47.41,51.61,53.38,54.65,47.35,54.52,55.89,45.38,47.47,47.2,46.04,47.0,43.74,49.05,48.41
2019-01-11 00:15:00,28.46,33.4,36.68,36.99,50.4,53.85,52.32,55.05,39.09,52.39,52.71,42.37,56.25,46.55,30.9,45.41,36.62,43.29,47.42,51.62,53.4,54.67,47.37,54.54,55.92,45.4,47.49,47.22,46.05,47.02,43.75,49.07,48.42
2019-01-11 00:20:00,28.47,33.41,36.69,37.01,50.42,53.86,52.34,55.07,39.09,52.41,52.73,42.38,56.27,46.57,30.92,45.44,36.65,43.31,47.44,51.63,53.41,54.69,47.39,54.56,55.94,45.41,47.51,47.24,46.07,47.04,43.75,49.08,48.43
2019-01-11 00:25:00,28.49,33.43,36.71,37.04,50.43,53.88,52.37,55.09,39.09,52.43,52.74,42.39,56.28,46.6,30.95,45.46,36.67,43.34,47.45,51.64,53.43,54.7,47.41,54.58,55.96,45.43,47.53,47.25,46.08,47.05,43.76,49.1,48.45
2019-01-11 00:30:00,28.5,33.44,36.72,37.06,50.44,53.89,52.39,55.12,39.09,52.46,52.76,42.4,56.3,46.62,30.97,45.48,36.69,43.36,47.46,51.65,53.44,54.72,47.43,54.6,55.99,45.45,47.55,47.27,46.09,47.07,43.77,49.12,48.46
2019-01-11 00:35:00,28.52,33.46,36.73,37.08,50.46,53.91,52.41,55.14,39.09,52.48,52.78,42.41,56.32,46.64,31.0,45.5,36.72,43.38,47.48,51.66,53.46,54.74,47.45,54.62,56.01,45.47,47.57,47.29,46.11,47.09,43.77,49.13,48.47
2019-01-11 00:40:00,28.53,33.47,36.75,37.11,50.47,53.93,52.44,55.16,39.09,52.5,52.8,42.42,56.33,46.67,31.02,45.53,36.74,43.41,47.49,51.67,53.47,54.76,47.48,54.64,56.03,45.49,47.59,47.31,46.12,47.1,43.78,49.15,48.48
2019-01-11 00:45:00,28.55,33.49,36.76,37.14,50.48,53.94,52.46,55.19,39.09,52.53,52.81,42.44,56.35,46.69,31.05,45.55,36.77,43.43,47.51,51.68,53.49,54.78,47.5,54.66,56.06,45.51,47.62,47.32,46.13,47.12,43.79,49.17,48.5
2019-01-11 00:50:00,28.56,33.5,36.78,37.16,50.5,53.96,52.49,55.21,39.1,52.55,52.83,42.45,56.37,46.72,31.08,45.57,36.8,43.46,47.52,51.69,53.5,54.8,47.52,54.69,56.08,45.53,47.64,47.34,46.15,47.14,43.8,49.18,48.51
2019-01-11 00:55:00,28.58,33.52,36.79,37.19,50.51,53.98,52.51,55.24,39.1,52.58,52.85,42.46,56.39,46.74,31.1,45.6,36.82,43.48,47.53,51.7,53.52,54.82,47.55,54.71,56.11,45.55,47.66,47.36,46.16,47.15,43.8,49.2,48.52
2019-01-11 01:00:00,28.59,33.53,36.81,37.22,50.53,53.99,52.53,55.26,39.1,52.6,52.87,42.47,56.41,46.77,31.13,45.62,36.85,43.51,47.55,51.71,53.53,54.83,47.57,54.73,56.13,45.57,47.68,47.38,46.18,47.17,43.81,49.22,48.54
2019-01-11 01:05:00,28.61,33.55,36.82,37.24,50.54,54.01,52.56,55.28,39.1,52.62,52.89,42.48,56.42,46.79,31.16,45.64,36.87,43.53,47.56,51.72,53.55,54.85,47.59,54.75,56.16,45.59,47.7,47.4,46.19,47.19,43.82,49.24,48.55
2019-01-11 01:10:00,28.62,33.56,36.84,37.26,50.55,54.02,52.58,55.3,39.1,52.65,52.9,42.5,56.44,46.81,31.18,45.66,36.9,43.55,47.58,51.72,53.56,54.87,47.61,54.77,56.18,45.61,47.72,47.41,46.2,47.2,43.83,49.25,48.56
2019-01-11 01:15:00,28.64,33.58,36.85,37.29,50.57,54.04,52.6,55.33,39.1,52.67,52.92,42.51,56.45,46.83,31.2,45.69,36.92,43.58,47.59,51.73,53.58,54.89,47.63,54.78,56.2,45.62,47.74,47.43,46.21,47.22,43.83,49.27,48.57
2019-01-11 01:20:00,28.65,33.59,36.87,37.31,50.58,54.05,52.62,55.35,39.1,52.69,52.94,42.52,56.47,46.85,31.22,45.7,36.94,43.6,47.6,51.74,53.59,54.9,47.65,54.8,56.22,45.64,47.76,47.44,46.22,47.23,43.84,49.28,48.58
2019-01-11 01:25:00,28.67,33.61,36.88,37.33,50.59,54.06,52.64,55.36,39.1,52.71,52.95,42.52,56.48,46.87,31.25,45.72,36.96,43.62,47.61,51.75,53.6,54.92,47.67,54.82,56.24,45.66,47.77,47.46,46.24,47.24,43.84,49.29,48.59
2019-01-11 01:30:00,28.68,33.62,36.9,37.35,50.6,54.08,52.66,55.38,39.1,52.73,52.96,42.53,56.5,46.89,31.27,45.74,36.98,43.64,47.62,51.76,53.62,54.93,47.69,54.83,56.26,45.67,47.79,47.47,46.25,47.26,43.85,49.31,48.6
2019-01-11 01:35:00,28.7,33.64,36.91,37.37,50.61,54.09,52.68,55.4,39.1,52.75,52.98,42.54,56.51,46.91,31.29,45.76,37.0,43.66,47.63,51.77,53.63,54.95,47.71,54.85,56.28,45.69,47.81,47.48,46.26,47.27,43.85,49.32,48.61
2019-01-11 01:40:00,28.71,33.66,36.93,37.39,50.62,54.1,52.7,55.42,39.1,52.76,52.99,42.55,56.52,46.93,31.31,45.78,37.02,43.68,47.64,51.77,53.64,54.96,47.72,54.87,56.3,45.7,47.82,47.5,46.27,47.28,43.86,49.33,48.62
2019-01-11 01:45:00,28.73,33.67,36.94,37.41,50.63,54.12,52.71,55.44,39.1,52.78,53.0,42.56,56.54,46.95,31.33,45.8,37.04,43.69,47.65,51.78,53.65,54.98,47.74,54.88,56.32,45.72,47.84,47.51,46.28,47.29,43.86,49.35,48.63
2019-01-11 01:50:00,28.75,33.69,36.96,37.43,50.64,54.13,52.73,55.46,39.1,52.8,53.02,42.57,56.55,46.97,31.35,45.81,37.06,43.71,47.66,51.79,53.66,54.99,47.76,54.9,56.33,45.73,47.85,47.52,46.29,47.3,43.87,49.36,48.64
2019-01-11 01:55:00,28.76,33.7,36.97,37.45,50.65,54.14,52.75,55.47,39.1,52.82,53.03,42.58,56.56,46.98,31.36,45.83,37.08,43.73,47.67,51.79,53.67,55.0,47.77,54.91,56.35,45.74,47.87,47.53,46.29,47.32,43.87,49.37,48.65
2019-01-11 02:00:00,28.78,33.72,36.99,37.46,50.66,54.15,52.76,55.49,39.1,52.83,53.04,42.58,56.57,47.0,31.38,45.84,37.09,43.74,47.68,51.8,53.68,55.01,47.78,54.92,56.36,45.75,47.88,47.54,46.3,47.32,43.88,49.38,48.65
2019-01-11 02:05:00,28.79,33.73,37.0,37.47,50.67,54.16,52.77,55.5,39.1,52.84,53.05,42.59,56.58,47.01,31.39,45.85,37.11,43.76,47.69,51.8,53.69,55.02,47.8,54.93,56.38,45.76,47.89,47.55,46.31,47.33,43.88,49.39,48.66
2019-01-11 02:10:00,28.81,33.75,37.02,37.49,50.67,54.16,52.79,55.51,39.1,52.85,53.06,42.59,56.59,47.02,31.4,45.86,37.12,43.77,47.7,51.81,53.7,55.03,47.81,54.94,56.39,45.77,47.9,47.56,46.31,47.34,43.89,49.39,48.67
2019-01-11 02:15:00,28.82,33.76,37.04,37.5,50.68,54.17,52.8,55.52,39.1,52.86,53.06,42.6,56.6,47.03,31.42,45.87,37.13,43.78,47.7,51.81,53.7,55.04,47.82,54.95,56.4,45.78,47.91,47.57,46.32,47.35,43.89,49.4,48.67
2019-01-11 02:20:00,28.84,33.78,37.05,37.51,50.68,54.18,52.8,55.53,39.1,52.87,53.07,42.6,56.6,47.04,31.43,45.88,37.14,43.79,47.71,51.82,53.71,55.05,47.83,54.96,56.41,45.79,47.91,47.57,46.33,47.35,43.89,49.41,48.68
2019-01-11 02:25:00,28.85,33.8,37.07,37.52,50.69,54.18,52.81,55.54,39.1,52.88,53.08,42.61,56.61,47.05,31.44,45.89,37.15,43.8,47.71,51.82,53.72,55.05,47.83,54.97,56.42,45.8,47.92,47.58,46.33,47.36,43.89,49.41,48.68
2019-01-11 02:30:00,28.87,33.81,37.08,37.53,50.69,54.19,52.82,55.55,39.1,52.89,53.08,42.61,56.62,47.06,31.45,45.9,37.16,43.81,47.72,51.82,53.72,55.06,47.84,54.97,56.43,45.8,47.93,47.59,46.34,47.36,43.9,49.42,48.69
2019-01-11 02:35:00,28.89,33.83,37.1,37.54,50.7,54.2,52.83,55.56,39.1,52.9,53.09,42.61,56.62,47.07,31.46,45.91,37.17,43.82,47.72,51.83,53.73,55.07,47.85,54.98,56.43,45.81,47.94,47.59,46.34,47.37,43.9,49.43,48.69
2019-01-11 02:40:00,28.9,33.84,37.11,37.55,50.71,54.2,52.84,55.57,39.1,52.91,53.1,42.62,56.63,47.08,31.47,45.92,37.18,43.83,47.73,51.83,53.73,55.07,47.86,54.99,56.44,45.82,47.95,47.6,46.34,47.38,43.9,49.43,48.7
2019-01-11 02:45:00,28.92,33.86,37.13,37.56,50.71,54.21,52.85,55.58,39.1,52.92,53.1,42.62,56.64,47.09,31.48,45.93,37.19,43.83,47.73,51.84,53.74,55.08,47.87,55.0,56.45,45.83,47.95,47.61,46.35,47.38,43.9,49.44,48.7
2019-01-11 02:50:00,28.93,33.87,37.14,37.57,50.72,54.21,52.86,55.58,39.1,52.93,53.11,42.63,56.64,47.1,31.49,45.94,37.2,43.84,47.74,51.84,53.74,55.09,47.88,55.0,56.46,45.83,47.96,47.61,46.35,47.39,43.91,49.44,48.7
2019-01-11 02:55:00,28.95,33.89,37.16,37.57,50.72,54.22,52.87,55.59,39.1,52.93,53.11,42.63,56.65,47.1,31.5,45.94,37.2,43.85,47.74,51.84,53.75,55.09,47.88,55.01,56.47,45.84,47.97,47.62,46.36,47.39,43.91,49.45,48.71
2019-01-11 03:00:00,28.96,33.9,37.17,37.58,50.72,54.22,52.87,55.6,39.1,52.94,53.12,42.63,56.65,47.11,31.5,45.95,37.21,43.86,47.75,51.84,53.75,55.1,47.89,55.02,56.47,45.84,47.97,47.62,46.36,47.4,43.91,49.45,48.71
2019-01-11 03:05:00,28.98,33.92,37.19,37.59,50.73,54.23,52.88,55.6,39.1,52.95,53.12,42.64,56.66,47.12,31.51,45.95,37.22,43.86,47.75,51.85,53.76,55.1,47.89,55.02,56.48,45.85,47.98,47.62,46.36,47.4,43.91,49.45,48.71
2019-01-11 03:10:00,28.99,33.94,37.2,37.59,50.73,54.23,52.88,55.61,39.1,52.95,53.12,42.64,56.66,47.12,31.51,45.96,37.22,43.87,47.75,51.85,53.76,55.11,47.9,55.02,56.48,45.85,47.98,47.63,46.37,47.4,43.91,49.46,48.71
2019-01-11 03:15:00,29.01,33.95,37.22,37.6,50.73,54.23,52.89,55.61,39.1,52.95,53.13,42.64,56.66,47.13,31.52,45.96,37.23,43.87,47.75,51.85,53.76,55.11,47.9,55.03,56.49,45.85,47.98,47.63,46.37,47.4,43.91,49.46,48.72
2019-01-11 03:20:00,29.02,33.97,37.24,37.6,50.73,54.24,52.89,55.62,39.1,52.96,53.13,42.64,56.66,47.13,31.52,45.97,37.23,43.88,47.76,51.85,53.76,55.11,47.91,55.03,56.49,45.86,47.99,47.63,46.37,47.41,43.91,49.46,48.72
2019-01-11 03:25:00,29.04,33.98,37.25,37.6,50.74,54.24,52.89,55.62,39.1,52.96,53.13,42.64,56.67,47.13,31.53,45.97,37.23,43.88,47.76,51.85,53.77,55.12,47.91,55.03,56.5,45.86,47.99,47.64,46.37,47.41,43.92,49.47,48.72
2019-01-11 03:30:00,29.06,34.0,37.27,37.61,50.74,54.24,52.9,55.62,39.1,52.97,53.14,42.64,56.67,47.14,31.53,45.98,37.24,43.88,47.76,51.86,53.77,55.12,47.91,55.04,56.5,45.86,47.99,47.64,46.37,47.41,43.92,49.47,48.72
2019-01-11 03:35:00,29.07,34.01,37.28,37.62,50.74,54.25,52.91,55.63,39.1,52.97,53.14,42.65,56.68,47.14,31.54,45.98,37.25,43.89,47.77,51.86,53.77,55.12,47.92,55.04,56.51,45.87,48.0,47.64,46.38,47.42,43.92,49.47,48.73
2019-01-11 03:40:00,29.09,34.03,37.3,37.62,50.74,54.25,52.91,55.64,39.1,52.98,53.14,42.65,56.68,47.15,31.55,45.99,37.25,43.9,47.77,51.86,53.78,55.13,47.93,55.05,56.51,45.87,48.0,47.65,46.38,47.42,43.92,49.48,48.73
2019-01-11 03:45:00,29.1,34.04,37.31,37.63,50.75,54.25,52.92,55.64,39.1,52.98,53.15,42.65,56.68,47.16,31.55,45.99,37.26,43.9,47.77,51.86,53.78,55.13,47.93,55.05,56.52,45.88,48.01,47.65,46.38,47.42,43.92,49.48,48.73
2019-01-11 03:50:00,29.12,34.06,37.33,37.63,50.75,54.26,52.92,55.65,39.1,52.99,53.15,42.65,56.69,47.16,31.56,46.0,37.26,43.91,47.77,51.86,53.78,55.14,47.94,55.06,56.52,45.88,48.01,47.65,46.39,47.43,43.92,49.48,48.73
2019-01-11 03:55:00,29.13,34.08,37.35,37.64,50.75,54.26,52.93,55.65,39.1,52.99,53.15,42.66,56.69,47.17,31.56,46.0,37.27,43.91,47.78,51.87,53.79,55.14,47.94,55.06,56.53,45.89,48.02,47.66,46.39,47.43,43.92,49.49,48.74
2019-01-11 04:00:00,29.15,34.09,37.36,37.64,50.76,54.26,52.93,55.66,39.1,53.0,53.16,42.66,56.69,47.17,31.57,46.0,37.27,43.92,47.78,51.87,53.79,55.14,47.94,55.06,56.53,45.89,48.02,47.66,46.39,47.43,43.93,49.49,48.74
2019-01-11 04:05:00,29.17,34.11,37.38,37.65,50.76,54.26,52.93,55.66,39.1,53.0,53.16,42.66,56.69,47.17,31.57,46.01,37.28,43.92,47.78,51.87,53.79,55.14,47.95,55.07,56.54,45.89,48.02,47.66,46.39,47.43,43.93,49.49,48.74
2019-01-11 04:10:00,29.18,34.12,37.39,37.65,50.76,54.26,52.93,55.66,39.1,53.0,53.16,42.66,56.7,47.17,31.57,46.01,37.28,43.92,47.78,51.87,53.79,55.15,47.95,55.07,56.54,45.89,48.02,47.66,46.39,47.43,43.93,49.49,48.74
2019-01-11 04:15:00,29.2,34.14,37.41,37.65,50.76,54.27,52.93,55.66,39.1,53.0,53.16,42.66,56.7,47.17,31.57,46.01,37.28,43.92,47.78,51.87,53.79,55.15,47.95,55.07,56.54,45.89,48.02,47.66,46.39,47.43,43.93,49.49,48.74
2019-01-11 04:20:00,29.21,34.15,37.42,37.65,50.76,54.26,52.93,55.66,39.1,53.0,53.16,42.66,56.7,47.17,31.57,46.01,37.28,43.92,47.78,51.87,53.79,55.15,47.95,55.07,56.54,45.89,48.02,47.66,46.39,47.43,43.93,49.49,48.74
2019-01-11 04:25:00,29.23,34.17,37.44,37.65,50.76,54.26,52.93,55.66,39.1,53.0,53.16,42.66,56.7,47.17,31.57,46.01,37.28,43.92,47.78,51.87,53.79,55.14,47.95,55.07,56.54,45.89,48.02,47.66,46.39,47.43,43.93,49.49,48.74
2019-01-11 04:30:00,29.24,34.18,37.45,37.65,50.76,54.26,52.93,55.66,39.1,53.0,53.16,42.66,56.69,47.17,31.57,46.01,37.28,43.92,47.78,51.87,53.79,55.14,47.95,55.07,56.54,45.89,48.02,47.66,46.39,47.43,43.93,49.49,48.74
2019-01-11 04:35:00,29.26,34.2,37.47,37.64,50.76,54.26,52.93,55.66,39.1,53.0,53.16,42.66,56.69,47.17,31.57,46.01,37.27,43.92,47.78,51.87,53.79,55.14,47.94,55.06,56.53,45.89,48.02,47.66,46.39,47.43,43.93,49.49,48.74
2019-01-11 04:40:00,29.27,34.22,37.48,37.64,50.76,54.26,52.93,55.65,39.1,53.0,53.16,42.66,56.69,47.17,31.57,46.0,37.27,43.92,47.78,51.87,53.79,55.14,47.94,55.06,56.53,45.89,48.02,47.66,46.39,47.43,43.92,49.49,48.74
2019-01-11 04:45:00,29.29,34.23,37.5,37.64,50.75,54.26,52.93,55.65,39.1,53.0,53.15,42.66,56.69,47.17,31.56,46.0,37.27,43.91,47.78,51.87,53.79,55.14,47.94,55.06,56.53,45.89,48.02,47.66,46.39,47.43,43.92,49.49,48.74
2019-01-11 04:50:00,29.3,34.25,37.52,37.64,50.75,54.26,52.92,55.65,39.1,52.99,53.15,42.66,56.69,47.16,31.56,46.0,37.27,43.91,47.78,51.87,53.79,55.14,47.94,55.06,56.53,45.88,48.01,47.66,46.39,47.43,43.92,49.48,48.73
2019-01-11 04:55:00,29.32,34.26,37.53,37.63,50.75,54.26,52.92,55.65,39.1,52.99,53.15,42.65,56.69,47.16,31.56,46.0,37.26,43.91,47.77,51.86,53.78,55.14,47.93,55.06,56.52,45.88,48.01,47.65,46.39,47.43,43.92,49.48,48.73
2019-01-11 05:00:00,29.33,34.28,37.55,37.63,50.75,54.25,52.92,55.64,39.1,52.98,53.15,42.65,56.68,47.16,31.55,45.99,37.26,43.9,47.77,51.86,53.78,55.13,47.93,55.05,56.52,45.88,48.01,47.65,46.38,47.42,43.92,49.48,48.73
2019-01-11 05:05:00,29.35,34.29,37.56,38.17,50.87,54.4,53.22,55.94,39.1,53.27,53.28,42.74,56.87,47.48,32.01,46.32,37.7,44.24,47.9,51.96,53.93,55.31,48.22,55.26,56.83,46.1,48.21,47.8,46.48,47.54,43.97,49.6,48.82
2019-01-11 05:10:00,29.34,34.28,37.55,38.17,50.87,54.39,53.22,55.94,39.1,53.26,53.28,42.74,56.87,47.48,32.0,46.32,37.7,44.23,47.89,51.96,53.92,55.3,48.22,55.26,56.82,46.09,48.21,47.8,46.48,47.54,43.97,49.59,48.82
2019-01-11 05:15:00,29.34,34.28,37.55,38.16,50.87,54.39,53.21,55.93,39.1,53.26,53.27,42.74,56.86,47.47,32.0,46.31,37.69,44.23,47.89,51.96,53.92,55.3,48.21,55.25,56.82,46.09,48.2,47.79,46.47,47.53,43.97,49.59,48.81
2019-01-11 05:20:00,29.34,34.28,37.55,38.16,50.86,54.38,53.2,55.92,39.1,53.25,53.27,42.73,56.86,47.46,31.99,46.3,37.68,44.22,47.88,51.96,53.92,55.29,48.21,55.25,56.81,46.08,48.2,47.79,46.47,47.53,43.97,49.58,48.81
2019-01-11 05:25:00,29.33,34.27,37.54,38.15,50.86,54.38,53.2,55.92,39.1,53.24,53.26,42.73,56.85,47.46,31.98,46.3,37.67,44.21,47.88,51.95,53.91,55.29,48.2,55.24,56.8,46.07,48.19,47.78,46.46,47.52,43.96,49.58,48.8
2019-01-11 05:30:00,29.32,34.27,37.54,38.14,50.85,54.37,53.19,55.91,39.1,53.23,53.25,42.72,56.84,47.45,31.97,46.29,37.66,44.2,47.87,51.95,53.9,55.28,48.19,55.23,56.79,46.07,48.18,47.77,46.46,47.51,43.96,49.57,48.8
2019-01-11 05:35:00,29.32,34.26,37.53,38.12,50.84,54.36,53.17,55.89,39.1,53.22,53.24,42.72,56.83,47.43,31.96,46.27,37.65,44.19,47.87,51.94,53.89,55.27,48.18,55.22,56.78,46.06,48.17,47.76,46.45,47.5,43.96,49.56,48.79
2019-01-11 05:40:00,29.31,34.25,37.53,38.11,50.84,54.35,53.16,55.88,39.1,53.2,53.23,42.71,56.82,47.42,31.94,46.26,37.63,44.17,47.86,51.94,53.88,55.26,48.16,55.21,56.76,46.04,48.15,47.75,46.44,47.49,43.95,49.55,48.78
2019-01-11 05:45:00,29.3,34.25,37.52,38.09,50.82,54.34,53.14,55.86,39.1,53.19,53.21,42.7,56.81,47.4,31.92,46.24,37.62,44.15,47.85,51.93,53.87,55.24,48.14,55.19,56.74,46.03,48.14,47.73,46.43,47.48,43.94,49.53,48.77
2019-01-11 05:50:00,29.3,34.24,37.51,38.06,50.81,54.32,53.12,55.83,39.1,53.16,53.2,42.68,56.79,47.37,31.89,46.22,37.59,44.13,47.83,51.92,53.86,55.22,48.12,55.17,56.72,46.01,48.11,47.72,46.41,47.46,43.94,49.51,48.76
2019-01-11 05:55:00,29.29,34.23,37.5,38.03,50.79,54.3,53.09,55.81,39.1,53.14,53.17,42.67,56.77,47.34,31.86,46.19,37.56,44.1,47.81,51.91,53.84,55.2,48.09,55.15,56.69,45.98,48.09,47.69,46.39,47.44,43.93,49.49,48.74
2019-01-11 06:00:00,29.27,34.22,37.49,38.0,50.77,54.28,53.05,55.77,39.1,53.1,53.14,42.65,56.74,47.31,31.83,46.16,37.53,44.06,47.79,51.89,53.81,55.17,48.06,55.12,56.65,45.96,48.06,47.67,46.37,47.41,43.92,49.46,48.72
2019-01-11 06:05:00,29.26,34.2,37.48,37.96,50.75,54.25,53.01,55.73,39.1,53.06,53.11,42.63,56.71,47.27,31.78,46.12,37.48,44.02,47.77,51.87,53.79,55.14,48.02,55.08,56.61,45.92,48.02,47.63,46.35,47.38,43.9,49.43,48.7
2019-01-11 06:10:00,29.25,34.19,37.47,37.91,50.72,54.22,52.97,55.68,39.1,53.02,53.07,42.6,56.68,47.22,31.73,46.08,37.44,43.98,47.74,51.85,53.76,55.11,47.98,55.04,56.56,45.88,47.98,47.6,46.32,47.35,43.89,49.4,48.67
2019-01-11 06:15:00,29.23,34.17,37.45,37.86,50.69,54.19,52.92,55.63,39.1,52.97,53.03,42.57,56.64,47.17,31.68,46.03,37.39,43.93,47.71,51.83,53.73,55.07,47.93,55.0,56.51,45.84,47.93,47.56,46.29,47.31,43.87,49.36,48.64
2019-01-11 06:20:00,29.21,34.16,37.44,37.81,50.66,54.15,52.86,55.58,39.1,52.92,52.99,42.55,56.6,47.12,31.62,45.98,37.33,43.87,47.68,51.81,53.69,55.03,47.88,54.96,56.46,45.8,47.88,47.51,46.25,47.27,43.85,49.31,48.61
2019-01-11 06:25:00,29.2,34.14,37.42,37.75,50.63,54.11,52.81,55.53,39.1,52.87,52.94,42.52,56.56,47.07,31.57,45.93,37.28,43.82,47.65,51.79,53.66,54.99,47.84,54.92,56.41,45.76,47.83,47.47,46.22,47.23,43.83,49.27,48.57
2019-01-11 06:30:00,29.18,34.12,37.41,37.7,50.6,54.08,52.76,55.48,39.1,52.82,52.9,42.49,56.53,47.02,31.51,45.88,37.23,43.77,47.62,51.77,53.62,54.95,47.79,54.87,56.36,45.72,47.79,47.43,46.19,47.19,43.82,49.23,48.54
2019-01-11 06:35:00,29.16,34.11,37.39,37.66,50.57,54.05,52.72,55.44,39.1,52.77,52.86,42.46,56.49,46.97,31.46,45.84,37.18,43.73,47.59,51.75,53.59,54.92,47.75,54.83,56.31,45.68,47.75,47.39,46.16,47.15,43.8,49.2,48.52
2019-01-11 06:40:00,29.15,34.09,37.38,37.61,50.55,54.02,52.68,55.39,39.1,52.73,52.83,42.44,56.46,46.93,31.42,45.8,37.14,43.68,47.56,51.73,53.57,54.88,47.71,54.8,56.27,45.64,47.71,47.36,46.13,47.12,43.79,49.16,48.49
2019-01-11 06:45:00,29.13,34.08,37.37,37.57,50.52,53.99,52.64,55.35,39.1,52.69,52.79,42.42,56.43,46.89,31.37,45.76,37.1,43.64,47.54,51.72,53.54,54.85,47.67,54.77,56.23,45.61,47.67,47.33,46.1,47.09,43.77,49.13,48.47
2019-01-11 06:50:00,29.11,34.06,37.35,37.54,50.5,53.97,52.6,55.32,39.1,52.66,52.76,42.4,56.41,46.85,31.34,45.73,37.07,43.61,47.52,51.7,53.52,54.82,47.64,54.73,56.2,45.58,47.64,47.3,46.08,47.06,43.76,49.1,48.45
2019-01-11 06:55:00,29.1,34.05,37.34,37.5,50.48,53.94,52.57,55.28,39.1,52.62,52.73,42.38,56.38,46.82,31.3,45.69,37.03,43.57,47.5,51.69,53.49,54.8,47.6,54.7,56.16,45.55,47.6,47.27,46.06,47.03,43.75,49.07,48.42
2019-01-11 07:00:00,29.08,34.03,37.32,37.46,50.46,53.91,52.53,55.25,39.1,52.58,52.7,42.36,56.35,46.78,31.26,45.66,36.99,43.53,47.47,51.67,53.47,54.77,47.57,54.67,56.12,45.52,47.57,47.24,46.03,47.01,43.74,49.04,48.4
2019-01-11 07:05:00,29.07,34.02,37.31,37.42,50.44,53.89,52.49,55.21,39.1,52.55,52.67,42.34,56.32,46.74,31.22,45.62,36.95,43.5,47.45,51.65,53.44,54.74,47.53,54.64,56.09,45.49,47.53,47.21,46.01,46.98,43.72,49.01,48.38
2019-01-11 07:10:00,29.05,34.0,37.3,37.39,50.41,53.86,52.45,55.17,39.1,52.51,52.64,42.32,56.3,46.71,31.17,45.58,36.91,43.46,47.43,51.64,53.42,54.7,47.5,54.61,56.05,45.46,47.5,47.18,45.99,46.95,43.71,48.98,48.36
2019-01-11 07:15:00,29.04,33.98,37.28,37.35,50.39,53.83,52.41,55.13,39.1,52.47,52.61,42.29,56.27,46.67,31.13,45.55,36.87,43.42,47.4,51.62,53.39,54.67,47.46,54.57,56.01,45.42,47.46,47.15,45.96,46.91,43.7,48.95,48.33
2019-01-11 07:20:00,29.02,33.97,37.27,37.31,50.36,53.8,52.38,55.09,39.09,52.43,52.57,42.27,56.24,46.63,31.09,45.51,36.84,43.38,47.38,51.6,53.36,54.64,47.42,54.54,55.97,45.39,47.43,47.12,45.93,46.89,43.68,48.92,48.31
2019-01-11 07:25:00,29.0,33.95,37.25,37.27,50.34,53.78,52.34,55.06,39.09,52.39,52.54,42.25,56.21,46.59,31.05,45.48,36.8,43.34,47.36,51.59,53.34,54.61,47.39,54.51,55.93,45.36,47.39,47.09,45.91,46.86,43.67,48.89,48.29
2019-01-11 07:30:00,28.99,33.94,37.24,37.24,50.32,53.76,52.31,55.03,39.09,52.36,52.52,42.24,56.19,46.56,31.02,45.45,36.77,43.31,47.34,51.58,53.32,54.59,47.36,54.48,55.9,45.34,47.36,47.06,45.89,46.83,43.66,48.87,48.27
2019-01-11 07:35:00,28.97,33.92,37.22,37.21,50.31,53.74,52.28,55.0,39.09,52.34,52.5,42.22,56.17,46.54,30.99,45.42,36.74,43.29,47.32,51.56,53.3,54.57,47.34,54.46,55.88,45.32,47.34,47.04,45.88,46.82,43.65,48.85,48.25
2019-01-11 07:40:00,28.96,33.91,37.21,37.19,50.3,53.72,52.27,54.98,39.09,52.31,52.48,42.21,56.15,46.52,30.97,45.4,36.72,43.27,47.31,51.56,53.29,54.55,47.32,54.44,55.86,45.3,47.32,47.03,45.86,46.8,43.65,48.83,48.24
2019-01-11 07:45:00,28.95,33.9,37.2,37.18,50.29,53.71,52.25,54.97,39.09,52.3,52.47,42.21,56.14,46.5,30.96,45.39,36.71,43.25,47.3,51.55,53.28,54.54,47.3,54.43,55.84,45.29,47.31,47.02,45.86,46.79,43.64,48.82,48.23
2019-01-11 07:50:00,28.94,33.89,37.19,37.17,50.28,53.7,52.24,54.95,39.09,52.29,52.46,42.2,56.13,46.49,30.95,45.38,36.7,43.24,47.29,51.54,53.27,54.53,47.29,54.42,55.83,45.28,47.3,47.01,45.85,46.78,43.64,48.81,48.23
2019-01-11 07:55:00,28.93,33.88,37.18,37.16,50.27,53.69,52.23,54.95,39.09,52.28,52.45,42.19,56.13,46.48,30.94,45.37,36.69,43.23,47.28,51.54,53.26,54.52,47.29,54.41,55.82,45.27,47.29,47.0,45.84,46.78,43.64,48.81,48.22
2019-01-11 08:00:00,28.92,33.87,37.17,37.15,50.27,53.69,52.22,54.94,39.09,52.27,52.45,42.19,56.12,46.47,30.93,45.36,36.68,43.22,47.28,51.54,53.25,54.51,47.28,54.4,55.81,45.26,47.28,46.99,45.84,46.77,43.63,48.8,48.22
2019-01-11 08:05:00,28.91,33.86,37.15,37.14,50.26,53.68,52.21,54.93,39.09,52.26,52.44,42.19,56.11,46.46,30.92,45.35,36.67,43.21,47.27,51.53,53.25,54.5,47.27,54.39,55.8,45.26,47.28,46.99,45.83,46.76,43.63,48.79,48.21
2019-01-11 08:10:00,28.89,33.84,37.14,37.13,50.25,53.67,52.2,54.92,39.09,52.24,52.43,42.18,56.1,46.45,30.91,45.34,36.66,43.2,47.26,51.53,53.24,54.49,47.26,54.38,55.79,45.25,47.27,46.98,45.83,46.75,43.63,48.78,48.21
2019-01-11 08:15:00,28.88,33.83,37.13,37.12,50.24,53.66,52.19,54.9,39.09,52.23,52.42,42.17,56.09,46.44,30.89,45.33,36.64,43.19,47.26,51.52,53.23,54.48,47.25,54.37,55.78,45.24,47.25,46.97,45.82,46.74,43.62,48.78,48.2
2019-01-11 08:20:00,28.87,33.82,37.12,37.1,50.24,53.65,52.18,54.89,39.09,52.22,52.41,42.17,56.08,46.42,30.88,45.32,36.63,43.18,47.25,51.52,53.22,54.47,47.23,54.36,55.77,45.23,47.24,46.96,45.81,46.74,43.62,48.77,48.19
2019-01-11 08:25:00,28.86,33.81,37.11,37.09,50.23,53.64,52.16,54.88,39.09,52.2,52.4,42.16,56.07,46.41,30.86,45.31,36.62,43.16,47.24,51.51,53.21,54.46,47.22,54.35,55.75,45.21,47.23,46.95,45.8,46.73,43.61,48.76,48.18
2019-01-11 08:30:00,28.85,33.8,37.1,37.08,50.22,53.63,52.15,54.87,39.09,52.19,52.39,42.15,56.06,46.4,30.85,45.3,36.61,43.15,47.23,51.51,53.2,54.45,47.21,54.33,55.74,45.2,47.22,46.94,45.8,46.72,43.61,48.75,48.18
2019-01-11 08:35:00,28.83,33.78,37.08,37.07,50.21,53.62,52.14,54.86,39.09,52.18,52.38,42.15,56.06,46.39,30.84,45.29,36.6,43.14,47.22,51.5,53.2,54.44,47.2,54.33,55.73,45.2,47.21,46.93,45.79,46.71,43.61,48.74,48.17
2019-01-11 08:40:00,28.82,33.77,37.07,37.06,50.21,53.62,52.13,54.85,39.09,52.17,52.38,42.14,56.05,46.38,30.83,45.28,36.59,43.13,47.22,51.5,53.19,54.43,47.19,54.32,55.72,45.19,47.2,46.92,45.78,46.7,43.6,48.73,48.17
2019-01-11 08:45:00,28.81,33.76,37.06,37.05,50.2,53.61,52.12,54.84,39.09,52.16,52.37,42.14,56.04,46.37,30.82,45.27,36.58,43.12,47.21,51.49,53.19,54.43,47.19,54.31,55.72,45.18,47.2,46.92,45.78,46.7,43.6,48.73,48.16
2019-01-11 08:50:00,28.8,33.75,37.05,37.04,50.2,53.6,52.12,54.83,39.09,52.15,52.36,42.14,56.04,46.37,30.82,45.27,36.57,43.12,47.21,51.49,53.18,54.42,47.18,54.31,55.71,45.18,47.19,46.91,45.78,46.69,43.6,48.72,48.16
2019-01-11 08:55:00,28.79,33.74,37.04,37.04,50.2,53.6,52.11,54.83,39.09,52.15,52.36,42.13,56.03,46.36,30.81,45.26,36.57,43.11,47.21,51.49,53.18,54.42,47.17,54.3,55.7,45.17,47.19,46.91,45.77,46.69,43.6,48.72,48.16
2019-01-11 09:00:00,28.78,33.73,37.03,37.03,50.19,53.6,52.11,54.82,39.09,52.14,52.36,42.13,56.03,46.36,30.81,45.25,36.56,43.11,47.2,51.49,53.17,54.41,47.17,54.29,55.7,45.17,47.18,46.91,45.77,46.69,43.6,48.71,48.15
2019-01-11 09:05:00,28.76,33.71,37.01,37.03,50.19,53.59,52.1,54.82,39.09,52.14,52.35,42.13,56.03,46.35,30.8,45.25,36.56,43.1,47.2,51.48,53.17,54.41,47.16,54.29,55.69,45.16,47.18,46.9,45.77,46.68,43.59,48.71,48.15
2019-01-11 09:10:00,28.75,33.7,37.0,37.02,50.18,53.59,52.1,54.81,39.09,52.13,52.35,42.13,56.02,46.35,30.8,45.24,36.55,43.1,47.2,51.48,53.17,54.4,47.16,54.29,55.69,45.16,47.17,46.9,45.76,46.68,43.59,48.71,48.15
2019-01-11 09:15:00,28.74,33.69,36.99,37.02,50.18,53.58,52.09,54.81,39.09,52.13,52.34,42.12,56.02,46.34,30.79,45.24,36.55,43.09,47.19,51.48,53.16,54.4,47.15,54.28,55.68,45.16,47.17,46.89,45.76,46.67,43.59,48.7,48.14
2019-01-11 09:20:00,28.73,33.68,36.98,37.01,50.18,53.58,52.09,54.8,39.09,52.12,52.34,42.12,56.02,46.34,30.79,45.24,36.54,43.09,47.19,51.48,53.16,54.39,47.15,54.28,55.68,45.15,47.16,46.89,45.76,46.67,43.59,48.7,48.14
2019-01-11 09:25:00,28.72,33.67,36.97,37.01,50.18,53.58,52.09,54.8,39.09,52.12,52.34,42.12,56.01,46.33,30.78,45.23,36.54,43.08,47.19,51.48,53.16,54.39,47.15,54.27,55.68,45.15,47.16,46.89,45.76,46.67,43.59,48.7,48.14
2019-01-11 09:30:00,28.71,33.66,36.96,37.01,50.18,53.58,52.08,54.8,39.09,52.12,52.34,42.12,56.01,46.33,30.78,45.23,36.54,43.08,47.19,51.47,53.16,54.39,47.15,54.27,55.67,45.15,47.16,46.89,45.75,46.67,43.59,48.7,48.14
2019-01-11 09:35:00,28.7,33.65,36.95,37.01,50.17,53.57,52.08,54.8,39.09,52.11,52.34,42.12,56.01,46.33,30.78,45.23,36.54,43.08,47.18,51.47,53.15,54.39,47.14,54.27,55.67,45.15,47.16,46.89,45.75,46.67,43.59,48.69,48.14
2019-01-11 09:40:00,28.69,33.64,36.94,37.01,50.17,53.57,52.08,54.8,39.09,52.11,52.34,42.12,56.01,46.33,30.78,45.23,36.54,43.08,47.18,51.47,53.15,54.39,47.14,54.27,55.67,45.15,47.16,46.89,45.75,46.67,43.59,48.69,48.14
2019-01-11 09:45:00,28.68,33.63,36.93,37.01,50.17,53.57,52.08,54.79,39.09,52.11,52.34,42.12,56.01,46.33,30.78,45.23,36.54,43.08,47.18,51.47,53.15,54.39,47.14,54.27,55.67,45.15,47.16,46.89,45.75,46.67,43.59,48.69,48.14
2019-01-11 09:50:00,28.66,33.61,36.91,37.01,50.17,53.57,52.08,54.79,39.09,52.11,52.33,42.12,56.01,46.33,30.78,45.23,36.53,43.08,47.18,51.47,53.15,54.39,47.14,54.27,55.67,45.15,47.16,46.89,45.75,46.67,43.59,48.69,48.14
2019-01-11 09:55:00,28.65,33.6,36.9,37.0,50.17,53.57,52.08,54.79,39.09,52.11,52.33,42.12,56.01,46.33,30.78,45.23,36.53,43.08,47.18,51.47,53.15,54.38,47.14,54.27,55.67,45.15,47.16,46.88,45.75,46.67,43.59,48.69,48.14
2019-01-11 10:00:00,28.64,33.59,36.89,37.0,50.17,53.57,52.08,54.79,39.09,52.11,52.33,42.12,56.01,46.33,30.78,45.23,36.53,43.08,47.18,51.47,53.15,54.38,47.14,54.27,55.67,45.14,47.15,46.88,45.75,46.67,43.59,48.69,48.14
2019-01-11 10:05:00,28.63,33.58,36.88,37.0,50.17,53.57,52.08,54.79,39.09,52.11,52.33,42.12,56.01,46.32,30.78,45.23,36.53,43.08,47.18,51.47,53.15,54.38,47.14,54.26,55.67,45.14,47.15,46.88,45.75,46.66,43.59,48.69,48.14
2019-01-11 10:10:00,28.62,33.57,36.87,37.0,50.17,53.57,52.08,54.79,39.09,52.1,52.33,42.12,56.0,46.32,30.77,45.22,36.53,43.07,47.18,51.47,53.15,54.38,47.14,54.26,55.67,45.14,47.15,46.88,45.75,46.66,43.59,48.69,48.14
2019-01-11 10:15:00,28.61,33.56,36.86,37.0,50.17,53.57,52.07,54.79,39.09,52.1,52.33,42.12,56.0,46.32,30.77,45.22,36.53,43.07,47.18,51.47,53.15,54.38,47.14,54.26,55.66,45.14,47.15,46.88,45.75,46.66,43.59,48.69,48.13
2019-01-11 10:20:00,28.6,33.55,36.85,37.0,50.17,53.56,52.07,54.79,39.09,52.1,52.33,42.12,56.0,46.32,30.77,45.22,36.53,43.07,47.18,51.47,53.15,54.38,47.14,54.26,55.66,45.14,47.15,46.88,45.75,46.66,43.59,48.69,48.13
2019-01-11 10:25:00,28.59,33.54,36.84,37.0,50.17,53.56,52.07,54.79,39.09,52.1,52.33,42.12,56.0,46.32,30.77,45.22,36.53,43.07,47.18,51.47,53.15,54.38,47.14,54.26,55.66,45.14,47.15,46.88,45.75,46.66,43.59,48.69,48.13
2019-01-11 10:30:00,28.58,33.53,36.83,37.0,50.17,53.56,52.07,54.79,39.08,52.1,52.33,42.12,56.0,46.32,30.77,45.22,36.53,43.07,47.18,51.47,53.15,54.38,47.14,54.26,55.66,45.14,47.15,46.88,45.75,46.66,43.59,48.69,48.13
2019-01-11 10:35:00,28.57,33.52,36.82,37.0,50.17,53.56,52.07,54.79,39.08,52.1,52.33,42.12,56.0,46.32,30.77,45.22,36.53,43.07,47.18,51.47,53.15,54.38,47.14,54.26,55.66,45.14,47.15,46.88,45.75,46.66,43.59,48.69,48.13
2019-01-11 10:40:00,28.56,33.51,36.81,37.0,50.17,53.56,52.07,54.79,39.08,52.1,52.33,42.12,56.0,46.32,30.77,45.22,36.53,43.07,47.18,51.47,53.15,54.38,47.14,54.26,55.66,45.14,47.15,46.88,45.75,46.66,43.59,48.69,48.14
2019-01-11 10:45:00,28.55,33.5,36.8,37.0,50.17,53.56,52.07,54.79,39.08,52.1,52.33,42.12,56.0,46.32,30.77,45.22,36.53,43.07,47.18,51.47,53.15,54.38,47.14,54.26,55.66,45.14,47.15,46.88,45.75,46.66,43.59,48.69,48.14
2019-01-11 10:50:00,28.54,33.49,36.78,37.0,50.17,53.56,52.07,54.79,39.08,52.1,52.33,42.12,56.0,46.32,30.77,45.22,36.53,43.07,47.18,51.47,53.15,54.38,47.14,54.26,55.66,45.14,47.15,46.88,45.75,46.66,43.59,48.69,48.14
2019-01-11 10:55:00,28.53,33.48,36.77,37.0,50.17,53.56,52.07,54.79,39.08,52.1,52.33,42.12,56.0,46.32,30.77,45.22,36.53,43.07,47.18,51.47,53.15,54.38,47.14,54.26,55.66,45.14,47.15,46.88,45.75,46.67,43.59,48.69,48.14
2019-01-11 11:00:00,28.51,33.46,36.76,37.0,50.17,53.56,52.07,54.79,39.08,52.1,52.33,42.12,56.0,46.32,30.77,45.22,36.53,43.07,47.18,51.47,53.15,54.38,47.14,54.26,55.66,45.14,47.15,46.88,45.75,46.67,43.59,48.69,48.14
2019-01-11 11:05:00,28.5,33.45,36.75,37.0,50.17,53.56,52.07,54.79,39.08,52.1,52.33,42.12,56.0,46.32,30.78,45.22,36.53,43.07,47.18,51.47,53.15,54.38,47.14,54.26,55.66,45.14,47.15,46.88,45.75,46.67,43.59,48.69,48.14
2019-01-11 11:10:00,28.49,33.44,36.74,37.0,50.17,53.56,52.08,54.79,39.08,52.1,52.34,42.12,56.0,46.32,30.78,45.23,36.53,43.07,47.18,51.47,53.15,54.38,47.14,54.26,55.67,45.14,47.15,46.89,45.75,46.67,43.59,48.69,48.14
2019-01-11 11:15:00,28.48,33.43,36.73,37.0,50.17,53.56,52.08,54.79,39.08,52.1,52.34,42.12,56.0,46.32,30.78,45.23,36.53,43.08,47.18,51.47,53.15,54.38,47.14,54.26,55.67,45.14,47.16,46.89,45.76,46.67,43.59,48.7,48.14
2019-01-11 11:20:00,28.47,33.42,36.72,37.01,50.17,53.56,52.08,54.79,39.08,52.1,52.34,42.12,56.01,46.33,30.78,45.23,36.53,43.08,47.18,51.47,53.15,54.38,47.14,54.26,55.67,45.15,47.16,46.89,45.76,46.67,43.59,48.7,48.14
2019-01-11 11:25:00,28.46,33.41,36.71,37.01,50.17,53.57,52.08,54.79,39.08,52.1,52.34,42.12,56.01,46.33,30.78,45.23,36.54,43.08,47.18,51.47,53.15,54.38,47.14,54.27,55.67,45.15,47.16,46.89,45.76,46.67,43.59,48.7,48.14
2019-01-11 11:30:00,28.45,33.4,36.7,37.01,50.17,53.57,52.08,54.8,39.08,52.11,52.34,42.12,56.01,46.33,30.79,45.23,36.54,43.08,47.18,51.47,53.15,54.38,47.15,54.27,55.67,45.15,47.16,46.89,45.76,46.67,43.59,48.7,48.14
2019-01-11 11:35:00,28.44,33.39,36.69,37.01,50.17,53.57,52.09,54.8,39.08,52.11,52.35,42.12,56.01,46.33,30.79,45.24,36.54,43.09,47.18,51.47,53.15,54.38,47.15,54.27,55.68,45.15,47.16,46.89,45.76,46.68,43.59,48.7,48.14
2019-01-11 11:40:00,28.43,33.38,36.68,37.02,50.18,53.57,52.09,54.8,39.08,52.11,52.35,42.13,56.01,46.34,30.79,45.24,36.55,43.09,47.19,51.48,53.15,54.39,47.15,54.27,55.68,45.16,47.17,46.9,45.76,46.68,43.59,48.71,48.15
2019-01-11 11:45:00,28.42,33.37,36.67,37.02,50.18,53.57,52.09,54.81,39.08,52.12,52.35,42.13,56.02,46.34,30.8,45.24,36.55,43.09,47.19,51.48,53.16,54.39,47.15,54.28,55.68,45.16,47.17,46.9,45.77,46.68,43.59,48.71,48.15
2019-01-11 11:50:00,28.41,33.36,36.66,37.02,50.18,53.58,52.1,54.81,39.08,52.12,52.35,42.13,56.02,46.34,30.8,45.24,36.55,43.1,47.19,51.48,53.16,54.39,47.16,54.28,55.69,45.16,47.17,46.9,45.77,46.68,43.59,48.71,48.15
2019-01-11 11:55:00,28.4,33.35,36.65,37.03,50.18,53.58,52.1,54.81,39.08,52.12,52.36,42.13,56.02,46.35,30.8,45.25,36.56,43.1,47.19,51.48,53.16,54.39,47.16,54.28,55.69,45.16,47.18,46.91,45.77,46.69,43.6,48.72,48.15
2019-01-11 12:00:00,28.39,33.34,36.64,37.03,50.18,53.58,52.1,54.82,39.08,52.13,52.36,42.13,56.02,46.35,30.81,45.25,36.56,43.1,47.19,51.48,53.16,54.4,47.17,54.28,55.69,45.17,47.18,46.91,45.77,46.69,43.6,48.72,48.16
2019-01-11 12:05:00,28.38,33.33,36.63,37.03,50.19,53.58,52.11,54.82,39.08,52.13,52.36,42.14,56.03,46.35,30.81,45.26,36.56,43.11,47.2,51.48,53.17,54.4,47.17,54.29,55.7,45.17,47.18,46.91,45.78,46.69,43.6,48.72,48.16
2019-01-11 12:10:00,28.37,33.32,36.62,37.04,50.19,53.59,52.11,54.82,39.08,52.13,52.37,42.14,56.03,46.36,30.82,45.26,36.57,43.11,47.2,51.49,53.17,54.4,47.17,54.29,55.7,45.17,47.19,46.92,45.78,46.7,43.6,48.72,48.16
2019-01-11 12:15:00,28.36,33.31,36.61,37.04,50.19,53.59,52.11,54.83,39.08,52.14,52.37,42.14,56.03,46.36,30.82,45.26,36.57,43.11,47.2,51.49,53.17,54.41,47.18,54.29,55.7,45.18,47.19,46.92,45.78,46.7,43.6,48.73,48.16
2019-01-11 12:20:00,28.35,33.3,36.6,37.05,50.19,53.59,52.12,54.83,39.08,52.14,52.37,42.14,56.03,46.37,30.82,45.27,36.57,43.12,47.2,51.49,53.17,54.41,47.18,54.3,55.71,45.18,47.19,46.92,45.78,46.7,43.6,48.73,48.16
2019-01-11 12:25:00,28.34,33.29,36.59,37.05,50.19,53.59,52.12,54.83,39.08,52.14,52.37,42.14,56.04,46.37,30.83,45.27,36.58,43.12,47.2,51.49,53.18,54.41,47.18,54.3,55.71,45.18,47.2,46.92,45.78,46.7,43.6,48.73,48.17
2019-01-11 12:30:00,28.33,33.28,36.58,37.05,50.2,53.59,52.12,54.84,39.08,52.15,52.38,42.15,56.04,46.37,30.83,45.27,36.58,43.12,47.21,51.49,53.18,54.41,47.18,54.3,55.71,45.18,47.2,46.92,45.79,46.71,43.6,48.73,48.17
2019-01-11 12:35:00,28.32,33.27,36.57,37.05,50.2,53.6,52.12,54.84,39.08,52.15,52.38,42.15,56.04,46.37,30.83,45.27,36.58,43.12,47.21,51.49,53.18,54.41,47.18,54.3,55.71,45.18,47.2,46.93,45.79,46.71,43.6,48.74,48.17
2019-01-11 12:40:00,28.31,33.26,36.56,37.05,50.2,53.6,52.13,54.84,39.08,52.15,52.38,42.15,56.04,46.37,30.83,45.27,36.58,43.13,47.21,51.49,53.18,54.42,47.19,54.3,55.72,45.19,47.2,46.93,45.79,46.71,43.61,48.74,48.17
2019-01-11 12:45:00,28.3,33.25,36.55,37.05,50.2,53.6,52.13,54.84,39.08,52.15,52.38,42.15,56.04,46.37,30.83,45.27,36.58,43.13,47.21,51.49,53.18,54.42,47.19,54.31,55.72,45.19,47.2,46.93,45.79,46.71,43.61,48.74,48.17
2019-01-11 12:50:00,28.29,33.24,36.54,37.06,50.2,53.6,52.13,54.84,39.08,52.15,52.38,42.15,56.04,46.38,30.83,45.28,36.59,43.13,47.21,51.49,53.18,54.42,47.19,54.31,55.72,45.19,47.2,46.93,45.79,46.71,43.61,48.74,48.17
2019-01-11 12:55:00,28.28,33.23,36.52,37.06,50.2,53.6,52.13,54.84,39.08,52.15,52.38,42.15,56.04,46.38,30.84,45.28,36.59,43.13,47.21,51.49,53.18,54.42,47.19,54.31,55.72,45.19,47.21,46.93,45.79,46.71,43.61,48.74,48.17
2019-01-11 13:00:00,28.27,33.22,36.51,37.06,50.2,53.6,52.13,54.85,39.08,52.16,52.39,42.15,56.05,46.38,30.84,45.28,36.59,43.13,47.21,51.49,53.18,54.42,47.19,54.31,55.72,45.19,47.21,46.93,45.79,46.71,43.61,48.74,48.17
2019-01-11 13:05:00,28.26,33.21,36.5,37.06,50.2,53.6,52.14,54.85,39.08,52.16,52.39,42.15,56.05,46.38,30.84,45.28,36.59,43.14,47.21,51.5,53.19,54.42,47.2,54.31,55.73,45.19,47.21,46.94,45.8,46.72,43.61,48.75,48.18
2019-01-11 13:10:00,28.25,33.2,36.49,37.07,50.21,53.61,52.14,54.85,39.08,52.16,52.39,42.16,56.05,46.39,30.85,45.29,36.6,43.14,47.22,51.5,53.19,54.43,47.2,54.32,55.73,45.2,47.22,46.94,45.8,46.72,43.61,48.75,48.18
2019-01-11 13:15:00,28.24,33.19,36.49,37.07,50.21,53.61,52.15,54.86,39.08,52.17,52.4,42.16,56.06,46.39,30.85,45.29,36.6,43.15,47.22,51.5,53.19,54.43,47.21,54.32,55.74,45.2,47.22,46.94,45.8,46.72,43.61,48.75,48.18
2019-01-11 13:20:00,28.23,33.18,36.48,37.08,50.21,53.62,52.15,54.87,39.08,52.17,52.4,42.16,56.06,46.4,30.86,45.3,36.61,43.15,47.22,51.5,53.2,54.44,47.21,54.33,55.74,45.21,47.23,46.95,45.81,46.73,43.62,48.76,48.19
2019-01-11 13:25:00,28.22,33.17,36.47,37.09,50.22,53.62,52.16,54.87,39.08,52.18,52.41,42.17,56.07,46.41,30.87,45.31,36.62,43.16,47.23,51.51,53.2,54.44,47.22,54.33,55.75,45.21,47.23,46.96,45.81,46.74,43.62,48.77,48.19
2019-01-11 13:30:00,28.21,33.16,36.46,37.1,50.22,53.63,52.17,54.88,39.08,52.19,52.41,42.17,56.07,46.41,30.88,45.31,36.62,43.17,47.23,51.51,53.21,54.45,47.23,54.34,55.76,45.22,47.24,46.96,45.82,46.74,43.62,48.77,48.2
2019-01-11 13:35:00,28.2,33.15,36.45,37.1,50.23,53.63,52.17,54.89,39.08,52.2,52.42,42.18,56.08,46.42,30.88,45.32,36.63,43.18,47.24,51.51,53.21,54.45,47.23,54.35,55.77,45.23,47.25,46.97,45.82,46.75,43.62,48.78,48.2
2019-01-11 13:40:00,28.2,33.14,36.44,37.11,50.23,53.64,52.18,54.9,39.08,52.21,52.43,42.18,56.08,46.43,30.89,45.33,36.64,43.18,47.24,51.52,53.22,54.46,47.24,54.35,55.77,45.23,47.26,46.98,45.83,46.75,43.63,48.78,48.21
2019-01-11 13:45:00,28.19,33.13,36.43,37.12,50.24,53.64,52.19,54.9,39.08,52.21,52.44,42.18,56.09,46.44,30.9,45.34,36.65,43.19,47.25,51.52,53.22,54.47,47.25,54.36,55.78,45.24,47.26,46.98,45.83,46.76,43.63,48.79,48.21
2019-01-11 13:50:00,28.18,33.13,36.42,37.13,50.24,53.65,52.2,54.91,39.08,52.22,52.44,42.19,56.1,46.45,30.91,45.34,36.66,43.2,47.25,51.52,53.23,54.47,47.26,54.37,55.79,45.25,47.27,46.99,45.84,46.77,43.63,48.8,48.22
2019-01-11 13:55:00,28.17,33.12,36.41,37.14,50.25,53.66,52.21,54.92,39.08,52.23,52.45,42.19,56.1,46.46,30.92,45.35,36.67,43.21,47.26,51.53,53.23,54.48,47.26,54.38,55.8,45.26,47.28,47.0,45.84,46.77,43.63,48.81,48.22
2019-01-11 14:00:00,28.16,33.11,36.4,37.15,50.25,53.66,52.22,54.93,39.08,52.24,52.46,42.2,56.11,46.46,30.93,45.36,36.67,43.22,47.26,51.53,53.24,54.49,47.27,54.38,55.81,45.26,47.29,47.0,45.85,46.78,43.64,48.81,48.23
2019-01-11 14:05:00,28.15,33.1,36.39,37.15,50.26,53.67,52.22,54.94,39.08,52.25,52.46,42.2,56.11,46.47,30.94,45.37,36.68,43.22,47.27,51.53,53.24,54.49,47.28,54.39,55.81,45.27,47.29,47.01,45.85,46.79,43.64,48.82,48.23
2019-01-11 14:10:00,28.14,33.09,36.38,37.16,50.26,53.67,52.23,54.94,39.09,52.25,52.47,42.21,56.12,46.48,30.94,45.37,36.69,43.23,47.27,51.54,53.25,54.5,47.28,54.39,55.82,45.27,47.3,47.01,45.86,46.79,43.64,48.82,48.23
2019-01-11 14:15:00,28.13,33.08,36.37,37.17,50.26,53.67,52.24,54.95,39.09,52.26,52.47,42.21,56.12,46.48,30.95,45.38,36.69,43.24,47.28,51.54,53.25,54.5,47.29,54.4,55.83,45.28,47.31,47.02,45.86,46.8,43.64,48.83,48.24
2019-01-11 14:20:00,28.13,33.07,36.37,37.17,50.27,53.68,52.24,54.95,39.09,52.26,52.48,42.21,56.13,46.49,30.96,45.38,36.7,43.24,47.28,51.54,53.26,54.51,47.3,54.4,55.83,45.28,47.31,47.02,45.86,46.8,43.65,48.83,48.24
2019-01-11 14:25:00,28.12,33.06,36.36,37.18,50.27,53.68,52.25,54.96,39.09,52.27,52.48,42.22,56.13,46.49,30.96,45.39,36.71,43.25,47.28,51.54,53.26,54.51,47.3,54.41,55.84,45.29,47.32,47.03,45.87,46.8,43.65,48.84,48.24
2019-01-11 14:30:00,28.11,33.05,36.35,37.18,50.27,53.69,52.25,54.97,39.09,52.27,52.49,42.22,56.14,46.5,30.97,45.4,36.71,43.25,47.29,51.55,53.26,54.51,47.31,54.41,55.84,45.29,47.32,47.03,45.87,46.81,43.65,48.84,48.25
2019-01-11 14:35:00,28.1,33.05,36.34,37.19,50.28,53.69,52.26,54.97,39.09,52.28,52.5,42.22,56.14,46.51,30.98,45.4,36.72,43.26,47.29,51.55,53.27,54.52,47.31,54.42,55.85,45.3,47.33,47.04,45.88,46.82,43.65,48.85,48.25
2019-01-11 14:40:00,28.09,33.04,36.33,37.2,50.28,53.7,52.27,54.98,39.09,52.29,52.5,42.23,56.15,46.52,30.99,45.41,36.73,43.27,47.3,51.55,53.28,54.53,47.32,54.43,55.86,45.31,47.34,47.05,45.88,46.82,43.66,48.86,48.26
2019-01-11 14:45:00,28.08,33.03,36.32,37.21,50.29,53.7,52.28,54.99,39.09,52.3,52.51,42.24,56.16,46.53,31.0,45.42,36.74,43.28,47.3,51.56,53.28,54.54,47.33,54.44,55.87,45.32,47.35,47.06,45.89,46.83,43.66,48.86,48.27
2019-01-11 14:50:00,28.08,33.02,36.31,37.22,50.3,53.71,52.29,55.0,39.09,52.31,52.52,42.24,56.16,46.54,31.01,45.43,36.75,43.29,47.31,51.56,53.29,54.55,47.34,54.45,55.88,45.33,47.36,47.07,45.9,46.84,43.66,48.87,48.27
2019-01-11 14:55:00,28.07,33.02,36.31,37.24,50.31,53.72,52.3,55.02,39.09,52.33,52.53,42.25,56.17,46.55,31.03,45.45,36.77,43.31,47.32,51.57,53.3,54.56,47.36,54.46,55.9,45.34,47.37,47.08,45.91,46.85,43.67,48.88,48.28
2019-01-11 15:00:00,28.06,33.01,36.3,37.25,50.31,53.73,52.32,55.03,39.09,52.34,52.54,42.26,56.18,46.57,31.04,45.46,36.78,43.32,47.33,51.57,53.31,54.57,47.37,54.47,55.91,45.35,47.38,47.09,45.92,46.86,43.67,48.9,48.29
2019-01-11 15:05:00,28.06,33.0,36.29,37.26,50.32,53.74,52.33,55.04,39.09,52.35,52.56,42.26,56.19,46.58,31.05,45.47,36.79,43.33,47.33,51.58,53.32,54.58,47.38,54.48,55.92,45.36,47.4,47.1,45.92,46.87,43.68,48.91,48.3
2019-01-11 15:10:00,28.05,32.99,36.28,37.27,50.33,53.75,52.34,55.05,39.09,52.36,52.57,42.27,56.2,46.59,31.07,45.48,36.8,43.34,47.34,51.58,53.32,54.58,47.39,54.49,55.93,45.37,47.41,47.11,45.93,46.88,43.68,48.91,48.3
2019-01-11 15:15:00,28.04,32.99,36.28,37.28,50.33,53.75,52.35,55.06,39.09,52.37,52.57,42.28,56.21,46.6,31.08,45.49,36.81,43.35,47.35,51.59,53.33,54.59,47.4,54.5,55.94,45.38,47.41,47.11,45.94,46.89,43.68,48.92,48.31
2019-01-11 15:20:00,28.03,32.98,36.27,37.29,50.34,53.76,52.36,55.07,39.09,52.38,52.58,42.28,56.21,46.61,31.08,45.5,36.82,43.36,47.35,51.59,53.33,54.6,47.41,54.5,55.95,45.38,47.42,47.12,45.94,46.89,43.69,48.93,48.31
2019-01-11 15:25:00,28.02,32.97,36.26,37.3,50.34,53.76,52.36,55.08,39.09,52.38,52.58,42.28,56.22,46.61,31.09,45.5,36.82,43.37,47.35,51.59,53.34,54.6,47.41,54.51,55.95,45.39,47.43,47.12,45.95,46.9,43.69,48.93,48.32
2019-01-11 15:30:00,28.01,32.96,36.25,37.3,50.34,53.77,52.37,55.08,39.09,52.39,52.59,42.28,56.22,46.62,31.09,45.5,36.83,43.37,47.36,51.59,53.34,54.6,47.41,54.51,55.96,45.39,47.43,47.13,45.95,46.9,43.69,48.94,48.32
2019-01-11 15:35:00,28.01,32.95,36.24,37.3,50.34,53.77,52.37,55.08,39.09,52.39,52.59,42.29,56.22,46.62,31.1,45.51,36.83,43.37,47.36,51.59,53.34,54.61,47.42,54.51,55.96,45.39,47.43,47.13,45.95,46.9,43.69,48.94,48.32
2019-01-11 15:40:00,28.0,32.94,36.23,37.3,50.35,53.77,52.37,55.08,39.09,52.39,52.59,42.29,56.22,46.62,31.1,45.51,36.83,43.37,47.36,51.6,53.34,54.61,47.42,54.51,55.96,45.39,47.43,47.13,45.95,46.9,43.69,48.94,48.32
2019-01-11 15:45:00,27.99,32.93,36.22,37.3,50.35,53.77,52.37,55.08,39.09,52.39,52.59,42.29,56.22,46.62,31.1,45.51,36.83,43.37,47.36,51.6,53.34,54.61,47.42,54.51,55.96,45.39,47.43,47.13,45.95,46.9,43.69,48.94,48.32
2019-01-11 15:50:00,27.98,32.92,36.21,37.3,50.35,53.77,52.37,55.08,39.09,52.39,52.59,42.29,56.22,46.62,31.1,45.51,36.83,43.37,47.36,51.6,53.34,54.61,47.42,54.52,55.96,45.39,47.43,47.13,45.95,46.9,43.69,48.94,48.32
2019-01-11 15:55:00,27.97,32.91,36.2,37.3,50.35,53.77,52.37,55.08,39.09,52.39,52.59,42.29,56.22,46.62,31.1,45.51,36.83,43.37,47.36,51.6,53.34,54.61,47.42,54.52,55.96,45.39,47.43,47.13,45.95,46.9,43.69,48.94,48.32
2019-01-11 16:00:00,27.96,32.91,36.19,37.3,50.35,53.77,52.37,55.08,39.09,52.39,52.59,42.29,56.22,46.62,31.1,45.51,36.83,43.37,47.36,51.6,53.34,54.61,47.42,54.52,55.96,45.39,47.43,47.13,45.95,46.9,43.69,48.94,48.32
2019-01-11 16:05:00,27.95,32.9,36.19,37.3,50.35,53.77,52.37,55.08,39.09,52.39,52.59,42.29,56.22,46.62,31.1,45.51,36.83,43.37,47.36,51.6,53.34,54.61,47.42,54.52,55.96,45.39,47.43,47.13,45.95,46.9,43.69,48.94,48.32
2019-01-11 16:10:00,27.94,32.89,36.18,37.3,50.35,53.77,52.37,55.08,39.09,52.39,52.59,42.29,56.22,46.62,31.1,45.51,36.83,43.37,47.36,51.6,53.34,54.61,47.42,54.52,55.96,45.39,47.43,47.13,45.95,46.9,43.69,48.94,48.32
2019-01-11 16:15:00,27.93,32.88,36.17,37.3,50.35,53.77,52.37,55.08,39.09,52.39,52.59,42.28,56.22,46.62,31.1,45.51,36.83,43.37,47.36,51.6,53.34,54.61,47.42,54.51,55.96,45.39,47.43,47.13,45.95,46.9,43.69,48.94,48.32
2019-01-11 16:20:00,27.92,32.87,36.16,37.3,50.34,53.77,52.37,55.08,39.09,52.39,52.59,42.28,56.22,46.62,31.09,45.5,36.83,43.37,47.36,51.59,53.34,54.61,47.41,54.51,55.96,45.39,47.43,47.13,45.95,46.9,43.69,48.93,48.32
2019-01-11 16:25:00,27.91,32.86,36.15,37.3,50.34,53.77,52.36,55.08,39.09,52.39,52.58,42.28,56.22,46.61,31.09,45.5,36.83,43.37,47.36,51.59,53.34,54.6,47.41,54.51,55.96,45.39,47.43,47.12,45.95,46.9,43.69,48.93,48.32
2019-01-11 16:30:00,27.9,32.85,36.14,37.29,50.34,53.76,52.36,55.07,39.09,52.38,52.58,42.28,56.22,46.61,31.09,45.5,36.82,43.36,47.35,51.59,53.34,54.6,47.41,54.51,55.95,45.38,47.42,47.12,45.94,46.89,43.69,48.93,48.31
2019-01-11 16:35:00,27.89,32.84,36.13,37.29,50.34,53.76,52.36,55.07,39.09,52.38,52.58,42.28,56.21,46.61,31.08,45.5,36.82,43.36,47.35,51.59,53.34,54.6,47.4,54.5,55.95,45.38,47.42,47.12,45.94,46.89,43.69,48.93,48.31
2019-01-11 16:40:00,27.88,32.83,36.12,37.29,50.34,53.76,52.35,55.07,39.09,52.38,52.57,42.28,56.21,46.6,31.08,45.49,36.81,43.36,47.35,51.59,53.33,54.6,47.4,54.5,55.94,45.38,47.42,47.11,45.94,46.89,43.68,48.92,48.31
2019-01-11 16:45:00,27.87,32.82,36.11,37.28,50.33,53.76,52.35,55.06,39.09,52.37,52.57,42.27,56.21,46.6,31.07,45.49,36.81,43.35,47.35,51.59,53.33,54.59,47.4,54.5,55.94,45.37,47.41,47.11,45.93,46.88,43.68,48.92,48.31
2019-01-11 16:50:00,27.86,32.81,36.1,37.28,50.33,53.75,52.35,55.06,39.09,52.37,52.57,42.27,56.21,46.59,31.07,45.48,36.81,43.35,47.34,51.59,53.33,54.59,47.39,54.5,55.94,45.37,47.41,47.11,45.93,46.88,43.68,48.92,48.3
2019-01-11 16:55:00,27.85,32.8,36.09,37.27,50.33,53.75,52.34,55.05,39.09,52.37,52.56,42.27,56.2,46.59,31.07,45.48,36.8,43.34,47.34,51.58,53.33,54.59,47.39,54.49,55.93,45.37,47.4,47.1,45.93,46.88,43.68,48.91,48.3
2019-01-11 17:00:00,27.84,32.79,36.08,37.27,50.33,53.75,52.34,55.05,39.09,52.36,52.56,42.27,56.2,46.59,31.06,45.48,36.8,43.34,47.34,51.58,53.32,54.58,47.39,54.49,55.93,45.36,47.4,47.1,45.93,46.87,43.68,48.91,48.3
2019-01-11 17:05:00,27.83,32.78,36.07,37.27,50.33,53.75,52.33,55.05,39.09,52.36,52.56,42.26,56.2,46.58,31.06,45.47,36.79,43.34,47.34,51.58,53.32,54.58,47.38,54.49,55.93,45.36,47.4,47.1,45.92,46.87,43.68,48.91,48.3
2019-01-11 17:10:00,27.82,32.77,36.06,37.26,50.32,53.74,52.33,55.04,39.09,52.35,52.55,42.26,56.19,46.58,31.05,45.47,36.79,43.33,47.34,51.58,53.32,54.58,47.38,54.48,55.92,45.36,47.39,47.09,45.92,46.87,43.68,48.9,48.29
2019-01-11 17:15:00,27.81,32.76,36.05,37.26,50.32,53.74,52.33,55.04,39.09,52.35,52.55,42.26,56.19,46.57,31.05,45.46,36.79,43.33,47.33,51.58,53.31,54.58,47.38,54.48,55.92,45.35,47.39,47.09,45.92,46.87,43.67,48.9,48.29
2019-01-11 17:20:00,27.8,32.75,36.04,37.25,50.32,53.74,52.32,55.03,39.09,52.35,52.55,42.26,56.19,46.57,31.04,45.46,36.78,43.32,47.33,51.58,53.31,54.57,47.37,54.47,55.91,45.35,47.39,47.09,45.92,46.86,43.67,48.9,48.29
2019-01-11 17:25:00,27.79,32.73,36.03,37.25,50.31,53.73,52.32,55.03,39.09,52.34,52.54,42.25,56.18,46.57,31.04,45.46,36.78,43.32,47.33,51.57,53.31,54.57,47.37,54.47,55.91,45.35,47.38,47.08,45.91,46.86,43.67,48.89,48.29
2019-01-11 17:30:00,27.78,32.72,36.02,37.24,50.31,53.73,52.31,55.03,39.09,52.34,52.54,42.25,56.18,46.56,31.03,45.45,36.77,43.32,47.33,51.57,53.31,54.57,47.36,54.47,55.9,45.34,47.38,47.08,45.91,46.86,43.67,48.89,48.28
2019-01-11 17:35:00,27.77,32.71,36.01,37.24,50.31,53.73,52.31,55.02,39.09,52.33,52.54,42.25,56.18,46.56,31.03,45.45,36.77,43.31,47.32,51.57,53.3,54.56,47.36,54.46,55.9,45.34,47.37,47.08,45.91,46.85,43.67,48.89,48.28
2019-01-11 17:40:00,27.76,32.7,36.0,37.24,50.31,53.73,52.31,55.02,39.09,52.33,52.53,42.25,56.18,46.56,31.03,45.45,36.77,43.31,47.32,51.57,53.3,54.56,47.36,54.46,55.9,45.34,47.37,47.08,45.91,46.85,43.67,48.88,48.28
2019-01-11 17:45:00,27.75,32.69,35.99,37.23,50.31,53.73,52.3,55.02,39.09,52.33,52.53,42.25,56.17,46.55,31.02,45.44,36.76,43.31,47.32,51.57,53.3,54.56,47.35,54.46,55.89,45.33,47.37,47.07,45.9,46.85,43.67,48.88,48.28
2019-01-11 17:50:00,27.74,32.68,35.98,37.23,50.31,53.72,52.3,55.01,39.09,52.33,52.53,42.24,56.17,46.55,31.02,45.44,36.76,43.3,47.32,51.57,53.3,54.56,47.35,54.46,55.89,45.33,47.37,47.07,45.9,46.84,43.67,48.88,48.28
2019-01-11 17:55:00,27.73,32.67,35.97,37.23,50.3,53.72,52.3,55.01,39.09,52.32,52.52,42.24,56.17,46.55,31.02,45.44,36.76,43.3,47.32,51.57,53.3,54.55,47.35,54.45,55.89,45.33,47.36,47.07,45.9,46.84,43.66,48.88,48.27
2019-01-11 18:00:00,27.72,32.66,35.96,37.23,50.3,53.72,52.29,55.01,39.09,52.32,52.52,42.24,56.17,46.54,31.01,45.43,36.75,43.3,47.31,51.56,53.29,54.55,47.35,54.45,55.89,45.33,47.36,47.06,45.9,46.84,43.66,48.87,48.27
2019-01-11 18:05:00,27.71,32.65,35.95,36.29,50.02,53.4,51.67,54.41,39.09,51.74,52.19,42.03,55.78,45.89,30.17,44.78,35.93,42.62,47.04,51.35,52.98,54.17,46.75,53.99,55.26,44.86,46.9,46.72,45.66,46.55,43.54,48.57,48.05
2019-01-11 18:10:00,27.72,32.66,35.95,36.28,50.02,53.4,51.67,54.4,39.09,51.73,52.19,42.02,55.77,45.89,30.17,44.78,35.92,42.62,47.04,51.35,52.97,54.17,46.75,53.99,55.26,44.85,46.9,46.71,45.65,46.54,43.54,48.57,48.05
2019-01-11 18:15:00,27.72,32.67,35.96,36.28,50.02,53.4,51.66,54.4,39.09,51.73,52.18,42.02,55.77,45.88,30.16,44.77,35.92,42.61,47.03,51.34,52.97,54.16,46.74,53.99,55.25,44.85,46.89,46.71,45.65,46.54,43.53,48.57,48.04
2019-01-11 18:20:00,27.73,32.68,35.97,36.28,50.02,53.39,51.66,54.4,39.09,51.73,52.18,42.02,55.77,45.88,30.16,44.77,35.91,42.61,47.03,51.34,52.97,54.16,46.74,53.98,55.25,44.85,46.89,46.71,45.65,46.54,43.53,48.56,48.04
2019-01-11 18:25:00,27.74,32.69,35.98,36.27,50.01,53.39,51.66,54.39,39.09,51.72,52.17,42.02,55.76,45.87,30.15,44.76,35.91,42.6,47.03,51.34,52.96,54.16,46.74,53.98,55.25,44.84,46.88,46.7,45.65,46.53,43.53,48.56,48.04
2019-01-11 18:30:00,27.75,32.69,35.99,36.27,50.01,53.39,51.65,54.39,39.09,51.72,52.17,42.02,55.76,45.87,30.15,44.76,35.91,42.6,47.03,51.34,52.96,54.15,46.73,53.98,55.24,44.84,46.88,46.7,45.64,46.53,43.53,48.56,48.04
2019-01-11 18:35:00,27.75,32.7,35.99,36.26,50.01,53.39,51.65,54.38,39.09,51.72,52.17,42.01,55.76,45.87,30.15,44.76,35.9,42.6,47.02,51.34,52.96,54.15,46.73,53.97,55.24,44.84,46.88,46.7,45.64,46.53,43.53,48.56,48.04
2019-01-11 18:40:00,27.76,32.71,36.0,36.26,50.01,53.39,51.65,54.38,39.09,51.71,52.17,42.01,55.76,45.86,30.14,44.75,35.9,42.59,47.02,51.34,52.96,54.15,46.73,53.97,55.24,44.84,46.88,46.7,45.64,46.53,43.53,48.55,48.03
2019-01-11 18:45:00,27.77,32.72,36.01,36.26,50.01,53.38,51.64,54.38,39.09,51.71,52.16,42.01,55.75,45.86,30.14,44.75,35.9,42.59,47.02,51.34,52.96,54.15,46.73,53.97,55.23,44.83,46.87,46.69,45.64,46.52,43.53,48.55,48.03
2019-01-11 18:50:00,27.78,32.72,36.02,36.26,50.01,53.38,51.64,54.38,39.09,51.71,52.16,42.01,55.75,45.86,30.14,44.75,35.89,42.59,47.02,51.34,52.96,54.15,46.72,53.97,55.23,44.83,46.87,46.69,45.64,46.52,43.53,48.55,48.03
2019-01-11 18:55:00,27.79,32.73,36.03,36.25,50.01,53.38,51.64,54.38,39.09,51.71,52.16,42.01,55.75,45.86,30.13,44.75,35.89,42.59,47.02,51.33,52.95,54.14,46.72,53.97,55.23,44.83,46.87,46.69,45.64,46.52,43.53,48.55,48.03
2019-01-11 19:00:00,27.79,32.74,36.03,36.25,50.0,53.38,51.64,54.37,39.09,51.71,52.16,42.01,55.75,45.86,30.13,44.75,35.89,42.59,47.02,51.33,52.95,54.14,46.72,53.97,55.23,44.83,46.87,46.69,45.64,46.52,43.53,48.55,48.03
2019-01-11 19:05:00,27.8,32.75,36.04,36.25,50.0,53.38,51.64,54.37,39.09,51.71,52.16,42.01,55.75,45.86,30.13,44.75,35.89,42.58,47.02,51.33,52.95,54.14,46.72,53.97,55.23,44.83,46.87,46.69,45.63,46.52,43.53,48.55,48.03
2019-01-11 19:10:00,27.81,32.76,36.05,36.25,50.0,53.38,51.64,54.37,39.09,51.71,52.16,42.01,55.75,45.86,30.13,44.75,35.89,42.58,47.02,51.33,52.95,54.14,46.72,53.97,55.23,44.83,46.87,46.69,45.63,46.52,43.53,48.55,48.03
2019-01-11 19:15:00,27.82,32.77,36.06,36.25,50.0,53.38,51.64,54.37,39.09,51.71,52.16,42.01,55.75,45.86,30.13,44.75,35.89,42.58,47.02,51.33,52.95,54.14,46.72,53.97,55.23,44.83,46.87,46.69,45.63,46.52,43.53,48.55,48.03
2019-01-11 19:20:00,27.83,32.77,36.07,36.25,50.0,53.38,51.64,54.37,39.09,51.71,52.16,42.01,55.75,45.86,30.13,44.75,35.89,42.58,47.02,51.33,52.95,54.14,46.72,53.97,55.23,44.83,46.87,46.69,45.63,46.52,43.53,48.55,48.03
2019-01-11 19:25:00,27.83,32.78,36.08,36.25,50.0,53.38,51.64,54.37,39.09,51.71,52.16,42.01,55.75,45.86,30.13,44.74,35.89,42.58,47.02,51.33,52.95,54.14,46.72,53.97,55.23,44.83,46.87,46.69,45.63,46.52,43.53,48.55,48.03
2019-01-11 19:30:00,27.84,32.79,36.08,36.25,50.0,53.38,51.64,54.37,39.09,51.7,52.16,42.01,55.75,45.86,30.13,44.74,35.89,42.58,47.02,51.33,52.95,54.14,46.72,53.96,55.23,44.83,46.87,46.69,45.63,46.52,43.53,48.54,48.03
2019-01-11 19:35:00,27.85,32.8,36.09,36.25,50.0,53.38,51.64,54.37,39.09,51.7,52.16,42.01,55.75,45.85,30.13,44.74,35.89,42.58,47.02,51.33,52.95,54.14,46.72,53.96,55.23,44.83,46.87,46.69,45.63,46.52,43.52,48.54,48.03
2019-01-11 19:40:00,27.86,32.81,36.1,36.25,50.0,53.38,51.63,54.37,39.09,51.7,52.16,42.0,55.75,45.85,30.13,44.74,35.89,42.58,47.02,51.33,52.95,54.14,46.72,53.96,55.22,44.82,46.86,46.68,45.63,46.51,43.52,48.54,48.03
2019-01-11 19:45:00,27.87,32.81,36.11,36.25,50.0,53.38,51.63,54.37,39.09,51.7,52.15,42.0,55.75,45.85,30.13,44.74,35.88,42.58,47.02,51.33,52.95,54.14,46.71,53.96,55.22,44.82,46.86,46.68,45.63,46.51,43.52,48.54,48.02
2019-01-11 19:50:00,27.87,32.82,36.12,36.25,50.0,53.38,51.63,54.37,39.09,51.7,52.15,42.0,55.75,45.85,30.13,44.74,35.88,42.58,47.02,51.33,52.95,54.14,46.71,53.96,55.22,44.82,46.86,46.68,45.63,46.51,43.52,48.54,48.02
2019-01-11 19:55:00,27.88,32.83,36.12,36.25,50.0,53.38,51.63,54.37,39.09,51.7,52.15,42.0,55.75,45.85,30.13,44.74,35.88,42.58,47.02,51.33,52.95,54.14,46.71,53.96,55.22,44.82,46.86,46.68,45.63,46.51,43.52,48.54,48.02
2019-01-11 20:00:00,27.89,32.84,36.13,36.25,50.0,53.38,51.64,54.37,39.09,51.7,52.16,42.0,55.75,45.85,30.13,44.74,35.89,42.58,47.02,51.33,52.95,54.14,46.72,53.96,55.22,44.83,46.86,46.68,45.63,46.51,43.52,48.54,48.03
2019-01-11 20:05:00,27.9,32.85,36.14,36.25,50.01,53.38,51.64,54.37,39.09,51.71,52.16,42.01,55.75,45.86,30.13,44.75,35.89,42.59,47.02,51.33,52.95,54.14,46.72,53.97,55.23,44.83,46.87,46.69,45.63,46.52,43.53,48.55,48.03
2019-01-11 20:10:00,27.91,32.86,36.15,36.26,50.01,53.39,51.64,54.38,39.09,51.71,52.16,42.01,55.76,45.86,30.14,44.75,35.9,42.59,47.02,51.34,52.96,54.15,46.73,53.97,55.23,44.83,46.87,46.69,45.64,46.52,43.53,48.55,48.03
2019-01-11 20:15:00,27.92,32.86,36.16,36.26,50.01,53.39,51.65,54.39,39.09,51.72,52.17,42.01,55.76,45.87,30.14,44.76,35.9,42.6,47.03,51.34,52.96,54.15,46.73,53.98,55.24,44.84,46.88,46.7,45.64,46.53,43.53,48.55,48.03
2019-01-11 20:20:00,27.93,32.87,36.17,36.27,50.01,53.39,51.66,54.39,39.09,51.72,52.17,42.02,55.76,45.87,30.15,44.76,35.91,42.6,47.03,51.34,52.96,54.16,46.74,53.98,55.25,44.84,46.88,46.7,45.64,46.53,43.53,48.56,48.04
2019-01-11 20:25:00,27.94,32.88,36.18,36.27,50.02,53.4,51.66,54.39,39.09,51.73,52.18,42.02,55.77,45.88,30.16,44.77,35.91,42.61,47.03,51.34,52.97,54.16,46.74,53.98,55.25,44.85,46.89,46.7,45.65,46.53,43.53,48.56,48.04
2019-01-11 20:30:00,27.94,32.89,36.19,36.28,50.02,53.4,51.66,54.4,39.09,51.73,52.18,42.02,55.77,45.88,30.16,44.77,35.92,42.61,47.03,51.34,52.97,54.16,46.74,53.99,55.25,44.85,46.89,46.71,45.65,46.54,43.53,48.56,48.04
2019-01-11 20:35:00,27.95,32.9,36.19,36.28,50.02,53.4,51.66,54.4,39.09,51.73,52.18,42.02,55.77,45.88,30.16,44.77,35.92,42.61,47.03,51.34,52.97,54.16,46.74,53.99,55.25,44.85,46.89,46.71,45.65,46.54,43.53,48.56,48.04
2019-01-11 20:40:00,27.96,32.91,36.2,36.28,50.02,53.4,51.66,54.4,39.09,51.73,52.18,42.02,55.77,45.88,30.16,44.77,35.92,42.61,47.03,51.34,52.97,54.16,46.74,53.99,55.25,44.85,46.89,46.71,45.65,46.54,43.53,48.56,48.04
2019-01-11 20:45:00,27.97,32.92,36.21,36.28,50.02,53.4,51.66,54.4,39.09,51.73,52.18,42.02,55.77,45.88,30.16,44.77,35.92,42.61,47.03,51.34,52.97,54.16,46.74,53.99,55.25,44.85,46.89,46.71,45.65,46.53,43.53,48.56,48.04
2019-01-11 20:50:00,27.98,32.92,36.22,36.28,50.02,53.4,51.66,54.4,39.09,51.73,52.18,42.02,55.77,45.88,30.16,44.77,35.92,42.61,47.03,51.34,52.97,54.16,46.74,53.99,55.25,44.85,46.89,46.71,45.65,46.53,43.53,48.56,48.04
2019-01-11 20:55:00,27.99,32.93,36.23,36.28,50.02,53.4,51.66,54.4,39.09,51.73,52.18,42.02,55.77,45.88,30.16,44.77,35.92,42.61,47.03,51.34,52.97,54.16,46.74,53.99,55.25,44.85,46.89,46.71,45.65,46.53,43.53,48.56,48.04
2019-01-11 21:00:00,27.99,32.94,36.24,36.28,50.02,53.4,51.67,54.4,39.09,51.73,52.18,42.02,55.77,45.88,30.16,44.77,35.92,42.61,47.04,51.35,52.97,54.17,46.75,53.99,55.26,44.85,46.89,46.71,45.65,46.54,43.53,48.57,48.04
2019-01-11 21:05:00,28.0,32.95,36.24,36.29,50.02,53.41,51.67,54.41,39.09,51.74,52.18,42.02,55.78,45.89,30.17,44.78,35.93,42.62,47.04,51.35,52.98,54.17,46.75,53.99,55.26,44.86,46.9,46.71,45.65,46.54,43.54,48.57,48.05
2019-01-11 21:10:00,28.01,32.96,36.25,36.3,50.03,53.41,51.68,54.41,39.09,51.75,52.19,42.03,55.78,45.9,30.18,44.78,35.93,42.63,47.04,51.35,52.98,54.18,46.76,54.0,55.27,44.86,46.9,46.72,45.66,46.55,43.54,48.58,48.05
2019-01-11 21:15:00,28.02,32.97,36.26,36.31,50.03,53.42,51.69,54.42,39.09,51.76,52.2,42.03,55.79,45.91,30.19,44.79,35.94,42.64,47.05,51.36,52.99,54.18,46.77,54.01,55.28,44.87,46.91,46.73,45.66,46.55,43.54,48.58,48.06
2019-01-11 21:20:00,28.03,32.98,36.27,36.32,50.04,53.43,51.7,54.43,39.09,51.77,52.21,42.04,55.8,45.92,30.2,44.8,35.96,42.65,47.06,51.36,52.99,54.19,46.78,54.02,55.29,44.88,46.92,46.74,45.67,46.56,43.55,48.59,48.06
2019-01-11 21:25:00,28.04,32.99,36.28,36.33,50.05,53.43,51.71,54.45,39.09,51.78,52.22,42.05,55.81,45.93,30.21,44.82,35.97,42.66,47.06,51.37,53.0,54.2,46.79,54.03,55.3,44.89,46.93,46.75,45.68,46.57,43.55,48.6,48.07
2019-01-11 21:30:00,28.05,33.0,36.29,36.35,50.06,53.44,51.73,54.46,39.09,51.79,52.23,42.05,55.82,45.95,30.23,44.83,35.98,42.67,47.07,51.37,53.01,54.21,46.8,54.04,55.32,44.9,46.95,46.76,45.69,46.58,43.55,48.61,48.08
2019-01-11 21:35:00,28.06,33.01,36.3,36.36,50.07,53.45,51.74,54.48,39.09,51.81,52.24,42.06,55.83,45.96,30.25,44.85,36.0,42.69,47.08,51.38,53.02,54.22,46.82,54.05,55.33,44.91,46.96,46.77,45.7,46.59,43.56,48.62,48.09
2019-01-11 21:40:00,28.08,33.02,36.31,36.38,50.07,53.46,51.76,54.49,39.09,51.83,52.26,42.07,55.84,45.98,30.27,44.86,36.02,42.71,47.09,51.38,53.03,54.24,46.83,54.07,55.35,44.93,46.98,46.78,45.71,46.61,43.56,48.64,48.1
2019-01-11 21:45:00,28.09,33.03,36.32,36.4,50.09,53.48,51.78,54.51,39.09,51.84,52.27,42.08,55.85,46.0,30.29,44.88,36.04,42.73,47.1,51.39,53.04,54.25,46.85,54.08,55.37,44.94,46.99,46.8,45.72,46.62,43.57,48.65,48.11
2019-01-11 21:50:00,28.1,33.05,36.34,36.42,50.1,53.49,51.8,54.53,39.09,51.87,52.29,42.09,55.87,46.02,30.31,44.9,36.06,42.75,47.11,51.4,53.06,54.27,46.87,54.1,55.39,44.96,47.01,46.81,45.73,46.64,43.58,48.67,48.12
2019-01-11 21:55:00,28.11,33.06,36.35,36.45,50.11,53.51,51.82,54.55,39.09,51.89,52.31,42.1,55.88,46.04,30.34,44.92,36.09,42.77,47.13,51.41,53.07,54.28,46.89,54.12,55.41,44.98,47.04,46.83,45.75,46.65,43.59,48.69,48.13
2019-01-11 22:00:00,28.13,33.07,36.36,36.47,50.12,53.52,51.84,54.58,39.09,51.91,52.33,42.12,55.9,46.07,30.36,44.95,36.11,42.8,47.14,51.42,53.09,54.3,46.92,54.14,55.44,45.0,47.06,46.85,45.76,46.67,43.59,48.71,48.15
2019-01-11 22:05:00,28.14,33.08,36.37,36.5,50.14,53.54,51.87,54.6,39.09,51.93,52.35,42.13,55.92,46.09,30.39,44.97,36.14,42.82,47.15,51.43,53.1,54.32,46.94,54.16,55.46,45.02,47.08,46.87,45.78,46.69,43.6,48.72,48.16
2019-01-11 22:10:00,28.15,33.1,36.38,36.52,50.15,53.55,51.89,54.62,39.09,51.95,52.36,42.14,55.93,46.11,30.41,44.99,36.16,42.84,47.17,51.44,53.11,54.33,46.96,54.18,55.48,45.04,47.1,46.89,45.79,46.71,43.61,48.74,48.17
2019-01-11 22:15:00,28.16,33.11,36.4,36.54,50.16,53.56,51.91,54.64,39.09,51.97,52.38,42.15,55.95,46.13,30.43,45.01,36.18,42.86,47.18,51.45,53.13,54.35,46.98,54.19,55.5,45.05,47.12,46.9,45.8,46.72,43.61,48.76,48.19
2019-01-11 22:20:00,28.18,33.12,36.41,36.56,50.17,53.57,51.92,54.65,39.09,51.99,52.39,42.16,55.96,46.14,30.45,45.02,36.19,42.88,47.19,51.45,53.14,54.36,46.99,54.2,55.51,45.07,47.13,46.91,45.81,46.73,43.62,48.77,48.2
2019-01-11 22:25:00,28.19,33.13,36.42,36.57,50.18,53.58,51.93,54.66,39.09,52.0,52.4,42.17,55.97,46.16,30.47,45.04,36.21,42.89,47.19,51.46,53.14,54.37,47.0,54.21,55.53,45.08,47.14,46.92,45.82,46.74,43.62,48.78,48.2
2019-01-11 22:30:00,28.2,33.14,36.43,36.58,50.18,53.58,51.94,54.67,39.09,52.0,52.41,42.17,55.97,46.16,30.47,45.04,36.22,42.9,47.2,51.46,53.15,54.37,47.01,54.22,55.53,45.08,47.15,46.93,45.83,46.75,43.63,48.78,48.21
2019-01-11 22:35:00,28.21,33.16,36.44,36.59,50.18,53.59,51.95,54.68,39.09,52.01,52.41,42.17,55.98,46.17,30.48,45.05,36.22,42.9,47.2,51.46,53.15,54.38,47.01,54.23,55.54,45.09,47.16,46.94,45.83,46.75,43.63,48.79,48.21
2019-01-11 22:40:00,28.22,33.17,36.45,36.59,50.19,53.59,51.95,54.68,39.09,52.02,52.42,42.18,55.98,46.18,30.49,45.06,36.23,42.91,47.2,51.46,53.16,54.38,47.02,54.23,55.55,45.09,47.16,46.94,45.83,46.76,43.63,48.79,48.21
2019-01-11 22:45:00,28.23,33.18,36.46,36.6,50.19,53.59,51.96,54.69,39.09,52.02,52.43,42.18,55.98,46.18,30.5,45.06,36.24,42.92,47.21,51.47,53.16,54.38,47.03,54.24,55.55,45.1,47.17,46.95,45.84,46.76,43.63,48.8,48.22
2019-01-11 22:50:00,28.25,33.19,36.48,36.61,50.19,53.6,51.97,54.7,39.09,52.03,52.43,42.19,55.99,46.19,30.51,45.07,36.25,42.93,47.21,51.47,53.16,54.39,47.03,54.24,55.56,45.1,47.17,46.95,45.84,46.77,43.64,48.81,48.22
2019-01-11 22:55:00,28.26,33.2,36.49,36.62,50.2,53.61,51.98,54.71,39.09,52.04,52.44,42.19,56.0,46.2,30.52,45.08,36.26,42.94,47.22,51.47,53.17,54.4,47.04,54.25,55.57,45.11,47.18,46.96,45.85,46.78,43.64,48.81,48.23
2019-01-11 23:00:00,28.27,33.21,36.5,36.63,50.21,53.61,51.99,54.72,39.09,52.05,52.45,42.2,56.01,46.21,30.53,45.09,36.27,42.95,47.22,51.48,53.18,54.41,47.06,54.26,55.58,45.12,47.2,46.97,45.86,46.79,43.64,48.82,48.24
2019-01-11 23:05:00,28.28,33.23,36.51,36.65,50.21,53.62,52.0,54.73,39.09,52.06,52.46,42.21,56.02,46.23,30.55,45.11,36.28,42.96,47.23,51.48,53.19,54.42,47.07,54.27,55.6,45.14,47.21,46.98,45.87,46.8,43.65,48.83,48.25
2019-01-11 23:10:00,28.3,33.24,36.52,36.66,50.22,53.63,52.02,54.75,39.09,52.08,52.47,42.21,56.03,46.24,30.56,45.12,36.3,42.98,47.24,51.49,53.2,54.43,47.08,54.28,55.61,45.15,47.22,46.99,45.88,46.81,43.65,48.85,48.25
2019-01-11 23:15:00,28.31,33.25,36.54,36.68,50.23,53.64,52.03,54.76,39.09,52.09,52.49,42.22,56.04,46.26,30.58,45.13,36.32,42.99,47.25,51.5,53.2,54.44,47.1,54.29,55.63,45.16,47.24,47.0,45.89,46.82,43.66,48.86,48.26
2019-01-11 23:20:00,28.32,33.27,36.55,36.69,50.24,53.65,52.05,54.77,39.09,52.1,52.5,42.23,56.05,46.27,30.59,45.15,36.33,43.01,47.25,51.5,53.21,54.45,47.11,54.3,55.64,45.17,47.25,47.02,45.89,46.83,43.66,48.87,48.27
2019-01-11 23:25:00,28.34,33.28,36.56,36.71,50.24,53.66,52.06,54.79,39.09,52.11,52.51,42.24,56.05,46.28,30.61,45.16,36.34,43.02,47.26,51.51,53.22,54.45,47.12,54.31,55.65,45.18,47.26,47.02,45.9,46.84,43.67,48.88,48.28
2019-01-11 23:30:00,28.35,33.29,36.57,36.72,50.25,53.66,52.07,54.8,39.09,52.12,52.52,42.24,56.06,46.29,30.62,45.17,36.36,43.03,47.27,51.51,53.23,54.46,47.13,54.32,55.66,45.19,47.27,47.03,45.91,46.85,43.67,48.89,48.28
2019-01-11 23:35:00,28.36,33.3,36.59,36.73,50.26,53.67,52.08,54.81,39.09,52.13,52.53,42.25,56.07,46.3,30.63,45.18,36.37,43.04,47.27,51.52,53.23,54.47,47.14,54.33,55.67,45.2,47.28,47.04,45.92,46.86,43.67,48.9,48.29
2019-01-11 23:40:00,28.37,33.32,36.6,36.74,50.26,53.68,52.09,54.82,39.09,52.15,52.54,42.25,56.08,46.32,30.65,45.19,36.38,43.05,47.28,51.52,53.24,54.48,47.15,54.34,55.69,45.21,47.29,47.05,45.92,46.87,43.68,48.9,48.3
2019-01-11 23:45:00,28.39,33.33,36.61,36.76,50.27,53.69,52.1,54.83,39.09,52.16,52.55,42.26,56.09,46.33,30.66,45.2,36.39,43.07,47.29,51.53,53.25,54.49,47.16,54.35,55.7,45.22,47.3,47.06,45.93,46.87,43.68,48.91,48.31
2019-01-11 23:50:00,28.4,33.34,36.62,36.77,50.28,53.69,52.12,54.85,39.09,52.17,52.56,42.27,56.1,46.34,30.68,45.22,36.41,43.08,47.3,51.53,53.26,54.5,47.18,54.36,55.71,45.23,47.31,47.07,45.94,46.88,43.69,48.92,48.31
2019-01-11 23:55:00,28.41,33.36,36.64,36.79,50.29,53.7,52.13,54.86,39.09,52.19,52.57,42.28,56.11,46.36,30.69,45.23,36.42,43.1,47.3,51.54,53.27,54.51,47.19,54.38,55.73,45.24,47.33,47.08,45.95,46.9,43.69,48.94,48.32
2019-01-12 00:00:00,28.43,33.37,36.65,36.81,50.3,53.71,52.15,54.88,39.09,52.2,52.58,42.28,56.12,46.37,30.71,45.25,36.44,43.11,47.31,51.54,53.28,54.52,47.21,54.39,55.74,45.26,47.34,47.1,45.96,46.91,43.7,48.95,48.33
2019-01-12 00:05:00,28.44,33.38,36.66,36.82,50.3,53.73,52.16,54.89,39.09,52.22,52.6,42.29,56.13,46.39,30.73,45.26,36.46,43.13,47.32,51.55,53.29,54.53,47.22,54.4,55.76,45.27,47.36,47.11,45.97,46.92,43.7,48.96,48.34
2019-01-12 00:10:00,28.45,33.4,36.68,36.84,50.31,53.74,52.18,54.91,39.09,52.23,52.61,42.3,56.14,46.41,30.75,45.28,36.48,43.15,47.33,51.56,53.3,54.55,47.24,54.42,55.78,45.28,47.37,47.12,45.98,46.93,43.71,48.97,48.35
2019-01-12 00:15:00,28.47,33.41,36.69,36.86,50.32,53.75,52.2,54.92,39.09,52.25,52.62,42.31,56.16,46.42,30.77,45.3,36.49,43.16,47.34,51.56,53.31,54.56,47.25,54.43,55.79,45.3,47.39,47.14,45.99,46.94,43.71,48.99,48.36
2019-01-12 00:20:00,28.48,33.42,36.7,36.88,50.33,53.76,52.22,54.94,39.09,52.27,52.64,42.32,56.17,46.44,30.79,45.31,36.51,43.18,47.35,51.57,53.32,54.57,47.27,54.45,55.81,45.31,47.4,47.15,46.0,46.96,43.72,49.0,48.37
2019-01-12 00:25:00,28.49,33.44,36.71,36.9,50.34,53.77,52.23,54.96,39.09,52.28,52.65,42.33,56.18,46.46,30.8,45.33,36.53,43.2,47.36,51.58,53.33,54.59,47.29,54.46,55.83,45.32,47.42,47.16,46.01,46.97,43.72,49.01,48.38
2019-01-12 00:30:00,28.51,33.45,36.73,36.92,50.36,53.78,52.25,54.98,39.09,52.3,52.66,42.34,56.19,46.48,30.82,45.35,36.55,43.22,47.37,51.59,53.34,54.6,47.3,54.48,55.85,45.34,47.43,47.17,46.02,46.98,43.73,49.02,48.39
2019-01-12 00:35:00,28.52,33.46,36.74,36.94,50.37,53.8,52.27,55.0,39.09,52.32,52.68,42.35,56.21,46.5,30.85,45.37,36.57,43.24,47.39,51.59,53.36,54.61,47.32,54.49,55.86,45.36,47.45,47.19,46.03,47.0,43.73,49.04,48.4
2019-01-12 00:40:00,28.54,33.48,36.76,36.96,50.38,53.81,52.29,55.02,39.09,52.34,52.69,42.36,56.22,46.52,30.87,45.39,36.59,43.26,47.4,51.6,53.37,54.63,47.34,54.51,55.88,45.37,47.47,47.2,46.04,47.01,43.74,49.05,48.41
2019-01-12 00:45:00,28.55,33.49,36.77,36.98,50.39,53.83,52.31,55.04,39.09,52.36,52.71,42.37,56.24,46.54,30.89,45.41,36.61,43.28,47.41,51.61,53.38,54.65,47.36,54.53,55.91,45.39,47.49,47.22,46.05,47.02,43.75,49.07,48.42
2019-01-12 00:50:00,28.57,33.51,36.78,37.0,50.4,53.84,52.33,55.06,39.09,52.38,52.73,42.38,56.25,46.56,30.91,45.43,36.64,43.3,47.42,51.62,53.4,54.66,47.38,54.55,55.93,45.41,47.51,47.24,46.07,47.04,43.75,49.08,48.43
2019-01-12 00:55:00,28.58,33.52,36.8,37.03,50.42,53.86,52.35,55.08,39.09,52.41,52.74,42.39,56.27,46.58,30.94,45.45,36.66,43.32,47.44,51.63,53.41,54.68,47.4,54.57,55.95,45.42,47.53,47.25,46.08,47.06,43.76,49.1,48.45
2019-01-12 01:00:00,28.59,33.54,36.81,37.05,50.43,53.87,52.38,55.1,39.09,52.43,52.76,42.4,56.29,46.6,30.96,45.47,36.68,43.35,47.45,51.64,53.43,54.7,47.42,54.58,55.97,45.44,47.55,47.27,46.09,47.07,43.77,49.12,48.46
2019-01-12 01:05:00,28.61,33.55,36.83,37.07,50.44,53.89,52.4,55.12,39.09,52.45,52.78,42.41,56.3,46.63,30.99,45.49,36.71,43.37,47.46,51.65,53.44,54.71,47.44,54.6,55.99,45.46,47.57,47.29,46.1,47.09,43.77,49.13,48.47
2019-01-12 01:10:00,28.62,33.57,36.84,37.09,50.45,53.9,52.42,55.14,39.09,52.47,52.79,42.42,56.32,46.65,31.01,45.51,36.73,43.39,47.47,51.65,53.45,54.73,47.46,54.62,56.01,45.48,47.58,47.3,46.12,47.1,43.78,49.15,48.48
2019-01-12 01:15:00,28.64,33.58,36.86,37.12,50.46,53.91,52.44,55.16,39.09,52.49,52.81,42.43,56.33,46.67,31.03,45.53,36.75,43.41,47.49,51.66,53.47,54.75,47.48,54.64,56.03,45.49,47.6,47.31,46.13,47.11,43.79,49.16,48.49
2019-01-12 01:20:00,28.65,33.6,36.87,37.14,50.48,53.93,52.46,55.18,39.09,52.51,52.82,42.44,56.34,46.69,31.05,45.55,36.77,43.43,47.5,51.67,53.48,54.76,47.5,54.65,56.05,45.51,47.62,47.33,46.14,47.13,43.79,49.17,48.5
2019-01-12 01:25:00,28.67,33.61,36.88,37.16,50.49,53.94,52.47,55.2,39.09,52.53,52.83,42.45,56.36,46.7,31.07,45.57,36.79,43.45,47.51,51.68,53.49,54.78,47.51,54.67,56.07,45.52,47.63,47.34,46.15,47.14,43.8,49.19,48.51
2019-01-12 01:30:00,28.68,33.62,36.9,37.17,50.5,53.95,52.49,55.22,39.09,52.55,52.85,42.46,56.37,46.72,31.09,45.58,36.81,43.47,47.52,51.69,53.5,54.79,47.53,54.68,56.09,45.54,47.65,47.36,46.16,47.15,43.8,49.2,48.52
2019-01-12 01:35:00,28.7,33.64,36.91,37.19,50.51,53.96,52.51,55.23,39.09,52.57,52.86,42.47,56.38,46.74,31.11,45.6,36.83,43.48,47.53,51.69,53.51,54.8,47.55,54.7,56.11,45.55,47.67,47.37,46.17,47.16,43.81,49.21,48.53
2019-01-12 01:40:00,28.71,33.65,36.93,37.21,50.52,53.98,52.53,55.25,39.09,52.58,52.87,42.48,56.4,46.76,31.13,45.62,36.85,43.5,47.54,51.7,53.53,54.82,47.57,54.72,56.13,45.57,47.68,47.38,46.18,47.18,43.81,49.22,48.54
2019-01-12 01:45:00,28.73,33.67,36.94,37.23,50.53,53.99,52.55,55.27,39.09,52.6,52.89,42.48,56.41,46.78,31.15,45.64,36.87,43.52,47.55,51.71,53.54,54.83,47.58,54.73,56.14,45.58,47.7,47.39,46.19,47.19,43.82,49.24,48.55
2019-01-12 01:50:00,28.74,33.68,36.96,37.25,50.54,54.0,52.56,55.29,39.09,52.62,52.9,42.49,56.42,46.8,31.17,45.65,36.88,43.54,47.56,51.72,53.55,54.85,47.6,54.75,56.16,45.6,47.71,47.41,46.2,47.2,43.82,49.25,48.56
2019-01-12 01:55:00,28.76,33.7,36.97,37.27,50.55,54.01,52.58,55.3,39.09,52.64,52.91,42.5,56.44,46.81,31.19,45.67,36.9,43.56,47.57,51.72,53.56,54.86,47.61,54.76,56.18,45.61,47.73,47.42,46.21,47.21,43.83,49.26,48.57
2019-01-12 02:00:00,28.77,33.71,36.99,37.29,50.56,54.02,52.6,55.32,39.09,52.65,52.92,42.51,56.45,46.83,31.2,45.68,36.92,43.57,47.58,51.73,53.57,54.87,47.63,54.77,56.19,45.62,47.74,47.43,46.22,47.22,43.83,49.27,48.57
2019-01-12 02:05:00,28.79,33.73,37.0,37.3,50.57,54.03,52.61,55.33,39.09,52.67,52.94,42.52,56.46,46.84,31.22,45.7,36.93,43.59,47.59,51.74,53.58,54.88,47.64,54.79,56.21,45.63,47.75,47.44,46.22,47.23,43.84,49.28,48.58
2019-01-12 02:10:00,28.8,33.75,37.02,37.32,50.57,54.04,52.62,55.35,39.09,52.68,52.95,42.52,56.47,46.86,31.23,45.71,36.95,43.6,47.6,51.74,53.59,54.89,47.66,54.8,56.22,45.64,47.76,47.45,46.23,47.24,43.84,49.29,48.59
2019-01-12 02:15:00,28.82,33.76,37.03,37.33,50.58,54.05,52.64,55.36,39.09,52.69,52.95,42.53,56.48,46.87,31.25,45.72,36.96,43.61,47.6,51.75,53.6,54.9,47.67,54.81,56.24,45.65,47.77,47.46,46.24,47.25,43.85,49.3,48.6
2019-01-12 02:20:00,28.83,33.78,37.05,37.34,50.59,54.06,52.65,55.37,39.09,52.71,52.96,42.53,56.49,46.88,31.26,45.74,36.98,43.63,47.61,51.75,53.6,54.91,47.68,54.82,56.25,45.67,47.79,47.47,46.25,47.26,43.85,49.31,48.6
2019-01-12 02:25:00,28.85,33.79,37.06,37.36,50.6,54.07,52.66,55.39,39.09,52.72,52.97,42.54,56.5,46.9,31.27,45.75,36.99,43.64,47.62,51.76,53.61,54.92,47.69,54.83,56.26,45.68,47.8,47.48,46.25,47.27,43.85,49.32,48.61
2019-01-12 02:30:00,28.86,33.81,37.08,37.37,50.6,54.08,52.68,55.4,39.1,52.73,52.98,42.55,56.51,46.91,31.29,45.76,37.0,43.65,47.63,51.76,53.62,54.93,47.7,54.84,56.27,45.69,47.81,47.49,46.26,47.27,43.86,49.33,48.62
2019-01-12 02:35:00,28.88,33.82,37.09,37.39,50.61,54.09,52.69,55.41,39.1,52.75,52.99,42.55,56.52,46.92,31.3,45.77,37.02,43.67,47.64,51.77,53.63,54.95,47.72,54.85,56.29,45.7,47.82,47.5,46.27,47.28,43.86,49.33,48.62
2019-01-12 02:40:00,28.9,33.84,37.11,37.4,50.62,54.1,52.7,55.43,39.1,52.76,53.0,42.56,56.53,46.94,31.32,45.79,37.03,43.68,47.64,51.77,53.64,54.96,47.73,54.87,56.3,45.71,47.83,47.51,46.28,47.29,43.86,49.34,48.63
2019-01-12 02:45:00,28.91,33.85,37.12,37.42,50.63,54.11,52.72,55.44,39.1,52.78,53.01,42.57,56.54,46.95,31.33,45.8,37.05,43.7,47.65,51.78,53.65,54.97,47.74,54.88,56.32,45.72,47.84,47.52,46.28,47.3,43.87,49.35,48.64
2019-01-12 02:50:00,28.93,33.87,37.14,37.43,50.64,54.12,52.73,55.45,39.1,52.79,53.02,42.57,56.55,46.97,31.35,45.81,37.06,43.71,47.66,51.78,53.66,54.98,47.76,54.89,56.33,45.73,47.85,47.53,46.29,47.31,43.87,49.36,48.64
2019-01-12 02:55:00,28.94,33.88,37.15,37.44,50.65,54.13,52.74,55.47,39.1,52.8,53.03,42.58,56.56,46.98,31.36,45.83,37.07,43.72,47.67,51.79,53.67,54.99,47.77,54.9,56.34,45.74,47.87,47.53,46.3,47.32,43.88,49.37,48.65
2019-01-12 03:00:00,28.96,33.9,37.17,37.46,50.65,54.14,52.75,55.48,39.1,52.82,53.04,42.58,56.56,46.99,31.38,45.84,37.09,43.74,47.67,51.8,53.67,55.0,47.78,54.91,56.36,45.75,47.88,47.54,46.3,47.32,43.88,49.38,48.65
2019-01-12 03:05:00,28.97,33.91,37.18,37.47,50.66,54.14,52.77,55.49,39.1,52.83,53.05,42.59,56.57,47.0,31.39,45.85,37.1,43.75,47.68,51.8,53.68,55.01,47.79,54.92,56.37,45.76,47.88,47.55,46.31,47.33,43.88,49.38,48.66
2019-01-12 03:10:00,28.99,33.93,37.2,37.48,50.66,54.15,52.77,55.5,39.1,52.84,53.05,42.59,56.58,47.01,31.4,45.86,37.11,43.76,47.69,51.8,53.69,55.01,47.8,54.93,56.37,45.77,47.89,47.56,46.31,47.34,43.88,49.39,48.66
2019-01-12 03:15:00,29.0,33.94,37.21,37.49,50.67,54.16,52.78,55.51,39.1,52.84,53.06,42.59,56.58,47.02,31.4,45.86,37.12,43.76,47.69,51.81,53.69,55.02,47.8,54.93,56.38,45.77,47.9,47.56,46.32,47.34,43.89,49.4,48.67
2019-01-12 03:20:00,29.02,33.96,37.23,37.49,50.67,54.16,52.79,55.51,39.1,52.85,53.06,42.6,56.59,47.03,31.41,45.87,37.12,43.77,47.7,51.81,53.7,55.03,47.81,54.94,56.39,45.78,47.9,47.57,46.32,47.35,43.89,49.4,48.67
2019-01-12 03:25:00,29.03,33.97,37.24,37.5,50.68,54.17,52.8,55.52,39.1,52.86,53.07,42.6,56.59,47.03,31.42,45.88,37.13,43.78,47.7,51.81,53.7,55.03,47.82,54.95,56.4,45.78,47.91,47.57,46.32,47.35,43.89,49.4,48.67
2019-01-12 03:30:00,29.05,33.99,37.26,37.51,50.68,54.17,52.8,55.53,39.1,52.87,53.07,42.6,56.6,47.04,31.43,45.88,37.14,43.78,47.7,51.81,53.71,55.04,47.82,54.95,56.4,45.79,47.91,47.58,46.33,47.35,43.89,49.41,48.68
2019-01-12 03:35:00,29.06,34.0,37.27,37.51,50.68,54.18,52.81,55.53,39.1,52.87,53.08,42.61,56.6,47.05,31.43,45.89,37.14,43.79,47.71,51.82,53.71,55.04,47.83,54.96,56.41,45.79,47.92,47.58,46.33,47.36,43.89,49.41,48.68
2019-01-12 03:40:00,29.08,34.02,37.29,37.52,50.69,54.18,52.82,55.54,39.1,52.88,53.08,42.61,56.61,47.05,31.44,45.9,37.15,43.8,47.71,51.82,53.71,55.05,47.84,54.96,56.42,45.8,47.93,47.58,46.33,47.36,43.9,49.42,48.68
2019-01-12 03:45:00,29.09,34.03,37.3,37.53,50.69,54.19,52.82,55.55,39.1,52.89,53.09,42.61,56.61,47.06,31.45,45.9,37.16,43.81,47.72,51.82,53.72,55.05,47.84,54.97,56.42,45.8,47.93,47.59,46.34,47.37,43.9,49.42,48.69
2019-01-12 03:50:00,29.11,34.05,37.32,37.54,50.7,54.19,52.83,55.55,39.1,52.89,53.09,42.62,56.62,47.07,31.46,45.91,37.17,43.81,47.72,51.83,53.72,55.06,47.85,54.98,56.43,45.81,47.94,47.59,46.34,47.37,43.9,49.43,48.69
2019-01-12 03:55:00,29.12,34.07,37.34,37.54,50.7,54.2,52.84,55.56,39.1,52.9,53.1,42.62,56.62,47.07,31.47,45.92,37.17,43.82,47.72,51.83,53.73,55.07,47.86,54.98,56.44,45.82,47.94,47.6,46.34,47.38,43.9,49.43,48.69
2019-01-12 04:00:00,29.14,34.08,37.35,37.55,50.7,54.2,52.84,55.57,39.1,52.91,53.1,42.62,56.63,47.08,31.47,45.92,37.18,43.83,47.73,51.83,53.73,55.07,47.86,54.99,56.44,45.82,47.95,47.6,46.35,47.38,43.9,49.43,48.7
2019-01-12 04:05:00,29.16,34.1,37.37,37.56,50.71,54.2,52.85,55.57,39.1,52.91,53.1,42.62,56.63,47.09,31.48,45.93,37.19,43.83,47.73,51.83,53.73,55.07,47.87,54.99,56.45,45.82,47.95,47.61,46.35,47.38,43.9,49.44,48.7
2019-01-12 04:10:00,29.17,34.11,37.38,37.56,50.71,54.2,52.85,55.58,39.1,52.92,53.1,42.62,56.63,47.09,31.48,45.93,37.19,43.83,47.73,51.83,53.74,55.08,47.87,54.99,56.45,45.83,47.96,47.61,46.35,47.39,43.9,49.44,48.7
2019-01-12 04:15:00,29.19,34.13,37.4,37.56,50.71,54.21,52.85,55.58,39.1,52.92,53.11,42.63,56.64,47.09,31.48,45.93,37.19,43.84,47.73,51.84,53.74,55.08,47.87,55.0,56.46,45.83,47.96,47.61,46.35,47.39,43.91,49.44,48.7
2019-01-12 04:20:00,29.2,34.14,37.41,37.56,50.71,54.21,52.86,55.58,39.1,52.92,53.11,42.63,56.64,47.09,31.49,45.93,37.19,43.84,47.73,51.84,53.74,55.08,47.87,55.0,56.46,45.83,47.96,47.61,46.35,47.39,43.91,49.44,48.7
2019-01-12 04:25:00,29.22,34.16,37.43,37.57,50.71,54.21,52.86,55.58,39.1,52.92,53.11,42.63,56.64,47.09,31.49,45.93,37.19,43.84,47.74,51.84,53.74,55.08,47.87,55.0,56.46,45.83,47.96,47.61,46.35,47.39,43.91,49.44,48.7
2019-01-12 04:30:00,29.23,34.17,37.44,37.57,50.71,54.21,52.86,55.58,39.1,52.92,53.11,42.63,56.64,47.1,31.49,45.94,37.2,43.84,47.74,51.84,53.74,55.08,47.87,55.0,56.46,45.83,47.96,47.61,46.35,47.39,43.91,49.44,48.7
2019-01-12 04:35:00,29.25,34.19,37.46,37.57,50.71,54.21,52.86,55.58,39.1,52.92,53.11,42.63,56.64,47.1,31.49,45.94,37.2,43.84,47.74,51.84,53.74,55.08,47.88,55.0,56.46,45.83,47.96,47.61,46.35,47.39,43.91,49.44,48.7
2019-01-12 04:40:00,29.26,34.2,37.47,37.57,50.71,54.21,52.86,55.58,39.1,52.92,53.11,42.63,56.64,47.1,31.49,45.94,37.2,43.84,47.74,51.84,53.74,55.08,47.88,55.0,56.46,45.83,47.96,47.61,46.36,47.39,43.91,49.44,48.7
2019-01-12 04:45:00,29.28,34.22,37.49,37.57,50.71,54.21,52.86,55.58,39.1,52.93,53.11,42.63,56.64,47.1,31.49,45.94,37.2,43.84,47.74,51.84,53.74,55.09,47.88,55.0,56.46,45.83,47.96,47.61,46.36,47.39,43.91,49.44,48.71
2019-01-12 04:50:00,29.29,34.23,37.5,37.57,50.72,54.21,52.86,55.59,39.1,52.93,53.11,42.63,56.64,47.1,31.49,45.94,37.2,43.85,47.74,51.84,53.74,55.09,47.88,55.0,56.46,45.83,47.96,47.61,46.36,47.39,43.91,49.44,48.71
2019-01-12 04:55:00,29.31,34.25,37.52,37.57,50.72,54.21,52.86,55.59,39.1,52.93,53.11,42.63,56.64,47.1,31.49,45.94,37.2,43.85,47.74,51.84,53.74,55.09,47.88,55.0,56.46,45.83,47.96,47.61,46.36,47.39,43.91,49.45,48.71
2019-01-12 05:00:00,29.32,34.26,37.53,37.57,50.72,54.21,52.86,55.59,39.1,52.93,53.11,42.63,56.64,47.1,31.49,45.94,37.2,43.85,47.74,51.84,53.74,55.09,47.88,55.0,56.46,45.83,47.96,47.61,46.36,47.39,43.91,49.45,48.71
2019-01-12 05:05:00,29.34,34.28,37.55,37.57,50.71,54.21,52.86,55.59,39.1,52.93,53.11,42.63,56.64,47.1,31.49,45.94,37.2,43.84,47.74,51.84,53.74,55.09,47.88,55.0,56.46,45.83,47.96,47.61,46.36,47.39,43.91,49.44,48.7
2019-01-12 05:10:00,29.34,34.29,37.56,38.14,50.85,54.37,53.19,55.91,39.1,53.23,53.26,42.73,56.84,47.45,31.98,46.29,37.67,44.2,47.87,51.95,53.9,55.28,48.19,55.23,56.79,46.07,48.19,47.78,46.46,47.52,43.96,49.58,48.8
2019-01-12 05:15:00,29.34,34.28,37.55,38.14,50.85,54.37,53.19,55.91,39.1,53.23,53.26,42.73,56.84,47.45,31.97,46.29,37.67,44.2,47.87,51.95,53.9,55.28,48.19,55.23,56.79,46.07,48.18,47.78,46.46,47.52,43.96,49.57,48.8
2019-01-12 05:20:00,29.34,34.28,37.55,38.14,50.85,54.37,53.19,55.91,39.1,53.23,53.26,42.72,56.84,47.45,31.97,46.29,37.66,44.2,47.87,51.95,53.9,55.27,48.19,55.23,56.79,46.07,48.18,47.77,46.46,47.52,43.96,49.57,48.8
2019-01-12 05:25:00,29.33,34.27,37.54,38.13,50.85,54.36,53.18,55.9,39.1,53.22,53.25,42.72,56.84,47.44,31.97,46.28,37.66,44.2,47.87,51.95,53.9,55.27,48.19,55.23,56.79,46.06,48.18,47.77,46.46,47.51,43.96,49.57,48.8
2019-01-12 05:30:00,29.33,34.27,37.54,38.13,50.85,54.36,53.18,55.9,39.1,53.22,53.25,42.72,56.83,47.44,31.96,46.28,37.66,44.19,47.87,51.94,53.9,55.27,48.18,55.22,56.78,46.06,48.17,47.77,46.45,47.51,43.96,49.57,48.8
2019-01-12 05:35:00,29.32,34.27,37.54,38.12,50.84,54.36,53.17,55.89,39.1,53.22,53.25,42.72,56.83,47.43,31.96,46.27,37.65,44.19,47.86,51.94,53.89,55.26,48.18,55.22,56.78,46.06,48.17,47.76,46.45,47.51,43.96,49.56,48.79
2019-01-12 05:40:00,29.32,34.26,37.53,38.12,50.84,54.35,53.17,55.89,39.1,53.21,53.24,42.71,56.83,47.43,31.95,46.27,37.64,44.18,47.86,51.94,53.89,55.26,48.17,55.21,56.77,46.05,48.16,47.76,46.45,47.5,43.95,49.56,48.79
2019-01-12 05:45:00,29.32,34.26,37.53,38.11,50.84,54.35,53.16,55.88,39.1,53.2,53.23,42.71,56.82,47.42,31.94,46.26,37.64,44.17,47.86,51.94,53.88,55.25,48.16,55.21,56.76,46.05,48.16,47.75,46.44,47.5,43.95,49.55,48.79
2019-01-12 05:50:00,29.31,34.25,37.52,38.1,50.83,54.34,53.15,55.87,39.1,53.2,53.23,42.71,56.82,47.41,31.94,46.26,37.63,44.17,47.85,51.93,53.88,55.25,48.16,55.2,56.76,46.04,48.15,47.75,46.44,47.49,43.95,49.55,48.78
2019-01-12 05:55:00,29.3,34.25,37.52,38.09,50.83,54.34,53.14,55.86,39.1,53.19,53.22,42.7,56.81,47.4,31.93,46.25,37.62,44.16,47.85,51.93,53.87,55.24,48.15,55.19,56.75,46.03,48.14,47.74,46.43,47.48,43.95,49.54,48.78
2019-01-12 06:00:00,29.3,34.24,37.51,38.08,50.82,54.33,53.13,55.85,39.1,53.18,53.21,42.7,56.8,47.39,31.91,46.24,37.61,44.15,47.84,51.92,53.87,55.23,48.14,55.18,56.74,46.02,48.13,47.73,46.43,47.48,43.94,49.53,48.77
2019-01-12 06:05:00,29.29,34.23,37.51,38.07,50.81,54.32,53.12,55.84,39.1,53.17,53.2,42.69,56.79,47.38,31.9,46.23,37.6,44.13,47.83,51.92,53.86,55.22,48.13,55.17,56.72,46.01,48.12,47.72,46.42,47.47,43.94,49.52,48.76
2019-01-12 06:10:00,29.29,34.23,37.5,38.06,50.8,54.31,53.11,55.83,39.1,53.15,53.19,42.68,56.78,47.37,31.89,46.21,37.58,44.12,47.82,51.91,53.85,55.21,48.12,55.16,56.71,46.0,48.11,47.71,46.41,47.46,43.94,49.51,48.75
2019-01-12 06:15:00,29.28,34.22,37.49,38.04,50.8,54.3,53.09,55.81,39.1,53.14,53.18,42.67,56.77,47.35,31.87,46.2,37.57,44.11,47.82,51.91,53.84,55.2,48.1,55.15,56.7,45.99,48.1,47.7,46.4,47.45,43.93,49.5,48.75
2019-01-12 06:20:00,29.27,34.21,37.49,38.03,50.79,54.29,53.08,55.8,39.1,53.12,53.17,42.67,56.76,47.34,31.86,46.18,37.55,44.09,47.81,51.9,53.83,55.19,48.09,55.14,56.68,45.98,48.08,47.69,46.39,47.43,43.93,49.49,48.74
2019-01-12 06:25:00,29.26,34.21,37.48,38.01,50.78,54.28,53.06,55.78,39.1,53.11,53.15,42.66,56.75,47.32,31.84,46.17,37.54,44.07,47.8,51.89,53.82,55.18,48.07,55.12,56.66,45.97,48.07,47.68,46.38,47.42,43.92,49.48,48.73
2019-01-12 06:30:00,29.26,34.2,37.47,37.99,50.77,54.27,53.05,55.76,39.1,53.09,53.14,42.65,56.74,47.3,31.82,46.15,37.52,44.06,47.79,51.89,53.81,55.16,48.06,55.11,56.65,45.95,48.05,47.66,46.37,47.41,43.91,49.46,48.72
2019-01-12 06:35:00,29.25,34.19,37.47,37.97,50.76,54.26,53.03,55.75,39.1,53.07,53.13,42.64,56.72,47.29,31.8,46.14,37.5,44.04,47.78,51.88,53.8,55.15,48.04,55.09,56.63,45.94,48.04,47.65,46.36,47.4,43.91,49.45,48.71
2019-01-12 06:40:00,29.24,34.18,37.46,37.95,50.74,54.24,53.01,55.73,39.1,53.05,53.11,42.63,56.71,47.27,31.78,46.12,37.48,44.02,47.76,51.87,53.78,55.14,48.02,55.08,56.61,45.92,48.02,47.63,46.35,47.38,43.9,49.43,48.7
2019-01-12 06:45:00,29.23,34.17,37.45,37.94,50.73,54.23,52.99,55.71,39.1,53.04,53.1,42.62,56.69,47.25,31.76,46.1,37.46,44.0,47.75,51.86,53.77,55.12,48.0,55.06,56.59,45.91,48.0,47.62,46.34,47.37,43.9,49.42,48.68
2019-01-12 06:50:00,29.22,34.16,37.44,37.91,50.72,54.22,52.97,55.69,39.1,53.02,53.08,42.61,56.68,47.23,31.74,46.08,37.44,43.98,47.74,51.86,53.76,55.1,47.98,55.04,56.57,45.89,47.98,47.6,46.32,47.35,43.89,49.4,48.67
2019-01-12 06:55:00,29.21,34.15,37.43,37.89,50.71,54.2,52.95,55.67,39.1,52.99,53.06,42.6,56.66,47.21,31.72,46.06,37.42,43.96,47.73,51.85,53.74,55.09,47.96,55.03,56.55,45.87,47.96,47.59,46.31,47.34,43.88,49.39,48.66
2019-01-12 07:00:00,29.2,34.14,37.42,37.87,50.69,54.19,52.93,55.64,39.1,52.97,53.04,42.58,56.65,47.18,31.69,46.04,37.4,43.94,47.71,51.84,53.73,55.07,47.94,55.01,56.53,45.85,47.94,47.57,46.3,47.32,43.87,49.37,48.65
2019-01-12 07:05:00,29.19,34.13,37.41,37.85,50.68,54.17,52.9,55.62,39.1,52.95,53.02,42.57,56.63,47.16,31.67,46.02,37.37,43.91,47.7,51.83,53.71,55.05,47.92,54.99,56.5,45.83,47.92,47.55,46.28,47.3,43.87,49.35,48.63
2019-01-12 07:10:00,29.18,34.12,37.4,37.82,50.67,54.15,52.88,55.6,39.1,52.92,53.0,42.56,56.61,47.13,31.64,45.99,37.35,43.89,47.68,51.82,53.7,55.03,47.9,54.97,56.48,45.81,47.9,47.53,46.27,47.28,43.86,49.33,48.62
2019-01-12 07:15:00,29.17,34.11,37.39,37.79,50.65,54.13,52.85,55.57,39.1,52.9,52.98,42.54,56.59,47.11,31.61,45.97,37.32,43.86,47.67,51.81,53.68,55.01,47.87,54.94,56.45,45.79,47.87,47.51,46.25,47.26,43.85,49.31,48.6
2019-01-12 07:20:00,29.16,34.1,37.38,37.77,50.63,54.11,52.83,55.54,39.1,52.87,52.96,42.53,56.57,47.08,31.58,45.94,37.3,43.83,47.65,51.79,53.66,54.99,47.85,54.92,56.42,45.77,47.85,47.49,46.23,47.24,43.84,49.29,48.59
2019-01-12 07:25:00,29.15,34.09,37.37,37.74,50.62,54.1,52.8,55.52,39.1,52.84,52.94,42.51,56.55,47.05,31.55,45.92,37.27,43.81,47.63,51.78,53.64,54.97,47.82,54.9,56.4,45.75,47.82,47.47,46.21,47.22,43.83,49.27,48.57
2019-01-12 07:30:00,29.14,34.08,37.36,37.71,50.6,54.08,52.77,55.49,39.1,52.82,52.91,42.5,56.53,47.03,31.52,45.89,37.24,43.78,47.62,51.77,53.62,54.95,47.8,54.87,56.37,45.72,47.8,47.44,46.2,47.2,43.82,49.25,48.55
2019-01-12 07:35:00,29.12,34.07,37.35,37.68,50.58,54.06,52.74,55.46,39.1,52.79,52.89,42.48,56.51,47.0,31.49,45.86,37.21,43.75,47.6,51.76,53.61,54.93,47.77,54.85,56.34,45.7,47.77,47.42,46.18,47.18,43.81,49.22,48.54
2019-01-12 07:40:00,29.11,34.06,37.34,37.66,50.57,54.04,52.72,55.43,39.1,52.76,52.87,42.47,56.49,46.97,31.46,45.84,37.18,43.72,47.58,51.75,53.59,54.9,47.75,54.83,56.31,45.68,47.75,47.4,46.16,47.16,43.8,49.2,48.52
2019-01-12 07:45:00,29.1,34.04,37.33,37.63,50.55,54.02,52.69,55.41,39.1,52.73,52.85,42.45,56.47,46.94,31.44,45.81,37.16,43.7,47.57,51.74,53.57,54.88,47.72,54.8,56.29,45.66,47.72,47.38,46.15,47.14,43.8,49.18,48.51
2019-01-12 07:50:00,29.09,34.03,37.32,37.6,50.54,54.0,52.67,55.38,39.1,52.71,52.83,42.44,56.45,46.92,31.41,45.79,37.13,43.67,47.55,51.73,53.55,54.86,47.7,54.78,56.26,45.64,47.7,47.36,46.13,47.12,43.79,49.16,48.49
2019-01-12 07:55:00,29.08,34.02,37.31,37.58,50.52,53.98,52.64,55.36,39.09,52.68,52.81,42.43,56.43,46.89,31.38,45.77,37.11,43.65,47.54,51.72,53.54,54.84,47.67,54.76,56.24,45.61,47.68,47.34,46.11,47.1,43.78,49.14,48.48
2019-01-12 08:00:00,29.06,34.01,37.3,37.55,50.51,53.96,52.62,55.33,39.09,52.66,52.79,42.41,56.41,46.87,31.36,45.74,37.08,43.62,47.52,51.7,53.52,54.82,47.65,54.74,56.21,45.6,47.66,47.32,46.1,47.08,43.77,49.12,48.46
2019-01-12 08:05:00,29.05,34.0,37.28,37.53,50.49,53.95,52.59,55.31,39.09,52.64,52.77,42.4,56.4,46.85,31.33,45.72,37.06,43.6,47.51,51.7,53.5,54.81,47.63,54.72,56.19,45.58,47.63,47.3,46.08,47.06,43.76,49.11,48.45
2019-01-12 08:10:00,29.04,33.98,37.27,37.51,50.48,53.93,52.57,55.29,39.09,52.61,52.75,42.39,56.38,46.82,31.31,45.7,37.04,43.58,47.49,51.69,53.49,54.79,47.61,54.7,56.17,45.56,47.61,47.28,46.07,47.05,43.76,49.09,48.43
2019-01-12 08:15:00,29.03,33.97,37.26,37.48,50.46,53.92,52.55,55.26,39.09,52.59,52.73,42.38,56.36,46.8,31.28,45.68,37.01,43.56,47.48,51.68,53.47,54.77,47.59,54.68,56.14,45.54,47.59,47.27,46.06,47.03,43.75,49.07,48.42
2019-01-12 08:20:00,29.01,33.96,37.25,37.46,50.45,53.9,52.53,55.24,39.09,52.57,52.71,42.36,56.35,46.78,31.26,45.66,36.99,43.53,47.47,51.67,53.46,54.75,47.57,54.66,56.12,45.52,47.57,47.25,46.04,47.01,43.74,49.05,48.41
2019-01-12 08:25:00,29.0,33.95,37.24,37.44,50.44,53.88,52.51,55.22,39.09,52.55,52.69,42.35,56.33,46.76,31.24,45.64,36.97,43.51,47.45,51.66,53.44,54.73,47.55,54.64,56.1,45.5,47.55,47.23,46.03,47.0,43.73,49.04,48.39
2019-01-12 08:30:00,28.99,33.94,37.23,37.42,50.42,53.87,52.49,55.2,39.09,52.53,52.67,42.34,56.32,46.74,31.21,45.62,36.95,43.49,47.44,51.65,53.43,54.72,47.53,54.63,56.08,45.48,47.53,47.21,46.01,46.98,43.73,49.02,48.38
2019-01-12 08:35:00,28.98,33.92,37.21,37.4,50.41,53.85,52.46,55.18,39.09,52.51,52.66,42.33,56.3,46.72,31.19,45.6,36.93,43.47,47.43,51.64,53.42,54.7,47.51,54.61,56.06,45.47,47.51,47.2,46.0,46.96,43.72,49.0,48.37
2019-01-12 08:40:00,28.97,33.91,37.2,37.38,50.4,53.84,52.45,55.16,39.09,52.49,52.64,42.32,56.29,46.7,31.17,45.58,36.91,43.45,47.41,51.63,53.4,54.68,47.49,54.59,56.04,45.45,47.5,47.18,45.99,46.95,43.71,48.99,48.36
2019-01-12 08:45:00,28.95,33.9,37.19,37.36,50.39,53.83,52.43,55.14,39.09,52.47,52.63,42.31,56.27,46.68,31.15,45.56,36.89,43.43,47.4,51.62,53.39,54.67,47.47,54.57,56.02,45.44,47.48,47.17,45.98,46.93,43.71,48.97,48.35
2019-01-12 08:50:00,28.94,33.89,37.18,37.34,50.38,53.81,52.41,55.12,39.09,52.45,52.61,42.3,56.26,46.66,31.13,45.54,36.87,43.41,47.39,51.62,53.38,54.66,47.45,54.56,56.0,45.42,47.46,47.15,45.97,46.92,43.7,48.96,48.34
2019-01-12 08:55:00,28.93,33.88,37.17,37.33,50.37,53.8,52.39,55.11,39.09,52.43,52.6,42.29,56.25,46.64,31.12,45.53,36.85,43.4,47.38,51.61,53.37,54.64,47.44,54.55,55.99,45.41,47.45,47.14,45.96,46.91,43.69,48.95,48.33
2019-01-12 09:00:00,28.92,33.86,37.16,37.31,50.36,53.79,52.38,55.09,39.09,52.42,52.59,42.28,56.24,46.63,31.1,45.52,36.84,43.38,47.37,51.6,53.36,54.63,47.43,54.53,55.97,45.4,47.43,47.13,45.95,46.9,43.69,48.93,48.32
2019-01-12 09:05:00,28.91,33.85,37.15,37.3,50.35,53.78,52.37,55.08,39.09,52.4,52.57,42.28,56.23,46.62,31.09,45.5,36.83,43.37,47.36,51.6,53.35,54.62,47.41,54.52,55.96,45.39,47.42,47.12,45.94,46.89,43.68,48.92,48.31
2019-01-12 09:10:00,28.89,33.84,37.14,37.28,50.34,53.77,52.35,55.07,39.09,52.39,52.56,42.27,56.22,46.6,31.07,45.49,36.81,43.36,47.36,51.59,53.34,54.61,47.4,54.51,55.95,45.37,47.41,47.11,45.93,46.88,43.68,48.91,48.3
2019-01-12 09:15:00,28.88,33.83,37.12,37.27,50.34,53.76,52.34,55.06,39.09,52.38,52.55,42.26,56.21,46.59,31.06,45.48,36.8,43.34,47.35,51.59,53.33,54.6,47.39,54.5,55.93,45.36,47.4,47.1,45.92,46.87,43.68,48.9,48.3
2019-01-12 09:20:00,28.87,33.82,37.11,37.26,50.33,53.76,52.33,55.04,39.09,52.37,52.55,42.26,56.2,46.58,31.05,45.47,36.79,43.33,47.34,51.58,53.32,54.59,47.38,54.49,55.92,45.36,47.39,47.09,45.92,46.86,43.67,48.9,48.29
2019-01-12 09:25:00,28.86,33.81,37.1,37.25,50.32,53.75,52.32,55.03,39.09,52.36,52.54,42.25,56.19,46.57,31.04,45.46,36.78,43.32,47.33,51.58,53.32,54.58,47.37,54.48,55.91,45.35,47.38,47.08,45.91,46.85,43.67,48.89,48.28
2019-01-12 09:30:00,28.85,33.8,37.09,37.24,50.32,53.74,52.31,55.02,39.09,52.35,52.53,42.25,56.18,46.56,31.03,45.45,36.77,43.31,47.33,51.57,53.31,54.57,47.36,54.47,55.9,45.34,47.37,47.07,45.9,46.85,43.67,48.88,48.28
2019-01-12 09:35:00,28.84,33.79,37.08,37.23,50.31,53.73,52.3,55.02,39.09,52.34,52.52,42.24,56.18,46.55,31.02,45.44,36.76,43.3,47.32,51.57,53.3,54.57,47.35,54.46,55.89,45.33,47.36,47.07,45.9,46.84,43.66,48.87,48.27
2019-01-12 09:40:00,28.83,33.77,37.07,37.22,50.31,53.73,52.29,55.01,39.09,52.33,52.52,42.24,56.17,46.54,31.01,45.43,36.75,43.3,47.32,51.57,53.3,54.56,47.35,54.46,55.89,45.33,47.36,47.06,45.89,46.83,43.66,48.87,48.27
2019-01-12 09:45:00,28.82,33.76,37.06,37.22,50.3,53.72,52.29,55.0,39.09,52.32,52.51,42.23,56.16,46.54,31.0,45.43,36.75,43.29,47.31,51.56,53.29,54.55,47.34,54.45,55.88,45.32,47.35,47.05,45.89,46.83,43.66,48.86,48.26
2019-01-12 09:50:00,28.81,33.75,37.05,37.21,50.3,53.72,52.28,55.0,39.09,52.32,52.51,42.23,56.16,46.53,31.0,45.42,36.74,43.28,47.31,51.56,53.29,54.55,47.33,54.45,55.87,45.32,47.34,47.05,45.88,46.82,43.66,48.86,48.26
2019-01-12 09:55:00,28.79,33.74,37.04,37.21,50.29,53.71,52.28,54.99,39.09,52.31,52.5,42.23,56.16,46.53,30.99,45.42,36.74,43.28,47.31,51.56,53.29,54.55,47.33,54.44,55.87,45.31,47.34,47.05,45.88,46.82,43.66,48.85,48.26
2019-01-12 10:00:00,28.78,33.73,37.03,37.2,50.29,53.71,52.27,54.99,39.09,52.31,52.5,42.23,56.15,46.52,30.99,45.41,36.73,43.27,47.3,51.56,53.28,54.54,47.33,54.44,55.86,45.31,47.34,47.04,45.88,46.82,43.65,48.85,48.26
2019-01-12 10:05:00,28.77,33.72,37.02,37.2,50.29,53.71,52.27,54.98,39.09,52.3,52.5,42.22,56.15,46.52,30.98,45.41,36.73,43.27,47.3,51.55,53.28,54.54,47.32,54.43,55.86,45.31,47.33,47.04,45.88,46.82,43.65,48.85,48.25
2019-01-12 10:10:00,28.76,33.71,37.01,37.2,50.29,53.71,52.27,54.98,39.09,52.3,52.49,42.22,56.15,46.52,30.98,45.41,36.72,43.27,47.3,51.55,53.28,54.54,47.32,54.43,55.86,45.3,47.33,47.04,45.88,46.81,43.65,48.85,48.25
2019-01-12 10:15:00,28.75,33.7,37.0,37.19,50.29,53.7,52.26,54.98,39.09,52.3,52.49,42.22,56.15,46.51,30.98,45.4,36.72,43.26,47.3,51.55,53.28,54.53,47.32,54.43,55.85,45.3,47.33,47.04,45.87,46.81,43.65,48.84,48.25
2019-01-12 10:20:00,28.74,33.69,36.99,37.19,50.28,53.7,52.26,54.97,39.09,52.29,52.49,42.22,56.14,46.51,30.97,45.4,36.72,43.26,47.3,51.55,53.27,54.53,47.31,54.43,55.85,45.3,47.32,47.03,45.87,46.81,43.65,48.84,48.25
2019-01-12 10:25:00,28.73,33.68,36.98,37.19,50.28,53.7,52.26,54.97,39.09,52.29,52.49,42.22,56.14,46.51,30.97,45.4,36.71,43.26,47.29,51.55,53.27,54.53,47.31,54.42,55.85,45.29,47.32,47.03,45.87,46.81,43.65,48.84,48.25
2019-01-12 10:30:00,28.72,33.67,36.96,37.18,50.28,53.7,52.25,54.97,39.09,52.28,52.48,42.22,56.14,46.5,30.97,45.39,36.71,43.25,47.29,51.55,53.27,54.52,47.31,54.42,55.84,45.29,47.32,47.03,45.87,46.8,43.65,48.84,48.24
2019-01-12 10:35:00,28.71,33.66,36.95,37.18,50.28,53.69,52.25,54.96,39.09,52.28,52.48,42.21,56.14,46.5,30.96,45.39,36.71,43.25,47.29,51.55,53.27,54.52,47.3,54.42,55.84,45.29,47.32,47.03,45.87,46.8,43.65,48.83,48.24
2019-01-12 10:40:00,28.7,33.65,36.94,37.18,50.28,53.69,52.25,54.96,39.09,52.28,52.48,42.21,56.13,46.5,30.96,45.39,36.71,43.25,47.29,51.55,53.27,54.52,47.3,54.41,55.84,45.29,47.31,47.02,45.86,46.8,43.65,48.83,48.24
2019-01-12 10:45:00,28.69,33.64,36.93,37.18,50.27,53.69,52.25,54.96,39.09,52.28,52.48,42.21,56.13,46.5,30.96,45.39,36.71,43.25,47.29,51.54,53.26,54.52,47.3,54.41,55.84,45.29,47.31,47.02,45.86,46.8,43.65,48.83,48.24
2019-01-12 10:50:00,28.68,33.63,36.92,37.18,50.27,53.69,52.25,54.96,39.09,52.28,52.48,42.21,56.13,46.49,30.96,45.39,36.7,43.25,47.29,51.54,53.26,54.52,47.3,54.41,55.84,45.29,47.31,47.02,45.86,46.8,43.65,48.83,48.24
2019-01-12 10:55:00,28.67,33.62,36.91,37.18,50.27,53.69,52.25,54.96,39.09,52.28,52.48,42.21,56.13,46.49,30.96,45.39,36.7,43.25,47.29,51.54,53.26,54.52,47.3,54.41,55.84,45.29,47.31,47.02,45.86,46.8,43.65,48.83,48.24
2019-01-12 11:00:00,28.66,33.61,36.9,37.18,50.27,53.69,52.25,54.96,39.09,52.28,52.48,42.21,56.13,46.5,30.96,45.39,36.7,43.25,47.29,51.54,53.26,54.52,47.3,54.41,55.84,45.29,47.31,47.02,45.86,46.8,43.65,48.83,48.24
2019-01-12 11:05:00,28.65,33.6,36.89,37.18,50.27,53.69,52.25,54.96,39.09,52.28,52.48,42.21,56.13,46.5,30.96,45.39,36.71,43.25,47.29,51.54,53.26,54.52,47.3,54.41,55.84,45.29,47.31,47.02,45.86,46.8,43.65,48.83,48.24
2019-01-12 11:10:00,28.64,33.59,36.88,37.18,50.28,53.69,52.25,54.96,39.09,52.28,52.48,42.21,56.13,46.5,30.96,45.39,36.71,43.25,47.29,51.55,53.27,54.52,47.3,54.41,55.84,45.29,47.32,47.02,45.87,46.8,43.65,48.83,48.24
2019-01-12 11:15:00,28.63,33.58,36.87,37.18,50.28,53.69,52.25,54.96,39.09,52.28,52.48,42.21,56.14,46.5,30.96,45.39,36.71,43.25,47.29,51.55,53.27,54.52,47.3,54.42,55.84,45.29,47.32,47.03,45.87,46.8,43.65,48.83,48.24
2019-01-12 11:20:00,28.62,33.57,36.86,37.18,50.28,53.69,52.25,54.97,39.09,52.28,52.48,42.22,56.14,46.5,30.97,45.39,36.71,43.25,47.29,51.55,53.27,54.52,47.31,54.42,55.84,45.29,47.32,47.03,45.87,46.8,43.65,48.84,48.24
2019-01-12 11:25:00,28.61,33.56,36.85,37.18,50.28,53.69,52.25,54.97,39.09,52.28,52.48,42.22,56.14,46.5,30.97,45.39,36.71,43.25,47.29,51.55,53.27,54.52,47.31,54.42,55.84,45.29,47.32,47.03,45.87,46.8,43.65,48.84,48.24
2019-01-12 11:30:00,28.6,33.55,36.85,37.18,50.28,53.69,52.25,54.97,39.09,52.28,52.49,42.22,56.14,46.5,30.97,45.4,36.71,43.26,47.29,51.55,53.27,54.52,47.31,54.42,55.85,45.29,47.32,47.03,45.87,46.81,43.65,48.84,48.25
2019-01-12 11:35:00,28.59,33.54,36.84,37.19,50.28,53.69,52.26,54.97,39.09,52.28,52.49,42.22,56.14,46.5,30.97,45.4,36.71,43.26,47.29,51.55,53.27,54.52,47.31,54.42,55.85,45.29,47.32,47.03,45.87,46.81,43.65,48.84,48.25
2019-01-12 11:40:00,28.58,33.53,36.83,37.19,50.28,53.7,52.26,54.97,39.09,52.29,52.49,42.22,56.14,46.51,30.97,45.4,36.72,43.26,47.29,51.55,53.27,54.52,47.31,54.42,55.85,45.3,47.32,47.03,45.87,46.81,43.65,48.84,48.25
2019-01-12 11:45:00,28.57,33.52,36.82,37.19,50.28,53.7,52.26,54.97,39.09,52.29,52.49,42.22,56.14,46.51,30.97,45.4,36.72,43.26,47.29,51.55,53.27,54.53,47.31,54.42,55.85,45.3,47.32,47.03,45.87,46.81,43.65,48.84,48.25
2019-01-12 11:50:00,28.56,33.51,36.81,37.19,50.28,53.7,52.26,54.97,39.09,52.29,52.49,42.22,56.14,46.51,30.97,45.4,36.72,43.26,47.29,51.55,53.27,54.53,47.31,54.42,55.85,45.3,47.33,47.03,45.87,46.81,43.65,48.84,48.25
2019-01-12 11:55:00,28.55,33.5,36.8,37.19,50.28,53.7,52.26,54.97,39.09,52.29,52.49,42.22,56.14,46.51,30.98,45.4,36.72,43.26,47.29,51.55,53.27,54.53,47.31,54.42,55.85,45.3,47.33,47.04,45.87,46.81,43.65,48.84,48.25
2019-01-12 12:00:00,28.54,33.49,36.79,37.19,50.28,53.7,52.26,54.98,39.09,52.29,52.49,42.22,56.14,46.51,30.98,45.4,36.72,43.26,47.29,51.55,53.27,54.53,47.32,54.43,55.85,45.3,47.33,47.04,45.88,46.81,43.65,48.85,48.25
2019-01-12 12:05:00,28.54,33.48,36.78,37.19,50.28,53.7,52.26,54.98,39.09,52.29,52.49,42.22,56.15,46.51,30.98,45.41,36.72,43.27,47.3,51.55,53.27,54.53,47.32,54.43,55.85,45.3,47.33,47.04,45.88,46.81,43.65,48.85,48.25
2019-01-12 12:10:00,28.53,33.47,36.77,37.2,50.28,53.7,52.27,54.98,39.09,52.29,52.5,42.22,56.15,46.51,30.98,45.41,36.72,43.27,47.3,51.55,53.28,54.53,47.32,54.43,55.86,45.3,47.33,47.04,45.88,46.82,43.65,48.85,48.25
2019-01-12 12:15:00,28.52,33.46,36.76,37.2,50.29,53.7,52.27,54.98,39.09,52.29,52.5,42.22,56.15,46.52,30.98,45.41,36.73,43.27,47.3,51.55,53.28,54.53,47.32,54.43,55.86,45.3,47.33,47.04,45.88,46.82,43.65,48.85,48.25
2019-01-12 12:20:00,28.51,33.45,36.75,37.2,50.29,53.7,52.27,54.98,39.09,52.3,52.5,42.23,56.15,46.52,30.99,45.41,36.73,43.27,47.3,51.55,53.28,54.53,47.32,54.43,55.86,45.31,47.34,47.04,45.88,46.82,43.65,48.85,48.26
2019-01-12 12:25:00,28.5,33.44,36.74,37.2,50.29,53.71,52.27,54.98,39.09,52.3,52.5,42.23,56.15,46.52,30.99,45.41,36.73,43.27,47.3,51.55,53.28,54.54,47.32,54.43,55.86,45.31,47.34,47.04,45.88,46.82,43.65,48.85,48.26
2019-01-12 12:30:00,28.49,33.43,36.73,37.2,50.29,53.71,52.27,54.99,39.09,52.3,52.5,42.23,56.15,46.52,30.99,45.41,36.73,43.28,47.3,51.56,53.28,54.54,47.33,54.43,55.86,45.31,47.34,47.05,45.88,46.82,43.66,48.85,48.26
2019-01-12 12:35:00,28.48,33.43,36.72,37.21,50.29,53.71,52.28,54.99,39.09,52.3,52.5,42.23,56.15,46.52,30.99,45.42,36.74,43.28,47.3,51.56,53.28,54.54,47.33,54.44,55.87,45.31,47.34,47.05,45.88,46.82,43.66,48.86,48.26
2019-01-12 12:40:00,28.47,33.42,36.71,37.21,50.29,53.71,52.28,54.99,39.09,52.31,52.51,42.23,56.16,46.53,30.99,45.42,36.74,43.28,47.3,51.56,53.28,54.54,47.33,54.44,55.87,45.31,47.34,47.05,45.89,46.83,43.66,48.86,48.26
2019-01-12 12:45:00,28.46,33.41,36.7,37.21,50.29,53.71,52.28,54.99,39.09,52.31,52.51,42.23,56.16,46.53,31.0,45.42,36.74,43.28,47.31,51.56,53.29,54.54,47.33,54.44,55.87,45.31,47.35,47.05,45.89,46.83,43.66,48.86,48.26
2019-01-12 12:50:00,28.45,33.4,36.69,37.21,50.29,53.71,52.28,55.0,39.09,52.31,52.51,42.23,56.16,46.53,31.0,45.42,36.74,43.28,47.31,51.56,53.29,54.54,47.33,54.44,55.87,45.32,47.35,47.05,45.89,46.83,43.66,48.86,48.26
2019-01-12 12:55:00,28.44,33.39,36.68,37.21,50.3,53.71,52.28,55.0,39.09,52.31,52.51,42.23,56.16,46.53,31.0,45.42,36.74,43.29,47.31,51.56,53.29,54.55,47.34,54.44,55.87,45.32,47.35,47.05,45.89,46.83,43.66,48.86,48.26
2019-01-12 13:00:00,28.43,33.38,36.67,37.22,50.3,53.72,52.29,55.0,39.09,52.31,52.51,42.24,56.16,46.53,31.0,45.43,36.75,43.29,47.31,51.56,53.29,54.55,47.34,54.45,55.88,45.32,47.35,47.06,45.89,46.83,43.66,48.86,48.27
2019-01-12 13:05:00,28.42,33.37,36.66,37.22,50.3,53.72,52.29,55.0,39.09,52.32,52.51,42.24,56.16,46.54,31.01,45.43,36.75,43.29,47.31,51.56,53.29,54.55,47.34,54.45,55.88,45.32,47.35,47.06,45.89,46.83,43.66,48.87,48.27
2019-01-12 13:10:00,28.41,33.36,36.65,37.22,50.3,53.72,52.29,55.0,39.09,52.32,52.52,42.24,56.17,46.54,31.01,45.43,36.75,43.29,47.31,51.56,53.29,54.55,47.34,54.45,55.88,45.32,47.35,47.06,45.89,46.83,43.66,48.87,48.27
2019-01-12 13:15:00,28.4,33.35,36.64,37.22,50.3,53.72,52.29,55.01,39.09,52.32,52.52,42.24,56.17,46.54,31.01,45.43,36.75,43.29,47.31,51.56,53.29,54.55,47.34,54.45,55.88,45.32,47.36,47.06,45.89,46.84,43.66,48.87,48.27
2019-01-12 13:20:00,28.39,33.34,36.63,37.22,50.3,53.72,52.29,55.01,39.09,52.32,52.52,42.24,56.17,46.54,31.01,45.43,36.75,43.3,47.31,51.56,53.3,54.55,47.35,54.45,55.88,45.33,47.36,47.06,45.9,46.84,43.66,48.87,48.27
2019-01-12 13:25:00,28.38,33.33,36.62,37.23,50.3,53.72,52.3,55.01,39.09,52.32,52.52,42.24,56.17,46.54,31.01,45.44,36.75,43.3,47.32,51.56,53.3,54.55,47.35,54.45,55.89,45.33,47.36,47.06,45.9,46.84,43.66,48.87,48.27
2019-01-12 13:30:00,28.37,33.32,36.61,37.23,50.3,53.72,52.3,55.01,39.09,52.32,52.52,42.24,56.17,46.55,31.01,45.44,36.76,43.3,47.32,51.57,53.3,54.56,47.35,54.46,55.89,45.33,47.36,47.07,45.9,46.84,43.66,48.87,48.27
2019-01-12 13:35:00,28.36,33.31,36.6,37.23,50.3,53.72,52.3,55.01,39.09,52.33,52.52,42.24,56.17,46.55,31.02,45.44,36.76,43.3,47.32,51.57,53.3,54.56,47.35,54.46,55.89,45.33,47.36,47.07,45.9,46.84,43.66,48.87,48.27
2019-01-12 13:40:00,28.35,33.3,36.59,37.23,50.3,53.72,52.3,55.01,39.09,52.33,52.52,42.24,56.17,46.55,31.02,45.44,36.76,43.3,47.32,51.57,53.3,54.56,47.35,54.46,55.89,45.33,47.36,47.07,45.9,46.84,43.66,48.87,48.27
2019-01-12 13:45:00,28.34,33.29,36.58,37.23,50.3,53.72,52.3,55.01,39.09,52.33,52.52,42.24,56.17,46.55,31.02,45.44,36.76,43.3,47.32,51.57,53.3,54.56,47.35,54.46,55.89,45.33,47.36,47.07,45.9,46.84,43.66,48.87,48.27
2019-01-12 13:50:00,28.33,33.28,36.57,37.23,50.3,53.72,52.3,55.01,39.09,52.33,52.52,42.24,56.17,46.55,31.02,45.44,36.76,43.3,47.32,51.57,53.3,54.56,47.35,54.46,55.89,45.33,47.36,47.07,45.9,46.84,43.66,48.87,48.27
2019-01-12 13:55:00,28.32,33.27,36.56,37.23,50.3,53.72,52.3,55.01,39.09,52.33,52.52,42.24,56.17,46.55,31.02,45.44,36.76,43.3,47.32,51.57,53.3,54.56,47.35,54.46,55.89,45.33,47.36,47.07,45.9,46.84,43.66,48.87,48.27
2019-01-12 14:00:00,28.31,33.26,36.55,37.23,50.3,53.72,52.3,55.01,39.09,52.33,52.52,42.24,56.17,46.55,31.02,45.44,36.76,43.3,47.32,51.57,53.3,54.56,47.35,54.46,55.89,45.33,47.36,47.07,45.9,46.84,43.66,48.87,48.27
2019-01-12 14:05:00,28.3,33.25,36.54,37.23,50.3,53.72,52.3,55.01,39.09,52.33,52.52,42.24,56.17,46.55,31.02,45.44,36.76,43.3,47.32,51.57,53.3,54.56,47.35,54.46,55.89,45.33,47.36,47.07,45.9,46.84,43.66,48.87,48.27
2019-01-12 14:10:00,28.29,33.24,36.53,37.23,50.3,53.72,52.3,55.01,39.09,52.33,52.52,42.24,56.17,46.55,31.01,45.44,36.76,43.3,47.32,51.57,53.3,54.56,47.35,54.46,55.89,45.33,47.36,47.07,45.9,46.84,43.66,48.87,48.27
2019-01-12 14:15:00,28.28,33.23,36.52,37.23,50.3,53.72,52.3,55.01,39.09,52.32,52.52,42.24,56.17,46.55,31.01,45.44,36.76,43.3,47.32,51.57,53.3,54.56,47.35,54.46,55.89,45.33,47.36,47.06,45.9,46.84,43.66,48.87,48.27
2019-01-12 14:20:00,28.27,33.22,36.51,37.23,50.3,53.72,52.3,55.01,39.09,52.32,52.52,42.24,56.17,46.54,31.01,45.44,36.76,43.3,47.32,51.57,53.3,54.56,47.35,54.45,55.89,45.33,47.36,47.06,45.9,46.84,43.66,48.87,48.27
2019-01-12 14:25:00,28.26,33.21,36.5,37.23,50.3,53.72,52.3,55.01,39.09,52.32,52.52,42.24,56.17,46.54,31.01,45.44,36.75,43.3,47.32,51.56,53.3,54.56,47.35,54.45,55.89,45.33,47.36,47.06,45.9,46.84,43.66,48.87,48.27
2019-01-12 14:30:00,28.25,33.2,36.49,37.23,50.3,53.72,52.29,55.01,39.09,52.32,52.52,42.24,56.17,46.54,31.01,45.43,36.75,43.3,47.32,51.56,53.3,54.55,47.35,54.45,55.89,45.33,47.36,47.06,45.9,46.84,43.66,48.87,48.27
2019-01-12 14:35:00,28.24,33.19,36.48,37.22,50.3,53.72,52.29,55.01,39.09,52.32,52.52,42.24,56.17,46.54,31.01,45.43,36.75,43.3,47.32,51.56,53.3,54.55,47.35,54.45,55.89,45.33,47.36,47.06,45.9,46.84,43.66,48.87,48.27
2019-01-12 14:40:00,28.23,33.18,36.47,37.22,50.3,53.72,52.29,55.01,39.09,52.32,52.52,42.24,56.17,46.54,31.01,45.43,36.75,43.3,47.32,51.56,53.3,54.55,47.35,54.45,55.89,45.33,47.36,47.06,45.9,46.84,43.66,48.87,48.27
2019-01-12 14:45:00,28.22,33.17,36.46,37.22,50.3,53.72,52.29,55.01,39.09,52.32,52.52,42.24,56.17,46.54,31.01,45.43,36.75,43.3,47.32,51.56,53.3,54.55,47.35,54.45,55.89,45.33,47.36,47.06,45.9,46.84,43.66,48.87,48.27
2019-01-12 14:50:00,28.21,33.16,36.45,37.23,50.3,53.72,52.29,55.01,39.09,52.32,52.52,42.24,56.17,46.54,31.01,45.43,36.75,43.3,47.32,51.56,53.3,54.56,47.35,54.45,55.89,45.33,47.36,47.06,45.9,46.84,43.66,48.87,48.27
2019-01-12 14:55:00,28.2,33.15,36.44,37.23,50.3,53.72,52.3,55.01,39.09,52.32,52.52,42.24,56.17,46.54,31.01,45.44,36.75,43.3,47.32,51.57,53.3,54.56,47.35,54.45,55.89,45.33,47.36,47.06,45.9,46.84,43.66,48.87,48.27
2019-01-12 15:00:00,28.19,33.14,36.43,37.23,50.3,53.72,52.3,55.01,39.09,52.33,52.52,42.24,56.17,46.55,31.01,45.44,36.76,43.3,47.32,51.57,53.3,54.56,47.35,54.46,55.89,45.33,47.36,47.06,45.9,46.84,43.66,48.87,48.27
2019-01-12 15:05:00,28.18,33.13,36.42,37.23,50.31,53.73,52.3,55.01,39.09,52.33,52.52,42.24,56.17,46.55,31.02,45.44,36.76,43.3,47.32,51.57,53.3,54.56,47.35,54.46,55.89,45.33,47.36,47.07,45.9,46.84,43.66,48.87,48.27
2019-01-12 15:10:00,28.17,33.12,36.41,37.23,50.31,53.73,52.3,55.01,39.09,52.33,52.52,42.24,56.17,46.55,31.02,45.44,36.76,43.3,47.32,51.57,53.3,54.56,47.35,54.46,55.89,45.33,47.36,47.07,45.9,46.84,43.66,48.87,48.27
2019-01-12 15:15:00,28.16,33.11,36.41,37.23,50.31,53.73,52.3,55.01,39.09,52.33,52.52,42.24,56.17,46.55,31.02,45.44,36.76,43.3,47.32,51.57,53.3,54.56,47.35,54.46,55.89,45.33,47.36,47.07,45.9,46.84,43.66,48.87,48.27
2019-01-12 15:20:00,28.16,33.1,36.4,37.23,50.31,53.73,52.3,55.01,39.09,52.33,52.52,42.24,56.17,46.55,31.02,45.44,36.76,43.3,47.32,51.57,53.3,54.56,47.35,54.46,55.89,45.33,47.36,47.07,45.9,46.84,43.66,48.88,48.27
2019-01-12 15:25:00,28.15,33.09,36.39,37.23,50.31,53.73,52.3,55.02,39.09,52.33,52.53,42.24,56.17,46.55,31.02,45.44,36.76,43.3,47.32,51.57,53.3,54.56,47.35,54.46,55.89,45.33,47.37,47.07,45.9,46.84,43.67,48.88,48.27
2019-01-12 15:30:00,28.14,33.08,36.38,37.23,50.31,53.73,52.3,55.02,39.09,52.33,52.53,42.24,56.17,46.55,31.02,45.44,36.76,43.3,47.32,51.57,53.3,54.56,47.35,54.46,55.89,45.33,47.37,47.07,45.9,46.84,43.67,48.88,48.28
2019-01-12 15:35:00,28.13,33.07,36.37,37.23,50.31,53.73,52.3,55.02,39.09,52.33,52.53,42.24,56.18,46.55,31.02,45.44,36.76,43.31,47.32,51.57,53.3,54.56,47.35,54.46,55.89,45.33,47.37,47.07,45.9,46.84,43.67,48.88,48.28
2019-01-12 15:40:00,28.12,33.06,36.36,37.24,50.31,53.73,52.3,55.02,39.09,52.33,52.53,42.25,56.18,46.55,31.02,45.44,36.76,43.31,47.32,51.57,53.3,54.56,47.36,54.46,55.9,45.34,47.37,47.07,45.9,46.85,43.67,48.88,48.28
2019-01-12 15:45:00,28.11,33.05,36.35,37.24,50.31,53.73,52.31,55.02,39.09,52.34,52.53,42.25,56.18,46.56,31.02,45.45,36.77,43.31,47.32,51.57,53.3,54.56,47.36,54.46,55.9,45.34,47.37,47.07,45.9,46.85,43.67,48.88,48.28
2019-01-12 15:50:00,28.1,33.04,36.34,37.24,50.31,53.73,52.31,55.02,39.09,52.34,52.53,42.25,56.18,46.56,31.03,45.45,36.77,43.31,47.32,51.57,53.3,54.57,47.36,54.46,55.9,45.34,47.37,47.07,45.9,46.85,43.67,48.88,48.28
2019-01-12 15:55:00,28.09,33.03,36.33,37.24,50.31,53.73,52.31,55.02,39.09,52.34,52.53,42.25,56.18,46.56,31.03,45.45,36.77,43.31,47.32,51.57,53.31,54.57,47.36,54.47,55.9,45.34,47.37,47.07,45.9,46.85,43.67,48.88,48.28
2019-01-12 16:00:00,28.08,33.03,36.32,37.24,50.31,53.73,52.31,55.02,39.09,52.34,52.53,42.25,56.18,46.56,31.03,45.45,36.77,43.31,47.32,51.57,53.31,54.57,47.36,54.47,55.9,45.34,47.37,47.08,45.91,46.85,43.67,48.88,48.28
2019-01-12 16:05:00,28.07,33.02,36.31,37.24,50.31,53.73,52.31,55.02,39.09,52.34,52.53,42.25,56.18,46.56,31.03,45.45,36.77,43.31,47.32,51.57,53.31,54.57,47.36,54.47,55.9,45.34,47.37,47.08,45.91,46.85,43.67,48.88,48.28
2019-01-12 16:10:00,28.06,33.01,36.3,37.24,50.31,53.73,52.31,55.02,39.09,52.34,52.53,42.25,56.18,46.56,31.03,45.45,36.77,43.31,47.32,51.57,53.31,54.57,47.36,54.47,55.9,45.34,47.37,47.08,45.91,46.85,43.67,48.88,48.28
2019-01-12 16:15:00,28.05,33.0,36.29,37.24,50.31,53.73,52.31,55.02,39.09,52.34,52.53,42.25,56.18,46.56,31.03,45.45,36.77,43.31,47.32,51.57,53.31,54.57,47.36,54.47,55.9,45.34,47.37,47.07,45.91,46.85,43.67,48.88,48.28
2019-01-12 16:20:00,28.04,32.99,36.28,37.24,50.31,53.73,52.31,55.02,39.09,52.34,52.53,42.25,56.18,46.56,31.03,45.45,36.77,43.31,47.32,51.57,53.3,54.57,47.36,54.47,55.9,45.34,47.37,47.07,45.9,46.85,43.67,48.88,48.28
2019-01-12 16:25:00,28.03,32.98,36.27,37.24,50.31,53.73,52.31,55.02,39.09,52.34,52.53,42.25,56.18,46.56,31.03,45.45,36.77,43.31,47.32,51.57,53.3,54.56,47.36,54.46,55.9,45.34,47.37,47.07,45.9,46.85,43.67,48.88,48.28
2019-01-12 16:30:00,28.02,32.97,36.26,37.24,50.31,53.73,52.31,55.02,39.09,52.33,52.53,42.25,56.18,46.55,31.02,45.45,36.77,43.31,47.32,51.57,53.3,54.56,47.36,54.46,55.9,45.34,47.37,47.07,45.9,46.85,43.67,48.88,48.28
2019-01-12 16:35:00,28.01,32.96,36.25,37.24,50.31,53.73,52.3,55.02,39.09,52.33,52.53,42.25,56.18,46.55,31.02,45.44,36.76,43.31,47.32,51.57,53.3,54.56,47.36,54.46,55.9,45.34,47.37,47.07,45.9,46.85,43.67,48.88,48.28
2019-01-12 16:40:00,28.0,32.95,36.24,37.24,50.31,53.73,52.3,55.02,39.09,52.33,52.53,42.25,56.18,46.55,31.02,45.44,36.76,43.31,47.32,51.57,53.3,54.56,47.36,54.46,55.9,45.34,47.37,47.07,45.9,46.85,43.67,48.88,48.28
2019-01-12 16:45:00,27.99,32.94,36.23,37.24,50.31,53.73,52.3,55.02,39.09,52.33,52.53,42.25,56.18,46.55,31.02,45.44,36.76,43.31,47.32,51.57,53.3,54.56,47.36,54.46,55.9,45.34,47.37,47.07,45.9,46.85,43.67,48.88,48.28
2019-01-12 16:50:00,27.98,32.93,36.22,37.24,50.31,53.73,52.31,55.02,39.09,52.33,52.53,42.25,56.18,46.55,31.02,45.45,36.76,43.31,47.32,51.57,53.3,54.56,47.36,54.46,55.9,45.34,47.37,47.07,45.9,46.85,43.67,48.88,48.28
2019-01-12 16:55:00,27.97,32.92,36.21,37.24,50.31,53.73,52.31,55.02,39.09,52.33,52.53,42.25,56.18,46.55,31.02,45.45,36.77,43.31,47.32,51.57,53.3,54.56,47.36,54.46,55.9,45.34,47.37,47.07,45.9,46.85,43.67,48.88,48.28
2019-01-12 17:00:00,27.96,32.91,36.2,37.24,50.31,53.73,52.31,55.02,39.09,52.33,52.53,42.25,56.18,46.56,31.03,45.45,36.77,43.31,47.32,51.57,53.3,54.56,47.36,54.46,55.9,45.34,47.37,47.07,45.9,46.85,43.67,48.88,48.28
2019-01-12 17:05:00,27.95,32.9,36.19,37.24,50.31,53.73,52.31,55.02,39.09,52.33,52.53,42.25,56.18,46.56,31.03,45.45,36.77,43.31,47.32,51.57,53.3,54.56,47.36,54.46,55.9,45.34,47.37,47.07,45.9,46.85,43.67,48.88,48.28
2019-01-12 17:10:00,27.94,32.89,36.18,37.24,50.31,53.73,52.31,55.02,39.09,52.33,52.53,42.25,56.18,46.55,31.02,45.45,36.77,43.31,47.32,51.57,53.3,54.56,47.36,54.46,55.9,45.34,47.37,47.07,45.9,46.85,43.67,48.88,48.28
2019-01-12 17:15:00,27.93,32.88,36.17,37.24,50.31,53.73,52.3,55.02,39.09,52.33,52.53,42.25,56.18,46.55,31.02,45.44,36.76,43.31,47.32,51.57,53.3,54.56,47.36,54.46,55.9,45.34,47.37,47.07,45.9,46.85,43.67,48.88,48.28
2019-01-12 17:20:00,27.92,32.87,36.16,37.23,50.31,53.73,52.3,55.02,39.09,52.33,52.53,42.25,56.18,46.55,31.02,45.44,36.76,43.31,47.32,51.57,53.3,54.56,47.35,54.46,55.89,45.33,47.37,47.07,45.9,46.85,43.67,48.88,48.28
2019-01-12 17:25:00,27.91,32.86,36.15,37.23,50.31,53.73,52.3,55.02,39.09,52.33,52.53,42.24,56.17,46.55,31.02,45.44,36.76,43.3,47.32,51.57,53.3,54.56,47.35,54.46,55.89,45.33,47.37,47.07,45.9,46.84,43.67,48.88,48.28
2019-01-12 17:30:00,27.9,32.85,36.14,37.23,50.31,53.73,52.3,55.01,39.09,52.33,52.53,42.24,56.17,46.55,31.02,45.44,36.76,43.3,47.32,51.57,53.3,54.56,47.35,54.46,55.89,45.33,47.37,47.07,45.9,46.84,43.67,48.88,48.27
2019-01-12 17:35:00,27.89,32.84,36.13,37.23,50.31,53.73,52.3,55.01,39.09,52.33,52.53,42.24,56.17,46.55,31.02,45.44,36.76,43.3,47.32,51.57,53.3,54.56,47.35,54.46,55.89,45.33,47.36,47.07,45.9,46.84,43.66,48.88,48.27
2019-01-12 17:40:00,27.88,32.83,36.12,37.23,50.31,53.73,52.3,55.01,39.09,52.33,52.52,42.24,56.17,46.55,31.02,45.44,36.76,43.3,47.32,51.57,53.3,54.56,47.35,54.46,55.89,45.33,47.36,47.07,45.9,46.84,43.66,48.88,48.27
2019-01-12 17:45:00,27.87,32.82,36.11,37.23,50.31,53.73,52.3,55.01,39.09,52.33,52.52,42.24,56.17,46.55,31.02,45.44,36.76,43.3,47.32,51.57,53.3,54.56,47.35,54.46,55.89,45.33,47.36,47.07,45.9,46.84,43.66,48.88,48.27
2019-01-12 17:50:00,27.86,32.81,36.1,37.23,50.31,53.72,52.3,55.01,39.09,52.33,52.52,42.24,56.17,46.55,31.02,45.44,36.76,43.3,47.32,51.57,53.3,54.56,47.35,54.46,55.89,45.33,47.36,47.07,45.9,46.84,43.66,48.88,48.27
2019-01-12 17:55:00,27.85,32.8,36.09,37.23,50.3,53.72,52.3,55.01,39.09,52.33,52.52,42.24,56.17,46.55,31.02,45.44,36.76,43.3,47.32,51.57,53.3,54.56,47.35,54.46,55.89,45.33,47.36,47.07,45.9,46.84,43.66,48.87,48.27
2019-01-12 18:00:00,27.84,32.79,36.08,37.23,50.3,53.72,52.3,55.01,39.09,52.32,52.52,42.24,56.17,46.55,31.02,45.44,36.76,43.3,47.32,51.57,53.3,54.56,47.35,54.45,55.89,45.33,47.36,47.07,45.9,46.84,43.66,48.87,48.27
2019-01-12 18:05:00,27.83,32.78,36.07,37.23,50.3,53.72,52.29,55.01,39.09,52.32,52.52,42.24,56.17,46.54,31.01,45.44,36.75,43.3,47.31,51.56,53.3,54.55,47.35,54.45,55.89,45.33,47.36,47.06,45.9,46.84,43.66,48.87,48.27
2019-01-12 18:10:00,27.82,32.77,36.06,37.22,50.3,53.72,52.29,55.01,39.09,52.32,52.52,42.24,56.17,46.54,31.01,45.43,36.75,43.29,47.31,51.56,53.29,54.55,47.34,54.45,55.88,45.33,47.36,47.06,45.9,46.84,43.66,48.87,48.27
2019-01-12 18:15:00,27.81,32.76,36.05,37.22,50.3,53.72,52.29,55.0,39.09,52.32,52.52,42.24,56.16,46.54,31.01,45.43,36.75,43.29,47.31,51.56,53.29,54.55,47.34,54.45,55.88,45.32,47.35,47.06,45.89,46.84,43.66,48.87,48.27
2019-01-12 18:20:00,27.8,32.75,36.04,37.22,50.3,53.71,52.29,55.0,39.09,52.31,52.51,42.24,56.16,46.54,31.0,45.43,36.75,43.29,47.31,51.56,53.29,54.55,47.34,54.45,55.88,45.32,47.35,47.06,45.89,46.83,43.66,48.87,48.27
2019-01-12 18:25:00,27.79,32.74,36.03,37.21,50.3,53.71,52.28,55.0,39.09,52.31,52.51,42.24,56.16,46.53,31.0,45.42,36.74,43.29,47.31,51.56,53.29,54.54,47.34,54.44,55.88,45.32,47.35,47.06,45.89,46.83,43.66,48.86,48.27
2019-01-12 18:30:00,27.78,32.73,36.02,37.21,50.29,53.71,52.28,55.0,39.09,52.31,52.51,42.23,56.16,46.53,31.0,45.42,36.74,43.28,47.31,51.56,53.29,54.54,47.33,54.44,55.87,45.32,47.35,47.05,45.89,46.83,43.66,48.86,48.26
2019-01-12 18:35:00,27.77,32.72,36.01,37.21,50.29,53.71,52.28,54.99,39.09,52.31,52.51,42.23,56.16,46.53,31.0,45.42,36.74,43.28,47.31,51.56,53.29,54.54,47.33,54.44,55.87,45.32,47.35,47.05,45.89,46.83,43.66,48.86,48.26
2019-01-12 18:40:00,27.76,32.71,36.0,37.21,50.29,53.71,52.28,54.99,39.09,52.31,52.51,42.23,56.16,46.53,31.0,45.42,36.74,43.28,47.31,51.56,53.28,54.54,47.33,54.44,55.87,45.31,47.35,47.05,45.89,46.83,43.66,48.86,48.26
2019-01-12 18:45:00,27.75,32.7,35.99,37.21,50.29,53.71,52.28,54.99,39.09,52.31,52.51,42.23,56.16,46.53,31.0,45.42,36.74,43.28,47.31,51.56,53.28,54.54,47.33,54.44,55.87,45.31,47.35,47.05,45.89,46.83,43.66,48.86,48.26
2019-01-12 18:50:00,27.74,32.69,35.98,37.21,50.29,53.71,52.28,54.99,39.09,52.31,52.51,42.23,56.16,46.53,31.0,45.42,36.74,43.28,47.31,51.56,53.29,54.54,47.33,54.44,55.87,45.32,47.35,47.05,45.89,46.83,43.66,48.86,48.26
2019-01-12 18:55:00,27.73,32.68,35.97,37.21,50.29,53.71,52.28,55.0,39.09,52.31,52.51,42.23,56.16,46.53,31.0,45.42,36.74,43.28,47.31,51.56,53.29,54.54,47.33,54.44,55.87,45.32,47.35,47.05,45.89,46.83,43.66,48.86,48.26
2019-01-12 19:00:00,27.72,32.67,35.96,37.21,50.29,53.71,52.28,55.0,39.09,52.31,52.51,42.23,56.16,46.53,31.0,45.42,36.74,43.29,47.31,51.56,53.29,54.54,47.34,54.44,55.87,45.32,47.35,47.06,45.89,46.83,43.66,48.86,48.26
2019-01-12 19:05:00,27.71,32.66,35.95,37.21,50.3,53.71,52.28,55.0,39.09,52.31,52.51,42.24,56.16,46.53,31.0,45.42,36.74,43.29,47.31,51.56,53.29,54.54,47.34,54.44,55.87,45.32,47.35,47.06,45.89,46.83,43.66,48.86,48.27
2019-01-12 19:10:00,27.71,32.65,35.95,36.28,50.02,53.4,51.67,54.4,39.09,51.73,52.18,42.02,55.77,45.88,30.16,44.77,35.92,42.61,47.03,51.35,52.97,54.16,46.75,53.99,55.26,44.85,46.89,46.71,45.65,46.54,43.54,48.57,48.05
2019-01-12 19:15:00,27.71,32.66,35.95,36.28,50.02,53.4,51.67,54.4,39.09,51.73,52.18,42.02,55.77,45.88,30.16,44.77,35.92,42.61,47.03,51.35,52.97,54.16,46.75,53.99,55.26,44.85,46.89,46.71,45.65,46.54,43.54,48.57,48.05
2019-01-12 19:20:00,27.72,32.67,35.96,36.28,50.02,53.4,51.67,54.4,39.09,51.73,52.18,42.02,55.77,45.88,30.16,44.77,35.92,42.61,47.03,51.35,52.97,54.16,46.75,53.99,55.26,44.85,46.89,46.71,45.65,46.54,43.54,48.57,48.05
2019-01-12 19:25:00,27.73,32.68,35.97,36.28,50.02,53.4,51.67,54.4,39.09,51.73,52.18,42.02,55.77,45.89,30.17,44.77,35.92,42.61,47.03,51.35,52.97,54.16,46.75,53.99,55.26,44.85,46.9,46.71,45.65,46.54,43.54,48.57,48.05
2019-01-12 19:30:00,27.74,32.69,35.98,36.28,50.02,53.4,51.67,54.4,39.09,51.73,52.19,42.02,55.77,45.89,30.17,44.78,35.92,42.62,47.04,51.35,52.97,54.16,46.75,53.99,55.26,44.85,46.9,46.71,45.65,46.54,43.54,48.57,48.05
2019-01-12 19:35:00,27.75,32.7,35.99,36.29,50.02,53.4,51.67,54.41,39.09,51.74,52.19,42.03,55.77,45.89,30.17,44.78,35.93,42.62,47.04,51.35,52.97,54.17,46.75,53.99,55.26,44.86,46.9,46.72,45.66,46.54,43.54,48.57,48.05
2019-01-12 19:40:00,27.76,32.71,36.0,36.29,50.02,53.4,51.67,54.41,39.09,51.74,52.19,42.03,55.78,45.89,30.17,44.78,35.93,42.62,47.04,51.35,52.98,54.17,46.75,53.99,55.26,44.86,46.9,46.72,45.66,46.55,43.54,48.58,48.05
2019-01-12 19:45:00,27.77,32.71,36.01,36.3,50.03,53.41,51.68,54.41,39.09,51.74,52.19,42.03,55.78,45.9,30.18,44.79,35.93,42.63,47.04,51.35,52.98,54.17,46.76,54.0,55.27,44.86,46.91,46.72,45.66,46.55,43.54,48.58,48.05
2019-01-12 19:50:00,27.78,32.72,36.02,36.3,50.03,53.41,51.69,54.42,39.09,51.75,52.2,42.03,55.78,45.9,30.19,44.79,35.94,42.63,47.04,51.35,52.98,54.18,46.76,54.0,55.27,44.87,46.91,46.73,45.67,46.55,43.54,48.58,48.06
2019-01-12 19:55:00,27.79,32.73,36.03,36.31,50.03,53.42,51.69,54.43,39.09,51.76,52.2,42.04,55.79,45.91,30.19,44.8,35.95,42.64,47.05,51.36,52.99,54.18,46.77,54.01,55.28,44.87,46.92,46.73,45.67,46.56,43.54,48.59,48.06
2019-01-12 20:00:00,27.8,32.74,36.03,36.32,50.04,53.42,51.7,54.43,39.09,51.76,52.21,42.04,55.79,45.92,30.2,44.8,35.95,42.65,47.05,51.36,52.99,54.19,46.78,54.01,55.29,44.88,46.92,46.74,45.67,46.56,43.55,48.59,48.06
2019-01-12 20:05:00,27.81,32.75,36.04,36.32,50.04,53.42,51.71,54.44,39.09,51.77,52.22,42.04,55.8,45.92,30.21,44.81,35.96,42.65,47.06,51.36,53.0,54.19,46.78,54.02,55.3,44.88,46.93,46.74,45.68,46.57,43.55,48.6,48.07
2019-01-12 20:10:00,27.82,32.76,36.05,36.33,50.05,53.43,51.71,54.45,39.09,51.78,52.22,42.05,55.8,45.93,30.22,44.82,35.97,42.66,47.06,51.36,53.0,54.2,46.79,54.03,55.3,44.89,46.94,46.75,45.68,46.57,43.55,48.6,48.07
2019-01-12 20:15:00,27.82,32.77,36.06,36.34,50.05,53.43,51.72,54.45,39.09,51.78,52.23,42.05,55.81,45.94,30.22,44.82,35.98,42.67,47.06,51.37,53.0,54.2,46.8,54.03,55.31,44.9,46.94,46.75,45.69,46.58,43.55,48.61,48.08
2019-01-12 20:20:00,27.83,32.78,36.07,36.34,50.05,53.44,51.72,54.46,39.09,51.79,52.23,42.05,55.81,45.94,30.23,44.83,35.98,42.67,47.07,51.37,53.01,54.21,46.8,54.04,55.31,44.9,46.95,46.76,45.69,46.58,43.55,48.61,48.08
2019-01-12 20:25:00,27.84,32.79,36.08,36.35,50.06,53.44,51.73,54.46,39.09,51.79,52.24,42.06,55.82,45.95,30.24,44.83,35.99,42.68,47.07,51.37,53.01,54.21,46.81,54.04,55.32,44.9,46.95,46.76,45.69,46.59,43.56,48.62,48.08
2019-01-12 20:30:00,27.85,32.8,36.09,36.36,50.06,53.44,51.73,54.47,39.09,51.8,52.24,42.06,55.82,45.95,30.24,44.84,35.99,42.68,47.07,51.37,53.01,54.21,46.81,54.05,55.33,44.91,46.96,46.77,45.7,46.59,43.56,48.62,48.09
2019-01-12 20:35:00,27.86,32.81,36.1,36.36,50.06,53.45,51.74,54.47,39.09,51.81,52.24,42.06,55.82,45.96,30.25,44.85,36.0,42.69,47.08,51.38,53.02,54.22,46.82,54.05,55.33,44.91,46.96,46.77,45.7,46.6,43.56,48.63,48.09
2019-01-12 20:40:00,27.87,32.82,36.11,36.37,50.07,53.45,51.75,54.48,39.09,51.81,52.25,42.07,55.83,45.97,30.25,44.85,36.01,42.7,47.08,51.38,53.02,54.22,46.82,54.06,55.34,44.92,46.97,46.78,45.7,46.6,43.56,48.63,48.09
2019-01-12 20:45:00,27.88,32.83,36.12,36.38,50.07,53.46,51.75,54.49,39.09,51.82,52.26,42.07,55.83,45.97,30.26,44.86,36.01,42.7,47.09,51.38,53.03,54.23,46.83,54.06,55.34,44.92,46.98,46.78,45.71,46.61,43.56,48.64,48.1
2019-01-12 20:50:00,27.89,32.84,36.13,36.39,50.08,53.46,51.76,54.49,39.09,51.83,52.26,42.07,55.84,45.98,30.27,44.87,36.02,42.71,47.09,51.38,53.03,54.24,46.84,54.07,55.35,44.93,46.98,46.79,45.71,46.61,43.57,48.64,48.1
2019-01-12 20:55:00,27.9,32.85,36.14,36.39,50.08,53.47,51.77,54.5,39.09,51.84,52.27,42.08,55.85,45.99,30.28,44.88,36.03,42.72,47.1,51.39,53.04,54.24,46.85,54.08,55.36,44.94,46.99,46.79,45.72,46.62,43.57,48.65,48.11
2019-01-12 21:00:00,27.91,32.86,36.15,36.41,50.09,53.48,51.78,54.51,39.09,51.84,52.28,42.08,55.85,46.0,30.29,44.88,36.04,42.73,47.1,51.39,53.04,54.25,46.85,54.08,55.37,44.95,47.0,46.8,45.72,46.63,43.57,48.66,48.11
2019-01-12 21:05:00,27.92,32.87,36.16,36.42,50.09,53.48,51.79,54.52,39.09,51.86,52.29,42.09,55.86,46.01,30.3,44.89,36.05,42.74,47.11,51.4,53.05,54.26,46.86,54.09,55.38,44.96,47.01,46.81,45.73,46.63,43.58,48.67,48.12
2019-01-12 21:10:00,27.94,32.88,36.17,36.43,50.1,53.49,51.8,54.53,39.09,51.87,52.29,42.1,55.87,46.02,30.32,44.9,36.06,42.75,47.11,51.4,53.06,54.27,46.87,54.1,55.39,44.96,47.02,46.82,45.74,46.64,43.58,48.67,48.12
2019-01-12 21:15:00,27.95,32.89,36.18,36.44,50.1,53.5,51.81,54.54,39.09,51.88,52.3,42.1,55.88,46.03,30.33,44.91,36.08,42.76,47.12,51.41,53.06,54.27,46.88,54.11,55.4,44.97,47.03,46.83,45.74,46.65,43.58,48.68,48.13
2019-01-12 21:20:00,27.96,32.9,36.19,36.45,50.11,53.5,51.82,54.55,39.09,51.89,52.31,42.11,55.88,46.04,30.34,44.93,36.09,42.77,47.13,51.41,53.07,54.28,46.89,54.12,55.41,44.98,47.04,46.83,45.75,46.66,43.59,48.69,48.14
2019-01-12 21:25:00,27.97,32.91,36.2,36.46,50.12,53.51,51.83,54.56,39.09,51.9,52.32,42.11,55.89,46.05,30.35,44.94,36.1,42.78,47.13,51.41,53.08,54.29,46.9,54.13,55.42,44.99,47.05,46.84,45.76,46.67,43.59,48.7,48.14
2019-01-12 21:30:00,27.98,32.92,36.21,36.47,50.12,53.52,51.84,54.57,39.09,51.91,52.33,42.12,55.9,46.06,30.36,44.95,36.11,42.8,47.14,51.42,53.08,54.3,46.91,54.14,55.43,45.0,47.06,46.85,45.76,46.67,43.59,48.71,48.15
2019-01-12 21:35:00,27.99,32.93,36.22,36.48,50.13,53.52,51.85,54.59,39.09,51.92,52.34,42.12,55.91,46.07,30.38,44.96,36.12,42.81,47.14,51.42,53.09,54.31,46.92,54.15,55.45,45.01,47.07,46.86,45.77,46.68,43.6,48.72,48.16
2019-01-12 21:40:00,28.0,32.95,36.23,36.5,50.14,53.53,51.87,54.6,39.09,51.93,52.35,42.13,55.92,46.09,30.39,44.97,36.13,42.82,47.15,51.43,53.1,54.31,46.94,54.16,55.46,45.02,47.08,46.87,45.78,46.69,43.6,48.72,48.16
2019-01-12 21:45:00,28.01,32.96,36.25,36.51,50.14,53.54,51.88,54.61,39.09,51.94,52.36,42.14,55.92,46.1,30.4,44.98,36.15,42.83,47.16,51.43,53.11,54.32,46.95,54.17,55.47,45.03,47.09,46.88,45.79,46.7,43.61,48.73,48.17
2019-01-12 21:50:00,28.02,32.97,36.26,36.52,50.15,53.55,51.89,54.62,39.09,51.95,52.37,42.14,55.93,46.11,30.42,44.99,36.16,42.85,47.17,51.44,53.12,54.33,46.96,54.18,55.48,45.04,47.1,46.89,45.79,46.71,43.61,48.74,48.18
2019-01-12 21:55:00,28.04,32.98,36.27,36.54,50.16,53.56,51.91,54.64,39.09,51.97,52.38,42.15,55.94,46.13,30.43,45.01,36.18,42.86,47.17,51.44,53.12,54.34,46.97,54.19,55.5,45.05,47.12,46.9,45.8,46.72,43.61,48.76,48.19
2019-01-12 22:00:00,28.05,32.99,36.28,36.56,50.17,53.57,51.92,54.65,39.09,51.98,52.39,42.16,55.95,46.14,30.45,45.02,36.19,42.87,47.18,51.45,53.13,54.35,46.99,54.2,55.51,45.06,47.13,46.91,45.81,46.73,43.62,48.77,48.19
2019-01-12 22:05:00,28.06,33.0,36.29,36.57,50.17,53.58,51.93,54.66,39.09,51.99,52.4,42.17,55.96,46.16,30.47,45.04,36.21,42.89,47.19,51.46,53.14,54.36,47.0,54.21,55.53,45.08,47.14,46.92,45.82,46.74,43.62,48.78,48.2
2019-01-12 22:10:00,28.07,33.02,36.3,36.59,50.18,53.58,51.95,54.68,39.09,52.01,52.41,42.17,55.97,46.17,30.48,45.05,36.22,42.9,47.2,51.46,53.15,54.37,47.01,54.22,55.54,45.09,47.15,46.94,45.83,46.75,43.63,48.79,48.21
2019-01-12 22:15:00,28.09,33.03,36.31,36.6,50.19,53.59,51.96,54.69,39.09,52.02,52.43,42.18,55.98,46.18,30.5,45.06,36.24,42.92,47.21,51.47,53.16,54.38,47.03,54.23,55.55,45.1,47.17,46.95,45.84,46.76,43.63,48.8,48.22
2019-01-12 22:20:00,28.1,33.04,36.33,36.61,50.2,53.6,51.97,54.7,39.09,52.03,52.44,42.19,55.99,46.19,30.51,45.07,36.25,42.93,47.21,51.47,53.17,54.39,47.04,54.24,55.56,45.11,47.18,46.96,45.85,46.77,43.64,48.81,48.23
2019-01-12 22:25:00,28.11,33.05,36.34,36.63,50.2,53.61,51.98,54.71,39.09,52.04,52.45,42.2,56.0,46.21,30.52,45.08,36.26,42.94,47.22,51.48,53.17,54.4,47.05,54.25,55.58,45.12,47.19,46.96,45.85,46.78,43.64,48.82,48.23
2019-01-12 22:30:00,28.12,33.07,36.35,36.64,50.21,53.61,51.99,54.72,39.09,52.05,52.45,42.2,56.01,46.22,30.53,45.1,36.27,42.95,47.22,51.48,53.18,54.41,47.06,54.26,55.59,45.13,47.2,46.97,45.86,46.79,43.64,48.83,48.24
2019-01-12 22:35:00,28.13,33.08,36.36,36.65,50.21,53.62,52.0,54.73,39.09,52.06,52.46,42.21,56.01,46.23,30.55,45.1,36.28,42.96,47.23,51.48,53.19,54.41,47.07,54.27,55.6,45.13,47.21,46.98,45.87,46.8,43.65,48.83,48.25
2019-01-12 22:40:00,28.15,33.09,36.37,36.66,50.22,53.63,52.01,54.74,39.09,52.07,52.47,42.21,56.02,46.24,30.56,45.11,36.29,42.97,47.24,51.49,53.19,54.42,47.08,54.28,55.61,45.14,47.22,46.99,45.87,46.8,43.65,48.84,48.25
2019-01-12 22:45:00,28.16,33.1,36.39,36.67,50.22,53.63,52.02,54.75,39.09,52.08,52.48,42.22,56.03,46.24,30.57,45.12,36.3,42.98,47.24,51.49,53.2,54.43,47.08,54.28,55.61,45.15,47.22,47.0,45.88,46.81,43.65,48.85,48.26
2019-01-12 22:50:00,28.17,33.11,36.4,36.68,50.23,53.64,52.03,54.76,39.09,52.09,52.48,42.22,56.03,46.25,30.58,45.13,36.31,42.99,47.25,51.49,53.2,54.43,47.09,54.29,55.62,45.16,47.23,47.0,45.88,46.82,43.66,48.86,48.26
2019-01-12 22:55:00,28.18,33.13,36.41,36.69,50.23,53.64,52.04,54.77,39.09,52.09,52.49,42.23,56.04,46.26,30.59,45.14,36.32,43.0,47.25,51.5,53.21,54.44,47.1,54.3,55.63,45.16,47.24,47.01,45.89,46.82,43.66,48.86,48.27
2019-01-12 23:00:00,28.2,33.14,36.42,36.69,50.24,53.65,52.05,54.78,39.09,52.1,52.5,42.23,56.05,46.27,30.6,45.15,36.33,43.01,47.25,51.5,53.21,54.44,47.11,54.3,55.64,45.17,47.25,47.02,45.9,46.83,43.66,48.87,48.27
2019-01-12 23:05:00,28.21,33.15,36.43,36.7,50.24,53.65,52.06,54.78,39.09,52.11,52.51,42.24,56.05,46.28,30.61,45.16,36.34,43.02,47.26,51.5,53.22,54.45,47.12,54.31,55.65,45.18,47.26,47.02,45.9,46.84,43.67,48.88,48.28
2019-01-12 23:10:00,28.22,33.16,36.45,36.71,50.25,53.66,52.06,54.79,39.09,52.12,52.51,42.24,56.06,46.29,30.62,45.16,36.35,43.02,47.26,51.51,53.22,54.46,47.12,54.32,55.66,45.18,47.26,47.03,45.91,46.84,43.67,48.88,48.28
2019-01-12 23:15:00,28.23,33.18,36.46,36.72,50.25,53.66,52.07,54.8,39.09,52.12,52.52,42.24,56.06,46.29,30.62,45.17,36.36,43.03,47.27,51.51,53.23,54.46,47.13,54.32,55.66,45.19,47.27,47.04,45.91,46.85,43.67,48.89,48.29
2019-01-12 23:20:00,28.25,33.19,36.47,36.73,50.25,53.67,52.08,54.81,39.09,52.13,52.53,42.25,56.07,46.3,30.63,45.18,36.37,43.04,47.27,51.51,53.23,54.47,47.14,54.33,55.67,45.2,47.28,47.04,45.92,46.86,43.67,48.9,48.29
2019-01-12 23:25:00,28.26,33.2,36.48,36.74,50.26,53.67,52.09,54.81,39.09,52.14,52.53,42.25,56.07,46.31,30.64,45.19,36.37,43.05,47.28,51.52,53.24,54.47,47.15,54.34,55.68,45.2,47.29,47.05,45.92,46.86,43.68,48.9,48.3
2019-01-12 23:30:00,28.27,33.21,36.49,36.75,50.26,53.67,52.09,54.82,39.09,52.14,52.54,42.26,56.08,46.32,30.65,45.19,36.38,43.06,47.28,51.52,53.24,54.48,47.15,54.34,55.69,45.21,47.29,47.06,45.93,46.87,43.68,48.91,48.3
2019-01-12 23:35:00,28.28,33.23,36.51,36.76,50.27,53.68,52.1,54.83,39.09,52.15,52.55,42.26,56.08,46.32,30.66,45.2,36.39,43.06,47.28,51.52,53.24,54.48,47.16,54.35,55.69,45.22,47.3,47.06,45.93,46.88,43.68,48.91,48.31
2019-01-12 23:40:00,28.3,33.24,36.52,36.76,50.27,53.68,52.11,54.84,39.09,52.16,52.55,42.27,56.09,46.33,30.67,45.21,36.4,43.07,47.29,51.53,53.25,54.49,47.17,54.35,55.7,45.22,47.31,47.07,45.94,46.88,43.68,48.92,48.31
2019-01-12 23:45:00,28.31,33.25,36.53,36.77,50.28,53.69,52.12,54.84,39.09,52.17,52.56,42.27,56.1,46.34,30.68,45.22,36.41,43.08,47.29,51.53,53.25,54.49,47.18,54.36,55.71,45.23,47.32,47.07,45.94,46.89,43.69,48.93,48.31
2019-01-12 23:50:00,28.32,33.26,36.54,36.78,50.28,53.69,52.13,54.85,39.09,52.17,52.57,42.28,56.1,46.35,30.69,45.23,36.42,43.09,47.3,51.53,53.26,54.5,47.18,54.37,55.72,45.24,47.32,47.08,45.95,46.89,43.69,48.93,48.32
2019-01-12 23:55:00,28.33,33.28,36.56,36.79,50.29,53.7,52.14,54.86,39.09,52.18,52.57,42.28,56.11,46.36,30.7,45.24,36.43,43.1,47.3,51.54,53.27,54.51,47.19,54.38,55.73,45.25,47.33,47.09,45.95,46.9,43.69,48.94,48.33
2019-01-13 00:00:00,28.35,33.29,36.57,36.8,50.29,53.71,52.15,54.87,39.09,52.19,52.58,42.29,56.12,46.37,30.71,45.25,36.44,43.11,47.31,51.54,53.27,54.51,47.2,54.39,55.74,45.25,47.34,47.1,45.96,46.91,43.7,48.95,48.33
2019-01-13 00:05:00,28.36,33.3,36.58,36.82,50.3,53.72,52.16,54.88,39.09,52.21,52.59,42.29,56.12,46.38,30.72,45.26,36.45,43.12,47.32,51.55,53.28,54.52,47.21,54.4,55.75,45.26,47.35,47.11,45.97,46.92,43.7,48.96,48.34
2019-01-13 00:10:00,28.37,33.31,36.59,36.83,50.31,53.72,52.17,54.9,39.09,52.22,52.6,42.3,56.13,46.4,30.74,45.27,36.47,43.14,47.32,51.55,53.29,54.53,47.23,54.41,55.76,45.27,47.37,47.12,45.97,46.93,43.7,48.97,48.35
2019-01-13 00:15:00,28.39,33.33,36.61,36.85,50.31,53.73,52.19,54.91,39.09,52.23,52.61,42.31,56.14,46.41,30.75,45.28,36.48,43.15,47.33,51.56,53.3,54.54,47.24,54.42,55.78,45.29,47.38,47.13,45.98,46.94,43.71,48.98,48.35
2019-01-13 00:20:00,28.4,33.34,36.62,36.86,50.32,53.74,52.2,54.93,39.09,52.25,52.63,42.31,56.16,46.42,30.77,45.3,36.5,43.17,47.34,51.56,53.31,54.56,47.25,54.43,55.79,45.3,47.39,47.14,45.99,46.95,43.71,48.99,48.36
2019-01-13 00:25:00,28.41,33.36,36.63,36.88,50.33,53.76,52.22,54.94,39.09,52.26,52.64,42.32,56.17,46.44,30.79,45.31,36.51,43.18,47.35,51.57,53.32,54.57,47.27,54.44,55.81,45.31,47.41,47.15,46.0,46.96,43.72,49.0,48.37
2019-01-13 00:30:00,28.43,33.37,36.65,36.9,50.34,53.77,52.23,54.96,39.09,52.28,52.65,42.33,56.18,46.46,30.81,45.33,36.53,43.2,47.36,51.58,53.33,54.58,47.28,54.46,55.83,45.32,47.42,47.16,46.01,46.97,43.72,49.01,48.38
2019-01-13 00:35:00,28.44,33.38,36.66,36.91,50.35,53.78,52.25,54.97,39.09,52.3,52.66,42.34,56.19,46.47,30.82,45.35,36.55,43.22,47.37,51.58,53.34,54.59,47.3,54.47,55.84,45.34,47.43,47.18,46.02,46.98,43.73,49.03,48.39
2019-01-13 00:40:00,28.46,33.4,36.67,36.93,50.36,53.79,52.27,54.99,39.09,52.31,52.68,42.35,56.2,46.49,30.84,45.36,36.57,43.23,47.38,51.59,53.35,54.61,47.32,54.49,55.86,45.35,47.45,47.19,46.03,47.0,43.73,49.04,48.4
2019-01-13 00:45:00,28.47,33.41,36.69,36.95,50.37,53.8,52.28,55.01,39.09,52.33,52.69,42.36,56.22,46.51,30.86,45.38,36.58,43.25,47.39,51.6,53.36,54.62,47.33,54.5,55.88,45.37,47.47,47.2,46.04,47.01,43.74,49.05,48.41
2019-01-13 00:50:00,28.48,33.42,36.7,36.97,50.38,53.81,52.3,55.02,39.09,52.35,52.7,42.36,56.23,46.53,30.88,45.4,36.6,43.27,47.4,51.6,53.37,54.63,47.35,54.51,55.89,45.38,47.48,47.21,46.05,47.02,43.74,49.06,48.42
2019-01-13 00:55:00,28.5,33.44,36.71,36.99,50.39,53.82,52.32,55.04,39.09,52.36,52.72,42.37,56.24,46.54,30.9,45.41,36.62,43.28,47.41,51.61,53.38,54.65,47.36,54.53,55.91,45.39,47.49,47.23,46.06,47.03,43.75,49.07,48.43
2019-01-13 01:00:00,28.51,33.45,36.73,37.0,50.4,53.84,52.33,55.06,39.09,52.38,52.73,42.38,56.25,46.56,30.92,45.43,36.64,43.3,47.42,51.62,53.39,54.66,47.38,54.54,55.93,45.41,47.51,47.24,46.07,47.04,43.75,49.09,48.43
2019-01-13 01:05:00,28.53,33.47,36.74,37.02,50.41,53.85,52.35,55.07,39.09,52.4,52.74,42.39,56.26,46.58,30.93,45.44,36.65,43.32,47.43,51.63,53.4,54.67,47.39,54.56,55.94,45.42,47.52,47.25,46.08,47.05,43.76,49.1,48.44
2019-01-13 01:10:00,28.54,33.48,36.76,37.04,50.42,53.86,52.36,55.09,39.09,52.41,52.75,42.4,56.28,46.59,30.95,45.46,36.67,43.33,47.44,51.63,53.41,54.68,47.41,54.57,55.96,45.43,47.54,47.26,46.09,47.06,43.76,49.11,48.45
2019-01-13 01:15:00,28.55,33.5,36.77,37.05,50.43,53.87,52.38,55.1,39.09,52.43,52.76,42.4,56.29,46.61,30.97,45.47,36.69,43.35,47.45,51.64,53.43,54.7,47.42,54.58,55.98,45.45,47.55,47.27,46.1,47.08,43.77,49.12,48.46
2019-01-13 01:20:00,28.57,33.51,36.78,37.07,50.44,53.88,52.4,55.12,39.09,52.44,52.78,42.41,56.3,46.62,30.99,45.49,36.71,43.37,47.46,51.64,53.44,54.71,47.44,54.6,55.99,45.46,47.57,47.29,46.11,47.09,43.77,49.13,48.47
2019-01-13 01:25:00,28.58,33.52,36.8,37.09,50.45,53.89,52.41,55.14,39.09,52.46,52.79,42.42,56.31,46.64,31.0,45.51,36.72,43.38,47.47,51.65,53.45,54.72,47.45,54.61,56.01,45.47,47.58,47.3,46.12,47.1,43.78,49.14,48.48
2019-01-13 01:30:00,28.6,33.54,36.81,37.11,50.46,53.9,52.43,55.15,39.09,52.48,52.8,42.43,56.32,46.66,31.02,45.52,36.74,43.4,47.48,51.66,53.46,54.73,47.47,54.63,56.02,45.49,47.59,47.31,46.12,47.11,43.78,49.16,48.49
2019-01-13 01:35:00,28.61,33.55,36.83,37.12,50.47,53.91,52.44,55.17,39.09,52.49,52.81,42.44,56.33,46.67,31.04,45.54,36.76,43.42,47.49,51.67,53.47,54.75,47.49,54.64,56.04,45.5,47.61,47.32,46.13,47.12,43.79,49.17,48.5
2019-01-13 01:40:00,28.63,33.57,36.84,37.14,50.48,53.93,52.46,55.18,39.09,52.51,52.83,42.44,56.35,46.69,31.06,45.55,36.77,43.43,47.5,51.67,53.48,54.76,47.5,54.65,56.06,45.51,47.62,47.33,46.14,47.13,43.79,49.18,48.5
2019-01-13 01:45:00,28.64,33.58,36.86,37.16,50.49,53.94,52.48,55.2,39.09,52.53,52.84,42.45,56.36,46.71,31.07,45.57,36.79,43.45,47.51,51.68,53.49,54.77,47.52,54.67,56.07,45.52,47.64,47.34,46.15,47.14,43.8,49.19,48.51
2019-01-13 01:50:00,28.66,33.6,36.87,37.17,50.49,53.95,52.49,55.21,39.09,52.54,52.85,42.46,56.37,46.72,31.09,45.58,36.81,43.46,47.52,51.68,53.5,54.78,47.53,54.68,56.09,45.54,47.65,47.36,46.16,47.15,43.8,49.2,48.52
2019-01-13 01:55:00,28.67,33.61,36.88,37.19,50.5,53.96,52.51,55.23,39.09,52.56,52.86,42.47,56.38,46.74,31.11,45.6,36.82,43.48,47.52,51.69,53.51,54.8,47.54,54.69,56.1,45.55,47.66,47.37,46.17,47.16,43.81,49.21,48.53
2019-01-13 02:00:00,28.68,33.63,36.9,37.21,50.51,53.97,52.52,55.24,39.09,52.57,52.87,42.47,56.39,46.75,31.12,45.61,36.84,43.49,47.53,51.7,53.52,54.81,47.56,54.71,56.12,45.56,47.67,47.38,46.18,47.17,43.81,49.22,48.54
2019-01-13 02:05:00,28.7,33.64,36.91,37.22,50.52,53.98,52.53,55.26,39.09,52.59,52.88,42.48,56.4,46.76,31.14,45.62,36.85,43.51,47.54,51.7,53.53,54.82,47.57,54.72,56.13,45.57,47.69,47.39,46.18,47.18,43.82,49.23,48.54
2019-01-13 02:10:00,28.71,33.66,36.93,37.23,50.53,53.99,52.55,55.27,39.09,52.6,52.89,42.49,56.41,46.78,31.15,45.64,36.87,43.52,47.55,51.71,53.54,54.83,47.58,54.73,56.14,45.58,47.7,47.4,46.19,47.19,43.82,49.24,48.55
2019-01-13 02:15:00,28.73,33.67,36.94,37.25,50.54,54.0,52.56,55.28,39.09,52.61,52.9,42.49,56.42,46.79,31.16,45.65,36.88,43.54,47.56,51.71,53.54,54.84,47.6,54.74,56.16,45.59,47.71,47.41,46.2,47.2,43.82,49.25,48.56
2019-01-13 02:20:00,28.74,33.68,36.96,37.26,50.54,54.01,52.57,55.3,39.09,52.63,52.91,42.5,56.43,46.8,31.18,45.66,36.89,43.55,47.56,51.72,53.55,54.85,47.61,54.75,56.17,45.6,47.72,47.42,46.21,47.21,43.83,49.26,48.56
2019-01-13 02:25:00,28.76,33.7,36.97,37.28,50.55,54.01,52.59,55.31,39.09,52.64,52.92,42.51,56.44,46.82,31.19,45.68,36.91,43.56,47.57,51.72,53.56,54.86,47.62,54.76,56.18,45.61,47.73,47.43,46.21,47.22,43.83,49.27,48.57
2019-01-13 02:30:00,28.77,33.71,36.99,37.29,50.56,54.02,52.6,55.32,39.09,52.65,52.93,42.51,56.45,46.83,31.21,45.69,36.92,43.58,47.58,51.73,53.57,54.87,47.63,54.78,56.2,45.63,47.74,47.44,46.22,47.23,43.84,49.28,48.58
2019-01-13 02:35:00,28.79,33.73,37.0,37.31,50.57,54.03,52.61,55.34,39.09,52.67,52.94,42.52,56.46,46.85,31.22,45.7,36.94,43.59,47.59,51.74,53.58,54.88,47.65,54.79,56.21,45.64,47.76,47.45,46.23,47.24,43.84,49.29,48.58
2019-01-13 02:40:00,28.8,33.74,37.02,37.32,50.58,54.04,52.63,55.35,39.09,52.68,52.95,42.52,56.47,46.86,31.24,45.72,36.95,43.61,47.6,51.74,53.59,54.89,47.66,54.8,56.23,45.65,47.77,47.46,46.24,47.24,43.84,49.29,48.59
2019-01-13 02:45:00,28.82,33.76,37.03,37.34,50.58,54.05,52.64,55.37,39.09,52.7,52.96,42.53,56.48,46.88,31.25,45.73,36.97,43.62,47.61,51.75,53.6,54.91,47.67,54.81,56.24,45.66,47.78,47.47,46.24,47.25,43.85,49.3,48.6
2019-01-13 02:50:00,28.83,33.78,37.05,37.35,50.59,54.06,52.66,55.38,39.09,52.71,52.97,42.54,56.49,46.89,31.27,45.74,36.98,43.64,47.62,51.75,53.61,54.92,47.69,54.82,56.26,45.67,47.79,47.48,46.25,47.26,43.85,49.31,48.61
2019-01-13 02:55:00,28.85,33.79,37.06,37.37,50.6,54.07,52.67,55.39,39.09,52.73,52.98,42.54,56.5,46.9,31.28,45.76,37.0,43.65,47.62,51.76,53.62,54.93,47.7,54.84,56.27,45.68,47.8,47.49,46.26,47.27,43.86,49.32,48.61
2019-01-13 03:00:00,28.86,33.81,37.08,37.38,50.61,54.08,52.68,55.41,39.1,52.74,52.99,42.55,56.51,46.92,31.3,45.77,37.01,43.66,47.63,51.77,53.63,54.94,47.71,54.85,56.28,45.69,47.82,47.49,46.27,47.28,43.86,49.33,48.62
2019-01-13 03:05:00,28.88,33.82,37.09,37.4,50.62,54.09,52.7,55.42,39.1,52.75,53.0,42.56,56.52,46.93,31.31,45.78,37.03,43.68,47.64,51.77,53.63,54.95,47.72,54.86,56.3,45.7,47.83,47.5,46.27,47.29,43.86,49.34,48.63
2019-01-13 03:10:00,28.89,33.84,37.11,37.41,50.62,54.1,52.71,55.43,39.1,52.77,53.01,42.56,56.53,46.94,31.33,45.79,37.04,43.69,47.65,51.78,53.64,54.96,47.74,54.87,56.31,45.71,47.84,47.51,46.28,47.3,43.87,49.35,48.63
2019-01-13 03:15:00,28.91,33.85,37.12,37.42,50.63,54.11,52.72,55.44,39.1,52.78,53.02,42.57,56.54,46.96,31.34,45.8,37.05,43.7,47.65,51.78,53.65,54.97,47.75,54.88,56.32,45.72,47.85,47.52,46.29,47.3,43.87,49.36,48.64
2019-01-13 03:20:00,28.93,33.87,37.14,37.43,50.64,54.12,52.73,55.46,39.1,52.79,53.02,42.57,56.55,46.97,31.35,45.82,37.06,43.71,47.66,51.79,53.66,54.98,47.76,54.89,56.33,45.73,47.86,47.53,46.29,47.31,43.87,49.36,48.64
2019-01-13 03:25:00,28.94,33.88,37.15,37.44,50.64,54.13,52.74,55.47,39.1,52.8,53.03,42.58,56.55,46.98,31.36,45.82,37.07,43.72,47.67,51.79,53.66,54.99,47.77,54.9,56.34,45.74,47.86,47.53,46.3,47.32,43.88,49.37,48.65
2019-01-13 03:30:00,28.96,33.9,37.17,37.45,50.65,54.13,52.75,55.48,39.1,52.81,53.04,42.58,56.56,46.99,31.37,45.83,37.08,43.73,47.67,51.79,53.67,54.99,47.78,54.91,56.35,45.75,47.87,47.54,46.3,47.32,43.88,49.38,48.65
2019-01-13 03:35:00,28.97,33.91,37.18,37.46,50.65,54.14,52.76,55.48,39.1,52.82,53.04,42.59,56.57,47.0,31.38,45.84,37.09,43.74,47.68,51.8,53.68,55.0,47.78,54.91,56.36,45.75,47.88,47.55,46.31,47.33,43.88,49.38,48.66
2019-01-13 03:40:00,28.99,33.93,37.2,37.47,50.66,54.15,52.77,55.49,39.1,52.83,53.05,42.59,56.57,47.0,31.39,45.85,37.1,43.75,47.68,51.8,53.68,55.01,47.79,54.92,56.37,45.76,47.89,47.55,46.31,47.33,43.88,49.39,48.66
2019-01-13 03:45:00,29.0,33.94,37.21,37.48,50.66,54.15,52.78,55.5,39.1,52.84,53.05,42.59,56.58,47.01,31.4,45.86,37.11,43.76,47.69,51.8,53.69,55.02,47.8,54.93,56.38,45.77,47.89,47.56,46.31,47.34,43.88,49.39,48.67
2019-01-13 03:50:00,29.02,33.96,37.23,37.49,50.67,54.16,52.78,55.51,39.1,52.84,53.06,42.6,56.59,47.02,31.41,45.87,37.12,43.77,47.69,51.81,53.69,55.02,47.81,54.94,56.38,45.77,47.9,47.56,46.32,47.34,43.89,49.4,48.67
2019-01-13 03:55:00,29.03,33.97,37.24,37.5,50.67,54.16,52.79,55.51,39.1,52.85,53.06,42.6,56.59,47.03,31.42,45.87,37.13,43.77,47.7,51.81,53.7,55.03,47.81,54.94,56.39,45.78,47.91,47.57,46.32,47.35,43.89,49.4,48.67
2019-01-13 04:00:00,29.05,33.99,37.26,37.5,50.68,54.16,52.8,55.52,39.1,52.86,53.07,42.6,56.59,47.03,31.42,45.88,37.13,43.78,47.7,51.81,53.7,55.03,47.82,54.95,56.4,45.78,47.91,47.57,46.32,47.35,43.89,49.41,48.68
2019-01-13 04:05:00,29.06,34.0,37.27,37.51,50.68,54.17,52.8,55.53,39.1,52.86,53.07,42.6,56.6,47.04,31.43,45.88,37.14,43.78,47.7,51.81,53.7,55.04,47.82,54.95,56.4,45.79,47.91,47.58,46.33,47.36,43.89,49.41,48.68
2019-01-13 04:10:00,29.08,34.02,37.29,37.51,50.68,54.17,52.81,55.53,39.1,52.87,53.08,42.61,56.6,47.04,31.43,45.89,37.14,43.79,47.7,51.82,53.71,55.04,47.83,54.95,56.41,45.79,47.92,47.58,46.33,47.36,43.89,49.41,48.68
2019-01-13 04:15:00,29.09,34.03,37.3,37.52,50.68,54.17,52.81,55.53,39.1,52.87,53.08,42.61,56.6,47.05,31.44,45.89,37.15,43.79,47.71,51.82,53.71,55.04,47.83,54.96,56.41,45.79,47.92,47.58,46.33,47.36,43.89,49.41,48.68
2019-01-13 04:20:00,29.11,34.05,37.32,37.52,50.69,54.18,52.81,55.54,39.1,52.87,53.08,42.61,56.61,47.05,31.44,45.89,37.15,43.8,47.71,51.82,53.71,55.04,47.83,54.96,56.41,45.8,47.92,47.58,46.33,47.36,43.9,49.42,48.68
2019-01-13 04:25:00,29.12,34.06,37.33,37.52,50.69,54.18,52.82,55.54,39.1,52.88,53.08,42.61,56.61,47.05,31.44,45.9,37.15,43.8,47.71,51.82,53.71,55.05,47.84,54.96,56.42,45.8,47.93,47.59,46.33,47.36,43.9,49.42,48.69
2019-01-13 04:30:00,29.14,34.08,37.35,37.52,50.69,54.18,52.82,55.54,39.1,52.88,53.08,42.61,56.61,47.05,31.45,45.9,37.15,43.8,47.71,51.82,53.71,55.05,47.84,54.96,56.42,45.8,47.93,47.59,46.34,47.37,43.9,49.42,48.69
2019-01-13 04:35:00,29.15,34.09,37.36,37.53,50.69,54.18,52.82,55.54,39.1,52.88,53.08,42.61,56.61,47.06,31.45,45.9,37.16,43.8,47.71,51.82,53.72,55.05,47.84,54.97,56.42,45.8,47.93,47.59,46.34,47.37,43.9,49.42,48.69
2019-01-13 04:40:00,29.17,34.11,37.38,37.53,50.69,54.18,52.82,55.54,39.1,52.88,53.08,42.61,56.61,47.06,31.45,45.9,37.16,43.8,47.71,51.82,53.72,55.05,47.84,54.97,56.42,45.8,47.93,47.59,46.34,47.37,43.9,49.42,48.69
2019-01-13 04:45:00,29.18,34.12,37.39,37.53,50.69,54.18,52.82,55.54,39.1,52.88,53.08,42.61,56.61,47.06,31.45,45.9,37.16,43.8,47.71,51.82,53.72,55.05,47.84,54.97,56.42,45.8,47.93,47.59,46.34,47.37,43.9,49.42,48.69
2019-01-13 04:50:00,29.2,34.14,37.41,37.52,50.69,54.18,52.82,55.54,39.1,52.88,53.08,42.61,56.61,47.05,31.44,45.9,37.15,43.8,47.71,51.82,53.72,55.05,47.84,54.97,56.42,45.8,47.93,47.59,46.33,47.36,43.9,49.42,48.69
2019-01-13 04:55:00,29.21,34.15,37.42,37.52,50.69,54.18,52.82,55.54,39.1,52.88,53.08,42.61,56.61,47.05,31.44,45.9,37.15,43.8,47.71,51.82,53.71,55.05,47.84,54.96,56.42,45.8,47.93,47.59,46.33,47.36,43.9,49.42,48.68
2019-01-13 05:00:00,29.23,34.17,37.44,37.52,50.69,54.18,52.82,55.54,39.1,52.88,53.08,42.61,56.61,47.05,31.44,45.9,37.15,43.8,47.71,51.82,53.71,55.05,47.84,54.96,56.42,45.8,47.93,47.58,46.33,47.36,43.9,49.42,48.68
2019-01-13 05:05:00,29.24,34.18,37.45,37.52,50.69,54.18,52.82,55.54,39.1,52.88,53.08,42.61,56.61,47.05,31.44,45.9,37.15,43.8,47.71,51.82,53.71,55.05,47.84,54.96,56.42,45.8,47.93,47.58,46.33,47.36,43.89,49.42,48.68
2019-01-13 05:10:00,29.26,34.2,37.47,37.52,50.69,54.18,52.81,55.54,39.1,52.88,53.08,42.61,56.61,47.05,31.44,45.89,37.15,43.8,47.71,51.82,53.71,55.05,47.84,54.96,56.42,45.8,47.92,47.58,46.33,47.36,43.89,49.42,48.68
2019-01-13 05:15:00,29.27,34.21,37.48,37.52,50.69,54.18,52.81,55.54,39.1,52.88,53.08,42.61,56.61,47.05,31.44,45.89,37.15,43.8,47.71,51.82,53.71,55.05,47.83,54.96,56.42,45.8,47.92,47.58,46.33,47.36,43.89,49.42,48.68
2019-01-13 05:20:00,29.29,34.23,37.5,37.52,50.69,54.18,52.81,55.54,39.1,52.88,53.08,42.61,56.61,47.05,31.44,45.89,37.15,43.8,47.71,51.82,53.71,55.05,47.83,54.96,56.41,45.8,47.92,47.58,46.33,47.36,43.89,49.41,48.68
2019-01-13 05:25:00,29.3,34.24,37.51,37.52,50.69,54.18,52.81,55.54,39.1,52.88,53.08,42.61,56.61,47.05,31.44,45.89,37.15,43.79,47.71,51.82,53.71,55.05,47.83,54.96,56.41,45.8,47.92,47.58,46.33,47.36,43.89,49.41,48.68
2019-01-13 05:30:00,29.32,34.26,37.53,37.51,50.69,54.18,52.81,55.53,39.1,52.87,53.07,42.61,56.61,47.05,31.43,45.89,37.15,43.79,47.71,51.82,53.71,55.05,47.83,54.96,56.41,45.79,47.92,47.58,46.33,47.36,43.89,49.41,48.68
2019-01-13 05:35:00,29.33,34.27,37.54,37.51,50.68,54.18,52.81,55.53,39.1,52.87,53.07,42.6,56.6,47.04,31.43,45.89,37.14,43.79,47.71,51.82,53.71,55.04,47.83,54.96,56.41,45.79,47.92,47.58,46.33,47.35,43.89,49.41,48.68
2019-01-13 05:40:00,29.34,34.28,37.55,38.1,50.83,54.34,53.15,55.87,39.1,53.19,53.23,42.71,56.82,47.41,31.94,46.26,37.63,44.17,47.85,51.93,53.88,55.25,48.16,55.2,56.76,46.04,48.15,47.75,46.44,47.49,43.95,49.55,48.78
2019-01-13 05:45:00,29.34,34.28,37.55,38.1,50.83,54.34,53.15,55.87,39.1,53.19,53.23,42.71,56.81,47.41,31.93,46.25,37.63,44.16,47.85,51.93,53.88,55.24,48.15,55.2,56.75,46.04,48.15,47.75,46.44,47.49,43.95,49.55,48.78
2019-01-13 05:50:00,29.33,34.27,37.54,38.09,50.82,54.34,53.14,55.86,39.1,53.18,53.22,42.7,56.81,47.4,31.93,46.25,37.62,44.16,47.85,51.93,53.87,55.24,48.15,55.19,56.75,46.03,48.14,47.74,46.43,47.49,43.95,49.54,48.78
2019-01-13 05:55:00,29.33,34.27,37.54,38.09,50.82,54.33,53.14,55.86,39.1,53.18,53.22,42.7,56.8,47.4,31.92,46.24,37.62,44.15,47.84,51.93,53.87,55.23,48.14,55.19,56.74,46.03,48.14,47.74,46.43,47.48,43.95,49.54,48.77
2019-01-13 06:00:00,29.32,34.26,37.53,38.08,50.82,54.33,53.13,55.85,39.1,53.17,53.21,42.7,56.8,47.39,31.91,46.24,37.61,44.14,47.84,51.92,53.86,55.23,48.14,55.18,56.73,46.02,48.13,47.73,46.43,47.48,43.94,49.53,48.77
2019-01-13 06:05:00,29.32,34.26,37.53,38.07,50.81,54.32,53.12,55.84,39.1,53.17,53.21,42.69,56.79,47.38,31.91,46.23,37.6,44.14,47.83,51.92,53.86,55.22,48.13,55.18,56.73,46.02,48.13,47.73,46.42,47.47,43.94,49.53,48.77
2019-01-13 06:10:00,29.31,34.25,37.52,38.07,50.81,54.32,53.12,55.83,39.1,53.16,53.2,42.69,56.79,47.37,31.9,46.22,37.59,44.13,47.83,51.92,53.85,55.22,48.12,55.17,56.72,46.01,48.12,47.72,46.42,47.46,43.94,49.52,48.76
2019-01-13 06:15:00,29.31,34.25,37.52,38.06,50.8,54.31,53.11,55.83,39.1,53.15,53.19,42.68,56.78,47.37,31.89,46.21,37.58,44.12,47.82,51.91,53.85,55.21,48.12,55.16,56.71,46.0,48.11,47.71,46.41,47.46,43.94,49.51,48.76
2019-01-13 06:20:00,29.3,34.24,37.51,38.05,50.8,54.3,53.1,55.82,39.1,53.14,53.19,42.68,56.77,47.36,31.88,46.2,37.58,44.11,47.82,51.91,53.84,55.2,48.11,55.15,56.7,46.0,48.1,47.71,46.41,47.45,43.93,49.51,48.75
2019-01-13 06:25:00,29.29,34.23,37.51,38.04,50.79,54.3,53.09,55.81,39.1,53.13,53.18,42.67,56.77,47.35,31.87,46.19,37.57,44.1,47.81,51.91,53.84,55.2,48.1,55.15,56.69,45.99,48.09,47.7,46.4,47.44,43.93,49.5,48.74
2019-01-13 06:30:00,29.29,34.23,37.5,38.03,50.79,54.29,53.08,55.8,39.1,53.12,53.17,42.67,56.76,47.34,31.86,46.18,37.55,44.09,47.81,51.9,53.83,55.19,48.09,55.14,56.68,45.98,48.08,47.69,46.39,47.44,43.93,49.49,48.74
2019-01-13 06:35:00,29.28,34.22,37.5,38.02,50.78,54.28,53.07,55.79,39.1,53.11,53.16,42.66,56.75,47.33,31.84,46.17,37.54,44.08,47.8,51.9,53.82,55.18,48.08,55.13,56.67,45.97,48.07,47.68,46.39,47.43,43.92,49.48,48.73
2019-01-13 06:40:00,29.27,34.21,37.49,38.0,50.77,54.27,53.06,55.77,39.1,53.1,53.15,42.66,56.74,47.31,31.83,46.16,37.53,44.07,47.79,51.89,53.81,55.17,48.07,55.12,56.66,45.96,48.06,47.67,46.38,47.42,43.92,49.47,48.72
2019-01-13 06:45:00,29.27,34.21,37.48,37.99,50.76,54.27,53.04,55.76,39.1,53.09,53.14,42.65,56.73,47.3,31.82,46.15,37.52,44.06,47.78,51.89,53.81,55.16,48.05,55.11,56.64,45.95,48.05,47.66,46.37,47.41,43.91,49.46,48.72
2019-01-13 06:50:00,29.26,34.2,37.48,37.98,50.76,54.26,53.03,55.75,39.1,53.07,53.13,42.64,56.72,47.29,31.81,46.14,37.51,44.04,47.78,51.88,53.8,55.15,48.04,55.1,56.63,45.94,48.04,47.65,46.36,47.4,43.91,49.45,48.71
2019-01-13 06:55:00,29.25,34.19,37.47,37.96,50.75,54.25,53.02,55.74,39.1,53.06,53.12,42.63,56.71,47.28,31.79,46.13,37.49,44.03,47.77,51.88,53.79,55.14,48.03,55.08,56.62,45.93,48.03,47.64,46.36,47.39,43.91,49.44,48.7
2019-01-13 07:00:00,29.25,34.19,37.46,37.95,50.74,54.24,53.01,55.72,39.1,53.05,53.11,42.63,56.7,47.26,31.78,46.11,37.48,44.02,47.76,51.87,53.78,55.13,48.02,55.07,56.61,45.92,48.02,47.63,46.35,47.38,43.9,49.43,48.7
2019-01-13 07:05:00,29.24,34.18,37.46,37.94,50.73,54.23,52.99,55.71,39.1,53.04,53.1,42.62,56.7,47.25,31.76,46.1,37.47,44.0,47.75,51.86,53.77,55.12,48.01,55.06,56.59,45.91,48.0,47.62,46.34,47.37,43.9,49.42,48.69
2019-01-13 07:10:00,29.23,34.17,37.45,37.92,50.72,54.22,52.98,55.7,39.1,53.02,53.09,42.61,56.68,47.24,31.75,46.09,37.45,43.99,47.74,51.86,53.76,55.11,47.99,55.05,56.58,45.9,47.99,47.61,46.33,47.36,43.89,49.41,48.68
2019-01-13 07:15:00,29.22,34.16,37.44,37.91,50.72,54.21,52.96,55.68,39.1,53.01,53.08,42.61,56.67,47.22,31.73,46.08,37.44,43.98,47.74,51.85,53.75,55.1,47.98,55.04,56.56,45.88,47.98,47.6,46.32,47.35,43.89,49.4,48.67
2019-01-13 07:20:00,29.21,34.16,37.43,37.89,50.71,54.2,52.95,55.67,39.1,52.99,53.06,42.6,56.66,47.21,31.72,46.06,37.42,43.96,47.73,51.85,53.74,55.09,47.96,55.02,56.55,45.87,47.96,47.59,46.31,47.34,43.88,49.39,48.66
2019-01-13 07:25:00,29.2,34.15,37.42,37.88,50.7,54.19,52.93,55.65,39.1,52.98,53.05,42.59,56.65,47.19,31.7,46.04,37.4,43.94,47.72,51.84,53.73,55.07,47.95,55.01,56.53,45.86,47.95,47.57,46.3,47.33,43.88,49.38,48.65
2019-01-13 07:30:00,29.2,34.14,37.42,37.86,50.69,54.17,52.91,55.63,39.1,52.96,53.03,42.58,56.64,47.17,31.68,46.03,37.39,43.92,47.7,51.83,53.72,55.06,47.93,55.0,56.51,45.84,47.93,47.56,46.29,47.31,43.87,49.36,48.64
2019-01-13 07:35:00,29.19,34.13,37.41,37.84,50.67,54.16,52.9,55.61,39.1,52.94,53.02,42.57,56.62,47.15,31.66,46.01,37.37,43.91,47.69,51.82,53.71,55.04,47.91,54.98,56.49,45.83,47.92,47.55,46.28,47.3,43.87,49.35,48.63
2019-01-13 07:40:00,29.18,34.12,37.4,37.82,50.66,54.15,52.88,55.59,39.1,52.92,53.0,42.56,56.61,47.13,31.64,45.99,37.35,43.89,47.68,51.82,53.69,55.03,47.9,54.96,56.47,45.81,47.9,47.53,46.27,47.28,43.86,49.33,48.62
2019-01-13 07:45:00,29.17,34.11,37.39,37.8,50.65,54.13,52.86,55.57,39.1,52.9,52.99,42.55,56.59,47.11,31.62,45.97,37.33,43.87,47.67,51.81,53.68,55.01,47.88,54.95,56.45,45.8,47.88,47.51,46.25,47.27,43.85,49.32,48.61
2019-01-13 07:50:00,29.16,34.1,37.38,37.78,50.64,54.12,52.84,55.55,39.1,52.88,52.97,42.54,56.58,47.09,31.6,45.95,37.31,43.85,47.66,51.8,53.67,55.0,47.86,54.93,56.43,45.78,47.86,47.5,46.24,47.25,43.85,49.3,48.6
2019-01-13 07:55:00,29.15,34.09,37.37,37.76,50.63,54.11,52.82,55.54,39.1,52.86,52.96,42.53,56.57,47.07,31.58,45.94,37.29,43.83,47.65,51.79,53.65,54.98,47.84,54.91,56.42,45.76,47.84,47.48,46.23,47.24,43.84,49.29,48.58
2019-01-13 08:00:00,29.14,34.08,37.36,37.74,50.62,54.09,52.8,55.52,39.1,52.84,52.94,42.52,56.55,47.06,31.56,45.92,37.27,43.81,47.63,51.78,53.64,54.97,47.83,54.9,56.4,45.75,47.83,47.47,46.22,47.23,43.83,49.27,48.57
2019-01-13 08:05:00,29.13,34.07,37.35,37.73,50.61,54.08,52.78,55.5,39.1,52.83,52.93,42.51,56.54,47.04,31.54,45.9,37.25,43.79,47.62,51.78,53.63,54.95,47.81,54.88,56.38,45.73,47.81,47.46,46.21,47.21,43.83,49.26,48.56
2019-01-13 08:10:00,29.12,34.06,37.34,37.71,50.6,54.07,52.77,55.48,39.1,52.81,52.91,42.5,56.53,47.02,31.52,45.89,37.24,43.78,47.61,51.77,53.62,54.94,47.79,54.87,56.36,45.72,47.8,47.44,46.2,47.2,43.82,49.25,48.55
2019-01-13 08:15:00,29.11,34.05,37.33,37.69,50.59,54.06,52.75,55.47,39.1,52.79,52.9,42.49,56.52,47.01,31.5,45.87,37.22,43.76,47.6,51.76,53.61,54.93,47.78,54.86,56.35,45.71,47.78,47.43,46.19,47.19,43.82,49.23,48.54
2019-01-13 08:20:00,29.1,34.04,37.33,37.68,50.58,54.05,52.74,55.45,39.1,52.78,52.89,42.48,56.5,46.99,31.49,45.86,37.2,43.74,47.59,51.76,53.6,54.92,47.76,54.84,56.33,45.69,47.77,47.42,46.18,47.18,43.81,49.22,48.54
2019-01-13 08:25:00,29.09,34.03,37.32,37.66,50.57,54.04,52.72,55.44,39.1,52.76,52.87,42.47,56.49,46.97,31.47,45.84,37.19,43.73,47.59,51.75,53.59,54.9,47.75,54.83,56.32,45.68,47.75,47.41,46.17,47.16,43.81,49.21,48.53
2019-01-13 08:30:00,29.08,34.02,37.31,37.65,50.56,54.03,52.71,55.42,39.09,52.75,52.86,42.46,56.48,46.96,31.45,45.83,37.17,43.71,47.58,51.74,53.58,54.89,47.74,54.82,56.3,45.67,47.74,47.39,46.16,47.15,43.8,49.2,48.52
2019-01-13 08:35:00,29.07,34.01,37.3,37.63,50.55,54.02,52.69,55.41,39.09,52.73,52.85,42.46,56.47,46.95,31.44,45.81,37.16,43.7,47.57,51.74,53.57,54.88,47.72,54.8,56.29,45.66,47.73,47.38,46.15,47.14,43.8,49.19,48.51
2019-01-13 08:40:00,29.06,34.0,37.29,37.62,50.54,54.01,52.68,55.39,39.09,52.72,52.84,42.45,56.46,46.93,31.42,45.8,37.15,43.69,47.56,51.73,53.56,54.87,47.71,54.79,56.27,45.65,47.71,47.37,46.14,47.13,43.79,49.17,48.5
2019-01-13 08:45:00,29.05,33.99,37.28,37.6,50.53,54.0,52.67,55.38,39.09,52.71,52.83,42.44,56.45,46.92,31.41,45.79,37.13,43.67,47.55,51.73,53.55,54.86,47.7,54.78,56.26,45.64,47.7,47.36,46.13,47.12,43.79,49.16,48.49
2019-01-13 08:50:00,29.04,33.98,37.27,37.59,50.53,53.99,52.65,55.37,39.09,52.69,52.82,42.44,56.44,46.91,31.4,45.78,37.12,43.66,47.54,51.72,53.54,54.85,47.69,54.77,56.25,45.63,47.69,47.35,46.12,47.11,43.78,49.16,48.49
2019-01-13 08:55:00,29.03,33.97,37.26,37.58,50.52,53.98,52.64,55.36,39.09,52.68,52.81,42.43,56.43,46.9,31.39,45.77,37.11,43.65,47.54,51.72,53.54,54.84,47.68,54.76,56.24,45.62,47.68,47.34,46.12,47.1,43.78,49.15,48.48
2019-01-13 09:00:00,29.02,33.96,37.25,37.57,50.51,53.97,52.63,55.35,39.09,52.67,52.8,42.42,56.42,46.88,31.37,45.76,37.1,43.64,47.53,51.71,53.53,54.83,47.67,54.75,56.23,45.61,47.67,47.33,46.11,47.1,43.78,49.14,48.47
2019-01-13 09:05:00,29.01,33.95,37.24,37.56,50.51,53.96,52.62,55.34,39.09,52.66,52.79,42.42,56.42,46.87,31.36,45.75,37.09,43.63,47.52,51.71,53.52,54.82,47.66,54.74,56.22,45.6,47.66,47.33,46.1,47.09,43.77,49.13,48.47
2019-01-13 09:10:00,29.0,33.94,37.23,37.55,50.5,53.96,52.61,55.33,39.09,52.65,52.78,42.41,56.41,46.86,31.35,45.74,37.08,43.62,47.52,51.7,53.51,54.82,47.65,54.73,56.21,45.59,47.65,47.32,46.1,47.08,43.77,49.12,48.46
2019-01-13 09:15:00,28.99,33.93,37.22,37.54,50.49,53.95,52.6,55.32,39.09,52.64,52.77,42.41,56.4,46.85,31.34,45.73,37.07,43.61,47.51,51.7,53.51,54.81,47.64,54.72,56.2,45.58,47.64,47.31,46.09,47.07,43.77,49.11,48.45
2019-01-13 09:20:00,28.98,33.92,37.21,37.53,50.49,53.94,52.59,55.31,39.09,52.63,52.77,42.4,56.39,46.84,31.33,45.72,37.06,43.6,47.5,51.69,53.5,54.8,47.63,54.71,56.18,45.57,47.63,47.3,46.08,47.06,43.76,49.11,48.45
2019-01-13 09:25:00,28.97,33.92,37.2,37.52,50.48,53.93,52.58,55.29,39.09,52.62,52.76,42.4,56.39,46.83,31.32,45.71,37.04,43.59,47.5,51.69,53.49,54.79,47.62,54.71,56.17,45.56,47.62,47.29,46.08,47.06,43.76,49.1,48.44
2019-01-13 09:30:00,28.96,33.9,37.19,37.5,50.47,53.93,52.57,55.28,39.09,52.61,52.75,42.39,56.38,46.82,31.31,45.7,37.03,43.57,47.49,51.68,53.48,54.78,47.61,54.7,56.16,45.55,47.61,47.28,46.07,47.05,43.75,49.09,48.43
2019-01-13 09:35:00,28.95,33.89,37.18,37.49,50.47,53.92,52.56,55.27,39.09,52.59,52.74,42.38,56.37,46.81,31.29,45.69,37.02,43.56,47.48,51.68,53.48,54.77,47.59,54.69,56.15,45.55,47.6,47.27,46.06,47.04,43.75,49.08,48.43
2019-01-13 09:40:00,28.94,33.88,37.17,37.48,50.46,53.91,52.55,55.26,39.09,52.58,52.73,42.38,56.36,46.8,31.28,45.67,37.01,43.55,47.47,51.67,53.47,54.76,47.58,54.68,56.14,45.54,47.59,47.26,46.06,47.03,43.75,49.07,48.42
2019-01-13 09:45:00,28.93,33.87,37.16,37.47,50.45,53.9,52.53,55.25,39.09,52.57,52.72,42.37,56.35,46.78,31.27,45.66,37.0,43.54,47.47,51.67,53.46,54.75,47.57,54.66,56.13,45.53,47.58,47.25,46.05,47.02,43.74,49.06,48.41
2019-01-13 09:50:00,28.92,33.86,37.15,37.46,50.44,53.89,52.52,55.24,39.09,52.56,52.71,42.36,56.34,46.77,31.26,45.65,36.98,43.53,47.46,51.66,53.45,54.74,47.56,54.65,56.11,45.52,47.57,47.24,46.04,47.01,43.74,49.05,48.41
2019-01-13 09:55:00,28.91,33.85,37.14,37.44,50.44,53.88,52.51,55.22,39.09,52.54,52.7,42.36,56.33,46.76,31.24,45.64,36.97,43.51,47.45,51.66,53.44,54.73,47.55,54.64,56.1,45.5,47.56,47.23,46.03,47.0,43.73,49.04,48.4
2019-01-13 10:00:00,28.9,33.84,37.13,37.43,50.43,53.87,52.49,55.21,39.09,52.53,52.69,42.35,56.32,46.75,31.23,45.63,36.96,43.5,47.44,51.65,53.43,54.72,47.54,54.63,56.09,45.49,47.54,47.22,46.02,46.99,43.73,49.03,48.39
2019-01-13 10:05:00,28.89,33.83,37.12,37.42,50.42,53.86,52.48,55.2,39.09,52.52,52.67,42.34,56.31,46.73,31.21,45.61,36.94,43.49,47.43,51.65,53.43,54.71,47.52,54.62,56.07,45.48,47.53,47.21,46.01,46.98,43.73,49.02,48.38
2019-01-13 10:10:00,28.87,33.82,37.11,37.4,50.41,53.85,52.47,55.18,39.09,52.5,52.66,42.33,56.3,46.72,31.2,45.6,36.93,43.47,47.43,51.64,53.42,54.7,47.51,54.61,56.06,45.47,47.52,47.2,46.01,46.97,43.72,49.01,48.37
2019-01-13 10:15:00,28.86,33.81,37.1,37.39,50.4,53.84,52.45,55.17,39.09,52.49,52.65,42.33,56.29,46.71,31.18,45.59,36.92,43.46,47.42,51.63,53.41,54.69,47.5,54.6,56.05,45.46,47.51,47.19,46.0,46.96,43.72,49.0,48.37
2019-01-13 10:20:00,28.85,33.8,37.09,37.37,50.4,53.83,52.44,55.16,39.09,52.48,52.64,42.32,56.28,46.69,31.17,45.57,36.9,43.45,47.41,51.63,53.4,54.68,47.48,54.58,56.03,45.45,47.49,47.18,45.99,46.95,43.71,48.99,48.36
2019-01-13 10:25:00,28.84,33.79,37.08,37.36,50.39,53.82,52.43,55.14,39.09,52.46,52.63,42.31,56.27,46.68,31.16,45.56,36.89,43.43,47.4,51.62,53.39,54.67,47.47,54.57,56.02,45.44,47.48,47.17,45.98,46.94,43.71,48.98,48.35
2019-01-13 10:30:00,28.83,33.78,37.07,37.35,50.38,53.82,52.42,55.13,39.09,52.45,52.62,42.31,56.26,46.67,31.14,45.55,36.88,43.42,47.39,51.62,53.38,54.66,47.46,54.56,56.01,45.43,47.47,47.16,45.97,46.93,43.7,48.97,48.34
2019-01-13 10:35:00,28.82,33.77,37.06,37.34,50.37,53.81,52.41,55.12,39.09,52.44,52.61,42.3,56.26,46.66,31.13,45.54,36.87,43.41,47.39,51.61,53.38,54.65,47.45,54.56,56.0,45.42,47.46,47.15,45.97,46.92,43.7,48.96,48.34
2019-01-13 10:40:00,28.81,33.75,37.05,37.33,50.37,53.8,52.4,55.11,39.09,52.43,52.61,42.3,56.25,46.65,31.12,45.53,36.86,43.4,47.38,51.61,53.37,54.64,47.44,54.55,55.99,45.41,47.45,47.15,45.96,46.92,43.7,48.95,48.33
2019-01-13 10:45:00,28.8,33.74,37.04,37.32,50.36,53.8,52.39,55.1,39.09,52.42,52.6,42.29,56.24,46.64,31.11,45.53,36.85,43.39,47.38,51.61,53.36,54.64,47.44,54.54,55.98,45.41,47.45,47.14,45.96,46.91,43.69,48.95,48.33
2019-01-13 10:50:00,28.79,33.73,37.03,37.31,50.36,53.79,52.38,55.1,39.09,52.42,52.59,42.29,56.24,46.63,31.11,45.52,36.84,43.39,47.37,51.6,53.36,54.63,47.43,54.53,55.97,45.4,47.44,47.13,45.95,46.9,43.69,48.94,48.32
2019-01-13 10:55:00,28.78,33.72,37.02,37.31,50.35,53.78,52.37,55.09,39.09,52.41,52.58,42.28,56.23,46.62,31.1,45.51,36.83,43.38,47.37,51.6,53.35,54.62,47.42,54.53,55.97,45.39,47.43,47.13,45.95,46.9,43.69,48.93,48.32
2019-01-13 11:00:00,28.77,33.71,37.0,37.3,50.35,53.78,52.37,55.08,39.09,52.4,52.58,42.28,56.22,46.62,31.09,45.5,36.83,43.37,47.36,51.6,53.35,54.62,47.41,54.52,55.96,45.39,47.42,47.12,45.94,46.89,43.69,48.93,48.31
2019-01-13 11:05:00,28.75,33.7,36.99,37.29,50.34,53.77,52.36,55.07,39.09,52.39,52.57,42.27,56.22,46.61,31.08,45.5,36.82,43.36,47.36,51.59,53.34,54.61,47.41,54.51,55.95,45.38,47.42,47.11,45.94,46.89,43.68,48.92,48.31
2019-01-13 11:10:00,28.74,33.69,36.98,37.28,50.34,53.77,52.35,55.07,39.09,52.39,52.57,42.27,56.21,46.6,31.07,45.49,36.81,43.36,47.35,51.59,53.34,54.61,47.4,54.51,55.94,45.38,47.41,47.11,45.93,46.88,43.68,48.92,48.3
2019-01-13 11:15:00,28.73,33.68,36.97,37.28,50.34,53.76,52.35,55.06,39.09,52.38,52.56,42.27,56.21,46.6,31.07,45.49,36.81,43.35,47.35,51.59,53.33,54.6,47.4,54.5,55.94,45.37,47.41,47.1,45.93,46.88,43.68,48.91,48.3
2019-01-13 11:20:00,28.72,33.67,36.96,37.27,50.33,53.76,52.34,55.06,39.09,52.38,52.56,42.27,56.21,46.59,31.06,45.48,36.8,43.35,47.35,51.59,53.33,54.6,47.39,54.5,55.94,45.37,47.4,47.1,45.93,46.87,43.68,48.91,48.3
2019-01-13 11:25:00,28.71,33.66,36.95,37.27,50.33,53.76,52.34,55.05,39.09,52.37,52.56,42.26,56.2,46.59,31.06,45.48,36.8,43.34,47.35,51.58,53.33,54.59,47.39,54.5,55.93,45.36,47.4,47.1,45.92,46.87,43.68,48.91,48.3
2019-01-13 11:30:00,28.7,33.65,36.94,37.27,50.33,53.76,52.34,55.05,39.09,52.37,52.55,42.26,56.2,46.59,31.06,45.48,36.8,43.34,47.34,51.58,53.33,54.59,47.39,54.49,55.93,45.36,47.4,47.1,45.92,46.87,43.68,48.9,48.3
2019-01-13 11:35:00,28.69,33.64,36.93,37.27,50.33,53.76,52.34,55.05,39.09,52.37,52.55,42.26,56.2,46.59,31.06,45.47,36.8,43.34,47.34,51.58,53.33,54.59,47.39,54.49,55.93,45.36,47.4,47.1,45.92,46.87,43.68,48.9,48.29
2019-01-13 11:40:00,28.68,33.63,36.92,37.27,50.33,53.76,52.34,55.05,39.09,52.37,52.55,42.26,56.2,46.59,31.06,45.47,36.8,43.34,47.34,51.58,53.33,54.59,47.38,54.49,55.93,45.36,47.4,47.09,45.92,46.87,43.68,48.9,48.29
2019-01-13 11:45:00,28.67,33.62,36.91,37.27,50.33,53.75,52.33,55.05,39.09,52.37,52.55,42.26,56.2,46.58,31.05,45.47,36.8,43.34,47.34,51.58,53.32,54.59,47.38,54.49,55.93,45.36,47.4,47.09,45.92,46.87,43.68,48.9,48.29
2019-01-13 11:50:00,28.66,33.61,36.9,37.27,50.33,53.75,52.33,55.05,39.09,52.37,52.55,42.26,56.2,46.58,31.05,45.47,36.8,43.34,47.34,51.58,53.32,54.59,47.38,54.49,55.93,45.36,47.4,47.09,45.92,46.87,43.68,48.9,48.29
2019-01-13 11:55:00,28.65,33.6,36.89,37.27,50.33,53.75,52.34,55.05,39.09,52.37,52.55,42.26,56.2,46.58,31.06,45.47,36.8,43.34,47.34,51.58,53.33,54.59,47.38,54.49,55.93,45.36,47.4,47.09,45.92,46.87,43.68,48.9,48.29
2019-01-13 12:00:00,28.64,33.59,36.88,37.27,50.33,53.76,52.34,55.05,39.09,52.37,52.55,42.26,56.2,46.59,31.06,45.47,36.8,43.34,47.34,51.58,53.33,54.59,47.39,54.49,55.93,45.36,47.4,47.1,45.92,46.87,43.68,48.9,48.29
2019-01-13 12:05:00,28.64,33.58,36.88,37.27,50.33,53.76,52.34,55.05,39.09,52.37,52.55,42.26,56.2,46.59,31.06,45.48,36.8,43.34,47.34,51.58,53.33,54.59,47.39,54.49,55.93,45.36,47.4,47.1,45.92,46.87,43.68,48.9,48.3
2019-01-13 12:10:00,28.63,33.57,36.87,37.27,50.33,53.76,52.34,55.05,39.09,52.37,52.56,42.26,56.2,46.59,31.06,45.48,36.8,43.34,47.34,51.58,53.33,54.59,47.39,54.49,55.93,45.36,47.4,47.1,45.92,46.87,43.68,48.9,48.3
2019-01-13 12:15:00,28.62,33.56,36.86,37.27,50.33,53.76,52.34,55.05,39.09,52.37,52.56,42.26,56.2,46.59,31.06,45.48,36.8,43.34,47.35,51.59,53.33,54.59,47.39,54.5,55.93,45.36,47.4,47.1,45.92,46.87,43.68,48.91,48.3
2019-01-13 12:20:00,28.61,33.55,36.85,37.27,50.33,53.76,52.34,55.06,39.09,52.38,52.56,42.27,56.21,46.59,31.06,45.48,36.8,43.35,47.35,51.59,53.33,54.6,47.39,54.5,55.94,45.37,47.4,47.1,45.93,46.87,43.68,48.91,48.3
2019-01-13 12:25:00,28.6,33.54,36.84,37.28,50.34,53.76,52.35,55.06,39.09,52.38,52.56,42.27,56.21,46.6,31.07,45.48,36.81,43.35,47.35,51.59,53.33,54.6,47.39,54.5,55.94,45.37,47.41,47.1,45.93,46.88,43.68,48.91,48.3
2019-01-13 12:30:00,28.59,33.54,36.83,37.28,50.34,53.76,52.35,55.06,39.09,52.38,52.56,42.27,56.21,46.6,31.07,45.49,36.81,43.35,47.35,51.59,53.33,54.6,47.4,54.5,55.94,45.37,47.41,47.11,45.93,46.88,43.68,48.91,48.3
2019-01-13 12:35:00,28.58,33.53,36.82,37.28,50.34,53.77,52.35,55.07,39.09,52.38,52.57,42.27,56.21,46.6,31.07,45.49,36.81,43.35,47.35,51.59,53.34,54.6,47.4,54.51,55.94,45.37,47.41,47.11,45.93,46.88,43.68,48.92,48.3
2019-01-13 12:40:00,28.57,33.52,36.81,37.29,50.34,53.77,52.35,55.07,39.09,52.39,52.57,42.27,56.21,46.6,31.08,45.49,36.81,43.36,47.35,51.59,53.34,54.61,47.4,54.51,55.95,45.38,47.41,47.11,45.93,46.88,43.68,48.92,48.31
2019-01-13 12:45:00,28.56,33.51,36.8,37.29,50.34,53.77,52.36,55.07,39.09,52.39,52.57,42.27,56.22,46.61,31.08,45.49,36.82,43.36,47.36,51.59,53.34,54.61,47.41,54.51,55.95,45.38,47.42,47.11,45.93,46.88,43.68,48.92,48.31
2019-01-13 12:50:00,28.55,33.5,36.79,37.29,50.34,53.77,52.36,55.07,39.09,52.39,52.57,42.27,56.22,46.61,31.08,45.5,36.82,43.36,47.36,51.59,53.34,54.61,47.41,54.51,55.95,45.38,47.42,47.11,45.94,46.89,43.68,48.92,48.31
2019-01-13 12:55:00,28.54,33.49,36.78,37.29,50.35,53.77,52.36,55.08,39.09,52.4,52.58,42.28,56.22,46.61,31.09,45.5,36.82,43.37,47.36,51.59,53.34,54.61,47.41,54.52,55.95,45.38,47.42,47.12,45.94,46.89,43.69,48.92,48.31
2019-01-13 13:00:00,28.53,33.48,36.77,37.3,50.35,53.78,52.37,55.08,39.09,52.4,52.58,42.28,56.22,46.62,31.09,45.5,36.83,43.37,47.36,51.6,53.35,54.62,47.41,54.52,55.96,45.39,47.43,47.12,45.94,46.89,43.69,48.93,48.31
2019-01-13 13:05:00,28.52,33.47,36.76,37.3,50.35,53.78,52.37,55.09,39.09,52.4,52.58,42.28,56.23,46.62,31.09,45.51,36.83,43.37,47.36,51.6,53.35,54.62,47.42,54.52,55.96,45.39,47.43,47.12,45.94,46.9,43.69,48.93,48.32
2019-01-13 13:10:00,28.52,33.46,36.75,37.31,50.35,53.78,52.38,55.09,39.09,52.41,52.59,42.28,56.23,46.63,31.1,45.51,36.84,43.38,47.37,51.6,53.35,54.62,47.42,54.53,55.97,45.39,47.43,47.13,45.95,46.9,43.69,48.93,48.32
2019-01-13 13:15:00,28.51,33.45,36.75,37.31,50.36,53.79,52.38,55.1,39.09,52.41,52.59,42.29,56.23,46.63,31.1,45.52,36.84,43.38,47.37,51.6,53.36,54.63,47.43,54.53,55.97,45.4,47.44,47.13,45.95,46.9,43.69,48.94,48.32
2019-01-13 13:20:00,28.5,33.45,36.74,37.32,50.36,53.79,52.39,55.1,39.09,52.42,52.6,42.29,56.24,46.64,31.11,45.52,36.85,43.39,47.37,51.6,53.36,54.63,47.43,54.54,55.98,45.4,47.44,47.14,45.95,46.91,43.69,48.94,48.33
2019-01-13 13:25:00,28.49,33.44,36.73,37.32,50.36,53.8,52.39,55.11,39.09,52.42,52.6,42.29,56.24,46.64,31.12,45.53,36.85,43.4,47.38,51.61,53.36,54.64,47.44,54.54,55.98,45.41,47.45,47.14,45.96,46.91,43.7,48.95,48.33
2019-01-13 13:30:00,28.48,33.43,36.72,37.33,50.37,53.8,52.4,55.11,39.09,52.43,52.6,42.3,56.25,46.65,31.12,45.53,36.86,43.4,47.38,51.61,53.37,54.64,47.44,54.54,55.99,45.41,47.45,47.15,45.96,46.92,43.7,48.95,48.33
2019-01-13 13:35:00,28.47,33.42,36.71,37.33,50.37,53.8,52.4,55.12,39.09,52.43,52.61,42.3,56.25,46.65,31.13,45.54,36.86,43.41,47.38,51.61,53.37,54.64,47.45,54.55,55.99,45.42,47.46,47.15,45.96,46.92,43.7,48.96,48.33
2019-01-13 13:40:00,28.47,33.41,36.7,37.34,50.37,53.81,52.41,55.12,39.09,52.44,52.61,42.3,56.25,46.66,31.13,45.54,36.87,43.41,47.39,51.61,53.37,54.65,47.45,54.55,56.0,45.42,47.46,47.15,45.97,46.92,43.7,48.96,48.34
2019-01-13 13:45:00,28.46,33.4,36.69,37.34,50.37,53.81,52.41,55.12,39.09,52.44,52.62,42.3,56.26,46.66,31.14,45.54,36.87,43.41,47.39,51.61,53.38,54.65,47.45,54.56,56.0,45.42,47.47,47.16,45.97,46.93,43.7,48.96,48.34
2019-01-13 13:50:00,28.45,33.39,36.69,37.35,50.38,53.81,52.41,55.13,39.09,52.45,52.62,42.3,56.26,46.66,31.14,45.55,36.87,43.42,47.39,51.62,53.38,54.65,47.46,54.56,56.01,45.43,47.47,47.16,45.97,46.93,43.7,48.97,48.34
2019-01-13 13:55:00,28.44,33.39,36.68,37.35,50.38,53.81,52.42,55.13,39.09,52.45,52.62,42.31,56.26,46.67,31.14,45.55,36.88,43.42,47.39,51.62,53.38,54.65,47.46,54.56,56.01,45.43,47.47,47.16,45.97,46.93,43.7,48.97,48.34
2019-01-13 14:00:00,28.43,33.38,36.67,37.35,50.38,53.81,52.42,55.13,39.09,52.45,52.62,42.31,56.26,46.67,31.15,45.55,36.88,43.42,47.39,51.62,53.38,54.66,47.46,54.56,56.01,45.43,47.48,47.16,45.98,46.93,43.71,48.97,48.35
2019-01-13 14:05:00,28.42,33.37,36.66,37.36,50.38,53.82,52.42,55.14,39.09,52.46,52.63,42.31,56.27,46.67,31.15,45.56,36.89,43.43,47.4,51.62,53.38,54.66,47.47,54.57,56.02,45.43,47.48,47.17,45.98,46.94,43.71,48.97,48.35
2019-01-13 14:10:00,28.41,33.36,36.65,37.36,50.38,53.82,52.43,55.14,39.09,52.46,52.63,42.31,56.27,46.68,31.15,45.56,36.89,43.43,47.4,51.62,53.39,54.66,47.47,54.57,56.02,45.44,47.48,47.17,45.98,46.94,43.71,48.98,48.35
2019-01-13 14:15:00,28.41,33.35,36.64,37.36,50.39,53.82,52.43,55.14,39.09,52.46,52.63,42.31,56.27,46.68,31.16,45.56,36.89,43.43,47.4,51.62,53.39,54.66,47.47,54.57,56.02,45.44,47.48,47.17,45.98,46.94,43.71,48.98,48.35
2019-01-13 14:20:00,28.4,33.34,36.63,37.37,50.39,53.82,52.43,55.15,39.09,52.46,52.64,42.32,56.27,46.68,31.16,45.57,36.89,43.44,47.4,51.62,53.39,54.67,47.48,54.57,56.02,45.44,47.49,47.17,45.98,46.94,43.71,48.98,48.35
2019-01-13 14:25:00,28.39,33.33,36.62,37.37,50.39,53.82,52.43,55.15,39.09,52.47,52.64,42.32,56.27,46.68,31.16,45.57,36.9,43.44,47.4,51.62,53.39,54.67,47.48,54.58,56.03,45.44,47.49,47.18,45.99,46.95,43.71,48.98,48.36
2019-01-13 14:30:00,28.38,33.33,36.62,37.37,50.39,53.83,52.44,55.15,39.09,52.47,52.64,42.32,56.28,46.69,31.17,45.57,36.9,43.44,47.4,51.63,53.39,54.67,47.48,54.58,56.03,45.45,47.49,47.18,45.99,46.95,43.71,48.98,48.36
2019-01-13 14:35:00,28.37,33.32,36.61,37.37,50.39,53.83,52.44,55.15,39.09,52.47,52.64,42.32,56.28,46.69,31.17,45.57,36.9,43.44,47.41,51.63,53.39,54.67,47.48,54.58,56.03,45.45,47.49,47.18,45.99,46.95,43.71,48.99,48.36
2019-01-13 14:40:00,28.36,33.31,36.6,37.37,50.39,53.83,52.44,55.15,39.09,52.47,52.64,42.32,56.28,46.69,31.17,45.57,36.9,43.44,47.41,51.63,53.39,54.67,47.48,54.58,56.03,45.45,47.49,47.18,45.99,46.95,43.71,48.99,48.36
2019-01-13 14:45:00,28.35,33.3,36.59,37.37,50.39,53.83,52.44,55.15,39.09,52.47,52.64,42.32,56.28,46.69,31.17,45.57,36.9,43.44,47.41,51.63,53.4,54.67,47.48,54.58,56.03,45.45,47.5,47.18,45.99,46.95,43.71,48.99,48.36
2019-01-13 14:50:00,28.35,33.29,36.58,37.38,50.39,53.83,52.44,55.16,39.09,52.47,52.64,42.32,56.28,46.69,31.17,45.58,36.9,43.45,47.41,51.63,53.4,54.67,47.49,54.58,56.03,45.45,47.5,47.18,45.99,46.95,43.71,48.99,48.36
2019-01-13 14:55:00,28.34,33.28,36.57,37.38,50.4,53.83,52.44,55.16,39.09,52.48,52.65,42.32,56.28,46.7,31.17,45.58,36.91,43.45,47.41,51.63,53.4,54.68,47.49,54.58,56.04,45.45,47.5,47.19,45.99,46.95,43.71,48.99,48.36
2019-01-13 15:00:00,28.33,33.27,36.56,37.38,50.4,53.83,52.45,55.16,39.09,52.48,52.65,42.32,56.28,46.7,31.18,45.58,36.91,43.45,47.41,51.63,53.4,54.68,47.49,54.59,56.04,45.45,47.5,47.19,45.99,46.96,43.71,48.99,48.36
2019-01-13 15:05:00,28.32,33.27,36.55,37.38,50.4,53.83,52.45,55.16,39.09,52.48,52.65,42.33,56.29,46.7,31.18,45.58,36.91,43.45,47.41,51.63,53.4,54.68,47.49,54.59,56.04,45.46,47.5,47.19,46.0,46.96,43.72,49.0,48.37
2019-01-13 15:10:00,28.31,33.26,36.55,37.39,50.4,53.84,52.45,55.17,39.09,52.48,52.65,42.33,56.29,46.7,31.18,45.59,36.91,43.46,47.41,51.63,53.4,54.68,47.5,54.59,56.04,45.46,47.51,47.19,46.0,46.96,43.72,49.0,48.37
2019-01-13 15:15:00,28.3,33.25,36.54,37.39,50.4,53.84,52.45,55.17,39.09,52.49,52.66,42.33,56.29,46.71,31.19,45.59,36.92,43.46,47.42,51.63,53.4,54.68,47.5,54.59,56.05,45.46,47.51,47.19,46.0,46.96,43.72,49.0,48.37
2019-01-13 15:20:00,28.29,33.24,36.53,37.39,50.4,53.84,52.46,55.17,39.09,52.49,52.66,42.33,56.29,46.71,31.19,45.59,36.92,43.46,47.42,51.63,53.41,54.69,47.5,54.6,56.05,45.46,47.51,47.2,46.0,46.97,43.72,49.0,48.37
2019-01-13 15:25:00,28.29,33.23,36.52,37.39,50.4,53.84,52.46,55.17,39.09,52.49,52.66,42.33,56.29,46.71,31.19,45.59,36.92,43.46,47.42,51.64,53.41,54.69,47.5,54.6,56.05,45.46,47.51,47.2,46.0,46.97,43.72,49.0,48.37
2019-01-13 15:30:00,28.28,33.22,36.51,37.4,50.41,53.84,52.46,55.18,39.09,52.49,52.66,42.33,56.29,46.71,31.19,45.6,36.92,43.47,47.42,51.64,53.41,54.69,47.5,54.6,56.05,45.47,47.52,47.2,46.01,46.97,43.72,49.01,48.37
2019-01-13 15:35:00,28.27,33.22,36.5,37.4,50.41,53.84,52.46,55.18,39.09,52.49,52.66,42.33,56.3,46.71,31.2,45.6,36.93,43.47,47.42,51.64,53.41,54.69,47.51,54.6,56.06,45.47,47.52,47.2,46.01,46.97,43.72,49.01,48.37
2019-01-13 15:40:00,28.26,33.21,36.5,37.4,50.41,53.84,52.47,55.18,39.09,52.5,52.67,42.34,56.3,46.72,31.2,45.6,36.93,43.47,47.42,51.64,53.41,54.69,47.51,54.6,56.06,45.47,47.52,47.2,46.01,46.97,43.72,49.01,48.38
2019-01-13 15:45:00,28.25,33.2,36.49,37.4,50.41,53.85,52.47,55.18,39.09,52.5,52.67,42.34,56.3,46.72,31.2,45.6,36.93,43.47,47.42,51.64,53.41,54.69,47.51,54.6,56.06,45.47,47.52,47.2,46.01,46.97,43.72,49.01,48.38
2019-01-13 15:50:00,28.24,33.19,36.48,37.4,50.41,53.85,52.47,55.18,39.09,52.5,52.67,42.34,56.3,46.72,31.2,45.6,36.93,43.47,47.42,51.64,53.41,54.69,47.51,54.6,56.06,45.47,47.52,47.21,46.01,46.97,43.72,49.01,48.38
2019-01-13 15:55:00,28.24,33.18,36.47,37.4,50.41,53.85,52.47,55.18,39.09,52.5,52.67,42.34,56.3,46.72,31.2,45.6,36.93,43.47,47.42,51.64,53.41,54.69,47.51,54.61,56.06,45.47,47.52,47.21,46.01,46.98,43.72,49.01,48.38
2019-01-13 16:00:00,28.23,33.17,36.46,37.41,50.41,53.85,52.47,55.18,39.09,52.5,52.67,42.34,56.3,46.72,31.2,45.6,36.93,43.48,47.42,51.64,53.41,54.69,47.51,54.61,56.06,45.47,47.52,47.21,46.01,46.98,43.72,49.01,48.38
2019-01-13 16:05:00,28.22,33.16,36.45,37.41,50.41,53.85,52.47,55.19,39.09,52.5,52.67,42.34,56.3,46.72,31.2,45.6,36.93,43.48,47.42,51.64,53.41,54.69,47.51,54.61,56.06,45.47,47.52,47.21,46.01,46.98,43.72,49.01,48.38
2019-01-13 16:10:00,28.21,33.16,36.44,37.41,50.41,53.85,52.47,55.18,39.09,52.5,52.67,42.34,56.3,46.72,31.2,45.6,36.93,43.48,47.42,51.64,53.41,54.69,47.51,54.61,56.06,45.47,47.52,47.21,46.01,46.98,43.72,49.01,48.38
2019-01-13 16:15:00,28.2,33.15,36.44,37.4,50.41,53.85,52.47,55.18,39.09,52.5,52.67,42.34,56.3,46.72,31.2,45.6,36.93,43.47,47.42,51.64,53.41,54.69,47.51,54.61,56.06,45.47,47.52,47.21,46.01,46.98,43.72,49.01,48.38
2019-01-13 16:20:00,28.19,33.14,36.43,37.4,50.41,53.85,52.47,55.18,39.09,52.5,52.67,42.34,56.3,46.72,31.2,45.6,36.93,43.47,47.42,51.64,53.41,54.69,47.51,54.6,56.06,45.47,47.52,47.21,46.01,46.98,43.72,49.01,48.38
2019-01-13 16:25:00,28.18,33.13,36.42,37.4,50.41,53.84,52.47,55.18,39.09,52.5,52.67,42.34,56.3,46.72,31.2,45.6,36.93,43.47,47.42,51.64,53.41,54.69,47.51,54.6,56.06,45.47,47.52,47.21,46.01,46.97,43.72,49.01,48.38
2019-01-13 16:30:00,28.17,33.12,36.41,37.4,50.41,53.84,52.47,55.18,39.09,52.49,52.67,42.34,56.3,46.72,31.2,45.6,36.93,43.47,47.42,51.64,53.41,54.69,47.51,54.6,56.06,45.47,47.52,47.2,46.01,46.97,43.72,49.01,48.38
2019-01-13 16:35:00,28.17,33.11,36.4,37.4,50.41,53.84,52.46,55.18,39.09,52.49,52.66,42.34,56.3,46.71,31.2,45.6,36.93,43.47,47.42,51.64,53.41,54.69,47.51,54.6,56.06,45.47,47.52,47.2,46.01,46.97,43.72,49.01,48.37
2019-01-13 16:40:00,28.16,33.1,36.39,37.4,50.4,53.84,52.46,55.18,39.09,52.49,52.66,42.33,56.29,46.71,31.19,45.59,36.92,43.47,47.42,51.64,53.41,54.69,47.5,54.6,56.05,45.47,47.52,47.2,46.01,46.97,43.72,49.01,48.37
2019-01-13 16:45:00,28.15,33.09,36.38,37.39,50.4,53.84,52.46,55.17,39.09,52.49,52.66,42.33,56.29,46.71,31.19,45.59,36.92,43.46,47.42,51.64,53.41,54.69,47.5,54.6,56.05,45.47,47.51,47.2,46.0,46.97,43.72,49.01,48.37
2019-01-13 16:50:00,28.14,33.08,36.37,37.39,50.4,53.84,52.46,55.17,39.09,52.49,52.66,42.33,56.29,46.71,31.19,45.59,36.92,43.46,47.42,51.63,53.41,54.68,47.5,54.59,56.05,45.46,47.51,47.2,46.0,46.97,43.72,49.0,48.37
2019-01-13 16:55:00,28.13,33.07,36.36,37.39,50.4,53.84,52.46,55.17,39.09,52.48,52.66,42.33,56.29,46.71,31.19,45.59,36.92,43.46,47.42,51.63,53.4,54.68,47.5,54.59,56.05,45.46,47.51,47.2,46.0,46.97,43.72,49.0,48.37
2019-01-13 17:00:00,28.12,33.07,36.35,37.39,50.4,53.84,52.45,55.17,39.09,52.48,52.66,42.33,56.29,46.71,31.19,45.59,36.92,43.46,47.41,51.63,53.4,54.68,47.5,54.59,56.05,45.46,47.51,47.2,46.0,46.96,43.72,49.0,48.37
2019-01-13 17:05:00,28.11,33.06,36.35,37.39,50.4,53.83,52.45,55.17,39.09,52.48,52.66,42.33,56.29,46.7,31.18,45.59,36.92,43.46,47.41,51.63,53.4,54.68,47.5,54.59,56.04,45.46,47.51,47.19,46.0,46.96,43.72,49.0,48.37
2019-01-13 17:10:00,28.1,33.05,36.34,37.38,50.4,53.83,52.45,55.16,39.09,52.48,52.65,42.33,56.29,46.7,31.18,45.58,36.91,43.46,47.41,51.63,53.4,54.68,47.49,54.59,56.04,45.46,47.51,47.19,46.0,46.96,43.72,49.0,48.37
2019-01-13 17:15:00,28.09,33.04,36.33,37.38,50.4,53.83,52.45,55.16,39.09,52.48,52.65,42.33,56.28,46.7,31.18,45.58,36.91,43.45,47.41,51.63,53.4,54.68,47.49,54.59,56.04,45.46,47.5,47.19,46.0,46.96,43.72,49.0,48.37
2019-01-13 17:20:00,28.08,33.03,36.32,37.38,50.39,53.83,52.45,55.16,39.09,52.47,52.65,42.33,56.28,46.7,31.18,45.58,36.91,43.45,47.41,51.63,53.4,54.67,47.49,54.58,56.04,45.45,47.5,47.19,46.0,46.96,43.72,49.0,48.36
2019-01-13 17:25:00,28.07,33.02,36.31,37.38,50.39,53.83,52.44,55.16,39.09,52.47,52.65,42.32,56.28,46.69,31.17,45.58,36.91,43.45,47.41,51.63,53.4,54.67,47.49,54.58,56.04,45.45,47.5,47.19,45.99,46.96,43.71,48.99,48.36
2019-01-13 17:30:00,28.06,33.01,36.3,37.37,50.39,53.82,52.44,55.15,39.09,52.47,52.64,42.32,56.28,46.69,31.17,45.57,36.9,43.44,47.41,51.63,53.39,54.67,47.48,54.58,56.03,45.45,47.5,47.18,45.99,46.95,43.71,48.99,48.36
2019-01-13 17:35:00,28.06,33.0,36.29,37.37,50.39,53.82,52.44,55.15,39.09,52.46,52.64,42.32,56.28,46.69,31.17,45.57,36.9,43.44,47.4,51.63,53.39,54.67,47.48,54.58,56.03,45.45,47.49,47.18,45.99,46.95,43.71,48.99,48.36
2019-01-13 17:40:00,28.05,32.99,36.28,37.37,50.39,53.82,52.43,55.15,39.09,52.46,52.64,42.32,56.27,46.68,31.16,45.57,36.9,43.44,47.4,51.62,53.39,54.66,47.48,54.57,56.03,45.44,47.49,47.18,45.99,46.95,43.71,48.99,48.36
2019-01-13 17:45:00,28.04,32.98,36.27,37.36,50.39,53.82,52.43,55.14,39.09,52.46,52.64,42.32,56.27,46.68,31.16,45.57,36.89,43.44,47.4,51.62,53.39,54.66,47.48,54.57,56.02,45.44,47.49,47.18,45.99,46.95,43.71,48.98,48.36
2019-01-13 17:50:00,28.03,32.97,36.26,37.36,50.38,53.82,52.43,55.14,39.09,52.46,52.63,42.32,56.27,46.68,31.16,45.56,36.89,43.43,47.4,51.62,53.39,54.66,47.47,54.57,56.02,45.44,47.48,47.17,45.98,46.94,43.71,48.98,48.35
2019-01-13 17:55:00,28.02,32.96,36.25,37.36,50.38,53.81,52.42,55.14,39.09,52.45,52.63,42.31,56.27,46.67,31.15,45.56,36.89,43.43,47.4,51.62,53.38,54.66,47.47,54.57,56.02,45.44,47.48,47.17,45.98,46.94,43.71,48.98,48.35
2019-01-13 18:00:00,28.01,32.95,36.24,37.35,50.38,53.81,52.42,55.13,39.09,52.45,52.63,42.31,56.26,46.67,31.15,45.56,36.88,43.43,47.39,51.62,53.38,54.65,47.47,54.56,56.01,45.43,47.48,47.17,45.98,46.94,43.71,48.98,48.35
2019-01-13 18:05:00,28.0,32.94,36.23,37.35,50.38,53.81,52.42,55.13,39.09,52.44,52.63,42.31,56.26,46.67,31.15,45.55,36.88,43.42,47.39,51.62,53.38,54.65,47.46,54.56,56.01,45.43,47.47,47.17,45.98,46.94,43.71,48.97,48.35
2019-01-13 18:10:00,27.99,32.93,36.22,37.35,50.37,53.81,52.41,55.13,39.09,52.44,52.62,42.31,56.26,46.66,31.14,45.55,36.88,43.42,47.39,51.62,53.38,54.65,47.46,54.56,56.01,45.43,47.47,47.16,45.97,46.93,43.7,48.97,48.34
2019-01-13 18:15:00,27.98,32.92,36.21,37.34,50.37,53.8,52.41,55.12,39.09,52.44,52.62,42.31,56.25,46.66,31.14,45.54,36.87,43.41,47.39,51.61,53.37,54.64,47.45,54.55,56.0,45.42,47.47,47.16,45.97,46.93,43.7,48.97,48.34
2019-01-13 18:20:00,27.97,32.91,36.2,37.34,50.37,53.8,52.4,55.12,39.09,52.43,52.61,42.3,56.25,46.65,31.13,45.54,36.87,43.41,47.38,51.61,53.37,54.64,47.45,54.55,56.0,45.42,47.46,47.15,45.97,46.93,43.7,48.96,48.34
2019-01-13 18:25:00,27.96,32.9,36.19,37.33,50.37,53.8,52.4,55.11,39.09,52.43,52.61,42.3,56.25,46.65,31.13,45.54,36.86,43.4,47.38,51.61,53.37,54.64,47.45,54.54,55.99,45.42,47.46,47.15,45.97,46.92,43.7,48.96,48.34
2019-01-13 18:30:00,27.95,32.9,36.19,37.33,50.36,53.79,52.4,55.11,39.09,52.42,52.61,42.3,56.24,46.65,31.12,45.53,36.86,43.4,47.38,51.61,53.36,54.63,47.44,54.54,55.99,45.41,47.45,47.15,45.96,46.92,43.7,48.96,48.33
2019-01-13 18:35:00,27.94,32.89,36.18,37.32,50.36,53.79,52.39,55.11,39.09,52.42,52.6,42.3,56.24,46.64,31.12,45.53,36.85,43.4,47.37,51.61,53.36,54.63,47.44,54.54,55.98,45.41,47.45,47.14,45.96,46.92,43.7,48.95,48.33
2019-01-13 18:40:00,27.93,32.88,36.17,37.32,50.36,53.79,52.39,55.1,39.09,52.42,52.6,42.29,56.24,46.64,31.12,45.53,36.85,43.39,47.37,51.6,53.36,54.63,47.44,54.53,55.98,45.41,47.45,47.14,45.96,46.91,43.7,48.95,48.33
2019-01-13 18:45:00,27.92,32.87,36.16,37.32,50.36,53.79,52.39,55.1,39.09,52.41,52.6,42.29,56.24,46.64,31.11,45.52,36.85,43.39,47.37,51.6,53.36,54.63,47.43,54.53,55.98,45.4,47.45,47.14,45.96,46.91,43.7,48.95,48.33
2019-01-13 18:50:00,27.91,32.86,36.15,37.32,50.36,53.78,52.38,55.1,39.09,52.41,52.6,42.29,56.24,46.63,31.11,45.52,36.85,43.39,47.37,51.6,53.36,54.62,47.43,54.53,55.98,45.4,47.44,47.14,45.96,46.91,43.69,48.95,48.33
2019-01-13 18:55:00,27.9,32.85,36.14,37.31,50.36,53.78,52.38,55.1,39.09,52.41,52.6,42.29,56.23,46.63,31.11,45.52,36.84,43.39,47.37,51.6,53.35,54.62,47.43,54.53,55.97,45.4,47.44,47.14,45.95,46.91,43.69,48.94,48.33
2019-01-13 19:00:00,27.89,32.84,36.13,37.31,50.35,53.78,52.38,55.09,39.09,52.41,52.59,42.29,56.23,46.63,31.11,45.52,36.84,43.38,47.37,51.6,53.35,54.62,47.43,54.53,55.97,45.4,47.44,47.14,45.95,46.91,43.69,48.94,48.32
2019-01-13 19:05:00,27.88,32.83,36.12,37.31,50.35,53.78,52.38,55.09,39.09,52.41,52.59,42.29,56.23,46.63,31.1,45.52,36.84,43.38,47.37,51.6,53.35,54.62,47.43,54.53,55.97,45.4,47.44,47.13,45.95,46.91,43.69,48.94,48.32
2019-01-13 19:10:00,27.87,32.82,36.11,37.31,50.35,53.78,52.38,55.09,39.09,52.4,52.59,42.29,56.23,46.63,31.1,45.51,36.84,43.38,47.37,51.6,53.35,54.62,47.42,54.52,55.97,45.4,47.44,47.13,45.95,46.9,43.69,48.94,48.32
2019-01-13 19:15:00,27.86,32.81,36.1,37.31,50.35,53.78,52.37,55.09,39.09,52.4,52.59,42.29,56.23,46.62,31.1,45.51,36.84,43.38,47.36,51.6,53.35,54.62,47.42,54.52,55.97,45.39,47.43,47.13,45.95,46.9,43.69,48.94,48.32
2019-01-13 19:20:00,27.85,32.8,36.09,37.3,50.35,53.78,52.37,55.09,39.09,52.4,52.59,42.28,56.23,46.62,31.1,45.51,36.83,43.38,47.36,51.6,53.35,54.61,47.42,54.52,55.96,45.39,47.43,47.13,45.95,46.9,43.69,48.94,48.32
2019-01-13 19:25:00,27.84,32.79,36.08,37.3,50.35,53.77,52.37,55.08,39.09,52.4,52.59,42.28,56.22,46.62,31.1,45.51,36.83,43.37,47.36,51.6,53.35,54.61,47.42,54.52,55.96,45.39,47.43,47.13,45.95,46.9,43.69,48.93,48.32
2019-01-13 19:30:00,27.83,32.78,36.07,37.3,50.35,53.77,52.37,55.08,39.09,52.39,52.58,42.28,56.22,46.62,31.09,45.51,36.83,43.37,47.36,51.6,53.34,54.61,47.42,54.52,55.96,45.39,47.43,47.13,45.95,46.9,43.69,48.93,48.32
2019-01-13 19:35:00,27.82,32.77,36.06,37.3,50.35,53.77,52.37,55.08,39.09,52.39,52.58,42.28,56.22,46.62,31.09,45.5,36.83,43.37,47.36,51.6,53.34,54.61,47.41,54.52,55.96,45.39,47.43,47.12,45.95,46.9,43.69,48.93,48.32
2019-01-13 19:40:00,27.81,32.76,36.05,37.3,50.35,53.77,52.37,55.08,39.09,52.39,52.58,42.28,56.22,46.62,31.09,45.5,36.83,43.37,47.36,51.59,53.34,54.61,47.41,54.51,55.96,45.39,47.43,47.12,45.94,46.9,43.69,48.93,48.32
2019-01-13 19:45:00,27.81,32.75,36.04,37.3,50.35,53.77,52.37,55.08,39.09,52.39,52.58,42.28,56.22,46.62,31.09,45.5,36.83,43.37,47.36,51.59,53.34,54.61,47.41,54.51,55.96,45.39,47.43,47.12,45.95,46.9,43.69,48.93,48.32
2019-01-13 19:50:00,27.8,32.74,36.03,37.3,50.35,53.77,52.37,55.08,39.09,52.39,52.58,42.28,56.22,46.62,31.09,45.51,36.83,43.37,47.36,51.6,53.34,54.61,47.42,54.52,55.96,45.39,47.43,47.12,45.95,46.9,43.69,48.93,48.32
2019-01-13 19:55:00,27.79,32.73,36.02,37.3,50.35,53.77,52.37,55.08,39.09,52.4,52.59,42.28,56.22,46.62,31.09,45.51,36.83,43.37,47.36,51.6,53.34,54.61,47.42,54.52,55.96,45.39,47.43,47.13,45.95,46.9,43.69,48.93,48.32
2019-01-13 20:00:00,27.78,32.72,36.01,37.3,50.35,53.77,52.37,55.08,39.09,52.4,52.59,42.28,56.23,46.62,31.1,45.51,36.83,43.37,47.36,51.6,53.35,54.61,47.42,54.52,55.96,45.39,47.43,47.13,45.95,46.9,43.69,48.93,48.32
2019-01-13 20:05:00,27.77,32.72,36.01,37.3,50.35,53.77,52.37,55.09,39.09,52.4,52.59,42.28,56.23,46.62,31.1,45.51,36.83,43.37,47.36,51.6,53.35,54.61,47.42,54.52,55.96,45.39,47.43,47.13,45.95,46.9,43.69,48.94,48.32
2019-01-13 20:10:00,27.76,32.71,36.0,37.3,50.35,53.78,52.37,55.09,39.09,52.4,52.59,42.28,56.23,46.62,31.1,45.51,36.83,43.38,47.36,51.6,53.35,54.61,47.42,54.52,55.96,45.39,47.43,47.13,45.95,46.9,43.69,48.94,48.32
2019-01-13 20:15:00,27.75,32.7,35.99,37.3,50.35,53.78,52.37,55.09,39.09,52.4,52.59,42.28,56.23,46.62,31.1,45.51,36.83,43.38,47.36,51.6,53.35,54.61,47.42,54.52,55.96,45.39,47.43,47.13,45.95,46.9,43.69,48.94,48.32
2019-01-13 20:20:00,27.74,32.69,35.98,37.3,50.35,53.77,52.37,55.08,39.09,52.4,52.59,42.28,56.23,46.62,31.1,45.51,36.83,43.37,47.36,51.6,53.35,54.61,47.42,54.52,55.96,45.39,47.43,47.13,45.95,46.9,43.69,48.94,48.32
2019-01-13 20:25:00,27.73,32.68,35.97,37.3,50.35,53.77,52.37,55.08,39.09,52.4,52.59,42.28,56.22,46.62,31.09,45.51,36.83,43.37,47.36,51.6,53.35,54.61,47.42,54.52,55.96,45.39,47.43,47.13,45.95,46.9,43.69,48.93,48.32
2019-01-13 20:30:00,27.72,32.67,35.96,37.3,50.35,53.77,52.37,55.08,39.09,52.39,52.58,42.28,56.22,46.62,31.09,45.5,36.83,43.37,47.36,51.6,53.34,54.61,47.41,54.51,55.96,45.39,47.43,47.12,45.95,46.9,43.69,48.93,48.32
2019-01-13 20:35:00,27.73,32.67,35.96,36.38,50.08,53.47,51.76,54.5,39.09,51.83,52.26,42.07,55.84,45.98,30.27,44.87,36.02,42.71,47.09,51.39,53.03,54.24,46.84,54.07,55.35,44.93,46.98,46.79,45.71,46.61,43.57,48.64,48.1
2019-01-13 20:40:00,27.73,32.68,35.97,36.38,50.07,53.46,51.76,54.49,39.09,51.83,52.26,42.07,55.84,45.98,30.27,44.86,36.02,42.71,47.09,51.38,53.03,54.24,46.83,54.07,55.35,44.93,46.98,46.78,45.71,46.61,43.57,48.64,48.1
2019-01-13 20:45:00,27.74,32.69,35.98,36.38,50.07,53.46,51.76,54.49,39.09,51.82,52.26,42.07,55.84,45.98,30.27,44.86,36.02,42.71,47.09,51.38,53.03,54.23,46.83,54.07,55.35,44.93,46.98,46.78,45.71,46.61,43.57,48.64,48.1
2019-01-13 20:50:00,27.75,32.7,35.99,36.38,50.07,53.46,51.76,54.49,39.09,51.82,52.26,42.07,55.84,45.98,30.26,44.86,36.02,42.71,47.09,51.38,53.03,54.23,46.83,54.06,55.35,44.93,46.98,46.78,45.71,46.61,43.56,48.64,48.1
2019-01-13 20:55:00,27.76,32.71,36.0,36.38,50.07,53.46,51.76,54.49,39.09,51.82,52.26,42.07,55.84,45.98,30.26,44.86,36.02,42.71,47.09,51.38,53.03,54.23,46.83,54.06,55.35,44.93,46.98,46.78,45.71,46.61,43.56,48.64,48.1
2019-01-13 21:00:00,27.77,32.71,36.01,36.38,50.07,53.46,51.76,54.49,39.09,51.82,52.26,42.07,55.84,45.98,30.26,44.86,36.02,42.71,47.09,51.38,53.03,54.23,46.83,54.07,55.35,44.93,46.98,46.78,45.71,46.61,43.56,48.64,48.1
2019-01-13 21:05:00,27.78,32.72,36.01,36.38,50.08,53.46,51.76,54.49,39.09,51.83,52.26,42.07,55.84,45.98,30.27,44.86,36.02,42.71,47.09,51.38,53.03,54.24,46.83,54.07,55.35,44.93,46.98,46.78,45.71,46.61,43.57,48.64,48.1
2019-01-13 21:10:00,27.79,32.73,36.02,36.39,50.08,53.47,51.76,54.5,39.09,51.83,52.26,42.07,55.84,45.98,30.27,44.87,36.02,42.71,47.09,51.39,53.03,54.24,46.84,54.07,55.35,44.93,46.98,46.79,45.71,46.61,43.57,48.64,48.1
2019-01-13 21:15:00,27.8,32.74,36.03,36.39,50.08,53.47,51.77,54.5,39.09,51.84,52.27,42.08,55.85,45.99,30.28,44.87,36.03,42.72,47.1,51.39,53.04,54.24,46.84,54.08,55.36,44.94,46.99,46.79,45.72,46.62,43.57,48.65,48.1
2019-01-13 21:20:00,27.81,32.75,36.04,36.4,50.09,53.48,51.78,54.51,39.09,51.84,52.27,42.08,55.85,46.0,30.29,44.88,36.04,42.73,47.1,51.39,53.04,54.25,46.85,54.08,55.37,44.94,46.99,46.8,45.72,46.62,43.57,48.65,48.11
2019-01-13 21:25:00,27.82,32.76,36.05,36.41,50.09,53.48,51.78,54.52,39.09,51.85,52.28,42.08,55.86,46.0,30.29,44.89,36.05,42.73,47.1,51.39,53.05,54.26,46.86,54.09,55.37,44.95,47.0,46.8,45.73,46.63,43.57,48.66,48.11
2019-01-13 21:30:00,27.83,32.77,36.06,36.42,50.09,53.49,51.79,54.53,39.09,51.86,52.28,42.09,55.86,46.01,30.3,44.9,36.05,42.74,47.11,51.4,53.05,54.26,46.87,54.1,55.38,44.96,47.01,46.81,45.73,46.63,43.58,48.67,48.12
2019-01-13 21:35:00,27.84,32.78,36.07,36.43,50.1,53.49,51.8,54.54,39.09,51.87,52.29,42.09,55.87,46.02,30.32,44.91,36.07,42.75,47.12,51.4,53.06,54.27,46.88,54.1,55.39,44.96,47.02,46.82,45.74,46.64,43.58,48.67,48.12
2019-01-13 21:40:00,27.85,32.79,36.08,36.44,50.11,53.5,51.81,54.55,39.09,51.88,52.3,42.1,55.88,46.03,30.33,44.92,36.08,42.76,47.12,51.41,53.07,54.28,46.89,54.11,55.4,44.97,47.03,46.83,45.74,46.65,43.58,48.68,48.13
2019-01-13 21:45:00,27.86,32.8,36.09,36.45,50.11,53.51,51.83,54.56,39.09,51.89,52.31,42.11,55.89,46.05,30.34,44.93,36.09,42.78,47.13,51.41,53.07,54.29,46.9,54.12,55.42,44.98,47.04,46.84,45.75,46.66,43.59,48.69,48.14
2019-01-13 21:50:00,27.87,32.81,36.1,36.47,50.12,53.52,51.84,54.57,39.09,51.91,52.32,42.11,55.9,46.06,30.36,44.94,36.1,42.79,47.14,51.42,53.08,54.3,46.91,54.14,55.43,44.99,47.05,46.85,45.76,46.67,43.59,48.7,48.14
2019-01-13 21:55:00,27.88,32.83,36.12,36.48,50.13,53.53,51.85,54.59,39.09,51.92,52.33,42.12,55.91,46.07,30.37,44.95,36.12,42.81,47.15,51.42,53.09,54.31,46.92,54.15,55.44,45.01,47.07,46.86,45.77,46.68,43.6,48.71,48.15
2019-01-13 22:00:00,27.89,32.84,36.13,36.5,50.14,53.54,51.87,54.6,39.09,51.94,52.35,42.13,55.92,46.09,30.39,44.97,36.14,42.82,47.16,51.43,53.1,54.32,46.94,54.16,55.46,45.02,47.08,46.87,45.78,46.69,43.6,48.72,48.16
2019-01-13 22:05:00,27.9,32.85,36.14,36.52,50.15,53.55,51.89,54.62,39.09,51.95,52.36,42.14,55.93,46.11,30.41,44.99,36.16,42.84,47.17,51.44,53.11,54.33,46.96,54.18,55.48,45.04,47.1,46.88,45.79,46.7,43.61,48.74,48.17
2019-01-13 22:10:00,27.92,32.86,36.15,36.54,50.16,53.56,51.91,54.64,39.09,51.97,52.38,42.15,55.95,46.13,30.43,45.01,36.18,42.86,47.18,51.44,53.13,54.35,46.97,54.19,55.5,45.05,47.11,46.9,45.8,46.72,43.61,48.75,48.18
2019-01-13 22:15:00,27.93,32.87,36.16,36.56,50.17,53.58,51.92,54.66,39.09,51.99,52.39,42.16,55.96,46.15,30.45,45.02,36.2,42.88,47.19,51.45,53.14,54.36,46.99,54.21,55.52,45.07,47.13,46.91,45.81,46.73,43.62,48.77,48.19
2019-01-13 22:20:00,27.94,32.89,36.17,36.58,50.18,53.59,51.94,54.67,39.09,52.01,52.41,42.17,55.97,46.17,30.47,45.04,36.22,42.9,47.2,51.46,53.15,54.38,47.01,54.22,55.54,45.08,47.15,46.93,45.82,46.75,43.63,48.78,48.21
2019-01-13 22:25:00,27.95,32.9,36.19,36.6,50.19,53.6,51.96,54.69,39.09,52.03,52.42,42.18,55.99,46.18,30.49,45.06,36.24,42.92,47.21,51.47,53.16,54.39,47.03,54.24,55.55,45.1,47.17,46.94,45.84,46.76,43.63,48.8,48.22
2019-01-13 22:30:00,27.97,32.91,36.2,36.62,50.2,53.61,51.98,54.71,39.09,52.05,52.44,42.19,56.0,46.2,30.52,45.08,36.26,42.94,47.22,51.48,53.17,54.4,47.04,54.25,55.57,45.11,47.18,46.96,45.85,46.77,43.64,48.81,48.23
2019-01-13 22:35:00,27.98,32.92,36.21,36.64,50.21,53.62,52.0,54.73,39.09,52.06,52.45,42.2,56.01,46.22,30.54,45.1,36.27,42.95,47.23,51.48,53.19,54.42,47.06,54.27,55.59,45.13,47.2,46.97,45.86,46.79,43.64,48.82,48.24
2019-01-13 22:40:00,27.99,32.94,36.22,36.66,50.22,53.64,52.01,54.74,39.09,52.08,52.47,42.21,56.03,46.24,30.55,45.11,36.29,42.97,47.24,51.49,53.2,54.43,47.08,54.28,55.61,45.14,47.21,46.98,45.87,46.8,43.65,48.84,48.25
2019-01-13 22:45:00,28.01,32.95,36.23,36.67,50.23,53.65,52.03,54.76,39.09,52.09,52.48,42.22,56.04,46.25,30.57,45.13,36.31,42.99,47.25,51.5,53.21,54.44,47.09,54.3,55.62,45.16,47.23,47.0,45.88,46.81,43.65,48.85,48.26
2019-01-13 22:50:00,28.02,32.96,36.25,36.69,50.24,53.66,52.05,54.78,39.09,52.11,52.49,42.23,56.05,46.27,30.59,45.14,36.33,43.01,47.26,51.5,53.22,54.45,47.11,54.31,55.64,45.17,47.24,47.01,45.89,46.82,43.66,48.86,48.27
2019-01-13 22:55:00,28.03,32.97,36.26,36.71,50.25,53.67,52.06,54.79,39.09,52.13,52.5,42.23,56.06,46.29,30.61,45.16,36.34,43.02,47.27,51.51,53.23,54.47,47.12,54.32,55.66,45.18,47.26,47.02,45.9,46.84,43.66,48.87,48.28
2019-01-13 23:00:00,28.04,32.99,36.27,36.72,50.26,53.68,52.08,54.81,39.09,52.14,52.52,42.24,56.07,46.3,30.63,45.18,36.36,43.04,47.28,51.52,53.24,54.48,47.14,54.34,55.67,45.19,47.27,47.03,45.91,46.85,43.67,48.89,48.28
2019-01-13 23:05:00,28.06,33.0,36.28,36.74,50.27,53.69,52.09,54.82,39.09,52.16,52.53,42.25,56.08,46.32,30.64,45.19,36.38,43.05,47.29,51.52,53.25,54.49,47.15,54.35,55.69,45.21,47.29,47.05,45.92,46.86,43.68,48.9,48.29
2019-01-13 23:10:00,28.07,33.01,36.3,36.76,50.28,53.7,52.11,54.84,39.09,52.17,52.54,42.26,56.09,46.33,30.66,45.21,36.39,43.07,47.3,51.53,53.26,54.5,47.17,54.36,55.7,45.22,47.3,47.06,45.93,46.87,43.68,48.91,48.3
2019-01-13 23:15:00,28.08,33.03,36.31,36.78,50.29,53.71,52.13,54.85,39.09,52.19,52.56,42.27,56.11,46.35,30.68,45.22,36.41,43.09,47.31,51.54,53.27,54.51,47.18,54.38,55.72,45.23,47.32,47.07,45.94,46.88,43.69,48.92,48.31
2019-01-13 23:20:00,28.1,33.04,36.32,36.79,50.3,53.72,52.14,54.87,39.09,52.2,52.57,42.28,56.12,46.37,30.7,45.24,36.43,43.1,47.31,51.54,53.28,54.53,47.2,54.39,55.74,45.25,47.33,47.08,45.95,46.89,43.69,48.93,48.32
2019-01-13 23:25:00,28.11,33.05,36.33,36.81,50.31,53.73,52.16,54.89,39.09,52.22,52.58,42.28,56.13,46.38,30.71,45.25,36.45,43.12,47.32,51.55,53.29,54.54,47.21,54.4,55.75,45.26,47.35,47.1,45.96,46.91,43.7,48.95,48.33
2019-01-13 23:30:00,28.12,33.06,36.35,36.83,50.31,53.74,52.17,54.9,39.09,52.23,52.59,42.29,56.14,46.4,30.73,45.27,36.46,43.14,47.33,51.56,53.3,54.55,47.23,54.42,55.77,45.27,47.36,47.11,45.97,46.92,43.7,48.96,48.34
2019-01-13 23:35:00,28.14,33.08,36.36,36.84,50.32,53.75,52.19,54.92,39.09,52.25,52.61,42.3,56.15,46.41,30.75,45.28,36.48,43.15,47.34,51.56,53.31,54.56,47.24,54.43,55.78,45.29,47.37,47.12,45.98,46.93,43.71,48.97,48.35
2019-01-13 23:40:00,28.15,33.09,36.37,36.86,50.33,53.76,52.2,54.93,39.09,52.27,52.62,42.31,56.16,46.43,30.77,45.3,36.5,43.17,47.35,51.57,53.32,54.57,47.26,54.44,55.8,45.3,47.39,47.13,45.98,46.94,43.71,48.98,48.36
2019-01-13 23:45:00,28.16,33.1,36.38,36.88,50.34,53.77,52.22,54.95,39.09,52.28,52.63,42.32,56.17,46.45,30.78,45.31,36.51,43.18,47.36,51.57,53.33,54.59,47.27,54.46,55.81,45.31,47.4,47.15,45.99,46.95,43.72,48.99,48.37
2019-01-13 23:50:00,28.17,33.12,36.4,36.9,50.35,53.78,52.24,54.96,39.09,52.3,52.64,42.32,56.19,46.46,30.8,45.33,36.53,43.2,47.37,51.58,53.34,54.6,47.29,54.47,55.83,45.33,47.42,47.16,46.0,46.96,43.72,49.01,48.37
2019-01-13 23:55:00,28.19,33.13,36.41,36.91,50.36,53.8,52.25,54.98,39.09,52.31,52.66,42.33,56.2,46.48,30.82,45.35,36.55,43.22,47.38,51.59,53.35,54.61,47.3,54.48,55.85,45.34,47.43,47.17,46.01,46.98,43.73,49.02,48.38
2019-01-14 00:00:00,28.2,33.14,36.42,36.93,50.37,53.81,52.27,55.0,39.09,52.33,52.67,42.34,56.21,46.5,30.84,45.36,36.57,43.24,47.39,51.6,53.36,54.63,47.32,54.5,55.87,45.35,47.45,47.18,46.02,46.99,43.73,49.03,48.39
2019-01-14 00:05:00,28.22,33.16,36.44,36.95,50.38,53.82,52.29,55.02,39.09,52.35,52.68,42.35,56.23,46.52,30.86,45.38,36.59,43.26,47.4,51.6,53.37,54.64,47.34,54.52,55.88,45.37,47.46,47.2,46.04,47.0,43.74,49.04,48.4
2019-01-14 00:10:00,28.23,33.17,36.45,36.97,50.39,53.83,52.31,55.04,39.09,52.37,52.7,42.36,56.24,46.54,30.88,45.4,36.61,43.28,47.41,51.61,53.39,54.66,47.36,54.53,55.9,45.39,47.48,47.21,46.05,47.02,43.74,49.06,48.41
2019-01-14 00:15:00,28.24,33.19,36.46,37.0,50.41,53.85,52.33,55.06,39.09,52.39,52.72,42.37,56.25,46.56,30.91,45.42,36.63,43.3,47.43,51.62,53.4,54.67,47.38,54.55,55.93,45.4,47.5,47.23,46.06,47.03,43.75,49.07,48.43
2019-01-14 00:20:00,28.26,33.2,36.48,37.02,50.42,53.86,52.35,55.08,39.09,52.41,52.73,42.38,56.27,46.58,30.93,45.44,36.65,43.32,47.44,51.63,53.41,54.69,47.4,54.57,55.95,45.42,47.52,47.24,46.07,47.05,43.76,49.09,48.44
2019-01-14 00:25:00,28.27,33.21,36.49,37.04,50.43,53.88,52.37,55.1,39.09,52.44,52.75,42.39,56.29,46.6,30.95,45.46,36.68,43.34,47.45,51.64,53.43,54.71,47.42,54.59,55.97,45.44,47.54,47.26,46.08,47.06,43.76,49.11,48.45
2019-01-14 00:30:00,28.29,33.23,36.51,37.07,50.45,53.9,52.4,55.12,39.09,52.46,52.77,42.41,56.31,46.63,30.98,45.49,36.7,43.37,47.47,51.65,53.45,54.73,47.44,54.61,55.99,45.46,47.56,47.28,46.1,47.08,43.77,49.12,48.46
2019-01-14 00:35:00,28.3,33.24,36.52,37.1,50.46,53.91,52.42,55.15,39.09,52.49,52.79,42.42,56.32,46.65,31.01,45.51,36.73,43.39,47.48,51.66,53.46,54.75,47.46,54.63,56.02,45.48,47.58,47.3,46.11,47.09,43.78,49.14,48.48
2019-01-14 00:40:00,28.32,33.26,36.54,37.12,50.48,53.93,52.45,55.17,39.09,52.51,52.81,42.43,56.34,46.68,31.03,45.54,36.76,43.42,47.5,51.67,53.48,54.76,47.49,54.65,56.04,45.5,47.6,47.32,46.13,47.11,43.79,49.16,48.49
2019-01-14 00:45:00,28.33,33.27,36.55,37.15,50.49,53.95,52.47,55.2,39.09,52.54,52.82,42.44,56.36,46.7,31.06,45.56,36.78,43.44,47.51,51.68,53.49,54.78,47.51,54.67,56.07,45.52,47.63,47.33,46.14,47.13,43.79,49.18,48.5
2019-01-14 00:50:00,28.35,33.29,36.56,37.17,50.5,53.96,52.49,55.22,39.09,52.56,52.84,42.45,56.38,46.73,31.09,45.58,36.81,43.47,47.52,51.69,53.51,54.8,47.53,54.69,56.09,45.54,47.65,47.35,46.15,47.15,43.8,49.19,48.52
2019-01-14 00:55:00,28.36,33.3,36.58,37.2,50.52,53.98,52.52,55.24,39.1,52.58,52.86,42.47,56.39,46.75,31.11,45.6,36.83,43.49,47.54,51.7,53.52,54.82,47.55,54.71,56.11,45.56,47.67,47.37,46.17,47.16,43.81,49.21,48.53
2019-01-14 01:00:00,28.38,33.32,36.59,37.22,50.53,53.99,52.54,55.26,39.1,52.6,52.87,42.48,56.41,46.77,31.13,45.62,36.85,43.51,47.55,51.71,53.54,54.84,47.57,54.73,56.14,45.57,47.68,47.38,46.18,47.17,43.81,49.22,48.54
2019-01-14 01:05:00,28.39,33.33,36.61,37.24,50.54,54.01,52.56,55.28,39.1,52.62,52.89,42.48,56.42,46.79,31.16,45.64,36.87,43.53,47.56,51.71,53.55,54.85,47.59,54.75,56.16,45.59,47.7,47.4,46.19,47.19,43.82,49.24,48.55
2019-01-14 01:10:00,28.41,33.35,36.62,37.26,50.55,54.02,52.58,55.3,39.1,52.64,52.9,42.49,56.44,46.81,31.18,45.66,36.89,43.55,47.57,51.72,53.56,54.87,47.61,54.76,56.17,45.6,47.72,47.41,46.2,47.2,43.82,49.25,48.56
2019-01-14 01:15:00,28.42,33.36,36.64,37.28,50.56,54.03,52.59,55.32,39.1,52.66,52.92,42.5,56.45,46.83,31.19,45.68,36.91,43.57,47.58,51.73,53.57,54.88,47.63,54.78,56.19,45.62,47.73,47.42,46.21,47.21,43.83,49.26,48.57
2019-01-14 01:20:00,28.44,33.38,36.65,37.3,50.57,54.04,52.61,55.33,39.1,52.68,52.93,42.51,56.46,46.84,31.21,45.69,36.93,43.59,47.59,51.74,53.58,54.89,47.64,54.79,56.21,45.63,47.75,47.44,46.22,47.22,43.83,49.27,48.58
2019-01-14 01:25:00,28.45,33.39,36.67,37.31,50.58,54.05,52.63,55.35,39.1,52.69,52.94,42.52,56.47,46.86,31.23,45.71,36.95,43.6,47.6,51.74,53.59,54.91,47.66,54.81,56.23,45.65,47.76,47.45,46.23,47.24,43.84,49.29,48.59
2019-01-14 01:30:00,28.47,33.41,36.68,37.33,50.59,54.07,52.64,55.37,39.1,52.71,52.95,42.53,56.49,46.88,31.25,45.73,36.97,43.62,47.61,51.75,53.61,54.92,47.67,54.82,56.24,45.66,47.78,47.46,46.24,47.25,43.84,49.3,48.59
2019-01-14 01:35:00,28.48,33.42,36.7,37.35,50.6,54.08,52.66,55.39,39.1,52.73,52.97,42.53,56.5,46.9,31.27,45.74,36.98,43.64,47.62,51.76,53.62,54.93,47.69,54.84,56.26,45.67,47.79,47.47,46.25,47.26,43.85,49.31,48.6
2019-01-14 01:40:00,28.5,33.44,36.71,37.37,50.61,54.09,52.68,55.4,39.1,52.75,52.98,42.54,56.51,46.91,31.29,45.76,37.0,43.66,47.63,51.77,53.63,54.95,47.71,54.85,56.28,45.69,47.81,47.49,46.26,47.27,43.85,49.32,48.61
2019-01-14 01:45:00,28.51,33.46,36.73,37.39,50.62,54.1,52.7,55.42,39.1,52.76,52.99,42.55,56.52,46.93,31.31,45.78,37.02,43.67,47.64,51.77,53.64,54.96,47.72,54.87,56.3,45.7,47.82,47.5,46.27,47.28,43.86,49.33,48.62
2019-01-14 01:50:00,28.53,33.47,36.74,37.41,50.63,54.11,52.71,55.44,39.1,52.78,53.0,42.56,56.54,46.95,31.33,45.79,37.04,43.69,47.65,51.78,53.65,54.97,47.74,54.88,56.31,45.72,47.84,47.51,46.28,47.29,43.86,49.34,48.63
2019-01-14 01:55:00,28.54,33.49,36.76,37.42,50.64,54.13,52.73,55.45,39.1,52.8,53.02,42.57,56.55,46.96,31.34,45.81,37.06,43.71,47.66,51.79,53.66,54.99,47.75,54.89,56.33,45.73,47.85,47.52,46.28,47.3,43.87,49.36,48.64
2019-01-14 02:00:00,28.56,33.5,36.77,37.44,50.65,54.14,52.74,55.47,39.1,52.81,53.03,42.57,56.56,46.98,31.36,45.82,37.07,43.72,47.67,51.79,53.67,55.0,47.77,54.91,56.34,45.74,47.86,47.53,46.29,47.31,43.87,49.37,48.65
2019-01-14 02:05:00,28.58,33.52,36.79,37.45,50.66,54.14,52.76,55.48,39.1,52.82,53.04,42.58,56.57,46.99,31.37,45.84,37.09,43.74,47.68,51.8,53.68,55.01,47.78,54.92,56.36,45.75,47.87,47.54,46.3,47.32,43.88,49.37,48.65
2019-01-14 02:10:00,28.59,33.53,36.8,37.47,50.66,54.15,52.77,55.49,39.1,52.84,53.04,42.59,56.58,47.01,31.39,45.85,37.1,43.75,47.69,51.8,53.69,55.02,47.79,54.93,56.37,45.76,47.88,47.55,46.31,47.33,43.88,49.38,48.66
2019-01-14 02:15:00,28.61,33.55,36.82,37.48,50.67,54.16,52.78,55.5,39.1,52.85,53.05,42.59,56.58,47.02,31.4,45.86,37.11,43.76,47.69,51.81,53.69,55.02,47.8,54.94,56.38,45.77,47.89,47.56,46.31,47.34,43.88,49.39,48.66
2019-01-14 02:20:00,28.62,33.56,36.83,37.49,50.67,54.17,52.79,55.51,39.1,52.86,53.06,42.59,56.59,47.03,31.41,45.87,37.12,43.77,47.7,51.81,53.7,55.03,47.81,54.94,56.39,45.78,47.9,47.56,46.32,47.34,43.89,49.4,48.67
2019-01-14 02:25:00,28.64,33.58,36.85,37.5,50.68,54.17,52.8,55.52,39.1,52.87,53.06,42.6,56.6,47.04,31.42,45.88,37.13,43.78,47.7,51.81,53.71,55.04,47.82,54.95,56.4,45.78,47.91,47.57,46.32,47.35,43.89,49.4,48.67
2019-01-14 02:30:00,28.65,33.59,36.86,37.51,50.69,54.18,52.81,55.53,39.1,52.87,53.07,42.6,56.6,47.04,31.43,45.89,37.14,43.79,47.71,51.82,53.71,55.05,47.83,54.96,56.41,45.79,47.92,47.58,46.33,47.35,43.89,49.41,48.68
2019-01-14 02:35:00,28.67,33.61,36.88,37.52,50.69,54.18,52.81,55.54,39.1,52.88,53.08,42.61,56.61,47.05,31.44,45.89,37.15,43.8,47.71,51.82,53.72,55.05,47.83,54.97,56.42,45.8,47.92,47.58,46.33,47.36,43.89,49.41,48.68
2019-01-14 02:40:00,28.68,33.62,36.9,37.53,50.69,54.19,52.82,55.55,39.1,52.89,53.08,42.61,56.62,47.06,31.45,45.9,37.16,43.81,47.72,51.82,53.72,55.06,47.84,54.97,56.42,45.8,47.93,47.59,46.34,47.36,43.9,49.42,48.69
2019-01-14 02:45:00,28.7,33.64,36.91,37.54,50.7,54.2,52.83,55.56,39.1,52.9,53.09,42.61,56.62,47.07,31.46,45.91,37.17,43.81,47.72,51.83,53.73,55.07,47.85,54.98,56.43,45.81,47.94,47.59,46.34,47.37,43.9,49.42,48.69
2019-01-14 02:50:00,28.71,33.66,36.93,37.54,50.7,54.2,52.84,55.56,39.1,52.91,53.09,42.62,56.63,47.08,31.46,45.92,37.17,43.82,47.73,51.83,53.73,55.07,47.86,54.99,56.44,45.82,47.94,47.6,46.34,47.37,43.9,49.43,48.69
2019-01-14 02:55:00,28.73,33.67,36.94,37.55,50.71,54.21,52.85,55.57,39.1,52.91,53.1,42.62,56.63,47.08,31.47,45.92,37.18,43.83,47.73,51.83,53.74,55.08,47.86,54.99,56.45,45.82,47.95,47.6,46.35,47.38,43.9,49.43,48.7
2019-01-14 03:00:00,28.75,33.69,36.96,37.56,50.71,54.21,52.85,55.58,39.1,52.92,53.1,42.62,56.64,47.09,31.48,45.93,37.19,43.84,47.73,51.84,53.74,55.08,47.87,55.0,56.45,45.83,47.95,47.61,46.35,47.38,43.9,49.44,48.7
2019-01-14 03:05:00,28.76,33.7,36.97,37.57,50.72,54.21,52.86,55.58,39.1,52.93,53.11,42.63,56.64,47.1,31.49,45.94,37.2,43.84,47.74,51.84,53.74,55.09,47.88,55.0,56.46,45.83,47.96,47.61,46.35,47.39,43.91,49.44,48.7
2019-01-14 03:10:00,28.78,33.72,36.99,37.57,50.72,54.22,52.87,55.59,39.1,52.93,53.11,42.63,56.65,47.1,31.49,45.94,37.2,43.85,47.74,51.84,53.75,55.09,47.88,55.01,56.47,45.84,47.97,47.62,46.36,47.39,43.91,49.45,48.71
2019-01-14 03:15:00,28.79,33.73,37.0,37.58,50.72,54.22,52.87,55.6,39.1,52.94,53.12,42.63,56.65,47.11,31.5,45.95,37.21,43.85,47.75,51.84,53.75,55.1,47.89,55.01,56.47,45.84,47.97,47.62,46.36,47.4,43.91,49.45,48.71
2019-01-14 03:20:00,28.81,33.75,37.02,37.58,50.73,54.23,52.88,55.6,39.1,52.94,53.12,42.63,56.65,47.12,31.51,45.95,37.21,43.86,47.75,51.85,53.76,55.1,47.89,55.02,56.48,45.85,47.97,47.62,46.36,47.4,43.91,49.45,48.71
2019-01-14 03:25:00,28.82,33.76,37.03,37.59,50.73,54.23,52.88,55.61,39.1,52.95,53.12,42.64,56.66,47.12,31.51,45.96,37.22,43.87,47.75,51.85,53.76,55.1,47.9,55.02,56.48,45.85,47.98,47.63,46.37,47.4,43.91,49.46,48.71
2019-01-14 03:30:00,28.84,33.78,37.05,37.6,50.73,54.23,52.89,55.61,39.1,52.95,53.13,42.64,56.66,47.13,31.52,45.96,37.23,43.87,47.75,51.85,53.76,55.11,47.9,55.03,56.49,45.85,47.98,47.63,46.37,47.4,43.91,49.46,48.72
2019-01-14 03:35:00,28.85,33.8,37.06,37.6,50.73,54.24,52.89,55.62,39.1,52.96,53.13,42.64,56.66,47.13,31.52,45.97,37.23,43.88,47.76,51.85,53.76,55.11,47.91,55.03,56.49,45.86,47.99,47.63,46.37,47.41,43.91,49.46,48.72
2019-01-14 03:40:00,28.87,33.81,37.08,37.6,50.74,54.24,52.89,55.62,39.1,52.96,53.13,42.64,56.67,47.13,31.53,45.97,37.23,43.88,47.76,51.85,53.77,55.11,47.91,55.03,56.5,45.86,47.99,47.64,46.37,47.41,43.92,49.47,48.72
2019-01-14 03:45:00,28.89,33.83,37.1,37.61,50.74,54.24,52.9,55.62,39.1,52.97,53.14,42.64,56.67,47.14,31.53,45.97,37.24,43.88,47.76,51.85,53.77,55.12,47.91,55.04,56.5,45.86,47.99,47.64,46.37,47.41,43.92,49.47,48.72
2019-01-14 03:50:00,28.9,33.84,37.11,37.61,50.74,54.24,52.9,55.63,39.1,52.97,53.14,42.65,56.67,47.14,31.53,45.98,37.24,43.89,47.76,51.86,53.77,55.12,47.92,55.04,56.5,45.87,48.0,47.64,46.38,47.41,43.92,49.47,48.72
2019-01-14 03:55:00,28.92,33.86,37.13,37.62,50.74,54.25,52.9,55.63,39.1,52.97,53.14,42.65,56.67,47.14,31.54,45.98,37.25,43.89,47.76,51.86,53.77,55.12,47.92,55.04,56.51,45.87,48.0,47.64,46.38,47.42,43.92,49.47,48.73
2019-01-14 04:00:00,28.93,33.87,37.14,37.62,50.74,54.25,52.91,55.63,39.1,52.98,53.14,42.65,56.68,47.15,31.54,45.98,37.25,43.89,47.77,51.86,53.78,55.12,47.92,55.04,56.51,45.87,48.0,47.65,46.38,47.42,43.92,49.47,48.73
2019-01-14 04:05:00,28.95,33.89,37.16,37.62,50.74,54.25,52.91,55.64,39.1,52.98,53.14,42.65,56.68,47.15,31.54,45.99,37.25,43.9,47.77,51.86,53.78,55.13,47.92,55.05,56.51,45.87,48.0,47.65,46.38,47.42,43.92,49.48,48.73
2019-01-14 04:10:00,28.96,33.9,37.17,37.62,50.75,54.25,52.91,55.64,39.1,52.98,53.14,42.65,56.68,47.15,31.55,45.99,37.25,43.9,47.77,51.86,53.78,55.13,47.93,55.05,56.52,45.87,48.0,47.65,46.38,47.42,43.92,49.48,48.73
2019-01-14 04:15:00,28.98,33.92,37.19,37.63,50.75,54.25,52.91,55.64,39.1,52.98,53.15,42.65,56.68,47.15,31.55,45.99,37.26,43.9,47.77,51.86,53.78,55.13,47.93,55.05,56.52,45.88,48.01,47.65,46.38,47.42,43.92,49.48,48.73
2019-01-14 04:20:00,28.99,33.94,37.2,37.63,50.75,54.25,52.91,55.64,39.1,52.98,53.15,42.65,56.68,47.15,31.55,45.99,37.26,43.9,47.77,51.86,53.78,55.13,47.93,55.05,56.52,45.88,48.01,47.65,46.38,47.42,43.92,49.48,48.73
2019-01-14 04:25:00,29.01,33.95,37.22,37.63,50.75,54.25,52.91,55.64,39.1,52.98,53.15,42.65,56.68,47.15,31.55,45.99,37.26,43.9,47.77,51.86,53.78,55.13,47.93,55.05,56.52,45.88,48.01,47.65,46.38,47.42,43.92,49.48,48.73
2019-01-14 04:30:00,29.02,33.97,37.23,37.62,50.75,54.25,52.91,55.64,39.1,52.98,53.14,42.65,56.68,47.15,31.55,45.99,37.25,43.9,47.77,51.86,53.78,55.13,47.93,55.05,56.52,45.87,48.0,47.65,46.38,47.42,43.92,49.48,48.73
2019-01-14 04:35:00,29.04,33.98,37.25,37.62,50.74,54.25,52.91,55.64,39.1,52.98,53.14,42.65,56.68,47.15,31.54,45.99,37.25,43.9,47.77,51.86,53.78,55.13,47.92,55.05,56.51,45.87,48.0,47.65,46.38,47.42,43.92,49.48,48.73
2019-01-14 04:40:00,29.05,34.0,37.27,37.62,50.74,54.25,52.91,55.63,39.1,52.98,53.14,42.65,56.68,47.15,31.54,45.98,37.25,43.89,47.77,51.86,53.78,55.13,47.92,55.05,56.51,45.87,48.0,47.65,46.38,47.42,43.92,49.47,48.73
2019-01-14 04:45:00,29.07,34.01,37.28,37.62,50.74,54.25,52.91,55.63,39.1,52.97,53.14,42.65,56.68,47.14,31.54,45.98,37.25,43.89,47.77,51.86,53.77,55.12,47.92,55.04,56.51,45.87,48.0,47.64,46.38,47.42,43.92,49.47,48.73
2019-01-14 04:50:00,29.08,34.03,37.3,37.61,50.74,54.24,52.9,55.63,39.1,52.97,53.14,42.65,56.67,47.14,31.54,45.98,37.24,43.89,47.76,51.86,53.77,55.12,47.92,55.04,56.51,45.87,48.0,47.64,46.38,47.41,43.92,49.47,48.72
2019-01-14 04:55:00,29.1,34.04,37.31,37.61,50.74,54.24,52.9,55.63,39.1,52.97,53.14,42.64,56.67,47.14,31.53,45.98,37.24,43.88,47.76,51.86,53.77,55.12,47.92,55.04,56.5,45.86,47.99,47.64,46.37,47.41,43.92,49.47,48.72
2019-01-14 05:00:00,29.11,34.06,37.33,37.61,50.74,54.24,52.9,55.62,39.1,52.97,53.13,42.64,56.67,47.14,31.53,45.97,37.24,43.88,47.76,51.85,53.77,55.12,47.91,55.04,56.5,45.86,47.99,47.64,46.37,47.41,43.92,49.47,48.72
2019-01-14 05:05:00,29.13,34.07,37.34,37.6,50.73,54.24,52.89,55.62,39.1,52.96,53.13,42.64,56.67,47.13,31.52,45.97,37.23,43.88,47.76,51.85,53.77,55.11,47.91,55.03,56.49,45.86,47.99,47.63,46.37,47.41,43.91,49.46,48.72
2019-01-14 05:10:00,29.14,34.08,37.35,37.59,50.73,54.23,52.88,55.61,39.1,52.95,53.12,42.64,56.66,47.12,31.51,45.96,37.22,43.87,47.75,51.85,53.76,55.11,47.9,55.03,56.49,45.85,47.98,47.63,46.37,47.4,43.91,49.46,48.71
2019-01-14 05:15:00,29.16,34.1,37.37,37.58,50.72,54.23,52.87,55.6,39.1,52.94,53.12,42.63,56.65,47.11,31.5,45.95,37.21,43.86,47.75,51.85,53.75,55.1,47.89,55.02,56.48,45.84,47.97,47.62,46.36,47.39,43.91,49.45,48.71
2019-01-14 05:20:00,29.17,34.11,37.38,37.56,50.72,54.22,52.86,55.58,39.1,52.93,53.1,42.62,56.64,47.1,31.48,45.93,37.19,43.84,47.74,51.84,53.74,55.09,47.87,55.0,56.46,45.83,47.96,47.61,46.35,47.38,43.9,49.44,48.7
2019-01-14 05:25:00,29.18,34.12,37.39,37.54,50.7,54.2,52.83,55.56,39.1,52.91,53.09,42.61,56.63,47.07,31.46,45.91,37.17,43.82,47.73,51.83,53.73,55.07,47.85,54.99,56.44,45.81,47.94,47.59,46.34,47.37,43.9,49.42,48.69
2019-01-14 05:30:00,29.19,34.13,37.41,37.51,50.69,54.18,52.81,55.53,39.1,52.88,53.07,42.6,56.61,47.05,31.43,45.88,37.14,43.79,47.71,51.82,53.71,55.05,47.83,54.96,56.41,45.79,47.91,47.57,46.32,47.35,43.89,49.4,48.67
2019-01-14 05:35:00,29.2,34.15,37.42,37.47,50.67,54.16,52.77,55.5,39.1,52.85,53.04,42.58,56.58,47.01,31.39,45.85,37.1,43.75,47.69,51.81,53.69,55.03,47.8,54.94,56.38,45.76,47.88,47.55,46.3,47.33,43.88,49.38,48.66
2019-01-14 05:40:00,29.21,34.15,37.43,37.43,50.65,54.14,52.74,55.46,39.1,52.81,53.01,42.56,56.56,46.97,31.35,45.81,37.06,43.71,47.67,51.79,53.67,55.0,47.76,54.91,56.34,45.73,47.85,47.52,46.28,47.3,43.87,49.35,48.64
2019-01-14 05:45:00,29.22,34.16,37.44,37.38,50.63,54.11,52.69,55.42,39.1,52.77,52.98,42.54,56.53,46.93,31.3,45.77,37.02,43.67,47.65,51.77,53.64,54.97,47.72,54.87,56.29,45.7,47.81,47.49,46.26,47.27,43.86,49.32,48.61
2019-01-14 05:50:00,29.23,34.17,37.45,37.33,50.6,54.08,52.65,55.37,39.1,52.73,52.94,42.52,56.49,46.89,31.25,45.73,36.97,43.62,47.62,51.76,53.62,54.94,47.68,54.83,56.25,45.66,47.77,47.45,46.23,47.24,43.84,49.29,48.59
2019-01-14 05:55:00,29.23,34.18,37.45,37.28,50.58,54.06,52.6,55.33,39.1,52.68,52.91,42.5,56.46,46.84,31.2,45.68,36.92,43.58,47.6,51.74,53.59,54.91,47.63,54.8,56.2,45.62,47.73,47.42,46.2,47.2,43.83,49.25,48.56
2019-01-14 06:00:00,29.24,34.18,37.46,37.23,50.55,54.03,52.55,55.28,39.1,52.64,52.87,42.47,56.43,46.79,31.14,45.64,36.86,43.53,47.57,51.72,53.56,54.87,47.59,54.76,56.16,45.58,47.69,47.38,46.17,47.17,43.81,49.22,48.54
2019-01-14 06:05:00,29.24,34.19,37.47,37.18,50.52,54.0,52.51,55.24,39.1,52.59,52.84,42.45,56.39,46.74,31.09,45.59,36.81,43.48,47.54,51.7,53.53,54.84,47.54,54.72,56.11,45.55,47.65,47.35,46.15,47.14,43.8,49.19,48.51
2019-01-14 06:10:00,29.25,34.19,37.47,37.13,50.5,53.97,52.46,55.19,39.1,52.55,52.8,42.43,56.36,46.7,31.04,45.55,36.77,43.43,47.52,51.68,53.5,54.8,47.5,54.68,56.06,45.51,47.61,47.31,46.12,47.1,43.78,49.15,48.49
2019-01-14 06:15:00,29.26,34.2,37.48,37.08,50.47,53.94,52.42,55.15,39.1,52.51,52.77,42.4,56.33,46.65,30.99,45.5,36.72,43.39,47.49,51.66,53.47,54.77,47.46,54.64,56.02,45.47,47.57,47.28,46.09,47.07,43.77,49.12,48.46
2019-01-14 06:20:00,29.26,34.2,37.49,37.04,50.45,53.91,52.38,55.11,39.1,52.47,52.73,42.38,56.3,46.61,30.94,45.46,36.67,43.34,47.47,51.65,53.45,54.74,47.42,54.61,55.98,45.44,47.53,47.25,46.07,47.04,43.76,49.09,48.44
2019-01-14 06:25:00,29.27,34.21,37.49,36.99,50.42,53.88,52.34,55.07,39.1,52.42,52.7,42.36,56.27,46.57,30.9,45.42,36.63,43.3,47.44,51.63,53.42,54.71,47.38,54.57,55.93,45.4,47.49,47.21,46.04,47.01,43.74,49.06,48.41
2019-01-14 06:30:00,29.26,34.2,37.49,37.72,50.61,54.09,52.79,55.5,39.1,52.84,52.92,42.5,56.54,47.04,31.54,45.9,37.25,43.79,47.63,51.78,53.64,54.97,47.81,54.89,56.38,45.73,47.81,47.45,46.2,47.21,43.82,49.25,48.56
2019-01-14 06:35:00,29.25,34.19,37.48,37.69,50.59,54.07,52.75,55.47,39.1,52.81,52.89,42.48,56.52,47.01,31.5,45.87,37.22,43.76,47.61,51.76,53.62,54.94,47.78,54.86,56.35,45.71,47.78,47.42,46.18,47.18,43.81,49.23,48.54
2019-01-14 06:40:00,29.23,34.18,37.46,37.66,50.57,54.05,52.72,55.44,39.1,52.77,52.87,42.47,56.5,46.98,31.47,45.84,37.19,43.73,47.59,51.75,53.6,54.92,47.75,54.84,56.32,45.68,47.75,47.4,46.16,47.16,43.8,49.2,48.52
2019-01-14 06:45:00,29.22,34.16,37.45,37.63,50.55,54.03,52.69,55.41,39.1,52.74,52.84,42.45,56.47,46.94,31.43,45.81,37.15,43.7,47.57,51.74,53.57,54.89,47.72,54.81,56.28,45.65,47.72,47.37,46.14,47.13,43.79,49.17,48.5
2019-01-14 06:50:00,29.2,34.15,37.44,37.59,50.53,54.0,52.66,55.37,39.1,52.71,52.81,42.43,56.45,46.91,31.39,45.78,37.12,43.66,47.55,51.72,53.55,54.86,47.69,54.78,56.25,45.63,47.69,47.34,46.12,47.1,43.78,49.15,48.48
2019-01-14 06:55:00,29.19,34.14,37.42,37.56,50.51,53.98,52.62,55.34,39.1,52.67,52.78,42.41,56.42,46.87,31.36,45.74,37.08,43.63,47.53,51.71,53.53,54.84,47.65,54.75,56.21,45.6,47.65,47.32,46.09,47.08,43.77,49.12,48.46
2019-01-14 07:00:00,29.17,34.12,37.41,37.52,50.49,53.95,52.58,55.3,39.1,52.64,52.75,42.39,56.39,46.84,31.32,45.71,37.05,43.59,47.51,51.69,53.5,54.81,47.62,54.72,56.18,45.57,47.62,47.29,46.07,47.05,43.76,49.09,48.44
2019-01-14 07:05:00,29.16,34.11,37.4,37.48,50.47,53.92,52.55,55.26,39.1,52.6,52.72,42.37,56.36,46.8,31.28,45.67,37.01,43.55,47.48,51.68,53.48,54.78,47.58,54.68,56.14,45.53,47.59,47.26,46.05,47.02,43.74,49.06,48.41
2019-01-14 07:10:00,29.14,34.09,37.38,37.44,50.44,53.89,52.51,55.22,39.1,52.56,52.69,42.35,56.33,46.76,31.23,45.64,36.97,43.51,47.46,51.66,53.45,54.74,47.55,54.65,56.1,45.5,47.55,47.22,46.02,46.99,43.73,49.03,48.39
2019-01-14 07:15:00,29.13,34.07,37.37,37.4,50.42,53.87,52.47,55.18,39.1,52.52,52.65,42.33,56.31,46.72,31.19,45.6,36.93,43.47,47.43,51.64,53.42,54.71,47.51,54.62,56.06,45.47,47.51,47.19,46.0,46.96,43.72,49.0,48.37
2019-01-14 07:20:00,29.11,34.06,37.35,37.36,50.4,53.84,52.43,55.15,39.09,52.48,52.62,42.31,56.28,46.68,31.15,45.56,36.89,43.43,47.41,51.63,53.4,54.68,47.47,54.58,56.02,45.44,47.48,47.16,45.97,46.93,43.7,48.97,48.34
2019-01-14 07:25:00,29.1,34.04,37.34,37.33,50.37,53.81,52.4,55.11,39.09,52.45,52.59,42.29,56.25,46.65,31.11,45.53,36.86,43.4,47.39,51.61,53.37,54.65,47.44,54.55,55.99,45.41,47.45,47.13,45.95,46.9,43.69,48.94,48.32
2019-01-14 07:30:00,29.08,34.03,37.33,37.3,50.36,53.79,52.36,55.08,39.09,52.41,52.57,42.27,56.23,46.62,31.08,45.5,36.82,43.37,47.37,51.6,53.35,54.63,47.41,54.53,55.96,45.38,47.42,47.11,45.93,46.88,43.68,48.91,48.3
2019-01-14 07:35:00,29.07,34.02,37.31,37.27,50.34,53.77,52.34,55.05,39.09,52.39,52.54,42.25,56.21,46.59,31.05,45.47,36.8,43.34,47.35,51.59,53.34,54.61,47.39,54.5,55.93,45.36,47.39,47.09,45.91,46.86,43.67,48.89,48.29
2019-01-14 07:40:00,29.05,34.0,37.3,37.25,50.33,53.76,52.32,55.03,39.09,52.36,52.53,42.24,56.19,46.57,31.03,45.45,36.78,43.32,47.34,51.58,53.32,54.59,47.37,54.48,55.91,45.34,47.37,47.07,45.9,46.84,43.67,48.88,48.28
2019-01-14 07:45:00,29.04,33.99,37.29,37.23,50.31,53.74,52.3,55.01,39.09,52.34,52.51,42.23,56.18,46.55,31.01,45.44,36.76,43.3,47.33,51.57,53.31,54.57,47.35,54.47,55.89,45.33,47.36,47.06,45.89,46.83,43.66,48.86,48.27
2019-01-14 07:50:00,29.03,33.98,37.28,37.21,50.3,53.73,52.29,55.0,39.09,52.33,52.5,42.23,56.17,46.54,31.0,45.42,36.74,43.29,47.32,51.56,53.3,54.56,47.34,54.45,55.88,45.32,47.34,47.05,45.88,46.82,43.65,48.85,48.26
2019-01-14 07:55:00,29.02,33.97,37.27,37.2,50.3,53.72,52.27,54.99,39.09,52.32,52.49,42.22,56.16,46.52,30.98,45.41,36.73,43.27,47.31,51.56,53.29,54.55,47.33,54.44,55.87,45.31,47.33,47.04,45.87,46.81,43.65,48.84,48.25
2019-01-14 08:00:00,29.01,33.96,37.26,37.19,50.29,53.71,52.26,54.98,39.09,52.3,52.48,42.22,56.15,46.51,30.97,45.4,36.72,43.26,47.3,51.55,53.28,54.54,47.32,54.43,55.85,45.3,47.32,47.03,45.87,46.8,43.65,48.84,48.24
2019-01-14 08:05:00,29.0,33.95,37.24,37.18,50.28,53.7,52.25,54.97,39.09,52.29,52.48,42.21,56.14,46.5,30.96,45.39,36.71,43.25,47.29,51.55,53.27,54.53,47.3,54.42,55.84,45.29,47.31,47.02,45.86,46.8,43.64,48.83,48.24
2019-01-14 08:10:00,28.99,33.94,37.23,37.17,50.27,53.69,52.24,54.95,39.09,52.28,52.47,42.2,56.13,46.49,30.95,45.38,36.7,43.24,47.29,51.54,53.26,54.52,47.29,54.41,55.83,45.28,47.3,47.01,45.85,46.79,43.64,48.82,48.23
2019-01-14 08:15:00,28.97,33.92,37.22,37.16,50.27,53.68,52.23,54.94,39.09,52.27,52.46,42.2,56.12,46.48,30.94,45.37,36.68,43.23,47.28,51.54,53.26,54.51,47.28,54.4,55.82,45.27,47.29,47.0,45.85,46.78,43.64,48.81,48.22
2019-01-14 08:20:00,28.96,33.91,37.21,37.14,50.26,53.67,52.21,54.93,39.09,52.25,52.45,42.19,56.11,46.46,30.92,45.36,36.67,43.22,47.27,51.53,53.25,54.5,47.27,54.39,55.81,45.26,47.28,46.99,45.84,46.77,43.63,48.8,48.22
2019-01-14 08:25:00,28.95,33.9,37.2,37.13,50.25,53.66,52.2,54.92,39.09,52.24,52.44,42.18,56.1,46.45,30.91,45.35,36.66,43.2,47.26,51.53,53.24,54.49,47.26,54.38,55.79,45.25,47.27,46.98,45.83,46.76,43.63,48.79,48.21
2019-01-14 08:30:00,28.94,33.89,37.19,37.12,50.24,53.66,52.19,54.9,39.09,52.23,52.43,42.18,56.09,46.44,30.9,45.33,36.65,43.19,47.25,51.52,53.23,54.48,47.25,54.37,55.78,45.24,47.26,46.97,45.82,46.75,43.62,48.78,48.2
2019-01-14 08:35:00,28.93,33.88,37.18,37.11,50.24,53.65,52.18,54.89,39.09,52.22,52.42,42.17,56.09,46.43,30.89,45.32,36.64,43.18,47.25,51.52,53.22,54.47,47.24,54.36,55.77,45.23,47.25,46.97,45.82,46.74,43.62,48.77,48.2
2019-01-14 08:40:00,28.92,33.87,37.16,37.1,50.23,53.64,52.17,54.89,39.09,52.21,52.41,42.17,56.08,46.42,30.88,45.32,36.63,43.17,47.24,51.51,53.22,54.46,47.23,54.35,55.76,45.22,47.24,46.96,45.81,46.74,43.62,48.77,48.19
2019-01-14 08:45:00,28.91,33.85,37.15,37.09,50.23,53.64,52.17,54.88,39.09,52.2,52.41,42.16,56.07,46.41,30.87,45.31,36.62,43.17,47.24,51.51,53.21,54.46,47.22,54.34,55.76,45.22,47.24,46.95,45.81,46.73,43.62,48.76,48.19
2019-01-14 08:50:00,28.89,33.84,37.14,37.09,50.22,53.63,52.16,54.87,39.09,52.19,52.4,42.16,56.07,46.41,30.86,45.3,36.62,43.16,47.23,51.51,53.21,54.45,47.22,54.34,55.75,45.21,47.23,46.95,45.8,46.73,43.61,48.76,48.19
2019-01-14 08:55:00,28.88,33.83,37.13,37.08,50.22,53.63,52.15,54.87,39.09,52.19,52.4,42.16,56.06,46.4,30.86,45.3,36.61,43.15,47.23,51.51,53.2,54.45,47.21,54.33,55.75,45.21,47.23,46.95,45.8,46.72,43.61,48.75,48.18
2019-01-14 09:00:00,28.87,33.82,37.12,37.08,50.22,53.62,52.15,54.86,39.09,52.18,52.39,42.16,56.06,46.4,30.85,45.3,36.61,43.15,47.23,51.5,53.2,54.44,47.21,54.33,55.74,45.2,47.22,46.94,45.8,46.72,43.61,48.75,48.18
2019-01-14 09:05:00,28.86,33.81,37.11,37.07,50.21,53.62,52.15,54.86,39.09,52.18,52.39,42.15,56.06,46.39,30.85,45.29,36.6,43.15,47.22,51.5,53.2,54.44,47.2,54.33,55.74,45.2,47.22,46.94,45.8,46.72,43.61,48.75,48.18
2019-01-14 09:10:00,28.85,33.8,37.1,37.07,50.21,53.61,52.14,54.85,39.09,52.17,52.39,42.15,56.05,46.39,30.84,45.29,36.6,43.14,47.22,51.5,53.19,54.43,47.2,54.32,55.73,45.2,47.21,46.94,45.79,46.71,43.61,48.74,48.17
2019-01-14 09:15:00,28.84,33.79,37.09,37.06,50.21,53.61,52.14,54.85,39.09,52.17,52.38,42.15,56.05,46.38,30.84,45.28,36.59,43.14,47.22,51.5,53.19,54.43,47.2,54.32,55.73,45.19,47.21,46.93,45.79,46.71,43.61,48.74,48.17
2019-01-14 09:20:00,28.83,33.78,37.08,37.06,50.2,53.61,52.13,54.85,39.09,52.16,52.38,42.15,56.05,46.38,30.84,45.28,36.59,43.13,47.21,51.5,53.19,54.43,47.19,54.31,55.72,45.19,47.21,46.93,45.79,46.71,43.61,48.74,48.17
2019-01-14 09:25:00,28.82,33.77,37.07,37.06,50.2,53.6,52.13,54.84,39.09,52.16,52.38,42.15,56.04,46.38,30.83,45.28,36.59,43.13,47.21,51.49,53.18,54.42,47.19,54.31,55.72,45.19,47.2,46.93,45.79,46.71,43.61,48.74,48.17
2019-01-14 09:30:00,28.81,33.76,37.06,37.05,50.2,53.6,52.13,54.84,39.09,52.15,52.38,42.15,56.04,46.37,30.83,45.27,36.58,43.13,47.21,51.49,53.18,54.42,47.19,54.31,55.72,45.19,47.2,46.93,45.79,46.71,43.6,48.73,48.17
2019-01-14 09:35:00,28.8,33.75,37.04,37.05,50.2,53.6,52.13,54.84,39.09,52.15,52.38,42.14,56.04,46.37,30.83,45.27,36.58,43.13,47.21,51.49,53.18,54.42,47.19,54.31,55.72,45.18,47.2,46.92,45.79,46.7,43.6,48.73,48.17
2019-01-14 09:40:00,28.79,33.74,37.03,37.05,50.2,53.6,52.12,54.84,39.09,52.15,52.38,42.14,56.04,46.37,30.83,45.27,36.58,43.12,47.21,51.49,53.18,54.42,47.19,54.31,55.71,45.18,47.2,46.92,45.79,46.7,43.6,48.73,48.17
2019-01-14 09:45:00,28.78,33.73,37.02,37.05,50.2,53.6,52.12,54.84,39.09,52.15,52.38,42.14,56.04,46.37,30.83,45.27,36.58,43.12,47.21,51.49,53.18,54.42,47.18,54.3,55.71,45.18,47.2,46.92,45.79,46.7,43.6,48.73,48.17
2019-01-14 09:50:00,28.77,33.72,37.01,37.05,50.2,53.6,52.12,54.84,39.09,52.15,52.38,42.14,56.04,46.37,30.83,45.27,36.58,43.12,47.21,51.49,53.18,54.42,47.18,54.3,55.71,45.18,47.2,46.92,45.79,46.7,43.6,48.73,48.17
2019-01-14 09:55:00,28.76,33.71,37.0,37.05,50.2,53.6,52.12,54.84,39.09,52.15,52.38,42.14,56.04,46.37,30.83,45.27,36.58,43.12,47.21,51.49,53.18,54.42,47.18,54.3,55.71,45.18,47.2,46.92,45.79,46.7,43.6,48.73,48.17
2019-01-14 10:00:00,28.75,33.69,36.99,37.05,50.2,53.6,52.12,54.84,39.08,52.15,52.38,42.14,56.04,46.37,30.83,45.27,36.58,43.12,47.21,51.49,53.18,54.42,47.18,54.3,55.71,45.18,47.2,46.92,45.79,46.7,43.6,48.73,48.17
2019-01-14 10:05:00,28.74,33.68,36.98,37.05,50.2,53.6,52.12,54.84,39.08,52.15,52.38,42.15,56.04,46.37,30.83,45.27,36.58,43.12,47.21,51.49,53.18,54.42,47.18,54.3,55.71,45.18,47.2,46.92,45.79,46.71,43.6,48.73,48.17
2019-01-14 10:10:00,28.73,33.67,36.97,37.05,50.2,53.6,52.12,54.84,39.08,52.15,52.38,42.15,56.04,46.37,30.83,45.27,36.58,43.12,47.21,51.49,53.18,54.42,47.19,54.3,55.71,45.18,47.2,46.93,45.79,46.71,43.6,48.73,48.17
2019-01-14 10:15:00,28.71,33.66,36.96,37.05,50.2,53.6,52.13,54.84,39.08,52.15,52.38,42.15,56.04,46.37,30.83,45.27,36.58,43.13,47.21,51.49,53.18,54.42,47.19,54.3,55.72,45.19,47.2,46.93,45.79,46.71,43.6,48.74,48.17
2019-01-14 10:20:00,28.7,33.65,36.95,37.05,50.2,53.6,52.13,54.84,39.08,52.15,52.38,42.15,56.04,46.37,30.83,45.27,36.58,43.13,47.21,51.49,53.18,54.42,47.19,54.31,55.72,45.19,47.2,46.93,45.79,46.71,43.61,48.74,48.17
2019-01-14 10:25:00,28.69,33.64,36.94,37.05,50.2,53.6,52.13,54.84,39.08,52.15,52.38,42.15,56.04,46.37,30.83,45.27,36.58,43.13,47.21,51.49,53.18,54.42,47.19,54.31,55.72,45.19,47.2,46.93,45.79,46.71,43.61,48.74,48.17
2019-01-14 10:30:00,28.68,33.63,36.93,37.06,50.2,53.6,52.13,54.84,39.08,52.15,52.38,42.15,56.04,46.38,30.83,45.28,36.58,43.13,47.21,51.49,53.18,54.42,47.19,54.31,55.72,45.19,47.2,46.93,45.79,46.71,43.61,48.74,48.17
2019-01-14 10:35:00,28.67,33.62,36.92,37.06,50.2,53.6,52.13,54.84,39.08,52.15,52.38,42.15,56.04,46.38,30.83,45.28,36.59,43.13,47.21,51.49,53.18,54.42,47.19,54.31,55.72,45.19,47.2,46.93,45.79,46.71,43.61,48.74,48.17
2019-01-14 10:40:00,28.66,33.61,36.91,37.06,50.2,53.6,52.13,54.84,39.08,52.15,52.38,42.15,56.04,46.38,30.84,45.28,36.59,43.13,47.21,51.49,53.18,54.42,47.19,54.31,55.72,45.19,47.21,46.93,45.79,46.71,43.61,48.74,48.17
2019-01-14 10:45:00,28.65,33.6,36.9,37.06,50.2,53.6,52.13,54.84,39.08,52.15,52.38,42.15,56.04,46.38,30.84,45.28,36.59,43.13,47.21,51.49,53.18,54.42,47.19,54.31,55.72,45.19,47.21,46.93,45.79,46.71,43.61,48.74,48.17
2019-01-14 10:50:00,28.64,33.59,36.89,37.06,50.2,53.6,52.13,54.84,39.08,52.15,52.38,42.15,56.04,46.38,30.83,45.28,36.59,43.13,47.21,51.49,53.18,54.42,47.19,54.31,55.72,45.19,47.2,46.93,45.79,46.71,43.61,48.74,48.17
2019-01-14 10:55:00,28.63,33.58,36.88,37.06,50.2,53.6,52.13,54.84,39.08,52.15,52.38,42.15,56.04,46.38,30.83,45.28,36.58,43.13,47.21,51.49,53.18,54.42,47.19,54.31,55.72,45.19,47.2,46.93,45.79,46.71,43.61,48.74,48.17
2019-01-14 11:00:00,28.62,33.57,36.87,37.05,50.2,53.6,52.13,54.84,39.08,52.15,52.38,42.15,56.04,46.37,30.83,45.27,36.58,43.13,47.21,51.49,53.18,54.42,47.19,54.31,55.72,45.19,47.2,46.93,45.79,46.71,43.61,48.74,48.17
2019-01-14 11:05:00,28.61,33.56,36.86,37.05,50.2,53.6,52.13,54.84,39.08,52.15,52.38,42.15,56.04,46.37,30.83,45.27,36.58,43.13,47.21,51.49,53.18,54.42,47.19,54.3,55.72,45.19,47.2,46.93,45.79,46.71,43.61,48.74,48.17
2019-01-14 11:10:00,28.6,33.55,36.85,37.05,50.2,53.6,52.13,54.84,39.08,52.15,52.38,42.15,56.04,46.37,30.83,45.27,36.58,43.13,47.21,51.49,53.18,54.41,47.19,54.3,55.72,45.19,47.2,46.93,45.79,46.71,43.61,48.74,48.17
2019-01-14 11:15:00,28.59,33.54,36.84,37.05,50.2,53.6,52.13,54.84,39.08,52.15,52.38,42.15,56.04,46.37,30.83,45.27,36.58,43.13,47.21,51.49,53.18,54.42,47.19,54.3,55.72,45.19,47.2,46.93,45.79,46.71,43.61,48.74,48.17
2019-01-14 11:20:00,28.58,33.53,36.82,37.05,50.2,53.6,52.13,54.84,39.08,52.15,52.38,42.15,56.04,46.37,30.83,45.27,36.58,43.13,47.21,51.49,53.18,54.42,47.19,54.31,55.72,45.19,47.2,46.93,45.79,46.71,43.61,48.74,48.17
2019-01-14 11:25:00,28.57,33.52,36.81,37.06,50.2,53.6,52.13,54.84,39.08,52.15,52.38,42.15,56.04,46.38,30.83,45.28,36.59,43.13,47.21,51.49,53.18,54.42,47.19,54.31,55.72,45.19,47.21,46.93,45.79,46.71,43.61,48.74,48.17
2019-01-14 11:30:00,28.56,33.51,36.8,37.06,50.2,53.6,52.13,54.85,39.08,52.15,52.38,42.15,56.04,46.38,30.84,45.28,36.59,43.13,47.21,51.49,53.18,54.42,47.19,54.31,55.72,45.19,47.21,46.93,45.79,46.71,43.61,48.74,48.17
2019-01-14 11:35:00,28.55,33.5,36.79,37.06,50.2,53.6,52.13,54.85,39.08,52.16,52.39,42.15,56.05,46.38,30.84,45.28,36.59,43.14,47.21,51.5,53.19,54.42,47.2,54.31,55.73,45.19,47.21,46.94,45.79,46.72,43.61,48.74,48.18
2019-01-14 11:40:00,28.54,33.49,36.78,37.07,50.21,53.61,52.14,54.85,39.08,52.16,52.39,42.15,56.05,46.39,30.85,45.29,36.6,43.14,47.22,51.5,53.19,54.43,47.2,54.32,55.73,45.2,47.21,46.94,45.8,46.72,43.61,48.75,48.18
2019-01-14 11:45:00,28.53,33.48,36.77,37.07,50.21,53.61,52.14,54.86,39.08,52.17,52.39,42.16,56.05,46.39,30.85,45.29,36.6,43.14,47.22,51.5,53.19,54.43,47.2,54.32,55.73,45.2,47.22,46.94,45.8,46.72,43.61,48.75,48.18
2019-01-14 11:50:00,28.52,33.47,36.76,37.08,50.21,53.61,52.15,54.86,39.08,52.17,52.4,42.16,56.06,46.39,30.85,45.29,36.6,43.15,47.22,51.5,53.19,54.43,47.21,54.32,55.74,45.2,47.22,46.95,45.8,46.72,43.61,48.75,48.18
2019-01-14 11:55:00,28.51,33.46,36.75,37.08,50.21,53.62,52.15,54.86,39.08,52.17,52.4,42.16,56.06,46.4,30.86,45.3,36.61,43.15,47.22,51.5,53.2,54.44,47.21,54.33,55.74,45.21,47.23,46.95,45.81,46.73,43.61,48.76,48.18
2019-01-14 12:00:00,28.5,33.45,36.74,37.08,50.22,53.62,52.16,54.87,39.08,52.18,52.4,42.16,56.06,46.4,30.86,45.3,36.61,43.16,47.23,51.5,53.2,54.44,47.21,54.33,55.75,45.21,47.23,46.95,45.81,46.73,43.62,48.76,48.19
2019-01-14 12:05:00,28.49,33.44,36.73,37.09,50.22,53.62,52.16,54.87,39.08,52.18,52.41,42.17,56.07,46.41,30.87,45.31,36.62,43.16,47.23,51.51,53.2,54.44,47.22,54.33,55.75,45.21,47.23,46.96,45.81,46.73,43.62,48.76,48.19
2019-01-14 12:10:00,28.48,33.43,36.72,37.09,50.22,53.62,52.16,54.88,39.08,52.19,52.41,42.17,56.07,46.41,30.87,45.31,36.62,43.16,47.23,51.51,53.2,54.45,47.22,54.34,55.75,45.22,47.24,46.96,45.81,46.74,43.62,48.77,48.19
2019-01-14 12:15:00,28.47,33.42,36.71,37.1,50.22,53.63,52.17,54.88,39.08,52.19,52.41,42.17,56.07,46.42,30.88,45.31,36.62,43.17,47.23,51.51,53.21,54.45,47.23,54.34,55.76,45.22,47.24,46.96,45.82,46.74,43.62,48.77,48.19
2019-01-14 12:20:00,28.46,33.41,36.7,37.1,50.22,53.63,52.17,54.88,39.08,52.19,52.42,42.17,56.07,46.42,30.88,45.32,36.63,43.17,47.24,51.51,53.21,54.45,47.23,54.34,55.76,45.22,47.24,46.96,45.82,46.74,43.62,48.77,48.2
2019-01-14 12:25:00,28.45,33.4,36.69,37.1,50.23,53.63,52.17,54.89,39.08,52.2,52.42,42.17,56.08,46.42,30.88,45.32,36.63,43.17,47.24,51.51,53.21,54.45,47.23,54.35,55.76,45.23,47.25,46.97,45.82,46.75,43.62,48.78,48.2
2019-01-14 12:30:00,28.44,33.39,36.68,37.11,50.23,53.63,52.18,54.89,39.08,52.2,52.42,42.18,56.08,46.42,30.89,45.32,36.63,43.18,47.24,51.51,53.21,54.46,47.23,54.35,55.77,45.23,47.25,46.97,45.82,46.75,43.62,48.78,48.2
2019-01-14 12:35:00,28.43,33.38,36.67,37.11,50.23,53.64,52.18,54.89,39.08,52.2,52.42,42.18,56.08,46.43,30.89,45.32,36.64,43.18,47.24,51.51,53.22,54.46,47.24,54.35,55.77,45.23,47.25,46.97,45.82,46.75,43.62,48.78,48.2
2019-01-14 12:40:00,28.42,33.37,36.66,37.11,50.23,53.64,52.18,54.89,39.09,52.2,52.43,42.18,56.08,46.43,30.89,45.33,36.64,43.18,47.24,51.52,53.22,54.46,47.24,54.35,55.77,45.23,47.25,46.97,45.82,46.75,43.62,48.78,48.2
2019-01-14 12:45:00,28.41,33.36,36.65,37.11,50.23,53.64,52.18,54.9,39.09,52.21,52.43,42.18,56.08,46.43,30.89,45.33,36.64,43.18,47.24,51.52,53.22,54.46,47.24,54.35,55.77,45.23,47.26,46.97,45.83,46.75,43.63,48.78,48.2
2019-01-14 12:50:00,28.4,33.35,36.64,37.11,50.23,53.64,52.18,54.9,39.09,52.21,52.43,42.18,56.09,46.43,30.89,45.33,36.64,43.19,47.24,51.52,53.22,54.46,47.24,54.36,55.78,45.24,47.26,46.98,45.83,46.75,43.63,48.78,48.21
2019-01-14 12:55:00,28.39,33.34,36.63,37.12,50.24,53.64,52.19,54.9,39.09,52.21,52.43,42.18,56.09,46.44,30.9,45.33,36.65,43.19,47.25,51.52,53.22,54.46,47.24,54.36,55.78,45.24,47.26,46.98,45.83,46.76,43.63,48.79,48.21
2019-01-14 13:00:00,28.38,33.33,36.62,37.12,50.24,53.64,52.19,54.9,39.09,52.21,52.43,42.18,56.09,46.44,30.9,45.34,36.65,43.19,47.25,51.52,53.22,54.47,47.25,54.36,55.78,45.24,47.26,46.98,45.83,46.76,43.63,48.79,48.21
2019-01-14 13:05:00,28.37,33.32,36.61,37.12,50.24,53.65,52.2,54.91,39.09,52.22,52.44,42.19,56.09,46.44,30.91,45.34,36.65,43.2,47.25,51.52,53.23,54.47,47.25,54.37,55.79,45.24,47.27,46.98,45.83,46.76,43.63,48.79,48.21
2019-01-14 13:10:00,28.36,33.31,36.6,37.13,50.24,53.65,52.2,54.92,39.09,52.23,52.44,42.19,56.1,46.45,30.91,45.35,36.66,43.2,47.26,51.52,53.23,54.48,47.26,54.37,55.79,45.25,47.27,46.99,45.84,46.77,43.63,48.8,48.22
2019-01-14 13:15:00,28.35,33.3,36.6,37.14,50.25,53.66,52.21,54.92,39.09,52.23,52.45,42.2,56.1,46.46,30.92,45.36,36.67,43.21,47.26,51.53,53.24,54.48,47.27,54.38,55.8,45.26,47.28,47.0,45.84,46.78,43.64,48.81,48.22
2019-01-14 13:20:00,28.35,33.29,36.59,37.15,50.26,53.67,52.22,54.93,39.09,52.24,52.46,42.2,56.11,46.47,30.94,45.37,36.68,43.22,47.27,51.53,53.24,54.49,47.28,54.39,55.81,45.27,47.29,47.01,45.85,46.78,43.64,48.82,48.23
2019-01-14 13:25:00,28.34,33.29,36.58,37.16,50.26,53.67,52.23,54.95,39.09,52.26,52.47,42.21,56.12,46.48,30.95,45.38,36.69,43.23,47.27,51.54,53.25,54.5,47.29,54.4,55.82,45.28,47.3,47.02,45.86,46.79,43.64,48.82,48.24
2019-01-14 13:30:00,28.33,33.28,36.57,37.18,50.27,53.68,52.25,54.96,39.09,52.27,52.48,42.21,56.13,46.49,30.96,45.39,36.7,43.25,47.28,51.54,53.26,54.51,47.3,54.41,55.84,45.29,47.31,47.03,45.87,46.8,43.65,48.83,48.24
2019-01-14 13:35:00,28.32,33.27,36.56,37.19,50.28,53.69,52.26,54.97,39.09,52.28,52.49,42.22,56.14,46.51,30.97,45.4,36.72,43.26,47.29,51.55,53.27,54.52,47.31,54.42,55.85,45.3,47.33,47.04,45.87,46.81,43.65,48.84,48.25
2019-01-14 13:40:00,28.31,33.26,36.55,37.2,50.28,53.7,52.27,54.98,39.09,52.29,52.5,42.23,56.15,46.52,30.98,45.41,36.73,43.27,47.3,51.55,53.27,54.53,47.32,54.43,55.86,45.3,47.34,47.04,45.88,46.82,43.65,48.85,48.26
2019-01-14 13:45:00,28.31,33.25,36.55,37.21,50.29,53.7,52.28,54.99,39.09,52.3,52.51,42.23,56.15,46.52,30.99,45.42,36.74,43.28,47.3,51.56,53.28,54.53,47.33,54.43,55.87,45.31,47.34,47.05,45.89,46.83,43.66,48.86,48.26
2019-01-14 13:50:00,28.3,33.24,36.54,37.21,50.29,53.71,52.28,55.0,39.09,52.31,52.51,42.24,56.16,46.53,31.0,45.42,36.74,43.28,47.31,51.56,53.29,54.54,47.33,54.44,55.87,45.32,47.35,47.06,45.89,46.83,43.66,48.86,48.27
2019-01-14 13:55:00,28.29,33.23,36.53,37.22,50.3,53.71,52.29,55.0,39.09,52.31,52.52,42.24,56.16,46.54,31.01,45.43,36.75,43.29,47.31,51.56,53.29,54.54,47.34,54.44,55.88,45.32,47.35,47.06,45.89,46.84,43.66,48.87,48.27
2019-01-14 14:00:00,28.28,33.23,36.52,37.22,50.3,53.71,52.29,55.0,39.09,52.31,52.52,42.24,56.16,46.54,31.01,45.43,36.75,43.29,47.31,51.56,53.29,54.55,47.34,54.45,55.88,45.32,47.36,47.06,45.9,46.84,43.66,48.87,48.27
2019-01-14 14:05:00,28.27,33.22,36.51,37.22,50.3,53.72,52.29,55.01,39.09,52.32,52.52,42.24,56.17,46.54,31.01,45.43,36.75,43.29,47.31,51.56,53.29,54.55,47.34,54.45,55.88,45.33,47.36,47.06,45.9,46.84,43.66,48.87,48.27
2019-01-14 14:10:00,28.26,33.21,36.5,37.23,50.3,53.72,52.29,55.01,39.09,52.32,52.52,42.24,56.17,46.54,31.01,45.44,36.75,43.3,47.31,51.56,53.29,54.55,47.35,54.45,55.89,45.33,47.36,47.07,45.9,46.84,43.66,48.87,48.27
2019-01-14 14:15:00,28.25,33.2,36.49,37.23,50.3,53.72,52.3,55.01,39.09,52.32,52.53,42.24,56.17,46.55,31.02,45.44,36.76,43.3,47.31,51.56,53.3,54.55,47.35,54.45,55.89,45.33,47.36,47.07,45.9,46.84,43.67,48.88,48.28
2019-01-14 14:20:00,28.24,33.19,36.48,37.23,50.31,53.72,52.3,55.02,39.09,52.33,52.53,42.25,56.17,46.55,31.02,45.44,36.76,43.31,47.32,51.57,53.3,54.56,47.35,54.46,55.89,45.33,47.37,47.07,45.9,46.85,43.67,48.88,48.28
2019-01-14 14:25:00,28.23,33.18,36.47,37.24,50.31,53.73,52.31,55.02,39.09,52.33,52.54,42.25,56.18,46.56,31.03,45.45,36.77,43.31,47.32,51.57,53.3,54.56,47.36,54.46,55.9,45.34,47.38,47.08,45.91,46.85,43.67,48.89,48.28
2019-01-14 14:30:00,28.23,33.17,36.46,37.25,50.32,53.74,52.32,55.03,39.09,52.34,52.55,42.26,56.19,46.57,31.04,45.46,36.78,43.32,47.33,51.57,53.31,54.57,47.37,54.47,55.91,45.35,47.39,47.09,45.92,46.86,43.67,48.9,48.29
2019-01-14 14:35:00,28.22,33.17,36.46,37.26,50.32,53.74,52.33,55.05,39.09,52.35,52.56,42.26,56.2,46.58,31.06,45.47,36.79,43.33,47.34,51.58,53.32,54.58,47.38,54.48,55.92,45.36,47.4,47.1,45.92,46.87,43.68,48.91,48.3
2019-01-14 14:40:00,28.21,33.16,36.45,37.28,50.33,53.75,52.34,55.06,39.09,52.37,52.57,42.27,56.2,46.59,31.07,45.48,36.81,43.35,47.34,51.59,53.33,54.59,47.39,54.49,55.94,45.37,47.41,47.11,45.93,46.88,43.68,48.92,48.3
2019-01-14 14:45:00,28.21,33.15,36.44,37.29,50.34,53.76,52.36,55.07,39.09,52.38,52.58,42.28,56.21,46.61,31.08,45.5,36.82,43.36,47.35,51.59,53.34,54.6,47.41,54.51,55.95,45.38,47.42,47.12,45.94,46.89,43.69,48.93,48.31
2019-01-14 14:50:00,28.2,33.15,36.44,37.31,50.35,53.77,52.37,55.09,39.09,52.39,52.59,42.29,56.23,46.62,31.1,45.51,36.83,43.38,47.36,51.6,53.34,54.61,47.42,54.52,55.96,45.39,47.43,47.13,45.95,46.9,43.69,48.94,48.32
2019-01-14 14:55:00,28.19,33.14,36.43,37.32,50.36,53.78,52.39,55.1,39.09,52.41,52.6,42.29,56.23,46.64,31.11,45.52,36.85,43.39,47.37,51.6,53.35,54.62,47.43,54.53,55.98,45.4,47.45,47.14,45.96,46.91,43.7,48.95,48.33
2019-01-14 15:00:00,28.19,33.13,36.42,37.33,50.36,53.79,52.4,55.11,39.09,52.42,52.61,42.3,56.24,46.65,31.13,45.53,36.86,43.4,47.38,51.61,53.36,54.63,47.44,54.54,55.99,45.41,47.46,47.15,45.97,46.92,43.7,48.96,48.34
2019-01-14 15:05:00,28.18,33.13,36.41,37.34,50.37,53.8,52.41,55.12,39.09,52.43,52.62,42.31,56.25,46.66,31.14,45.55,36.87,43.41,47.38,51.61,53.37,54.64,47.45,54.55,56.0,45.42,47.47,47.16,45.98,46.93,43.7,48.97,48.34
2019-01-14 15:10:00,28.17,33.12,36.41,37.35,50.38,53.8,52.42,55.13,39.09,52.44,52.63,42.31,56.26,46.67,31.15,45.56,36.88,43.42,47.39,51.62,53.38,54.65,47.46,54.56,56.01,45.43,47.48,47.17,45.98,46.94,43.71,48.98,48.35
2019-01-14 15:15:00,28.17,33.11,36.4,37.36,50.38,53.81,52.43,55.14,39.09,52.45,52.64,42.32,56.27,46.68,31.16,45.56,36.89,43.43,47.39,51.62,53.38,54.65,47.47,54.56,56.02,45.44,47.49,47.18,45.99,46.95,43.71,48.99,48.36
2019-01-14 15:20:00,28.16,33.1,36.39,37.37,50.39,53.82,52.44,55.15,39.09,52.46,52.65,42.32,56.27,46.69,31.17,45.57,36.9,43.44,47.4,51.62,53.39,54.66,47.48,54.57,56.03,45.45,47.49,47.18,45.99,46.95,43.71,48.99,48.36
2019-01-14 15:25:00,28.15,33.1,36.38,37.38,50.39,53.82,52.44,55.16,39.09,52.46,52.65,42.33,56.28,46.69,31.18,45.58,36.91,43.45,47.4,51.63,53.39,54.67,47.49,54.58,56.03,45.45,47.5,47.19,46.0,46.96,43.72,49.0,48.37
2019-01-14 15:30:00,28.14,33.09,36.37,37.38,50.39,53.82,52.45,55.16,39.09,52.47,52.66,42.33,56.28,46.7,31.18,45.58,36.91,43.45,47.41,51.63,53.4,54.67,47.49,54.58,56.04,45.46,47.51,47.19,46.0,46.96,43.72,49.0,48.37
2019-01-14 15:35:00,28.13,33.08,36.37,37.39,50.4,53.83,52.45,55.17,39.09,52.47,52.66,42.33,56.29,46.7,31.19,45.59,36.92,43.46,47.41,51.63,53.4,54.67,47.5,54.59,56.04,45.46,47.51,47.2,46.0,46.97,43.72,49.0,48.37
2019-01-14 15:40:00,28.13,33.07,36.36,37.39,50.4,53.83,52.46,55.17,39.09,52.48,52.66,42.33,56.29,46.71,31.19,45.59,36.92,43.46,47.41,51.63,53.4,54.68,47.5,54.59,56.05,45.46,47.51,47.2,46.01,46.97,43.72,49.01,48.37
2019-01-14 15:45:00,28.12,33.06,36.35,37.39,50.4,53.83,52.46,55.17,39.09,52.48,52.66,42.34,56.29,46.71,31.19,45.59,36.92,43.46,47.41,51.63,53.4,54.68,47.5,54.59,56.05,45.47,47.52,47.2,46.01,46.97,43.72,49.01,48.37
2019-01-14 15:50:00,28.11,33.05,36.34,37.4,50.4,53.84,52.46,55.17,39.09,52.48,52.67,42.34,56.29,46.71,31.19,45.59,36.92,43.47,47.42,51.63,53.41,54.68,47.5,54.59,56.05,45.47,47.52,47.2,46.01,46.97,43.72,49.01,48.38
2019-01-14 15:55:00,28.1,33.04,36.33,37.4,50.4,53.84,52.46,55.18,39.09,52.48,52.67,42.34,56.29,46.71,31.2,45.6,36.93,43.47,47.42,51.64,53.41,54.68,47.5,54.6,56.05,45.47,47.52,47.2,46.01,46.97,43.72,49.01,48.38
2019-01-14 16:00:00,28.09,33.04,36.32,37.4,50.4,53.84,52.46,55.18,39.09,52.49,52.67,42.34,56.29,46.71,31.2,45.6,36.93,43.47,47.42,51.64,53.41,54.68,47.5,54.6,56.05,45.47,47.52,47.2,46.01,46.97,43.72,49.01,48.38
2019-01-14 16:05:00,28.08,33.03,36.31,37.4,50.4,53.84,52.46,55.18,39.09,52.49,52.67,42.34,56.29,46.71,31.2,45.6,36.93,43.47,47.42,51.64,53.41,54.68,47.5,54.6,56.05,45.47,47.52,47.2,46.01,46.97,43.72,49.01,48.38
2019-01-14 16:10:00,28.07,33.02,36.31,37.4,50.4,53.84,52.46,55.18,39.09,52.49,52.67,42.34,56.29,46.71,31.2,45.6,36.93,43.47,47.42,51.64,53.41,54.68,47.5,54.6,56.05,45.47,47.52,47.2,46.01,46.97,43.72,49.01,48.38
2019-01-14 16:15:00,28.06,33.01,36.3,37.4,50.4,53.84,52.46,55.17,39.09,52.49,52.66,42.34,56.29,46.71,31.2,45.6,36.92,43.47,47.42,51.64,53.41,54.68,47.5,54.6,56.05,45.47,47.52,47.2,46.01,46.97,43.72,49.01,48.38
2019-01-14 16:20:00,28.06,33.0,36.29,37.39,50.4,53.84,52.46,55.17,39.09,52.48,52.66,42.34,56.29,46.71,31.19,45.59,36.92,43.46,47.42,51.63,53.41,54.68,47.5,54.59,56.05,45.47,47.52,47.2,46.01,46.97,43.72,49.01,48.37
2019-01-14 16:25:00,28.05,32.99,36.28,37.39,50.4,53.83,52.46,55.17,39.09,52.48,52.66,42.33,56.29,46.71,31.19,45.59,36.92,43.46,47.41,51.63,53.4,54.68,47.5,54.59,56.05,45.46,47.51,47.2,46.01,46.97,43.72,49.01,48.37
2019-01-14 16:30:00,28.04,32.98,36.27,37.39,50.4,53.83,52.46,55.17,39.09,52.48,52.66,42.33,56.29,46.71,31.19,45.59,36.92,43.46,47.41,51.63,53.4,54.68,47.5,54.59,56.05,45.46,47.51,47.2,46.0,46.97,43.72,49.01,48.37
2019-01-14 16:35:00,28.03,32.97,36.26,37.58,50.52,53.98,52.67,55.41,39.09,52.64,52.76,42.4,56.45,46.9,31.38,45.77,37.11,43.67,47.53,51.72,53.54,54.86,47.69,54.82,56.27,45.6,47.64,47.3,46.07,47.05,43.76,49.09,48.44
2019-01-14 16:40:00,28.02,32.96,36.25,37.58,50.52,53.97,52.67,55.41,39.09,52.64,52.75,42.39,56.45,46.9,31.38,45.77,37.11,43.66,47.53,51.72,53.54,54.86,47.69,54.82,56.27,45.59,47.64,47.3,46.07,47.05,43.76,49.09,48.44
2019-01-14 16:45:00,28.01,32.95,36.24,37.58,50.52,53.97,52.66,55.4,39.09,52.64,52.75,42.39,56.45,46.9,31.37,45.77,37.1,43.66,47.53,51.72,53.54,54.86,47.68,54.82,56.26,45.59,47.64,47.29,46.07,47.05,43.75,49.09,48.43
2019-01-14 16:50:00,28.0,32.94,36.23,37.57,50.51,53.97,52.66,55.4,39.09,52.63,52.75,42.39,56.45,46.89,31.37,45.76,37.1,43.66,47.53,51.72,53.54,54.85,47.68,54.81,56.26,45.59,47.63,47.29,46.07,47.05,43.75,49.08,48.43
2019-01-14 16:55:00,27.99,32.93,36.22,37.57,50.51,53.97,52.66,55.4,39.09,52.63,52.74,42.39,56.44,46.89,31.37,45.76,37.1,43.65,47.53,51.72,53.53,54.85,47.68,54.81,56.26,45.58,47.63,47.29,46.06,47.04,43.75,49.08,48.43
2019-01-14 17:00:00,27.98,32.92,36.21,37.57,50.51,53.96,52.65,55.39,39.09,52.63,52.74,42.38,56.44,46.89,31.36,45.76,37.09,43.65,47.52,51.71,53.53,54.85,47.67,54.81,56.25,45.58,47.63,47.28,46.06,47.04,43.75,49.08,48.43
2019-01-14 17:05:00,27.97,32.91,36.2,37.56,50.51,53.96,52.65,55.39,39.09,52.62,52.74,42.38,56.44,46.88,31.36,45.75,37.09,43.65,47.52,51.71,53.53,54.85,47.67,54.81,56.25,45.58,47.62,47.28,46.06,47.04,43.75,49.07,48.42
2019-01-14 17:10:00,27.96,32.9,36.19,37.56,50.51,53.96,52.65,55.39,39.09,52.62,52.73,42.38,56.44,46.88,31.35,45.75,37.09,43.64,47.52,51.71,53.53,54.84,47.67,54.8,56.25,45.58,47.62,47.28,46.06,47.03,43.75,49.07,48.42
2019-01-14 17:15:00,27.95,32.89,36.18,37.56,50.5,53.96,52.64,55.38,39.09,52.62,52.73,42.38,56.43,46.88,31.35,45.75,37.08,43.64,47.52,51.71,53.52,54.84,47.66,54.8,56.24,45.57,47.62,47.27,46.05,47.03,43.75,49.07,48.42
2019-01-14 17:20:00,27.94,32.88,36.17,37.55,50.5,53.96,52.64,55.38,39.09,52.61,52.73,42.38,56.43,46.87,31.35,45.74,37.08,43.64,47.52,51.71,53.52,54.84,47.66,54.8,56.24,45.57,47.61,47.27,46.05,47.03,43.74,49.07,48.42
2019-01-14 17:25:00,27.93,32.88,36.16,37.55,50.5,53.95,52.64,55.38,39.09,52.61,52.73,42.37,56.43,46.87,31.34,45.74,37.08,43.63,47.51,51.71,53.52,54.84,47.66,54.8,56.24,45.57,47.61,47.27,46.05,47.02,43.74,49.06,48.41
2019-01-14 17:30:00,27.92,32.87,36.15,37.55,50.5,53.95,52.63,55.37,39.09,52.61,52.72,42.37,56.43,46.87,31.34,45.74,37.07,43.63,47.51,51.71,53.52,54.83,47.65,54.79,56.23,45.56,47.61,47.27,46.05,47.02,43.74,49.06,48.41
2019-01-14 17:35:00,27.91,32.86,36.15,37.54,50.5,53.95,52.63,55.37,39.09,52.6,52.72,42.37,56.42,46.86,31.34,45.73,37.07,43.63,47.51,51.7,53.52,54.83,47.65,54.79,56.23,45.56,47.6,47.26,46.05,47.02,43.74,49.06,48.41
2019-01-14 17:40:00,27.9,32.85,36.14,37.54,50.5,53.95,52.63,55.37,39.09,52.6,52.72,42.37,56.42,46.86,31.33,45.73,37.07,43.62,47.51,51.7,53.51,54.83,47.65,54.79,56.23,45.56,47.6,47.26,46.04,47.02,43.74,49.05,48.41
2019-01-14 17:45:00,27.89,32.84,36.13,37.54,50.49,53.95,52.62,55.36,39.09,52.6,52.71,42.37,56.42,46.86,31.33,45.73,37.06,43.62,47.51,51.7,53.51,54.83,47.65,54.79,56.22,45.56,47.6,47.26,46.04,47.01,43.74,49.05,48.41
2019-01-14 17:50:00,27.88,32.83,36.12,37.53,50.49,53.94,52.62,55.36,39.09,52.6,52.71,42.36,56.42,46.85,31.33,45.73,37.06,43.62,47.5,51.7,53.51,54.83,47.64,54.78,56.22,45.55,47.6,47.25,46.04,47.01,43.74,49.05,48.4
2019-01-14 17:55:00,27.87,32.82,36.11,37.53,50.49,53.94,52.62,55.36,39.09,52.59,52.71,42.36,56.41,46.85,31.32,45.72,37.06,43.61,47.5,51.7,53.51,54.82,47.64,54.78,56.22,45.55,47.59,47.25,46.04,47.01,43.74,49.05,48.4
2019-01-14 18:00:00,27.86,32.81,36.1,37.53,50.49,53.94,52.61,55.36,39.09,52.59,52.71,42.36,56.41,46.85,31.32,45.72,37.05,43.61,47.5,51.7,53.51,54.82,47.64,54.78,56.21,45.55,47.59,47.25,46.03,47.01,43.74,49.04,48.4
2019-01-14 18:05:00,27.85,32.8,36.09,37.52,50.49,53.94,52.61,55.35,39.09,52.59,52.7,42.36,56.41,46.84,31.31,45.72,37.05,43.61,47.5,51.7,53.5,54.82,47.63,54.77,56.21,45.54,47.59,47.25,46.03,47.0,43.73,49.04,48.4
2019-01-14 18:10:00,27.84,32.78,36.08,37.52,50.48,53.93,52.61,55.35,39.09,52.58,52.7,42.36,56.41,46.84,31.31,45.71,37.05,43.6,47.5,51.69,53.5,54.82,47.63,54.77,56.21,45.54,47.58,47.24,46.03,47.0,43.73,49.04,48.39
2019-01-14 18:15:00,27.83,32.77,36.07,37.51,50.48,53.93,52.6,55.34,39.09,52.58,52.69,42.35,56.4,46.84,31.31,45.71,37.04,43.6,47.49,51.69,53.5,54.81,47.63,54.77,56.2,45.54,47.58,47.24,46.03,47.0,43.73,49.03,48.39
2019-01-14 18:20:00,27.82,32.76,36.06,37.51,50.48,53.93,52.6,55.34,39.09,52.57,52.69,42.35,56.4,46.83,31.3,45.7,37.04,43.59,47.49,51.69,53.5,54.81,47.62,54.76,56.2,45.53,47.57,47.23,46.02,46.99,43.73,49.03,48.39
2019-01-14 18:25:00,27.81,32.75,36.05,37.51,50.48,53.93,52.59,55.34,39.09,52.57,52.69,42.35,56.4,46.83,31.3,45.7,37.03,43.59,47.49,51.69,53.49,54.81,47.62,54.76,56.19,45.53,47.57,47.23,46.02,46.99,43.73,49.02,48.39
2019-01-14 18:30:00,27.8,32.74,36.03,37.5,50.47,53.92,52.59,55.33,39.09,52.56,52.68,42.35,56.39,46.82,31.29,45.7,37.03,43.58,47.49,51.69,53.49,54.8,47.61,54.76,56.19,45.53,47.56,47.23,46.02,46.98,43.73,49.02,48.38
2019-01-14 18:35:00,27.79,32.73,36.02,37.5,50.47,53.92,52.59,55.33,39.09,52.56,52.68,42.34,56.39,46.82,31.28,45.69,37.02,43.58,47.48,51.69,53.49,54.8,47.61,54.75,56.18,45.52,47.56,47.22,46.01,46.98,43.72,49.02,48.38
2019-01-14 18:40:00,27.78,32.72,36.01,37.49,50.47,53.92,52.58,55.32,39.09,52.56,52.67,42.34,56.39,46.81,31.28,45.69,37.02,43.58,47.48,51.68,53.48,54.8,47.6,54.75,56.18,45.52,47.56,47.22,46.01,46.98,43.72,49.01,48.38
2019-01-14 18:45:00,27.76,32.71,36.0,37.49,50.47,53.91,52.58,55.32,39.09,52.55,52.67,42.34,56.38,46.81,31.28,45.68,37.01,43.57,47.48,51.68,53.48,54.79,47.6,54.75,56.18,45.51,47.55,47.22,46.01,46.97,43.72,49.01,48.37
2019-01-14 18:50:00,27.75,32.7,35.99,37.48,50.46,53.91,52.57,55.32,39.09,52.55,52.67,42.34,56.38,46.81,31.27,45.68,37.01,43.57,47.48,51.68,53.48,54.79,47.6,54.74,56.17,45.51,47.55,47.21,46.0,46.97,43.72,49.01,48.37
2019-01-14 18:55:00,27.74,32.69,35.98,37.48,50.46,53.91,52.57,55.31,39.09,52.55,52.66,42.33,56.38,46.8,31.27,45.68,37.01,43.57,47.47,51.68,53.48,54.79,47.6,54.74,56.17,45.51,47.55,47.21,46.0,46.97,43.72,49.0,48.37
2019-01-14 19:00:00,27.73,32.68,35.97,37.48,50.46,53.91,52.57,55.31,39.09,52.55,52.66,42.33,56.38,46.8,31.27,45.68,37.01,43.56,47.47,51.68,53.48,54.79,47.59,54.74,56.17,45.51,47.54,47.21,46.0,46.97,43.72,49.0,48.37
2019-01-14 19:05:00,27.72,32.67,35.96,37.48,50.46,53.91,52.57,55.31,39.09,52.54,52.66,42.33,56.38,46.8,31.26,45.67,37.0,43.56,47.47,51.68,53.48,54.79,47.59,54.74,56.17,45.51,47.54,47.21,46.0,46.96,43.72,49.0,48.37
2019-01-14 19:10:00,27.71,32.66,35.95,37.48,50.46,53.91,52.57,55.31,39.09,52.54,52.66,42.33,56.38,46.8,31.26,45.67,37.0,43.56,47.47,51.68,53.48,54.79,47.59,54.74,56.17,45.51,47.54,47.21,46.0,46.96,43.72,49.0,48.37
2019-01-14 19:15:00,27.71,32.66,35.95,36.59,50.22,53.63,52.02,54.79,39.09,52.0,52.34,42.12,56.04,46.2,30.47,45.07,36.22,42.96,47.23,51.49,53.2,54.46,47.06,54.36,55.61,45.06,47.11,46.88,45.77,46.68,43.6,48.71,48.15
2019-01-14 19:20:00,27.72,32.67,35.96,36.59,50.22,53.63,52.02,54.79,39.09,52.0,52.34,42.12,56.04,46.2,30.47,45.07,36.22,42.96,47.23,51.49,53.2,54.46,47.06,54.36,55.61,45.06,47.1,46.87,45.77,46.68,43.6,48.71,48.15
2019-01-14 19:25:00,27.73,32.68,35.97,36.59,50.22,53.63,52.02,54.79,39.09,52.0,52.34,42.12,56.04,46.2,30.47,45.07,36.22,42.95,47.23,51.49,53.2,54.46,47.06,54.36,55.61,45.06,47.1,46.87,45.77,46.68,43.6,48.71,48.15
2019-01-14 19:30:00,27.74,32.68,35.98,36.59,50.22,53.63,52.02,54.79,39.09,52.0,52.34,42.12,56.04,46.2,30.47,45.07,36.22,42.95,47.23,51.49,53.2,54.46,47.06,54.36,55.61,45.06,47.1,46.87,45.77,46.68,43.59,48.71,48.15
2019-01-14 19:35:00,27.74,32.69,35.98,36.58,50.22,53.63,52.02,54.79,39.09,52.0,52.34,42.12,56.04,46.2,30.46,45.07,36.22,42.95,47.23,51.49,53.2,54.46,47.06,54.36,55.61,45.06,47.1,46.87,45.76,46.68,43.59,48.71,48.15
2019-01-14 19:40:00,27.75,32.7,35.99,36.58,50.22,53.63,52.01,54.78,39.09,51.99,52.33,42.12,56.04,46.19,30.46,45.07,36.21,42.95,47.23,51.49,53.2,54.45,47.05,54.36,55.6,45.06,47.1,46.87,45.76,46.67,43.59,48.7,48.15
2019-01-14 19:45:00,27.76,32.71,36.0,36.58,50.21,53.63,52.01,54.78,39.09,51.99,52.33,42.12,56.04,46.19,30.46,45.06,36.21,42.94,47.23,51.49,53.19,54.45,47.05,54.35,55.6,45.05,47.09,46.87,45.76,46.67,43.59,48.7,48.15
2019-01-14 19:50:00,27.77,32.72,36.01,36.57,50.21,53.63,52.01,54.78,39.09,51.99,52.33,42.12,56.03,46.19,30.45,45.06,36.21,42.94,47.23,51.49,53.19,54.45,47.05,54.35,55.6,45.05,47.09,46.86,45.76,46.67,43.59,48.7,48.14
2019-01-14 19:55:00,27.78,32.72,36.02,36.57,50.21,53.63,52.01,54.78,39.09,51.99,52.33,42.12,56.03,46.19,30.45,45.06,36.21,42.94,47.23,51.49,53.19,54.45,47.05,54.35,55.6,45.05,47.09,46.86,45.76,46.67,43.59,48.7,48.14
2019-01-14 20:00:00,27.78,32.73,36.03,36.57,50.21,53.63,52.01,54.78,39.09,51.99,52.33,42.12,56.03,46.19,30.45,45.06,36.21,42.94,47.23,51.49,53.19,54.45,47.05,54.35,55.6,45.05,47.09,46.86,45.76,46.67,43.59,48.7,48.14
2019-01-14 20:05:00,27.79,32.74,36.03,36.58,50.21,53.63,52.01,54.78,39.09,51.99,52.33,42.12,56.04,46.19,30.46,45.06,36.21,42.94,47.23,51.49,53.19,54.45,47.05,54.35,55.6,45.05,47.09,46.86,45.76,46.67,43.59,48.7,48.14
2019-01-14 20:10:00,27.8,32.75,36.04,36.58,50.22,53.63,52.01,54.78,39.09,51.99,52.33,42.12,56.04,46.19,30.46,45.06,36.21,42.95,47.23,51.49,53.2,54.45,47.05,54.36,55.6,45.05,47.09,46.87,45.76,46.67,43.59,48.7,48.15
2019-01-14 20:15:00,27.81,32.76,36.05,36.58,50.22,53.63,52.01,54.78,39.09,52.0,52.33,42.12,56.04,46.19,30.46,45.07,36.21,42.95,47.23,51.49,53.2,54.46,47.05,54.36,55.6,45.06,47.1,46.87,45.76,46.67,43.59,48.7,48.15
2019-01-14 20:20:00,27.82,32.77,36.06,36.58,50.22,53.63,52.02,54.78,39.09,52.0,52.33,42.12,56.04,46.19,30.46,45.07,36.22,42.95,47.23,51.49,53.2,54.46,47.06,54.36,55.61,45.06,47.1,46.87,45.76,46.67,43.59,48.7,48.15
2019-01-14 20:25:00,27.83,32.77,36.07,36.58,50.22,53.63,52.01,54.78,39.09,52.0,52.33,42.12,56.04,46.19,30.46,45.07,36.21,42.95,47.23,51.49,53.2,54.46,47.05,54.36,55.6,45.06,47.1,46.87,45.76,46.67,43.59,48.7,48.15
2019-01-14 20:30:00,27.83,32.78,36.08,36.58,50.21,53.63,52.01,54.78,39.09,51.99,52.33,42.12,56.04,46.19,30.46,45.06,36.21,42.94,47.23,51.49,53.19,54.45,47.05,54.35,55.6,45.05,47.09,46.86,45.76,46.67,43.59,48.7,48.14
2019-01-14 20:35:00,27.84,32.79,36.08,36.57,50.21,53.63,52.01,54.77,39.09,51.99,52.32,42.11,56.03,46.18,30.45,45.06,36.2,42.94,47.22,51.49,53.19,54.45,47.05,54.35,55.59,45.05,47.09,46.86,45.75,46.66,43.59,48.7,48.14
2019-01-14 20:40:00,27.85,32.8,36.09,36.56,50.21,53.62,52.0,54.77,39.09,51.98,52.32,42.11,56.03,46.17,30.44,45.05,36.19,42.93,47.22,51.48,53.19,54.44,47.04,54.34,55.59,45.04,47.08,46.85,45.75,46.66,43.59,48.69,48.14
2019-01-14 20:45:00,27.86,32.8,36.1,36.55,50.2,53.61,51.99,54.76,39.09,51.97,52.31,42.1,56.02,46.17,30.43,45.04,36.18,42.92,47.21,51.48,53.18,54.44,47.03,54.34,55.58,45.03,47.07,46.84,45.74,46.65,43.58,48.68,48.13
2019-01-14 20:50:00,27.86,32.81,36.1,36.54,50.2,53.61,51.98,54.75,39.09,51.96,52.3,42.1,56.01,46.16,30.42,45.03,36.17,42.91,47.21,51.47,53.17,54.43,47.02,54.33,55.57,45.03,47.06,46.84,45.74,46.64,43.58,48.67,48.12
2019-01-14 20:55:00,27.87,32.82,36.11,36.53,50.19,53.6,51.97,54.74,39.09,51.95,52.29,42.09,56.01,46.15,30.41,45.02,36.17,42.9,47.21,51.47,53.17,54.42,47.01,54.32,55.56,45.02,47.05,46.83,45.73,46.64,43.58,48.67,48.12
2019-01-14 21:00:00,27.88,32.82,36.12,36.53,50.19,53.6,51.97,54.74,39.09,51.95,52.29,42.09,56.0,46.14,30.4,45.02,36.16,42.9,47.2,51.47,53.17,54.42,47.01,54.32,55.55,45.01,47.05,46.83,45.73,46.63,43.58,48.66,48.12
2019-01-14 21:05:00,27.88,32.83,36.13,36.52,50.19,53.6,51.96,54.73,39.09,51.95,52.29,42.09,56.0,46.14,30.4,45.02,36.16,42.89,47.2,51.47,53.17,54.42,47.01,54.32,55.55,45.01,47.05,46.82,45.73,46.63,43.57,48.66,48.11
2019-01-14 21:10:00,27.89,32.84,36.13,36.52,50.19,53.6,51.96,54.73,39.09,51.95,52.29,42.09,56.0,46.14,30.4,45.02,36.16,42.9,47.2,51.47,53.17,54.42,47.01,54.32,55.55,45.01,47.05,46.82,45.73,46.63,43.57,48.66,48.11
2019-01-14 21:15:00,27.9,32.85,36.14,36.53,50.19,53.6,51.97,54.74,39.09,51.95,52.29,42.09,56.01,46.14,30.4,45.02,36.16,42.9,47.2,51.47,53.17,54.42,47.01,54.32,55.56,45.02,47.05,46.83,45.73,46.63,43.58,48.66,48.12
2019-01-14 21:20:00,27.91,32.86,36.15,36.53,50.19,53.61,51.97,54.74,39.09,51.96,52.3,42.09,56.01,46.15,30.41,45.02,36.17,42.9,47.21,51.47,53.17,54.43,47.01,54.32,55.56,45.02,47.06,46.83,45.73,46.64,43.58,48.67,48.12
2019-01-14 21:25:00,27.92,32.87,36.16,36.54,50.2,53.61,51.98,54.75,39.09,51.96,52.3,42.1,56.01,46.16,30.42,45.03,36.18,42.91,47.21,51.48,53.18,54.43,47.02,54.33,55.57,45.03,47.06,46.84,45.74,46.64,43.58,48.67,48.12
2019-01-14 21:30:00,27.93,32.88,36.17,36.55,50.2,53.62,51.99,54.76,39.09,51.97,52.31,42.1,56.02,46.17,30.43,45.04,36.19,42.92,47.22,51.48,53.18,54.44,47.03,54.34,55.58,45.04,47.07,46.85,45.74,46.65,43.58,48.68,48.13
2019-01-14 21:35:00,27.94,32.89,36.18,36.57,50.21,53.63,52.0,54.77,39.09,51.99,52.32,42.11,56.03,46.18,30.44,45.05,36.2,42.94,47.22,51.48,53.19,54.45,47.04,54.35,55.59,45.05,47.08,46.86,45.75,46.66,43.59,48.69,48.14
2019-01-14 21:40:00,27.95,32.9,36.19,36.58,50.22,53.64,52.02,54.79,39.09,52.0,52.33,42.12,56.04,46.2,30.46,45.07,36.22,42.95,47.23,51.49,53.2,54.46,47.06,54.36,55.61,45.06,47.1,46.87,45.76,46.67,43.59,48.7,48.15
2019-01-14 21:45:00,27.96,32.91,36.2,36.6,50.23,53.65,52.04,54.81,39.09,52.02,52.35,42.13,56.06,46.22,30.48,45.09,36.24,42.97,47.24,51.5,53.21,54.48,47.08,54.38,55.63,45.07,47.12,46.88,45.77,46.69,43.6,48.72,48.16
2019-01-14 21:50:00,27.97,32.92,36.21,36.63,50.24,53.66,52.06,54.83,39.09,52.04,52.37,42.14,56.07,46.24,30.51,45.11,36.26,42.99,47.26,51.51,53.23,54.49,47.1,54.39,55.65,45.09,47.14,46.9,45.79,46.7,43.61,48.74,48.17
2019-01-14 21:55:00,27.98,32.93,36.22,36.65,50.26,53.68,52.08,54.85,39.09,52.07,52.39,42.16,56.09,46.26,30.54,45.13,36.29,43.02,47.27,51.52,53.24,54.51,47.12,54.41,55.67,45.12,47.16,46.92,45.8,46.72,43.62,48.76,48.19
2019-01-14 22:00:00,28.0,32.94,36.24,36.68,50.27,53.7,52.11,54.88,39.09,52.1,52.41,42.17,56.11,46.29,30.57,45.16,36.32,43.05,47.29,51.53,53.26,54.53,47.15,54.44,55.7,45.14,47.19,46.94,45.82,46.75,43.62,48.78,48.2
2019-01-14 22:05:00,28.01,32.96,36.25,36.71,50.29,53.72,52.14,54.9,39.09,52.12,52.43,42.19,56.13,46.32,30.6,45.19,36.35,43.08,47.3,51.54,53.28,54.55,47.17,54.46,55.73,45.16,47.21,46.97,45.84,46.77,43.63,48.8,48.22
2019-01-14 22:10:00,28.02,32.97,36.26,36.74,50.3,53.73,52.16,54.93,39.09,52.15,52.46,42.2,56.15,46.35,30.63,45.21,36.38,43.1,47.32,51.55,53.29,54.57,47.2,54.48,55.76,45.18,47.24,46.99,45.86,46.79,43.64,48.82,48.24
2019-01-14 22:15:00,28.04,32.98,36.27,36.77,50.32,53.75,52.19,54.95,39.09,52.17,52.47,42.21,56.16,46.37,30.65,45.23,36.4,43.13,47.33,51.56,53.31,54.59,47.22,54.5,55.78,45.2,47.26,47.0,45.87,46.8,43.65,48.84,48.25
2019-01-14 22:20:00,28.05,33.0,36.28,36.79,50.33,53.76,52.2,54.97,39.09,52.19,52.49,42.22,56.17,46.39,30.68,45.25,36.42,43.14,47.34,51.57,53.32,54.6,47.23,54.51,55.8,45.22,47.27,47.02,45.88,46.82,43.66,48.85,48.26
2019-01-14 22:25:00,28.06,33.01,36.3,36.8,50.33,53.77,52.22,54.98,39.09,52.2,52.5,42.23,56.18,46.4,30.69,45.27,36.43,43.16,47.35,51.57,53.33,54.61,47.25,54.52,55.81,45.23,47.29,47.03,45.89,46.83,43.66,48.86,48.27
2019-01-14 22:30:00,28.07,33.02,36.31,36.81,50.34,53.78,52.23,54.99,39.09,52.21,52.51,42.24,56.19,46.41,30.7,45.28,36.45,43.17,47.36,51.58,53.33,54.62,47.26,54.53,55.82,45.24,47.3,47.04,45.9,46.84,43.66,48.87,48.27
2019-01-14 22:35:00,28.08,33.03,36.32,36.82,50.35,53.78,52.24,55.0,39.09,52.22,52.52,42.24,56.2,46.42,30.72,45.29,36.46,43.18,47.36,51.58,53.34,54.62,47.27,54.54,55.83,45.25,47.31,47.05,45.9,46.84,43.67,48.88,48.28
2019-01-14 22:40:00,28.1,33.04,36.33,36.83,50.35,53.79,52.25,55.01,39.09,52.23,52.53,42.25,56.21,46.43,30.73,45.3,36.47,43.19,47.37,51.58,53.35,54.63,47.28,54.55,55.84,45.25,47.32,47.05,45.91,46.85,43.67,48.89,48.29
2019-01-14 22:45:00,28.11,33.05,36.34,36.85,50.36,53.8,52.26,55.02,39.09,52.24,52.54,42.25,56.21,46.44,30.74,45.31,36.48,43.2,47.37,51.59,53.35,54.64,47.29,54.56,55.85,45.26,47.33,47.06,45.92,46.86,43.67,48.9,48.29
2019-01-14 22:50:00,28.12,33.06,36.35,36.86,50.37,53.8,52.27,55.04,39.09,52.26,52.55,42.26,56.22,46.46,30.75,45.32,36.49,43.22,47.38,51.59,53.36,54.65,47.3,54.57,55.87,45.28,47.34,47.07,45.93,46.87,43.68,48.91,48.3
2019-01-14 22:55:00,28.13,33.08,36.36,36.88,50.38,53.82,52.29,55.05,39.09,52.28,52.56,42.27,56.24,46.47,30.77,45.34,36.51,43.23,47.39,51.6,53.37,54.66,47.32,54.58,55.88,45.29,47.35,47.09,45.94,46.88,43.69,48.92,48.31
2019-01-14 23:00:00,28.15,33.09,36.38,36.9,50.39,53.83,52.31,55.07,39.09,52.29,52.58,42.28,56.25,46.49,30.8,45.36,36.53,43.25,47.4,51.61,53.38,54.68,47.33,54.6,55.9,45.31,47.37,47.1,45.95,46.9,43.69,48.94,48.32
2019-01-14 23:05:00,28.16,33.1,36.39,36.92,50.4,53.84,52.33,55.09,39.09,52.32,52.6,42.29,56.26,46.52,30.82,45.38,36.56,43.27,47.41,51.62,53.4,54.69,47.35,54.61,55.92,45.32,47.39,47.12,45.96,46.92,43.7,48.95,48.34
2019-01-14 23:10:00,28.17,33.12,36.4,36.95,50.41,53.86,52.35,55.11,39.09,52.34,52.61,42.3,56.28,46.54,30.84,45.4,36.58,43.3,47.43,51.63,53.41,54.71,47.37,54.63,55.94,45.34,47.41,47.14,45.98,46.93,43.71,48.97,48.35
2019-01-14 23:15:00,28.19,33.13,36.41,36.97,50.42,53.87,52.37,55.13,39.09,52.36,52.63,42.32,56.29,46.56,30.87,45.42,36.6,43.32,47.44,51.63,53.42,54.72,47.39,54.65,55.96,45.36,47.43,47.15,45.99,46.95,43.71,48.99,48.36
2019-01-14 23:20:00,28.2,33.14,36.43,36.99,50.43,53.88,52.39,55.15,39.09,52.38,52.65,42.33,56.31,46.58,30.89,45.44,36.62,43.34,47.45,51.64,53.44,54.74,47.41,54.66,55.98,45.38,47.45,47.17,46.0,46.96,43.72,49.0,48.37
2019-01-14 23:25:00,28.21,33.16,36.44,37.01,50.44,53.89,52.41,55.17,39.09,52.39,52.66,42.34,56.32,46.6,30.91,45.45,36.64,43.36,47.46,51.65,53.45,54.75,47.43,54.67,56.0,45.39,47.47,47.18,46.01,46.97,43.73,49.02,48.38
2019-01-14 23:30:00,28.23,33.17,36.45,37.03,50.45,53.9,52.42,55.18,39.09,52.41,52.67,42.34,56.33,46.61,30.93,45.47,36.66,43.37,47.47,51.66,53.46,54.76,47.44,54.69,56.02,45.4,47.48,47.2,46.02,46.99,43.73,49.03,48.39
2019-01-14 23:35:00,28.24,33.18,36.47,37.05,50.46,53.92,52.44,55.2,39.09,52.43,52.69,42.35,56.34,46.63,30.95,45.49,36.68,43.39,47.48,51.66,53.47,54.77,47.46,54.7,56.04,45.42,47.5,47.21,46.03,47.0,43.74,49.04,48.4
2019-01-14 23:40:00,28.25,33.2,36.48,37.07,50.47,53.93,52.46,55.22,39.09,52.45,52.7,42.36,56.36,46.65,30.97,45.51,36.7,43.41,47.49,51.67,53.48,54.79,47.48,54.72,56.05,45.43,47.51,47.22,46.04,47.01,43.74,49.06,48.41
2019-01-14 23:45:00,28.27,33.21,36.49,37.09,50.48,53.94,52.48,55.24,39.09,52.47,52.72,42.37,56.37,46.67,30.99,45.52,36.72,43.43,47.5,51.68,53.49,54.8,47.5,54.73,56.07,45.45,47.53,47.24,46.06,47.03,43.75,49.07,48.42
2019-01-14 23:50:00,28.28,33.22,36.5,37.11,50.5,53.95,52.5,55.26,39.09,52.49,52.74,42.38,56.39,46.69,31.01,45.55,36.74,43.45,47.51,51.69,53.51,54.82,47.52,54.75,56.09,45.47,47.55,47.26,46.07,47.04,43.76,49.09,48.44
2019-01-14 23:55:00,28.3,33.24,36.52,37.14,50.51,53.97,52.52,55.28,39.09,52.51,52.76,42.4,56.4,46.71,31.04,45.57,36.77,43.48,47.53,51.7,53.52,54.84,47.54,54.77,56.12,45.49,47.57,47.28,46.08,47.06,43.76,49.11,48.45
2019-01-15 00:00:00,28.31,33.25,36.53,37.16,50.52,53.99,52.55,55.3,39.09,52.54,52.78,42.41,56.42,46.74,31.07,45.59,36.79,43.5,47.54,51.71,53.54,54.85,47.56,54.79,56.14,45.51,47.6,47.29,46.1,47.08,43.77,49.12,48.46
2019-01-15 00:05:00,28.32,33.27,36.55,37.19,50.54,54.0,52.57,55.33,39.09,52.56,52.8,42.42,56.44,46.77,31.1,45.62,36.82,43.53,47.56,51.72,53.55,54.87,47.59,54.81,56.17,45.53,47.62,47.31,46.11,47.1,43.78,49.14,48.48
2019-01-15 00:10:00,28.34,33.28,36.56,37.22,50.55,54.02,52.6,55.35,39.09,52.59,52.82,42.44,56.46,46.79,31.13,45.64,36.85,43.55,47.57,51.73,53.57,54.89,47.61,54.83,56.19,45.55,47.64,47.33,46.13,47.12,43.79,49.16,48.49
2019-01-15 00:15:00,28.35,33.3,36.58,37.24,50.57,54.04,52.62,55.38,39.09,52.61,52.84,42.45,56.47,46.82,31.15,45.67,36.87,43.58,47.58,51.74,53.58,54.91,47.63,54.85,56.22,45.57,47.66,47.35,46.15,47.14,43.8,49.18,48.51
2019-01-15 00:20:00,28.37,33.31,36.59,37.27,50.58,54.05,52.64,55.4,39.1,52.64,52.85,42.46,56.49,46.84,31.18,45.69,36.9,43.6,47.6,51.75,53.6,54.93,47.65,54.87,56.24,45.59,47.69,47.37,46.16,47.15,43.8,49.2,48.52
2019-01-15 00:25:00,28.38,33.33,36.6,37.29,50.59,54.07,52.67,55.42,39.1,52.66,52.87,42.47,56.51,46.86,31.21,45.71,36.93,43.63,47.61,51.76,53.61,54.94,47.68,54.89,56.26,45.61,47.71,47.39,46.17,47.17,43.81,49.22,48.53
2019-01-15 00:30:00,28.4,33.34,36.62,37.32,50.6,54.08,52.69,55.44,39.1,52.68,52.89,42.49,56.52,46.89,31.23,45.73,36.95,43.65,47.62,51.76,53.63,54.96,47.7,54.9,56.29,45.63,47.73,47.41,46.19,47.19,43.82,49.23,48.55
2019-01-15 00:35:00,28.41,33.36,36.63,37.34,50.62,54.1,52.71,55.46,39.1,52.71,52.91,42.5,56.54,46.91,31.25,45.75,36.97,43.67,47.64,51.77,53.64,54.98,47.72,54.92,56.31,45.65,47.75,47.42,46.2,47.2,43.82,49.25,48.56
2019-01-15 00:40:00,28.43,33.37,36.65,37.37,50.63,54.11,52.73,55.48,39.1,52.73,52.92,42.51,56.55,46.93,31.28,45.78,37.0,43.69,47.65,51.78,53.65,54.99,47.74,54.94,56.33,45.66,47.77,47.44,46.21,47.22,43.83,49.26,48.57
2019-01-15 00:45:00,28.44,33.39,36.66,37.39,50.64,54.13,52.75,55.51,39.1,52.75,52.94,42.52,56.57,46.95,31.3,45.8,37.02,43.71,47.66,51.79,53.67,55.01,47.76,54.96,56.35,45.68,47.79,47.46,46.22,47.23,43.84,49.28,48.58
2019-01-15 00:50:00,28.46,33.4,36.68,37.41,50.65,54.14,52.77,55.53,39.1,52.77,52.96,42.53,56.58,46.97,31.33,45.82,37.04,43.74,47.67,51.8,53.68,55.02,47.78,54.97,56.37,45.7,47.8,47.47,46.24,47.25,43.84,49.3,48.59
2019-01-15 00:55:00,28.48,33.42,36.69,37.43,50.66,54.15,52.79,55.54,39.1,52.79,52.97,42.54,56.6,46.99,31.35,45.84,37.06,43.76,47.69,51.81,53.69,55.04,47.8,54.99,56.39,45.72,47.82,47.49,46.25,47.26,43.85,49.31,48.6
2019-01-15 01:00:00,28.49,33.43,36.71,37.45,50.68,54.17,52.81,55.56,39.1,52.81,52.99,42.55,56.61,47.01,31.37,45.85,37.08,43.78,47.7,51.82,53.71,55.05,47.81,55.0,56.41,45.73,47.84,47.5,46.26,47.27,43.86,49.32,48.61
2019-01-15 01:05:00,28.51,33.45,36.72,37.47,50.69,54.18,52.83,55.58,39.1,52.83,53.0,42.56,56.62,47.03,31.39,45.87,37.1,43.79,47.71,51.82,53.72,55.07,47.83,55.02,56.43,45.75,47.86,47.51,46.27,47.29,43.86,49.34,48.62
2019-01-15 01:10:00,28.52,33.46,36.74,37.49,50.7,54.19,52.85,55.6,39.1,52.85,53.01,42.57,56.63,47.05,31.41,45.89,37.12,43.81,47.72,51.83,53.73,55.08,47.85,55.03,56.45,45.76,47.87,47.53,46.28,47.3,43.87,49.35,48.63
2019-01-15 01:15:00,28.54,33.48,36.75,37.51,50.7,54.2,52.86,55.61,39.1,52.86,53.03,42.57,56.65,47.06,31.43,45.9,37.14,43.83,47.73,51.84,53.74,55.09,47.86,55.04,56.46,45.77,47.88,47.54,46.29,47.31,43.87,49.36,48.64
2019-01-15 01:20:00,28.55,33.49,36.77,37.53,50.71,54.21,52.88,55.63,39.1,52.88,53.04,42.58,56.66,47.08,31.44,45.92,37.16,43.84,47.73,51.84,53.75,55.1,47.88,55.06,56.48,45.79,47.9,47.55,46.3,47.32,43.88,49.37,48.65
2019-01-15 01:25:00,28.57,33.51,36.78,37.54,50.72,54.22,52.89,55.64,39.1,52.89,53.05,42.59,56.67,47.1,31.46,45.93,37.17,43.86,47.74,51.85,53.76,55.11,47.89,55.07,56.49,45.8,47.91,47.56,46.31,47.33,43.88,49.38,48.66
2019-01-15 01:30:00,28.58,33.52,36.8,37.56,50.73,54.23,52.91,55.66,39.1,52.91,53.06,42.6,56.68,47.11,31.48,45.95,37.19,43.88,47.75,51.85,53.77,55.13,47.9,55.08,56.51,45.81,47.93,47.57,46.32,47.34,43.89,49.4,48.67
2019-01-15 01:35:00,28.6,33.54,36.81,37.58,50.74,54.24,52.92,55.67,39.1,52.92,53.07,42.6,56.69,47.13,31.49,45.96,37.21,43.89,47.76,51.86,53.78,55.14,47.92,55.09,56.52,45.82,47.94,47.58,46.33,47.35,43.89,49.41,48.68
2019-01-15 01:40:00,28.61,33.56,36.83,37.59,50.75,54.25,52.93,55.68,39.1,52.94,53.08,42.61,56.7,47.14,31.51,45.98,37.22,43.91,47.77,51.87,53.78,55.15,47.93,55.1,56.54,45.84,47.95,47.6,46.33,47.36,43.89,49.42,48.68
2019-01-15 01:45:00,28.63,33.57,36.84,37.61,50.75,54.26,52.95,55.7,39.1,52.95,53.09,42.62,56.71,47.15,31.52,45.99,37.24,43.92,47.78,51.87,53.79,55.16,47.94,55.11,56.55,45.85,47.96,47.61,46.34,47.37,43.9,49.43,48.69
2019-01-15 01:50:00,28.65,33.59,36.86,37.62,50.76,54.27,52.96,55.71,39.1,52.97,53.1,42.62,56.72,47.17,31.54,46.0,37.25,43.93,47.78,51.88,53.8,55.17,47.96,55.13,56.56,45.86,47.97,47.61,46.35,47.38,43.9,49.43,48.7
2019-01-15 01:55:00,28.66,33.6,36.87,37.64,50.77,54.28,52.97,55.72,39.1,52.98,53.11,42.63,56.72,47.18,31.55,46.02,37.26,43.94,47.79,51.88,53.81,55.18,47.97,55.13,56.58,45.87,47.99,47.62,46.35,47.39,43.91,49.44,48.7
2019-01-15 02:00:00,28.68,33.62,36.89,37.65,50.77,54.28,52.98,55.73,39.1,52.99,53.12,42.64,56.73,47.19,31.56,46.03,37.27,43.96,47.8,51.88,53.81,55.18,47.98,55.14,56.59,45.88,47.99,47.63,46.36,47.4,43.91,49.45,48.71
2019-01-15 02:05:00,28.69,33.63,36.9,37.66,50.78,54.29,52.99,55.74,39.1,53.0,53.13,42.64,56.74,47.2,31.57,46.03,37.28,43.96,47.8,51.89,53.82,55.19,47.99,55.15,56.6,45.88,48.0,47.64,46.37,47.4,43.91,49.46,48.71
2019-01-15 02:10:00,28.71,33.65,36.92,37.67,50.78,54.29,53.0,55.75,39.1,53.01,53.13,42.64,56.74,47.21,31.58,46.04,37.29,43.97,47.81,51.89,53.83,55.2,47.99,55.16,56.6,45.89,48.01,47.64,46.37,47.41,43.91,49.46,48.72
2019-01-15 02:15:00,28.72,33.66,36.93,37.67,50.79,54.3,53.01,55.75,39.1,53.01,53.14,42.65,56.75,47.22,31.59,46.05,37.3,43.98,47.81,51.89,53.83,55.2,48.0,55.16,56.61,45.9,48.02,47.65,46.37,47.41,43.92,49.47,48.72
2019-01-15 02:20:00,28.74,33.68,36.95,37.68,50.79,54.3,53.01,55.76,39.1,53.02,53.14,42.65,56.75,47.22,31.6,46.06,37.31,43.99,47.81,51.9,53.83,55.21,48.01,55.17,56.62,45.9,48.02,47.65,46.38,47.42,43.92,49.47,48.73
2019-01-15 02:25:00,28.75,33.69,36.97,37.69,50.79,54.31,53.02,55.77,39.1,53.03,53.15,42.65,56.76,47.23,31.61,46.06,37.32,43.99,47.82,51.9,53.84,55.21,48.01,55.17,56.62,45.91,48.03,47.66,46.38,47.42,43.92,49.48,48.73
2019-01-15 02:30:00,28.77,33.71,36.98,37.7,50.8,54.31,53.03,55.77,39.1,53.03,53.15,42.66,56.76,47.24,31.61,46.07,37.32,44.0,47.82,51.9,53.84,55.22,48.02,55.18,56.63,45.91,48.03,47.66,46.39,47.43,43.92,49.48,48.73
2019-01-15 02:35:00,28.78,33.73,37.0,37.7,50.8,54.32,53.03,55.78,39.1,53.04,53.16,42.66,56.77,47.24,31.62,46.08,37.33,44.01,47.82,51.9,53.85,55.22,48.02,55.18,56.64,45.92,48.04,47.67,46.39,47.43,43.92,49.49,48.74
2019-01-15 02:40:00,28.8,33.74,37.01,37.71,50.81,54.32,53.04,55.79,39.1,53.05,53.16,42.66,56.77,47.25,31.63,46.08,37.34,44.01,47.83,51.91,53.85,55.23,48.03,55.19,56.64,45.92,48.04,47.67,46.39,47.44,43.93,49.49,48.74
2019-01-15 02:45:00,28.82,33.76,37.03,37.72,50.81,54.32,53.05,55.79,39.1,53.05,53.17,42.67,56.78,47.26,31.64,46.09,37.34,44.02,47.83,51.91,53.85,55.23,48.04,55.19,56.65,45.93,48.05,47.68,46.4,47.44,43.93,49.49,48.74
2019-01-15 02:50:00,28.83,33.77,37.04,37.72,50.81,54.33,53.05,55.8,39.1,53.06,53.17,42.67,56.78,47.26,31.64,46.09,37.35,44.03,47.83,51.91,53.86,55.24,48.04,55.2,56.66,45.93,48.06,47.68,46.4,47.44,43.93,49.5,48.75
2019-01-15 02:55:00,28.85,33.79,37.06,37.73,50.82,54.33,53.06,55.8,39.1,53.07,53.18,42.67,56.78,47.27,31.65,46.1,37.36,44.03,47.84,51.91,53.86,55.24,48.05,55.2,56.66,45.94,48.06,47.69,46.4,47.45,43.93,49.5,48.75
2019-01-15 03:00:00,28.86,33.8,37.07,37.74,50.82,54.34,53.06,55.81,39.1,53.07,53.18,42.67,56.79,47.27,31.66,46.11,37.36,44.04,47.84,51.92,53.86,55.24,48.05,55.21,56.67,45.94,48.07,47.69,46.41,47.45,43.93,49.51,48.75
2019-01-15 03:05:00,28.88,33.82,37.09,37.74,50.82,54.34,53.07,55.81,39.1,53.08,53.18,42.68,56.79,47.28,31.66,46.11,37.37,44.04,47.84,51.92,53.87,55.25,48.06,55.21,56.67,45.95,48.07,47.69,46.41,47.45,43.93,49.51,48.75
2019-01-15 03:10:00,28.89,33.83,37.1,37.75,50.82,54.34,53.07,55.82,39.1,53.08,53.19,42.68,56.79,47.28,31.67,46.11,37.37,44.05,47.85,51.92,53.87,55.25,48.06,55.21,56.68,45.95,48.07,47.7,46.41,47.46,43.94,49.51,48.76
2019-01-15 03:15:00,28.91,33.85,37.12,37.75,50.83,54.34,53.07,55.82,39.1,53.08,53.19,42.68,56.8,47.29,31.67,46.12,37.38,44.05,47.85,51.92,53.87,55.25,48.06,55.22,56.68,45.95,48.08,47.7,46.41,47.46,43.94,49.52,48.76
2019-01-15 03:20:00,28.92,33.87,37.14,37.75,50.83,54.35,53.08,55.82,39.1,53.09,53.19,42.68,56.8,47.29,31.67,46.12,37.38,44.05,47.85,51.92,53.87,55.25,48.07,55.22,56.68,45.95,48.08,47.7,46.41,47.46,43.94,49.52,48.76
2019-01-15 03:25:00,28.94,33.88,37.15,37.76,50.83,54.35,53.08,55.83,39.1,53.09,53.19,42.68,56.8,47.29,31.68,46.12,37.38,44.06,47.85,51.92,53.88,55.26,48.07,55.22,56.68,45.96,48.08,47.7,46.42,47.46,43.94,49.52,48.76
2019-01-15 03:30:00,28.96,33.9,37.17,37.76,50.83,54.35,53.08,55.83,39.1,53.09,53.19,42.68,56.8,47.29,31.68,46.12,37.39,44.06,47.85,51.92,53.88,55.26,48.07,55.22,56.69,45.96,48.08,47.7,46.42,47.46,43.94,49.52,48.76
2019-01-15 03:35:00,28.97,33.91,37.18,37.76,50.83,54.35,53.08,55.83,39.1,53.09,53.2,42.68,56.8,47.3,31.68,46.13,37.39,44.06,47.85,51.93,53.88,55.26,48.07,55.22,56.69,45.96,48.08,47.71,46.42,47.47,43.94,49.52,48.76
2019-01-15 03:40:00,28.99,33.93,37.2,37.76,50.83,54.35,53.09,55.83,39.1,53.1,53.2,42.69,56.81,47.3,31.68,46.13,37.39,44.06,47.85,51.93,53.88,55.26,48.08,55.23,56.69,45.96,48.09,47.71,46.42,47.47,43.94,49.52,48.76
2019-01-15 03:45:00,29.0,33.94,37.21,37.77,50.83,54.35,53.09,55.83,39.1,53.1,53.2,42.69,56.81,47.3,31.69,46.13,37.39,44.07,47.86,51.93,53.88,55.26,48.08,55.23,56.69,45.96,48.09,47.71,46.42,47.47,43.94,49.52,48.77
2019-01-15 03:50:00,29.02,33.96,37.23,37.77,50.83,54.35,53.09,55.84,39.1,53.1,53.2,42.69,56.81,47.3,31.69,46.13,37.4,44.07,47.86,51.93,53.88,55.26,48.08,55.23,56.7,45.97,48.09,47.71,46.42,47.47,43.94,49.53,48.77
2019-01-15 03:55:00,29.03,33.97,37.24,37.77,50.84,54.36,53.09,55.84,39.1,53.1,53.2,42.69,56.81,47.31,31.69,46.14,37.4,44.07,47.86,51.93,53.88,55.27,48.08,55.23,56.7,45.97,48.09,47.71,46.42,47.47,43.94,49.53,48.77
2019-01-15 04:00:00,29.05,33.99,37.26,37.78,50.84,54.36,53.1,55.84,39.1,53.11,53.21,42.69,56.81,47.31,31.7,46.14,37.4,44.07,47.86,51.93,53.89,55.27,48.09,55.23,56.7,45.97,48.1,47.71,46.42,47.47,43.94,49.53,48.77
2019-01-15 04:05:00,29.06,34.01,37.28,37.78,50.84,54.36,53.1,55.84,39.1,53.11,53.21,42.69,56.81,47.31,31.7,46.14,37.4,44.08,47.86,51.93,53.89,55.27,48.09,55.24,56.7,45.97,48.1,47.72,46.43,47.48,43.94,49.53,48.77
2019-01-15 04:10:00,29.08,34.02,37.29,37.78,50.84,54.36,53.1,55.85,39.1,53.11,53.21,42.69,56.81,47.31,31.7,46.14,37.41,44.08,47.86,51.93,53.89,55.27,48.09,55.24,56.71,45.97,48.1,47.72,46.43,47.48,43.94,49.53,48.77
2019-01-15 04:15:00,29.1,34.04,37.31,37.78,50.84,54.36,53.1,55.85,39.1,53.11,53.21,42.69,56.82,47.31,31.7,46.14,37.41,44.08,47.86,51.93,53.89,55.27,48.09,55.24,56.71,45.97,48.1,47.72,46.43,47.48,43.94,49.53,48.77
2019-01-15 04:20:00,29.11,34.05,37.32,37.78,50.84,54.36,53.1,55.85,39.1,53.11,53.21,42.69,56.82,47.31,31.7,46.14,37.41,44.08,47.86,51.93,53.89,55.27,48.09,55.24,56.71,45.97,48.1,47.72,46.43,47.48,43.94,49.53,48.77
2019-01-15 04:25:00,29.13,34.07,37.34,37.78,50.84,54.36,53.1,55.85,39.1,53.11,53.21,42.69,56.82,47.31,31.7,46.14,37.41,44.08,47.86,51.93,53.89,55.27,48.09,55.24,56.71,45.97,48.1,47.72,46.43,47.48,43.94,49.53,48.77
2019-01-15 04:30:00,29.14,34.08,37.35,37.78,50.84,54.36,53.1,55.85,39.1,53.11,53.21,42.69,56.81,47.31,31.7,46.14,37.41,44.08,47.86,51.93,53.89,55.27,48.09,55.24,56.71,45.97,48.1,47.72,46.43,47.48,43.94,49.53,48.77
2019-01-15 04:35:00,29.16,34.1,37.37,37.78,50.84,54.36,53.1,55.85,39.1,53.11,53.21,42.69,56.81,47.31,31.7,46.14,37.41,44.08,47.86,51.93,53.89,55.27,48.09,55.24,56.71,45.97,48.1,47.72,46.43,47.48,43.94,49.53,48.77
2019-01-15 04:40:00,29.17,34.11,37.38,37.78,50.84,54.36,53.1,55.84,39.1,53.11,53.21,42.69,56.81,47.31,31.7,46.14,37.4,44.08,47.86,51.93,53.89,55.27,48.09,55.24,56.7,45.97,48.1,47.72,46.43,47.48,43.94,49.53,48.77
2019-01-15 04:45:00,29.19,34.13,37.4,37.78,50.84,54.36,53.1,55.84,39.1,53.11,53.21,42.69,56.81,47.31,31.7,46.14,37.4,44.07,47.86,51.93,53.89,55.27,48.09,55.23,56.7,45.97,48.1,47.72,46.42,47.47,43.94,49.53,48.77
2019-01-15 04:50:00,29.2,34.14,37.41,37.77,50.84,54.36,53.09,55.84,39.1,53.1,53.2,42.69,56.81,47.31,31.69,46.14,37.4,44.07,47.86,51.93,53.89,55.27,48.08,55.23,56.7,45.97,48.09,47.71,46.42,47.47,43.94,49.53,48.77
2019-01-15 04:55:00,29.22,34.16,37.43,37.77,50.84,54.36,53.09,55.84,39.1,53.1,53.2,42.69,56.81,47.3,31.69,46.13,37.4,44.07,47.86,51.93,53.88,55.27,48.08,55.23,56.7,45.97,48.09,47.71,46.42,47.47,43.94,49.53,48.77
2019-01-15 05:00:00,29.23,34.17,37.44,37.77,50.83,54.35,53.09,55.83,39.1,53.1,53.2,42.69,56.81,47.3,31.69,46.13,37.39,44.06,47.86,51.93,53.88,55.26,48.08,55.23,56.69,45.96,48.09,47.71,46.42,47.47,43.94,49.52,48.76
2019-01-15 05:05:00,29.25,34.19,37.46,37.76,50.83,54.35,53.08,55.83,39.1,53.09,53.19,42.68,56.8,47.29,31.68,46.13,37.39,44.06,47.85,51.92,53.88,55.26,48.07,55.22,56.69,45.96,48.08,47.7,46.42,47.46,43.94,49.52,48.76
2019-01-15 05:10:00,29.26,34.2,37.47,37.75,50.83,54.35,53.08,55.82,39.1,53.09,53.19,42.68,56.8,47.29,31.67,46.12,37.38,44.05,47.85,51.92,53.87,55.25,48.07,55.22,56.68,45.95,48.08,47.7,46.41,47.46,43.94,49.52,48.76
2019-01-15 05:15:00,29.28,34.22,37.49,37.74,50.82,54.34,53.07,55.81,39.1,53.08,53.18,42.68,56.79,47.28,31.66,46.11,37.37,44.04,47.84,51.92,53.87,55.25,48.06,55.21,56.67,45.95,48.07,47.69,46.41,47.45,43.93,49.51,48.75
2019-01-15 05:20:00,29.29,34.23,37.5,37.73,50.82,54.33,53.06,55.8,39.1,53.07,53.18,42.67,56.79,47.27,31.65,46.1,37.36,44.03,47.84,51.92,53.86,55.24,48.05,55.2,56.66,45.94,48.06,47.69,46.4,47.45,43.93,49.5,48.75
2019-01-15 05:25:00,29.3,34.24,37.51,37.72,50.81,54.33,53.05,55.79,39.1,53.06,53.17,42.67,56.78,47.26,31.64,46.09,37.35,44.02,47.83,51.91,53.86,55.23,48.04,55.19,56.65,45.93,48.05,47.68,46.4,47.44,43.93,49.49,48.74
2019-01-15 05:30:00,29.32,34.26,37.53,37.7,50.8,54.32,53.03,55.78,39.1,53.04,53.16,42.66,56.77,47.24,31.62,46.07,37.33,44.01,47.82,51.9,53.85,55.22,48.02,55.18,56.64,45.92,48.04,47.67,46.39,47.43,43.92,49.48,48.73
2019-01-15 05:35:00,29.33,34.27,37.54,37.68,50.79,54.31,53.01,55.76,39.1,53.02,53.14,42.65,56.76,47.22,31.6,46.06,37.31,43.99,47.81,51.9,53.84,55.21,48.01,55.17,56.62,45.9,48.02,47.65,46.38,47.42,43.92,49.47,48.72
2019-01-15 05:40:00,29.33,34.28,37.55,38.2,50.9,54.43,53.27,56.0,39.1,53.28,53.27,42.74,56.9,47.51,32.03,46.35,37.73,44.28,47.92,51.98,53.96,55.35,48.26,55.34,56.88,46.11,48.21,47.8,46.47,47.53,43.97,49.59,48.81
2019-01-15 05:45:00,29.33,34.27,37.54,38.18,50.89,54.41,53.25,55.98,39.1,53.27,53.26,42.73,56.89,47.5,32.01,46.33,37.71,44.26,47.91,51.97,53.95,55.34,48.24,55.33,56.86,46.09,48.2,47.78,46.46,47.52,43.96,49.57,48.8
2019-01-15 05:50:00,29.32,34.26,37.53,38.16,50.88,54.4,53.23,55.96,39.1,53.25,53.24,42.71,56.88,47.48,31.99,46.31,37.69,44.24,47.9,51.97,53.93,55.33,48.22,55.31,56.84,46.07,48.18,47.76,46.45,47.5,43.95,49.56,48.79
2019-01-15 05:55:00,29.31,34.25,37.52,38.14,50.86,54.38,53.21,55.94,39.1,53.22,53.22,42.7,56.86,47.45,31.96,46.29,37.66,44.21,47.88,51.95,53.92,55.31,48.2,55.29,56.81,46.05,48.15,47.74,46.43,47.48,43.94,49.53,48.77
2019-01-15 06:00:00,29.29,34.24,37.51,38.11,50.84,54.36,53.18,55.91,39.1,53.19,53.19,42.68,56.84,47.42,31.93,46.26,37.63,44.18,47.86,51.94,53.9,55.28,48.17,55.26,56.78,46.03,48.13,47.72,46.41,47.46,43.93,49.51,48.75
2019-01-15 06:05:00,29.28,34.22,37.5,38.07,50.82,54.34,53.14,55.88,39.1,53.16,53.16,42.66,56.81,47.39,31.89,46.23,37.6,44.15,47.84,51.93,53.87,55.26,48.14,55.23,56.75,46.0,48.09,47.69,46.38,47.43,43.92,49.48,48.73
2019-01-15 06:10:00,29.26,34.21,37.49,38.03,50.8,54.31,53.1,55.84,39.1,53.12,53.13,42.64,56.78,47.35,31.85,46.19,37.56,44.11,47.82,51.91,53.85,55.23,48.1,55.2,56.71,45.97,48.06,47.65,46.36,47.4,43.91,49.45,48.71
2019-01-15 06:15:00,29.25,34.19,37.47,37.99,50.77,54.28,53.06,55.8,39.1,53.08,53.09,42.61,56.75,47.31,31.81,46.15,37.52,44.07,47.79,51.89,53.82,55.2,48.06,55.17,56.67,45.93,48.02,47.62,46.33,47.36,43.89,49.41,48.68
2019-01-15 06:20:00,29.23,34.18,37.46,37.95,50.75,54.25,53.02,55.76,39.1,53.04,53.06,42.59,56.72,47.27,31.76,46.11,37.48,44.03,47.77,51.88,53.79,55.16,48.03,55.14,56.63,45.9,47.98,47.59,46.3,47.33,43.88,49.38,48.65
2019-01-15 06:25:00,29.22,34.16,37.45,37.91,50.73,54.23,52.99,55.72,39.1,53.0,53.02,42.57,56.7,47.23,31.72,46.08,37.43,43.99,47.74,51.86,53.77,55.13,47.99,55.1,56.59,45.86,47.94,47.55,46.28,47.3,43.86,49.34,48.63
2019-01-15 06:30:00,29.2,34.15,37.43,37.87,50.7,54.2,52.95,55.69,39.1,52.96,52.99,42.55,56.67,47.19,31.68,46.04,37.4,43.95,47.72,51.85,53.74,55.11,47.95,55.07,56.55,45.83,47.91,47.52,46.25,47.27,43.85,49.31,48.6
2019-01-15 06:35:00,29.19,34.13,37.42,37.84,50.68,54.18,52.91,55.65,39.1,52.92,52.96,42.53,56.64,47.15,31.64,46.01,37.36,43.92,47.7,51.83,53.72,55.08,47.92,55.04,56.52,45.8,47.87,47.49,46.23,47.24,43.84,49.28,48.58
2019-01-15 06:40:00,29.17,34.12,37.4,37.8,50.66,54.15,52.88,55.62,39.1,52.89,52.93,42.51,56.62,47.12,31.6,45.98,37.33,43.88,47.68,51.82,53.7,55.05,47.89,55.02,56.49,45.77,47.84,47.46,46.2,47.21,43.83,49.26,48.56
2019-01-15 06:45:00,29.16,34.1,37.39,37.77,50.64,54.13,52.85,55.59,39.1,52.86,52.9,42.49,56.6,47.09,31.57,45.95,37.3,43.85,47.66,51.8,53.68,55.03,47.86,54.99,56.46,45.75,47.81,47.44,46.18,47.19,43.82,49.23,48.54
2019-01-15 06:50:00,29.14,34.09,37.38,37.74,50.63,54.11,52.82,55.56,39.1,52.83,52.87,42.47,56.57,47.06,31.54,45.92,37.26,43.82,47.64,51.79,53.66,55.0,47.83,54.96,56.42,45.72,47.78,47.41,46.16,47.16,43.8,49.2,48.52
2019-01-15 06:55:00,29.13,34.07,37.36,37.7,50.61,54.09,52.79,55.53,39.1,52.79,52.84,42.45,56.55,47.03,31.5,45.88,37.23,43.79,47.62,51.78,53.63,54.98,47.8,54.94,56.39,45.69,47.75,47.38,46.14,47.13,43.79,49.18,48.5
2019-01-15 07:00:00,29.11,34.06,37.35,37.67,50.58,54.06,52.75,55.49,39.1,52.76,52.81,42.43,56.52,46.99,31.46,45.85,37.19,43.75,47.6,51.76,53.61,54.95,47.77,54.91,56.36,45.66,47.72,47.35,46.12,47.1,43.78,49.15,48.48
2019-01-15 07:05:00,29.09,34.04,37.33,37.63,50.56,54.03,52.72,55.46,39.1,52.72,52.78,42.41,56.5,46.95,31.42,45.81,37.16,43.71,47.58,51.75,53.59,54.92,47.73,54.88,56.32,45.63,47.68,47.32,46.09,47.07,43.77,49.11,48.45
2019-01-15 07:10:00,29.08,34.02,37.32,37.59,50.54,54.01,52.68,55.42,39.1,52.68,52.75,42.39,56.47,46.91,31.38,45.78,37.12,43.67,47.55,51.73,53.56,54.89,47.7,54.84,56.28,45.6,47.64,47.29,46.06,47.04,43.75,49.08,48.43
2019-01-15 07:15:00,29.06,34.01,37.3,37.55,50.51,53.98,52.64,55.38,39.1,52.64,52.71,42.36,56.44,46.87,31.34,45.74,37.08,43.63,47.53,51.71,53.53,54.86,47.66,54.81,56.24,45.57,47.61,47.26,46.04,47.01,43.74,49.05,48.4
2019-01-15 07:20:00,29.04,33.99,37.29,37.51,50.49,53.95,52.6,55.35,39.09,52.6,52.68,42.34,56.41,46.84,31.3,45.71,37.04,43.6,47.5,51.7,53.51,54.83,47.63,54.78,56.2,45.53,47.57,47.23,46.01,46.98,43.72,49.02,48.38
2019-01-15 07:25:00,29.03,33.98,37.27,37.48,50.47,53.93,52.57,55.32,39.09,52.57,52.65,42.32,56.39,46.81,31.26,45.68,37.01,43.56,47.48,51.68,53.49,54.81,47.6,54.75,56.17,45.51,47.54,47.2,45.99,46.95,43.71,48.99,48.36
2019-01-15 07:30:00,29.01,33.96,37.26,37.45,50.45,53.91,52.54,55.29,39.09,52.54,52.63,42.31,56.37,46.78,31.23,45.65,36.98,43.54,47.47,51.67,53.47,54.78,47.57,54.73,56.14,45.48,47.51,47.18,45.97,46.93,43.7,48.97,48.34
2019-01-15 07:35:00,29.0,33.95,37.25,37.43,50.44,53.89,52.52,55.27,39.09,52.52,52.61,42.3,56.35,46.75,31.21,45.63,36.96,43.51,47.45,51.66,53.45,54.77,47.55,54.71,56.12,45.47,47.49,47.16,45.96,46.92,43.7,48.95,48.33
2019-01-15 07:40:00,28.98,33.93,37.23,37.41,50.43,53.88,52.51,55.25,39.09,52.5,52.6,42.29,56.34,46.74,31.19,45.61,36.94,43.5,47.44,51.66,53.44,54.75,47.53,54.7,56.1,45.45,47.48,47.14,45.95,46.9,43.69,48.94,48.32
2019-01-15 07:45:00,28.97,33.92,37.22,37.4,50.42,53.87,52.49,55.24,39.09,52.48,52.58,42.28,56.33,46.72,31.17,45.6,36.92,43.48,47.43,51.65,53.43,54.74,47.52,54.69,56.09,45.44,47.47,47.13,45.94,46.89,43.69,48.93,48.31
2019-01-15 07:50:00,28.96,33.91,37.21,37.39,50.42,53.86,52.48,55.23,39.09,52.47,52.58,42.27,56.32,46.71,31.16,45.59,36.91,43.47,47.43,51.64,53.43,54.73,47.51,54.68,56.08,45.43,47.46,47.13,45.93,46.88,43.68,48.92,48.31
2019-01-15 07:55:00,28.95,33.9,37.2,37.38,50.41,53.85,52.48,55.22,39.09,52.46,52.57,42.27,56.31,46.71,31.16,45.58,36.91,43.47,47.42,51.64,53.42,54.73,47.5,54.67,56.07,45.42,47.45,47.12,45.93,46.88,43.68,48.91,48.3
2019-01-15 08:00:00,28.94,33.89,37.19,37.37,50.4,53.85,52.47,55.21,39.09,52.45,52.56,42.27,56.31,46.7,31.15,45.57,36.9,43.46,47.42,51.64,53.41,54.72,47.5,54.66,56.07,45.42,47.44,47.11,45.92,46.87,43.68,48.91,48.3
2019-01-15 08:05:00,28.93,33.88,37.18,37.36,50.4,53.84,52.46,55.2,39.09,52.44,52.56,42.26,56.3,46.69,31.14,45.57,36.89,43.45,47.41,51.63,53.41,54.71,47.49,54.66,56.06,45.41,47.43,47.11,45.92,46.87,43.67,48.9,48.29
2019-01-15 08:10:00,28.92,33.87,37.17,37.36,50.39,53.83,52.45,55.2,39.09,52.44,52.55,42.26,56.3,46.68,31.13,45.56,36.88,43.44,47.41,51.63,53.4,54.7,47.48,54.65,56.05,45.41,47.43,47.1,45.91,46.86,43.67,48.89,48.29
2019-01-15 08:15:00,28.91,33.86,37.16,37.35,50.39,53.83,52.44,55.19,39.09,52.43,52.54,42.25,56.29,46.67,31.12,45.55,36.87,43.43,47.4,51.63,53.4,54.7,47.47,54.64,56.04,45.4,47.42,47.09,45.91,46.86,43.67,48.89,48.28
2019-01-15 08:20:00,28.9,33.85,37.14,37.34,50.38,53.82,52.44,55.18,39.09,52.42,52.54,42.25,56.28,46.67,31.11,45.54,36.87,43.43,47.39,51.62,53.39,54.69,47.47,54.63,56.03,45.39,47.41,47.09,45.9,46.85,43.67,48.88,48.28
2019-01-15 08:25:00,28.88,33.83,37.13,37.33,50.38,53.81,52.43,55.17,39.09,52.41,52.53,42.24,56.28,46.66,31.1,45.54,36.86,43.42,47.39,51.62,53.38,54.68,47.46,54.62,56.02,45.38,47.4,47.08,45.9,46.84,43.66,48.88,48.27
2019-01-15 08:30:00,28.87,33.82,37.12,37.32,50.37,53.81,52.42,55.16,39.09,52.4,52.52,42.24,56.27,46.65,31.1,45.53,36.85,43.41,47.38,51.62,53.38,54.67,47.45,54.62,56.02,45.38,47.4,47.08,45.89,46.84,43.66,48.87,48.27
2019-01-15 08:35:00,28.86,33.81,37.11,37.31,50.37,53.8,52.41,55.16,39.09,52.39,52.52,42.24,56.26,46.64,31.09,45.52,36.84,43.4,47.38,51.61,53.37,54.67,47.44,54.61,56.01,45.37,47.39,47.07,45.89,46.83,43.66,48.86,48.26
2019-01-15 08:40:00,28.85,33.8,37.1,37.31,50.36,53.79,52.4,55.15,39.09,52.38,52.51,42.23,56.26,46.63,31.08,45.51,36.83,43.39,47.37,51.61,53.37,54.66,47.44,54.6,56.0,45.36,47.38,47.06,45.88,46.83,43.66,48.86,48.26
2019-01-15 08:45:00,28.84,33.79,37.09,37.3,50.36,53.79,52.4,55.14,39.09,52.37,52.51,42.23,56.25,46.63,31.07,45.51,36.83,43.39,47.37,51.61,53.36,54.65,47.43,54.6,55.99,45.36,47.38,47.06,45.88,46.82,43.65,48.85,48.26
2019-01-15 08:50:00,28.83,33.78,37.08,37.29,50.35,53.78,52.39,55.14,39.09,52.37,52.5,42.23,56.25,46.62,31.07,45.5,36.82,43.38,47.36,51.6,53.36,54.65,47.42,54.59,55.99,45.35,47.37,47.05,45.88,46.82,43.65,48.85,48.25
2019-01-15 08:55:00,28.82,33.77,37.07,37.29,50.35,53.78,52.39,55.13,39.09,52.36,52.5,42.22,56.24,46.62,31.06,45.5,36.82,43.38,47.36,51.6,53.35,54.65,47.42,54.59,55.98,45.35,47.37,47.05,45.87,46.81,43.65,48.84,48.25
2019-01-15 09:00:00,28.81,33.76,37.06,37.28,50.35,53.78,52.38,55.13,39.09,52.35,52.49,42.22,56.24,46.61,31.06,45.49,36.81,43.37,47.36,51.6,53.35,54.64,47.41,54.58,55.98,45.35,47.36,47.05,45.87,46.81,43.65,48.84,48.25
2019-01-15 09:05:00,28.8,33.74,37.04,37.28,50.34,53.77,52.38,55.12,39.09,52.35,52.49,42.22,56.24,46.61,31.05,45.49,36.81,43.37,47.35,51.6,53.35,54.64,47.41,54.58,55.97,45.34,47.36,47.04,45.87,46.81,43.65,48.84,48.24
2019-01-15 09:10:00,28.78,33.73,37.03,37.28,50.34,53.77,52.37,55.12,39.09,52.35,52.49,42.22,56.23,46.6,31.05,45.49,36.8,43.36,47.35,51.6,53.35,54.63,47.41,54.58,55.97,45.34,47.36,47.04,45.87,46.8,43.65,48.83,48.24
2019-01-15 09:15:00,28.77,33.72,37.02,37.27,50.34,53.77,52.37,55.12,39.09,52.34,52.49,42.21,56.23,46.6,31.05,45.48,36.8,43.36,47.35,51.59,53.34,54.63,47.41,54.57,55.97,45.34,47.35,47.04,45.86,46.8,43.65,48.83,48.24
2019-01-15 09:20:00,28.76,33.71,37.01,37.27,50.34,53.77,52.37,55.11,39.09,52.34,52.48,42.21,56.23,46.6,31.04,45.48,36.8,43.36,47.35,51.59,53.34,54.63,47.4,54.57,55.96,45.33,47.35,47.04,45.86,46.8,43.64,48.83,48.24
2019-01-15 09:25:00,28.75,33.7,37.0,37.27,50.34,53.76,52.36,55.11,39.09,52.33,52.48,42.21,56.23,46.59,31.04,45.48,36.79,43.35,47.35,51.59,53.34,54.63,47.4,54.57,55.96,45.33,47.35,47.03,45.86,46.8,43.64,48.83,48.24
2019-01-15 09:30:00,28.74,33.69,36.99,37.26,50.33,53.76,52.36,55.11,39.09,52.33,52.48,42.21,56.22,46.59,31.04,45.47,36.79,43.35,47.34,51.59,53.34,54.62,47.4,54.57,55.96,45.33,47.34,47.03,45.86,46.79,43.64,48.82,48.23
2019-01-15 09:35:00,28.73,33.68,36.98,37.26,50.33,53.76,52.36,55.1,39.09,52.33,52.47,42.21,56.22,46.59,31.03,45.47,36.79,43.35,47.34,51.59,53.33,54.62,47.39,54.56,55.95,45.33,47.34,47.03,45.86,46.79,43.64,48.82,48.23
2019-01-15 09:40:00,28.72,33.67,36.97,37.26,50.33,53.75,52.35,55.1,39.09,52.32,52.47,42.21,56.22,46.58,31.03,45.47,36.78,43.34,47.34,51.59,53.33,54.62,47.39,54.56,55.95,45.32,47.34,47.02,45.85,46.79,43.64,48.82,48.23
2019-01-15 09:45:00,28.71,33.66,36.95,37.25,50.33,53.75,52.35,55.1,39.09,52.32,52.47,42.2,56.22,46.58,31.03,45.46,36.78,43.34,47.34,51.59,53.33,54.61,47.39,54.56,55.95,45.32,47.33,47.02,45.85,46.79,43.64,48.82,48.23
2019-01-15 09:50:00,28.69,33.64,36.94,37.25,50.33,53.75,52.35,55.1,39.09,52.32,52.47,42.2,56.22,46.58,31.02,45.46,36.78,43.34,47.34,51.59,53.33,54.61,47.39,54.56,55.95,45.32,47.33,47.02,45.85,46.79,43.64,48.82,48.23
2019-01-15 09:55:00,28.68,33.63,36.93,37.25,50.33,53.75,52.35,55.1,39.09,52.32,52.47,42.2,56.22,46.58,31.02,45.46,36.78,43.34,47.34,51.59,53.33,54.61,47.39,54.56,55.95,45.32,47.33,47.02,45.85,46.79,43.64,48.82,48.23
2019-01-15 10:00:00,28.67,33.62,36.92,37.25,50.33,53.75,52.35,55.1,39.09,52.32,52.47,42.2,56.22,46.58,31.03,45.47,36.78,43.34,47.34,51.59,53.33,54.61,47.39,54.56,55.95,45.32,47.33,47.02,45.85,46.79,43.64,48.82,48.23
2019-01-15 10:05:00,28.66,33.61,36.91,37.26,50.33,53.75,52.35,55.1,39.09,52.32,52.47,42.21,56.22,46.58,31.03,45.47,36.78,43.34,47.34,51.59,53.33,54.62,47.39,54.56,55.95,45.32,47.34,47.03,45.85,46.79,43.64,48.82,48.23
2019-01-15 10:10:00,28.65,33.6,36.9,37.26,50.33,53.76,52.36,55.1,39.09,52.33,52.48,42.21,56.22,46.59,31.03,45.47,36.79,43.35,47.34,51.59,53.33,54.62,47.39,54.56,55.95,45.33,47.34,47.03,45.86,46.79,43.64,48.82,48.23
2019-01-15 10:15:00,28.64,33.59,36.89,37.26,50.33,53.76,52.36,55.1,39.09,52.33,52.48,42.21,56.22,46.59,31.04,45.47,36.79,43.35,47.34,51.59,53.33,54.62,47.39,54.56,55.96,45.33,47.34,47.03,45.86,46.79,43.64,48.83,48.23
2019-01-15 10:20:00,28.63,33.58,36.88,37.26,50.33,53.76,52.36,55.11,39.09,52.33,52.48,42.21,56.22,46.59,31.04,45.48,36.79,43.35,47.34,51.59,53.34,54.62,47.4,54.56,55.96,45.33,47.34,47.03,45.86,46.8,43.64,48.83,48.24
2019-01-15 10:25:00,28.62,33.57,36.87,37.27,50.33,53.76,52.36,55.11,39.09,52.33,52.48,42.21,56.23,46.59,31.04,45.48,36.79,43.35,47.34,51.59,53.34,54.62,47.4,54.57,55.96,45.33,47.35,47.03,45.86,46.8,43.64,48.83,48.24
2019-01-15 10:30:00,28.61,33.56,36.86,37.27,50.33,53.76,52.36,55.11,39.09,52.33,52.48,42.21,56.23,46.59,31.04,45.48,36.79,43.35,47.34,51.59,53.34,54.62,47.4,54.57,55.96,45.33,47.35,47.03,45.86,46.8,43.64,48.83,48.24
2019-01-15 10:35:00,28.6,33.55,36.85,37.27,50.33,53.76,52.36,55.11,39.09,52.33,52.48,42.21,56.22,46.59,31.04,45.48,36.79,43.35,47.34,51.59,53.34,54.62,47.4,54.56,55.96,45.33,47.35,47.03,45.86,46.8,43.64,48.83,48.24
2019-01-15 10:40:00,28.59,33.54,36.84,37.26,50.33,53.76,52.36,55.11,39.09,52.33,52.48,42.21,56.22,46.59,31.04,45.47,36.79,43.35,47.34,51.59,53.33,54.62,47.4,54.56,55.96,45.33,47.34,47.03,45.86,46.8,43.64,48.83,48.24
2019-01-15 10:45:00,28.58,33.53,36.83,37.26,50.33,53.76,52.36,55.1,39.09,52.33,52.48,42.21,56.22,46.59,31.04,45.47,36.79,43.35,47.34,51.59,53.33,54.62,47.4,54.56,55.96,45.33,47.34,47.03,45.86,46.8,43.64,48.83,48.24
2019-01-15 10:50:00,28.57,33.52,36.82,37.26,50.33,53.76,52.36,55.1,39.08,52.33,52.48,42.21,56.22,46.59,31.04,45.47,36.79,43.35,47.34,51.59,53.33,54.62,47.39,54.56,55.96,45.33,47.34,47.03,45.86,46.8,43.64,48.83,48.24
2019-01-15 10:55:00,28.56,33.51,36.81,37.26,50.33,53.76,52.36,55.1,39.08,52.33,52.48,42.21,56.22,46.59,31.04,45.47,36.79,43.35,47.34,51.59,53.33,54.62,47.4,54.56,55.96,45.33,47.34,47.03,45.86,46.8,43.64,48.83,48.24
2019-01-15 11:00:00,28.55,33.5,36.8,37.26,50.33,53.76,52.36,55.11,39.08,52.33,52.48,42.21,56.22,46.59,31.04,45.48,36.79,43.35,47.34,51.59,53.33,54.62,47.4,54.56,55.96,45.33,47.35,47.03,45.86,46.8,43.64,48.83,48.24
2019-01-15 11:05:00,28.54,33.49,36.79,37.27,50.33,53.76,52.36,55.11,39.08,52.33,52.48,42.21,56.22,46.59,31.04,45.48,36.79,43.35,47.34,51.59,53.34,54.62,47.4,54.56,55.96,45.33,47.35,47.04,45.86,46.8,43.64,48.83,48.24
2019-01-15 11:10:00,28.53,33.48,36.78,37.27,50.33,53.76,52.37,55.11,39.08,52.33,52.48,42.21,56.23,46.59,31.04,45.48,36.8,43.36,47.34,51.59,53.34,54.62,47.4,54.57,55.96,45.33,47.35,47.04,45.86,46.8,43.65,48.83,48.24
2019-01-15 11:15:00,28.52,33.47,36.77,37.27,50.33,53.76,52.37,55.11,39.08,52.33,52.49,42.22,56.23,46.6,31.05,45.48,36.8,43.36,47.34,51.59,53.34,54.62,47.4,54.57,55.96,45.34,47.35,47.04,45.87,46.8,43.65,48.83,48.24
2019-01-15 11:20:00,28.51,33.46,36.76,37.27,50.34,53.76,52.37,55.11,39.08,52.33,52.49,42.22,56.23,46.6,31.05,45.48,36.8,43.36,47.35,51.59,53.34,54.62,47.4,54.57,55.96,45.34,47.35,47.04,45.87,46.8,43.65,48.83,48.24
2019-01-15 11:25:00,28.5,33.45,36.74,37.27,50.34,53.76,52.37,55.11,39.08,52.33,52.49,42.22,56.23,46.6,31.05,45.48,36.8,43.36,47.35,51.59,53.34,54.62,47.4,54.57,55.97,45.34,47.35,47.04,45.87,46.8,43.65,48.84,48.24
2019-01-15 11:30:00,28.49,33.44,36.73,37.27,50.34,53.76,52.37,55.11,39.08,52.33,52.49,42.22,56.23,46.6,31.05,45.48,36.8,43.36,47.35,51.59,53.34,54.62,47.4,54.57,55.97,45.34,47.35,47.04,45.87,46.8,43.65,48.84,48.24
2019-01-15 11:35:00,28.48,33.43,36.72,37.27,50.34,53.76,52.37,55.11,39.08,52.33,52.49,42.22,56.23,46.6,31.05,45.48,36.8,43.36,47.35,51.59,53.34,54.62,47.4,54.57,55.97,45.34,47.35,47.04,45.87,46.81,43.65,48.84,48.24
2019-01-15 11:40:00,28.47,33.42,36.71,37.27,50.34,53.76,52.37,55.11,39.08,52.33,52.49,42.22,56.23,46.6,31.05,45.48,36.8,43.36,47.35,51.59,53.34,54.62,47.4,54.57,55.97,45.34,47.35,47.04,45.87,46.81,43.65,48.84,48.24
2019-01-15 11:45:00,28.46,33.41,36.7,37.27,50.34,53.76,52.37,55.12,39.08,52.33,52.49,42.22,56.23,46.6,31.05,45.48,36.8,43.36,47.35,51.59,53.34,54.63,47.41,54.57,55.97,45.34,47.35,47.04,45.87,46.81,43.65,48.84,48.24
2019-01-15 11:50:00,28.45,33.4,36.69,37.28,50.34,53.76,52.37,55.12,39.08,52.34,52.49,42.22,56.23,46.6,31.05,45.49,36.8,43.36,47.35,51.59,53.34,54.63,47.41,54.57,55.97,45.34,47.36,47.04,45.87,46.81,43.65,48.84,48.25
2019-01-15 11:55:00,28.44,33.39,36.68,37.28,50.34,53.76,52.38,55.12,39.08,52.34,52.49,42.22,56.23,46.6,31.06,45.49,36.81,43.37,47.35,51.59,53.34,54.63,47.41,54.57,55.97,45.34,47.36,47.05,45.87,46.81,43.65,48.84,48.25
2019-01-15 12:00:00,28.43,33.38,36.67,37.28,50.34,53.77,52.38,55.12,39.08,52.34,52.5,42.22,56.24,46.61,31.06,45.49,36.81,43.37,47.35,51.6,53.35,54.63,47.41,54.58,55.98,45.35,47.36,47.05,45.87,46.81,43.65,48.84,48.25
2019-01-15 12:05:00,28.42,33.37,36.66,37.29,50.34,53.77,52.38,55.13,39.08,52.35,52.5,42.23,56.24,46.61,31.06,45.5,36.81,43.37,47.35,51.6,53.35,54.63,47.42,54.58,55.98,45.35,47.37,47.05,45.88,46.82,43.65,48.85,48.25
2019-01-15 12:10:00,28.41,33.36,36.65,37.29,50.35,53.77,52.39,55.13,39.08,52.35,52.51,42.23,56.24,46.62,31.07,45.5,36.82,43.38,47.36,51.6,53.35,54.64,47.42,54.58,55.98,45.35,47.37,47.06,45.88,46.82,43.65,48.85,48.25
2019-01-15 12:15:00,28.4,33.35,36.64,37.3,50.35,53.78,52.39,55.13,39.08,52.36,52.51,42.23,56.25,46.62,31.07,45.5,36.82,43.38,47.36,51.6,53.35,54.64,47.42,54.59,55.99,45.36,47.37,47.06,45.88,46.82,43.66,48.85,48.26
2019-01-15 12:20:00,28.39,33.34,36.63,37.3,50.35,53.78,52.4,55.14,39.08,52.36,52.51,42.23,56.25,46.62,31.08,45.51,36.83,43.39,47.36,51.6,53.36,54.64,47.43,54.59,55.99,45.36,47.38,47.06,45.89,46.83,43.66,48.86,48.26
2019-01-15 12:25:00,28.38,33.33,36.62,37.3,50.35,53.78,52.4,55.14,39.08,52.36,52.51,42.23,56.25,46.63,31.08,45.51,36.83,43.39,47.36,51.6,53.36,54.65,47.43,54.59,55.99,45.36,47.38,47.07,45.89,46.83,43.66,48.86,48.26
2019-01-15 12:30:00,28.37,33.32,36.61,37.31,50.36,53.78,52.4,55.14,39.08,52.37,52.52,42.24,56.25,46.63,31.08,45.51,36.83,43.39,47.37,51.61,53.36,54.65,47.43,54.6,56.0,45.36,47.38,47.07,45.89,46.83,43.66,48.86,48.26
2019-01-15 12:35:00,28.36,33.3,36.6,37.31,50.36,53.78,52.4,55.15,39.08,52.37,52.52,42.24,56.25,46.63,31.09,45.51,36.83,43.39,47.37,51.61,53.36,54.65,47.44,54.6,56.0,45.37,47.39,47.07,45.89,46.83,43.66,48.86,48.26
2019-01-15 12:40:00,28.35,33.29,36.59,37.31,50.36,53.79,52.4,55.15,39.09,52.37,52.52,42.24,56.25,46.63,31.09,45.52,36.84,43.4,47.37,51.61,53.36,54.65,47.44,54.6,56.0,45.37,47.39,47.07,45.89,46.83,43.66,48.87,48.27
2019-01-15 12:45:00,28.34,33.28,36.58,37.31,50.36,53.79,52.41,55.15,39.09,52.37,52.52,42.24,56.26,46.64,31.09,45.52,36.84,43.4,47.37,51.61,53.36,54.65,47.44,54.6,56.0,45.37,47.39,47.07,45.89,46.83,43.66,48.87,48.27
2019-01-15 12:50:00,28.33,33.27,36.57,37.31,50.36,53.79,52.41,55.15,39.09,52.37,52.52,42.24,56.26,46.64,31.09,45.52,36.84,43.4,47.37,51.61,53.36,54.65,47.44,54.6,56.0,45.37,47.39,47.07,45.89,46.84,43.66,48.87,48.27
2019-01-15 12:55:00,28.32,33.26,36.56,37.31,50.36,53.79,52.41,55.15,39.09,52.37,52.52,42.24,56.26,46.64,31.09,45.52,36.84,43.4,47.37,51.61,53.37,54.66,47.44,54.6,56.01,45.37,47.39,47.07,45.89,46.84,43.66,48.87,48.27
2019-01-15 13:00:00,28.31,33.25,36.55,37.31,50.36,53.79,52.41,55.15,39.09,52.38,52.52,42.24,56.26,46.64,31.09,45.52,36.84,43.4,47.37,51.61,53.37,54.66,47.44,54.6,56.01,45.37,47.39,47.08,45.9,46.84,43.66,48.87,48.27
2019-01-15 13:05:00,28.3,33.24,36.54,37.32,50.36,53.79,52.41,55.16,39.09,52.38,52.53,42.24,56.26,46.64,31.1,45.52,36.84,43.4,47.37,51.61,53.37,54.66,47.44,54.61,56.01,45.37,47.39,47.08,45.9,46.84,43.66,48.87,48.27
2019-01-15 13:10:00,28.29,33.23,36.53,37.32,50.36,53.79,52.41,55.16,39.09,52.38,52.53,42.24,56.26,46.64,31.1,45.53,36.85,43.41,47.37,51.61,53.37,54.66,47.45,54.61,56.01,45.38,47.4,47.08,45.9,46.84,43.66,48.87,48.27
2019-01-15 13:15:00,28.28,33.22,36.52,37.32,50.37,53.79,52.42,55.16,39.09,52.38,52.53,42.25,56.26,46.65,31.1,45.53,36.85,43.41,47.38,51.61,53.37,54.66,47.45,54.61,56.01,45.38,47.4,47.08,45.9,46.85,43.66,48.88,48.27
2019-01-15 13:20:00,28.27,33.21,36.51,37.33,50.37,53.8,52.42,55.17,39.09,52.39,52.54,42.25,56.27,46.65,31.11,45.53,36.85,43.41,47.38,51.61,53.37,54.67,47.45,54.61,56.02,45.38,47.4,47.09,45.9,46.85,43.67,48.88,48.28
2019-01-15 13:25:00,28.26,33.2,36.5,37.33,50.37,53.8,52.43,55.17,39.09,52.39,52.54,42.25,56.27,46.66,31.11,45.54,36.86,43.42,47.38,51.62,53.38,54.67,47.46,54.62,56.02,45.39,47.41,47.09,45.91,46.85,43.67,48.88,48.28
2019-01-15 13:30:00,28.25,33.19,36.49,37.34,50.37,53.8,52.43,55.17,39.09,52.4,52.54,42.25,56.28,46.66,31.12,45.54,36.86,43.42,47.38,51.62,53.38,54.67,47.46,54.62,56.03,45.39,47.41,47.09,45.91,46.86,43.67,48.89,48.28
2019-01-15 13:35:00,28.24,33.19,36.48,37.34,50.38,53.81,52.44,55.18,39.09,52.4,52.55,42.26,56.28,46.67,31.12,45.55,36.87,43.43,47.39,51.62,53.38,54.68,47.47,54.63,56.03,45.4,47.42,47.1,45.91,46.86,43.67,48.89,48.29
2019-01-15 13:40:00,28.23,33.18,36.47,37.35,50.38,53.81,52.44,55.19,39.09,52.41,52.55,42.26,56.28,46.67,31.13,45.55,36.88,43.43,47.39,51.62,53.39,54.68,47.47,54.63,56.04,45.4,47.42,47.1,45.92,46.87,43.67,48.9,48.29
2019-01-15 13:45:00,28.22,33.17,36.46,37.35,50.38,53.82,52.45,55.19,39.09,52.41,52.56,42.26,56.29,46.68,31.13,45.56,36.88,43.44,47.4,51.63,53.39,54.69,47.48,54.64,56.05,45.4,47.43,47.11,45.92,46.87,43.68,48.9,48.29
2019-01-15 13:50:00,28.21,33.16,36.45,37.36,50.39,53.82,52.45,55.2,39.09,52.42,52.56,42.27,56.29,46.68,31.14,45.56,36.89,43.45,47.4,51.63,53.4,54.69,47.48,54.64,56.05,45.41,47.43,47.11,45.93,46.87,43.68,48.91,48.3
2019-01-15 13:55:00,28.2,33.15,36.44,37.37,50.39,53.82,52.46,55.2,39.09,52.43,52.57,42.27,56.3,46.69,31.15,45.57,36.89,43.45,47.4,51.63,53.4,54.7,47.49,54.64,56.06,45.41,47.44,47.12,45.93,46.88,43.68,48.91,48.3
2019-01-15 14:00:00,28.19,33.14,36.43,37.37,50.39,53.83,52.46,55.21,39.09,52.43,52.57,42.27,56.3,46.69,31.15,45.57,36.9,43.46,47.41,51.63,53.4,54.7,47.49,54.65,56.06,45.42,47.44,47.12,45.93,46.88,43.68,48.92,48.3
2019-01-15 14:05:00,28.18,33.13,36.42,37.38,50.4,53.83,52.47,55.21,39.09,52.44,52.58,42.28,56.3,46.7,31.16,45.58,36.9,43.46,47.41,51.64,53.41,54.7,47.5,54.65,56.07,45.42,47.45,47.13,45.94,46.89,43.68,48.92,48.31
2019-01-15 14:10:00,28.17,33.12,36.42,37.38,50.4,53.84,52.47,55.22,39.09,52.44,52.58,42.28,56.31,46.71,31.16,45.58,36.91,43.47,47.41,51.64,53.41,54.71,47.5,54.66,56.07,45.43,47.46,47.13,45.94,46.89,43.69,48.93,48.31
2019-01-15 14:15:00,28.17,33.11,36.41,37.39,50.4,53.84,52.48,55.22,39.09,52.45,52.59,42.28,56.31,46.71,31.17,45.59,36.91,43.47,47.41,51.64,53.41,54.71,47.51,54.66,56.08,45.43,47.46,47.14,45.94,46.9,43.69,48.93,48.31
2019-01-15 14:20:00,28.16,33.1,36.4,37.39,50.41,53.84,52.49,55.23,39.09,52.45,52.59,42.29,56.32,46.72,31.18,45.6,36.92,43.48,47.42,51.64,53.42,54.72,47.51,54.67,56.08,45.44,47.47,47.14,45.95,46.9,43.69,48.94,48.32
2019-01-15 14:25:00,28.15,33.1,36.39,37.4,50.41,53.85,52.49,55.23,39.09,52.46,52.6,42.29,56.32,46.72,31.18,45.6,36.93,43.48,47.42,51.64,53.42,54.72,47.52,54.67,56.09,45.44,47.47,47.15,45.95,46.91,43.69,48.94,48.32
2019-01-15 14:30:00,28.14,33.09,36.38,37.41,50.41,53.85,52.5,55.24,39.09,52.47,52.6,42.29,56.32,46.73,31.19,45.61,36.93,43.49,47.43,51.65,53.43,54.73,47.53,54.68,56.1,45.45,47.48,47.15,45.96,46.91,43.69,48.95,48.33
2019-01-15 14:35:00,28.13,33.08,36.37,37.42,50.42,53.86,52.51,55.25,39.09,52.47,52.61,42.3,56.33,46.74,31.2,45.62,36.94,43.5,47.43,51.65,53.43,54.73,47.53,54.68,56.1,45.46,47.49,47.16,45.96,46.92,43.7,48.95,48.33
2019-01-15 14:40:00,28.12,33.07,36.36,37.42,50.42,53.86,52.51,55.26,39.09,52.48,52.62,42.3,56.34,46.75,31.21,45.62,36.95,43.51,47.44,51.65,53.44,54.74,47.54,54.69,56.11,45.46,47.49,47.17,45.97,46.93,43.7,48.96,48.34
2019-01-15 14:45:00,28.12,33.06,36.36,37.43,50.43,53.87,52.52,55.27,39.09,52.49,52.63,42.31,56.34,46.76,31.22,45.63,36.96,43.52,47.44,51.66,53.44,54.74,47.55,54.7,56.12,45.47,47.5,47.17,45.98,46.93,43.7,48.97,48.34
2019-01-15 14:50:00,28.11,33.06,36.35,37.44,50.44,53.88,52.53,55.28,39.09,52.5,52.64,42.32,56.35,46.77,31.23,45.64,36.97,43.53,47.45,51.66,53.45,54.75,47.56,54.71,56.13,45.48,47.51,47.18,45.98,46.94,43.71,48.98,48.35
2019-01-15 14:55:00,28.1,33.05,36.34,37.46,50.44,53.88,52.55,55.29,39.09,52.51,52.65,42.32,56.36,46.78,31.25,45.65,36.98,43.54,47.46,51.67,53.46,54.76,47.57,54.72,56.14,45.49,47.53,47.19,45.99,46.95,43.71,48.99,48.36
2019-01-15 15:00:00,28.1,33.04,36.33,37.47,50.45,53.89,52.56,55.3,39.09,52.53,52.66,42.33,56.37,46.79,31.26,45.67,37.0,43.55,47.46,51.67,53.47,54.77,47.58,54.73,56.16,45.5,47.54,47.2,46.0,46.96,43.72,49.0,48.37
2019-01-15 15:05:00,28.09,33.03,36.33,37.48,50.46,53.9,52.57,55.31,39.09,52.54,52.67,42.34,56.38,46.8,31.27,45.68,37.01,43.57,47.47,51.68,53.47,54.78,47.6,54.74,56.17,45.51,47.55,47.21,46.01,46.97,43.72,49.01,48.37
2019-01-15 15:10:00,28.08,33.03,36.32,37.49,50.47,53.91,52.58,55.32,39.09,52.55,52.68,42.35,56.39,46.82,31.29,45.69,37.02,43.58,47.48,51.68,53.48,54.79,47.61,54.75,56.18,45.52,47.56,47.23,46.02,46.98,43.73,49.02,48.38
2019-01-15 15:15:00,28.08,33.02,36.31,37.51,50.47,53.92,52.59,55.33,39.09,52.56,52.69,42.35,56.4,46.83,31.3,45.7,37.03,43.59,47.49,51.69,53.49,54.8,47.62,54.76,56.19,45.53,47.57,47.24,46.02,46.99,43.73,49.03,48.39
2019-01-15 15:20:00,28.07,33.01,36.3,37.52,50.48,53.93,52.6,55.34,39.09,52.57,52.7,42.36,56.4,46.84,31.31,45.71,37.04,43.6,47.49,51.69,53.5,54.81,47.63,54.77,56.2,45.54,47.58,47.24,46.03,47.0,43.73,49.04,48.4
2019-01-15 15:25:00,28.06,33.01,36.3,37.53,50.48,53.93,52.61,55.35,39.09,52.58,52.71,42.36,56.41,46.85,31.32,45.72,37.05,43.61,47.5,51.7,53.5,54.81,47.64,54.77,56.21,45.55,47.59,47.25,46.04,47.01,43.74,49.05,48.4
2019-01-15 15:30:00,28.05,33.0,36.29,37.53,50.49,53.94,52.62,55.36,39.09,52.59,52.72,42.37,56.42,46.85,31.33,45.73,37.06,43.62,47.5,51.7,53.51,54.82,47.64,54.78,56.22,45.55,47.6,47.26,46.04,47.02,43.74,49.05,48.41
2019-01-15 15:35:00,28.04,32.99,36.28,37.54,50.49,53.94,52.63,55.37,39.09,52.6,52.72,42.37,56.42,46.86,31.34,45.73,37.07,43.62,47.51,51.7,53.51,54.83,47.65,54.79,56.23,45.56,47.6,47.26,46.05,47.02,43.74,49.06,48.41
2019-01-15 15:40:00,28.04,32.98,36.27,37.55,50.5,53.95,52.63,55.37,39.09,52.6,52.72,42.37,56.42,46.87,31.34,45.74,37.07,43.63,47.51,51.7,53.52,54.83,47.65,54.79,56.23,45.56,47.61,47.27,46.05,47.02,43.74,49.06,48.41
2019-01-15 15:45:00,28.03,32.97,36.26,37.55,50.5,53.95,52.64,55.38,39.09,52.61,52.73,42.38,56.43,46.87,31.34,45.74,37.08,43.63,47.51,51.71,53.52,54.83,47.66,54.79,56.24,45.57,47.61,47.27,46.05,47.03,43.74,49.07,48.42
2019-01-15 15:50:00,28.02,32.96,36.25,37.55,50.5,53.95,52.64,55.38,39.09,52.61,52.73,42.38,56.43,46.87,31.35,45.74,37.08,43.64,47.51,51.71,53.52,54.84,47.66,54.8,56.24,45.57,47.62,47.27,46.05,47.03,43.75,49.07,48.42
2019-01-15 15:55:00,28.01,32.96,36.24,37.56,50.5,53.95,52.64,55.38,39.09,52.61,52.73,42.38,56.43,46.87,31.35,45.75,37.08,43.64,47.52,51.71,53.52,54.84,47.66,54.8,56.24,45.57,47.62,47.27,46.06,47.03,43.75,49.07,48.42
2019-01-15 16:00:00,28.0,32.95,36.24,37.56,50.5,53.95,52.64,55.38,39.09,52.61,52.73,42.38,56.43,46.88,31.35,45.75,37.08,43.64,47.52,51.71,53.52,54.84,47.66,54.8,56.24,45.57,47.62,47.28,46.06,47.03,43.75,49.07,48.42
2019-01-15 16:05:00,27.99,32.94,36.23,37.56,50.5,53.96,52.64,55.38,39.09,52.61,52.73,42.38,56.43,46.88,31.35,45.75,37.08,43.64,47.52,51.71,53.52,54.84,47.66,54.8,56.24,45.57,47.62,47.28,46.06,47.03,43.75,49.07,48.42
2019-01-15 16:10:00,27.98,32.93,36.22,37.56,50.5,53.96,52.64,55.38,39.09,52.61,52.73,42.38,56.43,46.88,31.35,45.75,37.08,43.64,47.52,51.71,53.52,54.84,47.66,54.8,56.24,45.57,47.62,47.27,46.06,47.03,43.75,49.07,48.42
2019-01-15 16:15:00,27.97,32.92,36.21,37.55,50.5,53.95,52.64,55.38,39.09,52.61,52.73,42.38,56.43,46.87,31.35,45.75,37.08,43.64,47.52,51.71,53.52,54.84,47.66,54.8,56.24,45.57,47.62,47.27,46.05,47.03,43.75,49.07,48.42
2019-01-15 16:20:00,27.96,32.91,36.2,37.55,50.5,53.95,52.64,55.38,39.09,52.61,52.73,42.38,56.43,46.87,31.35,45.74,37.08,43.64,47.51,51.71,53.52,54.84,47.66,54.8,56.24,45.57,47.61,47.27,46.05,47.03,43.75,49.07,48.42
2019-01-15 16:25:00,27.95,32.9,36.19,37.55,50.5,53.95,52.64,55.38,39.09,52.61,52.73,42.38,56.43,46.87,31.34,45.74,37.08,43.63,47.51,51.71,53.52,54.83,47.66,54.79,56.24,45.57,47.61,47.27,46.05,47.03,43.74,49.06,48.42
2019-01-15 16:30:00,27.95,32.89,36.18,37.55,50.5,53.95,52.63,55.37,39.09,52.61,52.72,42.37,56.43,46.87,31.34,45.74,37.07,43.63,47.51,51.71,53.52,54.83,47.66,54.79,56.23,45.56,47.61,47.27,46.05,47.02,43.74,49.06,48.41
2019-01-15 16:35:00,27.94,32.88,36.17,37.54,50.5,53.95,52.63,55.37,39.09,52.6,52.72,42.37,56.42,46.86,31.34,45.74,37.07,43.63,47.51,51.7,53.52,54.83,47.65,54.79,56.23,45.56,47.61,47.26,46.05,47.02,43.74,49.06,48.41
2019-01-15 16:40:00,27.93,32.87,36.16,37.54,50.49,53.95,52.63,55.37,39.09,52.6,52.72,42.37,56.42,46.86,31.33,45.73,37.07,43.62,47.51,51.7,53.51,54.83,47.65,54.79,56.23,45.56,47.6,47.26,46.05,47.02,43.74,49.06,48.41
2019-01-15 16:45:00,27.92,32.86,36.15,37.54,50.49,53.94,52.62,55.37,39.09,52.6,52.72,42.37,56.42,46.86,31.33,45.73,37.06,43.62,47.51,51.7,53.51,54.83,47.65,54.78,56.22,45.56,47.6,47.26,46.04,47.02,43.74,49.05,48.41
2019-01-15 16:50:00,27.91,32.85,36.14,37.53,50.49,53.94,52.62,55.36,39.09,52.59,52.71,42.37,56.42,46.86,31.33,45.73,37.06,43.62,47.5,51.7,53.51,54.82,47.64,54.78,56.22,45.55,47.6,47.26,46.04,47.01,43.74,49.05,48.41
2019-01-15 16:55:00,27.9,32.84,36.13,37.53,50.49,53.94,52.62,55.36,39.09,52.59,52.71,42.36,56.42,46.85,31.32,45.72,37.06,43.62,47.5,51.7,53.51,54.82,47.64,54.78,56.22,45.55,47.59,47.25,46.04,47.01,43.74,49.05,48.4
2019-01-15 17:00:00,27.89,32.83,36.12,37.53,50.49,53.94,52.62,55.36,39.09,52.59,52.71,42.36,56.41,46.85,31.32,45.72,37.06,43.61,47.5,51.7,53.51,54.82,47.64,54.78,56.22,45.55,47.59,47.25,46.04,47.01,43.74,49.05,48.4
2019-01-15 17:05:00,27.88,32.82,36.11,37.53,50.49,53.94,52.61,55.35,39.09,52.59,52.71,42.36,56.41,46.85,31.32,45.72,37.05,43.61,47.5,51.7,53.5,54.82,47.64,54.77,56.21,45.55,47.59,47.25,46.03,47.01,43.74,49.04,48.4
2019-01-15 17:10:00,27.87,32.81,36.1,37.52,50.48,53.93,52.61,55.35,39.09,52.58,52.7,42.36,56.41,46.84,31.31,45.71,37.05,43.6,47.5,51.7,53.5,54.81,47.63,54.77,56.21,45.54,47.59,47.25,46.03,47.0,43.73,49.04,48.4
2019-01-15 17:15:00,27.86,32.8,36.09,37.52,50.48,53.93,52.61,55.35,39.09,52.58,52.7,42.36,56.41,46.84,31.31,45.71,37.04,43.6,47.49,51.69,53.5,54.81,47.63,54.77,56.21,45.54,47.58,47.24,46.03,47.0,43.73,49.04,48.39
2019-01-15 17:20:00,27.85,32.79,36.08,37.51,50.48,53.93,52.6,55.34,39.09,52.57,52.7,42.35,56.4,46.84,31.31,45.71,37.04,43.6,47.49,51.69,53.5,54.81,47.62,54.77,56.2,45.54,47.58,47.24,46.03,47.0,43.73,49.03,48.39
2019-01-15 17:25:00,27.84,32.78,36.07,37.51,50.48,53.93,52.6,55.34,39.09,52.57,52.69,42.35,56.4,46.83,31.3,45.7,37.04,43.59,47.49,51.69,53.49,54.81,47.62,54.76,56.2,45.53,47.57,47.24,46.02,46.99,43.73,49.03,48.39
2019-01-15 17:30:00,27.83,32.77,36.06,37.51,50.48,53.92,52.6,55.34,39.09,52.57,52.69,42.35,56.4,46.83,31.3,45.7,37.03,43.59,47.49,51.69,53.49,54.8,47.62,54.76,56.2,45.53,47.57,47.23,46.02,46.99,43.73,49.03,48.39
2019-01-15 17:35:00,27.82,32.76,36.05,37.5,50.47,53.92,52.59,55.33,39.09,52.57,52.69,42.35,56.4,46.83,31.3,45.7,37.03,43.59,47.49,51.69,53.49,54.8,47.62,54.76,56.19,45.53,47.57,47.23,46.02,46.99,43.73,49.03,48.39
2019-01-15 17:40:00,27.81,32.75,36.04,37.5,50.47,53.92,52.59,55.33,39.09,52.56,52.68,42.35,56.39,46.82,31.29,45.7,37.03,43.59,47.49,51.69,53.49,54.8,47.61,54.76,56.19,45.53,47.57,47.23,46.02,46.99,43.73,49.02,48.38
2019-01-15 17:45:00,27.8,32.74,36.03,37.5,50.47,53.92,52.59,55.33,39.09,52.56,52.68,42.35,56.39,46.82,31.29,45.69,37.03,43.58,47.48,51.69,53.49,54.8,47.61,54.75,56.19,45.53,47.56,47.23,46.02,46.98,43.73,49.02,48.38
2019-01-15 17:50:00,27.79,32.73,36.02,37.5,50.47,53.92,52.59,55.33,39.09,52.56,52.68,42.34,56.39,46.82,31.29,45.69,37.02,43.58,47.48,51.69,53.49,54.8,47.61,54.75,56.19,45.52,47.56,47.22,46.02,46.98,43.73,49.02,48.38
2019-01-15 17:55:00,27.78,32.72,36.01,37.49,50.47,53.92,52.58,55.32,39.09,52.56,52.68,42.34,56.39,46.82,31.28,45.69,37.02,43.58,47.48,51.68,53.48,54.8,47.61,54.75,56.18,45.52,47.56,47.22,46.01,46.98,43.72,49.02,48.38
2019-01-15 18:00:00,27.77,32.71,36.0,37.49,50.47,53.91,52.58,55.32,39.09,52.55,52.68,42.34,56.39,46.81,31.28,45.69,37.02,43.58,47.48,51.68,53.48,54.79,47.6,54.75,56.18,45.52,47.56,47.22,46.01,46.98,43.72,49.01,48.38
2019-01-15 18:05:00,27.75,32.7,35.99,37.49,50.46,53.91,52.58,55.32,39.09,52.55,52.67,42.34,56.38,46.81,31.28,45.68,37.01,43.57,47.48,51.68,53.48,54.79,47.6,54.75,56.18,45.52,47.55,47.22,46.01,46.98,43.72,49.01,48.38
2019-01-15 18:10:00,27.74,32.69,35.98,37.48,50.46,53.91,52.57,55.32,39.09,52.55,52.67,42.34,56.38,46.81,31.27,45.68,37.01,43.57,47.48,51.68,53.48,54.79,47.6,54.74,56.17,45.51,47.55,47.21,46.01,46.97,43.72,49.01,48.37
2019-01-15 18:15:00,27.73,32.68,35.97,37.48,50.46,53.91,52.57,55.31,39.09,52.54,52.67,42.33,56.38,46.8,31.27,45.68,37.01,43.57,47.47,51.68,53.48,54.79,47.59,54.74,56.17,45.51,47.55,47.21,46.0,46.97,43.72,49.01,48.37
2019-01-15 18:20:00,27.72,32.67,35.96,37.48,50.46,53.9,52.57,55.31,39.09,52.54,52.66,42.33,56.38,46.8,31.27,45.67,37.0,43.56,47.47,51.68,53.47,54.78,47.59,54.74,56.17,45.51,47.54,47.21,46.0,46.97,43.72,49.0,48.37
2019-01-15 18:25:00,27.71,32.66,35.95,37.47,50.46,53.9,52.56,55.3,39.09,52.54,52.66,42.33,56.37,46.8,31.26,45.67,37.0,43.56,47.47,51.68,53.47,54.78,47.59,54.73,56.16,45.5,47.54,47.2,46.0,46.96,43.72,49.0,48.37
2019-01-15 18:30:00,27.72,32.66,35.96,36.58,50.21,53.63,52.01,54.78,39.09,51.99,52.34,42.12,56.04,46.19,30.46,45.07,36.22,42.95,47.23,51.49,53.19,54.45,47.06,54.35,55.6,45.06,47.1,46.87,45.77,46.68,43.59,48.71,48.15
2019-01-15 18:35:00,27.72,32.67,35.96,36.58,50.21,53.62,52.01,54.78,39.09,51.99,52.33,42.12,56.03,46.19,30.46,45.06,36.21,42.94,47.22,51.49,53.19,54.45,47.05,54.35,55.6,45.05,47.09,46.87,45.76,46.67,43.59,48.7,48.15
2019-01-15 18:40:00,27.73,32.68,35.97,36.57,50.21,53.62,52.01,54.77,39.09,51.98,52.33,42.12,56.03,46.18,30.45,45.06,36.21,42.94,47.22,51.48,53.19,54.44,47.05,54.35,55.59,45.05,47.09,46.86,45.76,46.67,43.59,48.7,48.14
2019-01-15 18:45:00,27.74,32.69,35.98,36.57,50.21,53.62,52.0,54.77,39.09,51.98,52.32,42.11,56.03,46.18,30.45,45.05,36.2,42.93,47.22,51.48,53.19,54.44,47.04,54.34,55.59,45.05,47.09,46.86,45.76,46.67,43.59,48.7,48.14
2019-01-15 18:50:00,27.75,32.69,35.99,36.56,50.2,53.62,52.0,54.77,39.09,51.97,52.32,42.11,56.02,46.17,30.44,45.05,36.2,42.93,47.22,51.48,53.18,54.44,47.04,54.34,55.59,45.04,47.08,46.86,45.75,46.66,43.59,48.69,48.14
2019-01-15 18:55:00,27.75,32.7,36.0,36.56,50.2,53.61,51.99,54.76,39.09,51.97,52.32,42.11,56.02,46.17,30.44,45.05,36.19,42.93,47.22,51.48,53.18,54.44,47.03,54.34,55.58,45.04,47.08,46.85,45.75,46.66,43.59,48.69,48.14
2019-01-15 19:00:00,27.76,32.71,36.0,36.56,50.2,53.61,51.99,54.76,39.09,51.97,52.32,42.11,56.02,46.17,30.44,45.04,36.19,42.92,47.21,51.48,53.18,54.44,47.03,54.34,55.58,45.04,47.08,46.85,45.75,46.66,43.59,48.69,48.13
2019-01-15 19:05:00,27.77,32.72,36.01,36.55,50.2,53.61,51.99,54.76,39.09,51.97,52.31,42.11,56.02,46.17,30.43,45.04,36.19,42.92,47.21,51.48,53.18,54.43,47.03,54.33,55.58,45.04,47.07,46.85,45.75,46.66,43.59,48.69,48.13
2019-01-15 19:10:00,27.78,32.73,36.02,36.55,50.2,53.61,51.99,54.76,39.09,51.97,52.31,42.11,56.02,46.17,30.43,45.04,36.19,42.92,47.21,51.48,53.18,54.43,47.03,54.33,55.58,45.04,47.07,46.85,45.75,46.66,43.59,48.69,48.13
2019-01-15 19:15:00,27.79,32.73,36.03,36.55,50.2,53.61,51.99,54.76,39.09,51.97,52.31,42.11,56.02,46.17,30.43,45.04,36.19,42.92,47.21,51.48,53.18,54.43,47.03,54.33,55.58,45.04,47.07,46.85,45.75,46.66,43.59,48.69,48.13
2019-01-15 19:20:00,27.8,32.74,36.04,36.55,50.2,53.61,51.99,54.76,39.09,51.97,52.31,42.11,56.02,46.17,30.43,45.04,36.19,42.92,47.21,51.48,53.18,54.43,47.03,54.33,55.58,45.04,47.07,46.85,45.75,46.66,43.58,48.69,48.13
2019-01-15 19:25:00,27.8,32.75,36.04,36.55,50.2,53.61,51.99,54.76,39.09,51.97,52.31,42.11,56.02,46.17,30.43,45.04,36.19,42.92,47.21,51.48,53.18,54.43,47.03,54.33,55.58,45.03,47.07,46.85,45.75,46.65,43.58,48.68,48.13
2019-01-15 19:30:00,27.81,32.76,36.05,36.55,50.2,53.61,51.99,54.75,39.09,51.96,52.31,42.1,56.02,46.16,30.43,45.04,36.18,42.92,47.21,51.48,53.18,54.43,47.03,54.33,55.57,45.03,47.07,46.85,45.74,46.65,43.58,48.68,48.13
2019-01-15 19:35:00,27.82,32.77,36.06,36.55,50.2,53.61,51.98,54.75,39.09,51.96,52.31,42.1,56.01,46.16,30.42,45.03,36.18,42.91,47.21,51.48,53.17,54.43,47.02,54.33,55.57,45.03,47.07,46.84,45.74,46.65,43.58,48.68,48.13
2019-01-15 19:40:00,27.83,32.77,36.07,36.54,50.19,53.6,51.98,54.75,39.09,51.96,52.3,42.1,56.01,46.15,30.42,45.03,36.17,42.91,47.21,51.47,53.17,54.43,47.02,54.33,55.57,45.03,47.06,46.84,45.74,46.65,43.58,48.68,48.13
2019-01-15 19:45:00,27.83,32.78,36.08,36.54,50.19,53.6,51.97,54.74,39.09,51.95,52.3,42.1,56.01,46.15,30.41,45.03,36.17,42.91,47.2,51.47,53.17,54.42,47.02,54.32,55.56,45.02,47.06,46.84,45.74,46.64,43.58,48.67,48.12
2019-01-15 19:50:00,27.84,32.79,36.08,36.53,50.19,53.6,51.97,54.74,39.09,51.95,52.3,42.1,56.01,46.15,30.41,45.02,36.17,42.9,47.2,51.47,53.17,54.42,47.01,54.32,55.56,45.02,47.06,46.83,45.73,46.64,43.58,48.67,48.12
2019-01-15 19:55:00,27.85,32.8,36.09,36.53,50.19,53.6,51.97,54.74,39.09,51.95,52.3,42.1,56.01,46.15,30.41,45.02,36.17,42.9,47.2,51.47,53.17,54.42,47.01,54.32,55.56,45.02,47.05,46.83,45.73,46.64,43.58,48.67,48.12
2019-01-15 20:00:00,27.86,32.81,36.1,36.53,50.19,53.6,51.97,54.74,39.09,51.95,52.3,42.1,56.01,46.15,30.41,45.02,36.17,42.9,47.2,51.47,53.17,54.42,47.01,54.32,55.56,45.02,47.06,46.83,45.73,46.64,43.58,48.67,48.12
2019-01-15 20:05:00,27.87,32.81,36.11,36.54,50.19,53.6,51.97,54.74,39.09,51.95,52.3,42.1,56.01,46.15,30.42,45.03,36.17,42.91,47.21,51.47,53.17,54.42,47.02,54.32,55.56,45.02,47.06,46.84,45.74,46.64,43.58,48.67,48.12
2019-01-15 20:10:00,27.88,32.82,36.12,36.54,50.2,53.61,51.98,54.75,39.09,51.96,52.3,42.1,56.01,46.16,30.42,45.03,36.18,42.91,47.21,51.47,53.17,54.43,47.02,54.33,55.57,45.03,47.06,46.84,45.74,46.65,43.58,48.68,48.13
2019-01-15 20:15:00,27.88,32.83,36.13,36.55,50.2,53.61,51.98,54.75,39.09,51.96,52.31,42.1,56.02,46.16,30.43,45.04,36.18,42.92,47.21,51.48,53.18,54.43,47.03,54.33,55.57,45.03,47.07,46.84,45.74,46.65,43.58,48.68,48.13
2019-01-15 20:20:00,27.89,32.84,36.13,36.55,50.2,53.61,51.99,54.76,39.09,51.97,52.31,42.11,56.02,46.17,30.43,45.04,36.19,42.92,47.21,51.48,53.18,54.44,47.03,54.33,55.58,45.03,47.07,46.85,45.75,46.65,43.58,48.68,48.13
2019-01-15 20:25:00,27.9,32.85,36.14,36.55,50.2,53.61,51.99,54.76,39.09,51.97,52.31,42.11,56.02,46.17,30.43,45.04,36.19,42.92,47.21,51.48,53.18,54.44,47.03,54.34,55.58,45.03,47.07,46.85,45.75,46.65,43.58,48.68,48.13
2019-01-15 20:30:00,27.91,32.86,36.15,36.55,50.2,53.61,51.99,54.76,39.09,51.97,52.31,42.1,56.02,46.16,30.43,45.04,36.18,42.92,47.21,51.48,53.18,54.43,47.03,54.33,55.58,45.03,47.07,46.84,45.74,46.65,43.58,48.68,48.13
2019-01-15 20:35:00,27.92,32.86,36.16,36.54,50.2,53.61,51.98,54.75,39.09,51.96,52.3,42.1,56.01,46.16,30.42,45.03,36.18,42.91,47.21,51.47,53.17,54.43,47.02,54.33,55.57,45.03,47.06,46.84,45.74,46.65,43.58,48.68,48.13
2019-01-15 20:40:00,27.92,32.87,36.17,36.53,50.19,53.6,51.97,54.74,39.09,51.95,52.3,42.09,56.01,46.15,30.41,45.02,36.17,42.9,47.2,51.47,53.17,54.42,47.01,54.32,55.56,45.02,47.05,46.83,45.73,46.64,43.58,48.67,48.12
2019-01-15 20:45:00,27.93,32.88,36.17,36.52,50.18,53.59,51.96,54.73,39.09,51.94,52.29,42.09,56.0,46.14,30.4,45.01,36.16,42.89,47.2,51.47,53.16,54.41,47.0,54.31,55.55,45.01,47.04,46.82,45.73,46.63,43.57,48.66,48.11
2019-01-15 20:50:00,27.94,32.88,36.18,36.51,50.18,53.59,51.95,54.72,39.09,51.93,52.28,42.08,55.99,46.13,30.39,45.0,36.14,42.88,47.19,51.46,53.15,54.41,46.99,54.3,55.54,45.0,47.03,46.81,45.72,46.62,43.57,48.65,48.11
2019-01-15 20:55:00,27.94,32.89,36.19,36.5,50.17,53.58,51.94,54.71,39.09,51.92,52.27,42.08,55.99,46.12,30.38,44.99,36.13,42.87,47.19,51.46,53.15,54.4,46.98,54.3,55.53,44.99,47.03,46.81,45.71,46.62,43.57,48.64,48.1
2019-01-15 21:00:00,27.95,32.9,36.19,36.49,50.17,53.58,51.94,54.71,39.09,51.92,52.27,42.08,55.98,46.11,30.37,44.99,36.13,42.87,47.18,51.46,53.15,54.4,46.98,54.29,55.52,44.99,47.02,46.8,45.71,46.61,43.57,48.64,48.1
2019-01-15 21:05:00,27.96,32.91,36.2,36.49,50.17,53.58,51.93,54.7,39.09,51.91,52.26,42.07,55.98,46.11,30.37,44.99,36.13,42.86,47.18,51.46,53.15,54.4,46.98,54.29,55.52,44.99,47.02,46.8,45.71,46.61,43.57,48.64,48.1
2019-01-15 21:10:00,27.97,32.91,36.21,36.5,50.17,53.58,51.94,54.71,39.09,51.92,52.27,42.08,55.98,46.11,30.37,44.99,36.13,42.87,47.18,51.46,53.15,54.4,46.98,54.29,55.53,44.99,47.02,46.8,45.71,46.61,43.57,48.64,48.1
2019-01-15 21:15:00,27.97,32.92,36.22,36.5,50.18,53.58,51.94,54.71,39.09,51.92,52.27,42.08,55.99,46.12,30.38,45.0,36.14,42.87,47.19,51.46,53.15,54.4,46.99,54.3,55.53,45.0,47.03,46.81,45.71,46.62,43.57,48.65,48.1
2019-01-15 21:20:00,27.98,32.93,36.23,36.51,50.18,53.59,51.95,54.72,39.09,51.93,52.28,42.08,55.99,46.13,30.39,45.0,36.15,42.88,47.19,51.46,53.16,54.41,46.99,54.31,55.54,45.0,47.04,46.81,45.72,46.62,43.57,48.65,48.11
2019-01-15 21:25:00,27.99,32.94,36.24,36.52,50.19,53.6,51.96,54.73,39.09,51.94,52.29,42.09,56.0,46.14,30.4,45.01,36.16,42.89,47.2,51.47,53.16,54.42,47.0,54.31,55.55,45.01,47.05,46.82,45.73,46.63,43.57,48.66,48.11
2019-01-15 21:30:00,28.0,32.95,36.25,36.53,50.19,53.6,51.97,54.74,39.09,51.95,52.3,42.1,56.01,46.15,30.41,45.02,36.17,42.9,47.21,51.47,53.17,54.43,47.02,54.32,55.56,45.02,47.06,46.83,45.73,46.64,43.58,48.67,48.12
2019-01-15 21:35:00,28.01,32.96,36.26,36.55,50.2,53.61,51.99,54.76,39.09,51.97,52.31,42.1,56.02,46.16,30.43,45.04,36.18,42.92,47.21,51.48,53.18,54.44,47.03,54.33,55.58,45.03,47.07,46.84,45.74,46.65,43.58,48.68,48.13
2019-01-15 21:40:00,28.02,32.97,36.27,36.57,50.21,53.62,52.0,54.77,39.09,51.98,52.32,42.11,56.03,46.18,30.45,45.05,36.2,42.93,47.22,51.48,53.19,54.45,47.04,54.35,55.59,45.05,47.08,46.86,45.75,46.66,43.59,48.69,48.14
2019-01-15 21:45:00,28.04,32.98,36.28,36.59,50.22,53.64,52.02,54.79,39.09,52.0,52.34,42.12,56.04,46.2,30.47,45.07,36.22,42.95,47.23,51.49,53.2,54.46,47.06,54.36,55.61,45.06,47.1,46.87,45.76,46.68,43.59,48.71,48.15
2019-01-15 21:50:00,28.05,32.99,36.29,36.61,50.23,53.65,52.04,54.81,39.09,52.02,52.36,42.13,56.06,46.22,30.49,45.09,36.24,42.98,47.25,51.5,53.21,54.48,47.08,54.38,55.63,45.08,47.12,46.89,45.78,46.69,43.6,48.73,48.16
2019-01-15 21:55:00,28.06,33.01,36.3,36.64,50.25,53.67,52.07,54.83,39.09,52.05,52.38,42.15,56.08,46.25,30.52,45.12,36.27,43.0,47.26,51.51,53.23,54.5,47.1,54.4,55.66,45.1,47.15,46.91,45.79,46.71,43.61,48.75,48.18
2019-01-15 22:00:00,28.07,33.02,36.31,36.67,50.26,53.68,52.09,54.86,39.09,52.08,52.4,42.16,56.1,46.27,30.55,45.14,36.3,43.03,47.28,51.52,53.25,54.52,47.13,54.42,55.68,45.12,47.17,46.93,45.81,46.73,43.62,48.77,48.19
2019-01-15 22:05:00,28.09,33.03,36.32,36.7,50.28,53.7,52.12,54.89,39.09,52.1,52.42,42.18,56.11,46.3,30.58,45.17,36.33,43.06,47.29,51.53,53.26,54.54,47.16,54.44,55.71,45.15,47.2,46.95,45.83,46.75,43.63,48.79,48.21
2019-01-15 22:10:00,28.1,33.05,36.34,36.72,50.29,53.72,52.15,54.91,39.09,52.13,52.44,42.19,56.13,46.33,30.61,45.2,36.36,43.09,47.31,51.54,53.28,54.55,47.18,54.46,55.74,45.17,47.22,46.97,45.85,46.77,43.64,48.81,48.23
2019-01-15 22:15:00,28.11,33.06,36.35,36.75,50.31,53.73,52.17,54.94,39.09,52.15,52.46,42.21,56.15,46.35,30.64,45.22,36.38,43.11,47.32,51.55,53.3,54.57,47.2,54.48,55.76,45.19,47.24,46.99,45.86,46.79,43.65,48.83,48.24
2019-01-15 22:20:00,28.13,33.07,36.36,36.77,50.32,53.75,52.19,54.95,39.09,52.17,52.48,42.22,56.16,46.37,30.66,45.24,36.4,43.13,47.33,51.56,53.31,54.59,47.22,54.5,55.78,45.21,47.26,47.01,45.87,46.81,43.65,48.84,48.25
2019-01-15 22:25:00,28.14,33.08,36.37,36.79,50.33,53.76,52.2,54.97,39.09,52.19,52.49,42.22,56.17,46.39,30.68,45.25,36.42,43.14,47.34,51.57,53.32,54.6,47.24,54.51,55.8,45.22,47.28,47.02,45.88,46.82,43.66,48.86,48.26
2019-01-15 22:30:00,28.15,33.09,36.38,36.8,50.33,53.76,52.22,54.98,39.09,52.2,52.5,42.23,56.18,46.4,30.69,45.26,36.43,43.16,47.35,51.57,53.32,54.6,47.25,54.52,55.81,45.23,47.29,47.03,45.89,46.83,43.66,48.86,48.27
2019-01-15 22:35:00,28.16,33.11,36.39,36.81,50.34,53.77,52.22,54.99,39.09,52.21,52.51,42.24,56.19,46.41,30.7,45.27,36.44,43.17,47.35,51.57,53.33,54.61,47.25,54.53,55.82,45.24,47.29,47.04,45.9,46.84,43.66,48.87,48.27
2019-01-15 22:40:00,28.17,33.12,36.4,36.82,50.34,53.77,52.23,55.0,39.09,52.21,52.52,42.24,56.19,46.42,30.71,45.28,36.45,43.17,47.36,51.58,53.33,54.62,47.26,54.53,55.82,45.24,47.3,47.04,45.9,46.84,43.67,48.88,48.28
2019-01-15 22:45:00,28.18,33.13,36.42,36.83,50.35,53.78,52.24,55.0,39.09,52.22,52.52,42.25,56.2,46.43,30.72,45.29,36.46,43.18,47.36,51.58,53.34,54.62,47.27,54.54,55.83,45.25,47.31,47.05,45.91,46.85,43.67,48.89,48.28
2019-01-15 22:50:00,28.2,33.14,36.43,36.84,50.35,53.79,52.25,55.02,39.09,52.23,52.53,42.25,56.21,46.44,30.73,45.3,36.47,43.19,47.37,51.59,53.35,54.63,47.28,54.55,55.84,45.26,47.32,47.06,45.92,46.86,43.67,48.89,48.29
2019-01-15 22:55:00,28.21,33.15,36.44,36.86,50.36,53.8,52.27,55.03,39.09,52.25,52.55,42.26,56.22,46.45,30.75,45.32,36.49,43.21,47.38,51.59,53.36,54.64,47.29,54.56,55.86,45.27,47.33,47.07,45.92,46.87,43.68,48.91,48.3
2019-01-15 23:00:00,28.22,33.16,36.45,36.87,50.37,53.81,52.28,55.05,39.09,52.27,52.56,42.27,56.23,46.47,30.77,45.33,36.51,43.23,47.39,51.6,53.37,54.65,47.31,54.57,55.88,45.29,47.35,47.09,45.94,46.88,43.68,48.92,48.31
2019-01-15 23:05:00,28.23,33.18,36.46,36.9,50.38,53.82,52.3,55.06,39.09,52.28,52.58,42.28,56.24,46.49,30.79,45.35,36.53,43.25,47.4,51.61,53.38,54.67,47.33,54.59,55.9,45.3,47.37,47.1,45.95,46.9,43.69,48.94,48.32
2019-01-15 23:10:00,28.25,33.19,36.48,36.92,50.39,53.83,52.32,55.08,39.09,52.31,52.59,42.29,56.26,46.51,30.81,45.37,36.55,43.27,47.41,51.61,53.39,54.68,47.35,54.6,55.92,45.32,47.39,47.12,45.96,46.91,43.7,48.95,48.33
2019-01-15 23:15:00,28.26,33.2,36.49,36.94,50.4,53.85,52.34,55.1,39.09,52.33,52.61,42.3,56.27,46.53,30.84,45.39,36.57,43.29,47.42,51.62,53.4,54.7,47.37,54.62,55.94,45.34,47.41,47.13,45.97,46.93,43.7,48.97,48.35
2019-01-15 23:20:00,28.27,33.22,36.5,36.96,50.42,53.86,52.36,55.12,39.09,52.35,52.63,42.31,56.29,46.55,30.86,45.41,36.6,43.31,47.43,51.63,53.42,54.71,47.39,54.64,55.96,45.35,47.43,47.15,45.99,46.94,43.71,48.98,48.36
2019-01-15 23:25:00,28.29,33.23,36.51,36.98,50.43,53.87,52.38,55.14,39.09,52.37,52.64,42.32,56.3,46.57,30.88,45.43,36.62,43.33,47.44,51.64,53.43,54.73,47.41,54.65,55.98,45.37,47.44,47.17,46.0,46.96,43.72,49.0,48.37
2019-01-15 23:30:00,28.3,33.24,36.53,37.01,50.44,53.89,52.4,55.16,39.09,52.39,52.66,42.33,56.31,46.59,30.91,45.45,36.64,43.35,47.45,51.65,53.44,54.74,47.42,54.67,56.0,45.39,47.46,47.18,46.01,46.97,43.72,49.01,48.38
2019-01-15 23:35:00,28.31,33.26,36.54,37.03,50.45,53.9,52.42,55.18,39.09,52.4,52.67,42.34,56.33,46.61,30.93,45.47,36.66,43.37,47.47,51.65,53.45,54.76,47.44,54.68,56.02,45.4,47.48,47.2,46.02,46.99,43.73,49.03,48.39
2019-01-15 23:40:00,28.33,33.27,36.55,37.05,50.46,53.91,52.44,55.2,39.09,52.42,52.69,42.35,56.34,46.63,30.95,45.49,36.68,43.39,47.48,51.66,53.47,54.77,47.46,54.7,56.03,45.42,47.5,47.21,46.03,47.0,43.74,49.04,48.4
2019-01-15 23:45:00,28.34,33.29,36.57,37.07,50.47,53.93,52.46,55.22,39.09,52.44,52.71,42.37,56.36,46.65,30.97,45.51,36.7,43.41,47.49,51.67,53.48,54.78,47.48,54.71,56.05,45.44,47.52,47.23,46.05,47.02,43.74,49.06,48.41
2019-01-15 23:50:00,28.36,33.3,36.58,37.09,50.48,53.94,52.48,55.24,39.09,52.47,52.72,42.38,56.37,46.67,30.99,45.53,36.72,43.43,47.5,51.68,53.49,54.8,47.5,54.73,56.08,45.45,47.54,47.24,46.06,47.03,43.75,49.08,48.43
2019-01-15 23:55:00,28.37,33.31,36.59,37.11,50.5,53.95,52.5,55.26,39.09,52.49,52.74,42.39,56.39,46.69,31.02,45.55,36.75,43.45,47.51,51.69,53.51,54.82,47.52,54.75,56.1,45.47,47.56,47.26,46.07,47.05,43.76,49.09,48.44
2019-01-16 00:00:00,28.38,33.33,36.61,37.14,50.51,53.97,52.52,55.28,39.09,52.51,52.76,42.4,56.4,46.72,31.04,45.57,36.77,43.48,47.53,51.7,53.52,54.83,47.54,54.77,56.12,45.49,47.58,47.28,46.09,47.07,43.76,49.11,48.45
2019-01-16 00:05:00,28.4,33.34,36.62,37.16,50.52,53.98,52.55,55.3,39.09,52.53,52.78,42.41,56.42,46.74,31.07,45.59,36.8,43.5,47.54,51.71,53.53,54.85,47.56,54.79,56.14,45.51,47.6,47.3,46.1,47.08,43.77,49.13,48.47
2019-01-16 00:10:00,28.41,33.36,36.64,37.19,50.53,54.0,52.57,55.33,39.09,52.56,52.8,42.42,56.43,46.76,31.1,45.62,36.82,43.52,47.55,51.72,53.55,54.87,47.58,54.8,56.17,45.53,47.62,47.31,46.12,47.1,43.78,49.14,48.48
2019-01-16 00:15:00,28.43,33.37,36.65,37.21,50.55,54.01,52.59,55.35,39.09,52.58,52.81,42.44,56.45,46.78,31.12,45.64,36.84,43.55,47.57,51.72,53.56,54.88,47.6,54.82,56.19,45.55,47.64,47.33,46.13,47.12,43.79,49.16,48.49
2019-01-16 00:20:00,28.44,33.39,36.66,37.24,50.56,54.03,52.61,55.37,39.09,52.6,52.83,42.45,56.47,46.81,31.15,45.66,36.87,43.57,47.58,51.73,53.58,54.9,47.62,54.84,56.21,45.56,47.66,47.35,46.14,47.13,43.79,49.18,48.5
2019-01-16 00:25:00,28.46,33.4,36.68,37.26,50.57,54.04,52.63,55.39,39.09,52.62,52.85,42.46,56.48,46.83,31.17,45.68,36.89,43.59,47.59,51.74,53.59,54.92,47.64,54.86,56.23,45.58,47.68,47.37,46.15,47.15,43.8,49.19,48.52
2019-01-16 00:30:00,28.47,33.41,36.69,37.28,50.58,54.06,52.66,55.41,39.09,52.65,52.87,42.47,56.5,46.85,31.19,45.7,36.91,43.61,47.6,51.75,53.6,54.93,47.67,54.87,56.25,45.6,47.7,47.38,46.17,47.16,43.81,49.21,48.53
2019-01-16 00:35:00,28.49,33.43,36.71,37.31,50.6,54.07,52.68,55.43,39.1,52.67,52.88,42.48,56.51,46.87,31.22,45.72,36.94,43.64,47.62,51.76,53.62,54.95,47.69,54.89,56.28,45.62,47.72,47.4,46.18,47.18,43.81,49.23,48.54
2019-01-16 00:40:00,28.5,33.44,36.72,37.33,50.61,54.09,52.7,55.45,39.1,52.69,52.9,42.49,56.53,46.9,31.24,45.74,36.96,43.66,47.63,51.77,53.63,54.97,47.71,54.91,56.3,45.64,47.74,47.42,46.19,47.19,43.82,49.24,48.55
2019-01-16 00:45:00,28.52,33.46,36.74,37.36,50.62,54.1,52.72,55.48,39.1,52.72,52.92,42.5,56.54,46.92,31.27,45.77,36.99,43.68,47.64,51.78,53.65,54.98,47.73,54.93,56.32,45.66,47.76,47.43,46.21,47.21,43.83,49.26,48.57
2019-01-16 00:50:00,28.53,33.48,36.75,37.38,50.64,54.12,52.74,55.5,39.1,52.74,52.94,42.52,56.56,46.94,31.29,45.79,37.01,43.71,47.66,51.79,53.66,55.0,47.75,54.95,56.34,45.68,47.78,47.45,46.22,47.23,43.84,49.28,48.58
2019-01-16 00:55:00,28.55,33.49,36.77,37.41,50.65,54.13,52.77,55.52,39.1,52.76,52.95,42.53,56.58,46.97,31.32,45.81,37.04,43.73,47.67,51.8,53.68,55.02,47.77,54.97,56.37,45.69,47.8,47.47,46.23,47.24,43.84,49.29,48.59
2019-01-16 01:00:00,28.56,33.51,36.78,37.43,50.66,54.15,52.79,55.54,39.1,52.78,52.97,42.54,56.59,46.99,31.34,45.83,37.06,43.75,47.68,51.8,53.69,55.03,47.79,54.98,56.39,45.71,47.82,47.48,46.25,47.26,43.85,49.31,48.6
2019-01-16 01:05:00,28.58,33.52,36.8,37.45,50.67,54.16,52.81,55.56,39.1,52.8,52.98,42.55,56.61,47.01,31.36,45.85,37.08,43.77,47.69,51.81,53.7,55.05,47.81,55.0,56.41,45.73,47.84,47.5,46.26,47.27,43.86,49.32,48.61
2019-01-16 01:10:00,28.6,33.54,36.81,37.47,50.68,54.17,52.82,55.58,39.1,52.82,53.0,42.56,56.62,47.03,31.38,45.87,37.1,43.79,47.7,51.82,53.71,55.06,47.83,55.01,56.43,45.74,47.85,47.51,46.27,47.29,43.86,49.34,48.62
2019-01-16 01:15:00,28.61,33.55,36.83,37.49,50.69,54.19,52.84,55.59,39.1,52.84,53.01,42.57,56.63,47.04,31.4,45.88,37.12,43.81,47.71,51.83,53.72,55.07,47.84,55.03,56.44,45.76,47.87,47.53,46.28,47.3,43.87,49.35,48.63
2019-01-16 01:20:00,28.63,33.57,36.84,37.51,50.7,54.2,52.86,55.61,39.1,52.86,53.02,42.57,56.64,47.06,31.42,45.9,37.14,43.82,47.72,51.83,53.73,55.09,47.86,55.04,56.46,45.77,47.88,47.54,46.29,47.31,43.87,49.36,48.64
2019-01-16 01:25:00,28.64,33.58,36.86,37.52,50.71,54.21,52.87,55.62,39.1,52.87,53.04,42.58,56.65,47.08,31.44,45.92,37.15,43.84,47.73,51.84,53.74,55.1,47.87,55.05,56.47,45.78,47.9,47.55,46.3,47.32,43.88,49.37,48.65
2019-01-16 01:30:00,28.66,33.6,36.87,37.54,50.72,54.22,52.89,55.64,39.1,52.89,53.05,42.59,56.66,47.09,31.46,45.93,37.17,43.86,47.74,51.85,53.75,55.11,47.89,55.06,56.49,45.8,47.91,47.56,46.31,47.33,43.88,49.38,48.66
2019-01-16 01:35:00,28.67,33.61,36.89,37.56,50.73,54.23,52.9,55.65,39.1,52.9,53.06,42.6,56.67,47.11,31.47,45.95,37.19,43.87,47.75,51.85,53.76,55.12,47.9,55.08,56.5,45.81,47.92,47.57,46.31,47.34,43.89,49.39,48.67
2019-01-16 01:40:00,28.69,33.63,36.9,37.57,50.73,54.24,52.92,55.67,39.1,52.92,53.07,42.6,56.68,47.12,31.49,45.96,37.2,43.89,47.76,51.86,53.77,55.13,47.91,55.09,56.52,45.82,47.94,47.58,46.32,47.35,43.89,49.4,48.67
2019-01-16 01:45:00,28.7,33.64,36.92,37.59,50.74,54.25,52.93,55.68,39.1,52.93,53.08,42.61,56.69,47.13,31.5,45.97,37.22,43.9,47.76,51.86,53.78,55.14,47.93,55.1,56.53,45.83,47.95,47.59,46.33,47.36,43.89,49.41,48.68
2019-01-16 01:50:00,28.72,33.66,36.93,37.6,50.75,54.25,52.94,55.69,39.1,52.94,53.09,42.62,56.7,47.15,31.52,45.98,37.23,43.91,47.77,51.87,53.79,55.15,47.94,55.11,56.54,45.84,47.96,47.6,46.34,47.37,43.9,49.42,48.69
2019-01-16 01:55:00,28.73,33.67,36.95,37.61,50.76,54.26,52.95,55.7,39.1,52.96,53.1,42.62,56.71,47.16,31.53,46.0,37.24,43.92,47.78,51.87,53.79,55.16,47.95,55.12,56.56,45.85,47.97,47.61,46.34,47.38,43.9,49.43,48.69
2019-01-16 02:00:00,28.75,33.69,36.96,37.62,50.76,54.27,52.96,55.71,39.1,52.97,53.11,42.63,56.72,47.17,31.54,46.01,37.25,43.93,47.78,51.88,53.8,55.17,47.96,55.13,56.57,45.86,47.98,47.62,46.35,47.38,43.9,49.44,48.7
2019-01-16 02:05:00,28.76,33.71,36.98,37.64,50.77,54.27,52.97,55.72,39.1,52.98,53.11,42.63,56.72,47.18,31.55,46.02,37.26,43.94,47.79,51.88,53.81,55.17,47.97,55.13,56.58,45.87,47.99,47.62,46.36,47.39,43.91,49.44,48.7
2019-01-16 02:10:00,28.78,33.72,36.99,37.64,50.77,54.28,52.98,55.73,39.1,52.98,53.12,42.63,56.73,47.19,31.56,46.02,37.27,43.95,47.79,51.88,53.81,55.18,47.97,55.14,56.58,45.87,47.99,47.63,46.36,47.4,43.91,49.45,48.71
2019-01-16 02:15:00,28.8,33.74,37.01,37.65,50.78,54.29,52.99,55.74,39.1,52.99,53.13,42.64,56.74,47.2,31.57,46.03,37.28,43.96,47.8,51.89,53.82,55.19,47.98,55.15,56.59,45.88,48.0,47.64,46.36,47.4,43.91,49.46,48.71
2019-01-16 02:20:00,28.81,33.75,37.02,37.66,50.78,54.29,53.0,55.74,39.1,53.0,53.13,42.64,56.74,47.2,31.58,46.04,37.29,43.97,47.8,51.89,53.82,55.19,47.99,55.15,56.6,45.89,48.01,47.64,46.37,47.41,43.91,49.46,48.72
2019-01-16 02:25:00,28.83,33.77,37.04,37.67,50.79,54.3,53.0,55.75,39.1,53.01,53.14,42.65,56.75,47.21,31.59,46.05,37.3,43.98,47.81,51.89,53.83,55.2,48.0,55.16,56.61,45.89,48.01,47.65,46.37,47.41,43.92,49.47,48.72
2019-01-16 02:30:00,28.84,33.78,37.05,37.68,50.79,54.3,53.01,55.76,39.1,53.02,53.14,42.65,56.75,47.22,31.6,46.06,37.31,43.99,47.81,51.9,53.83,55.2,48.0,55.17,56.62,45.9,48.02,47.65,46.38,47.42,43.92,49.47,48.73
2019-01-16 02:35:00,28.86,33.8,37.07,37.69,50.79,54.31,53.02,55.77,39.1,53.03,53.15,42.65,56.76,47.23,31.61,46.06,37.32,43.99,47.82,51.9,53.84,55.21,48.01,55.17,56.62,45.91,48.03,47.66,46.38,47.42,43.92,49.48,48.73
2019-01-16 02:40:00,28.87,33.81,37.08,37.7,50.8,54.31,53.03,55.77,39.1,53.03,53.16,42.66,56.76,47.24,31.62,46.07,37.33,44.0,47.82,51.9,53.84,55.22,48.02,55.18,56.63,45.91,48.04,47.67,46.39,47.43,43.92,49.48,48.73
2019-01-16 02:45:00,28.89,33.83,37.1,37.71,50.8,54.32,53.03,55.78,39.1,53.04,53.16,42.66,56.77,47.24,31.63,46.08,37.33,44.01,47.82,51.91,53.85,55.22,48.03,55.18,56.64,45.92,48.04,47.67,46.39,47.43,43.93,49.49,48.74
2019-01-16 02:50:00,28.9,33.85,37.12,37.71,50.81,54.32,53.04,55.79,39.1,53.05,53.17,42.67,56.77,47.25,31.63,46.09,37.34,44.02,47.83,51.91,53.85,55.23,48.03,55.19,56.65,45.93,48.05,47.68,46.4,47.44,43.93,49.49,48.74
2019-01-16 02:55:00,28.92,33.86,37.13,37.72,50.81,54.32,53.05,55.79,39.1,53.05,53.17,42.67,56.78,47.26,31.64,46.09,37.35,44.02,47.83,51.91,53.85,55.23,48.04,55.19,56.65,45.93,48.05,47.68,46.4,47.44,43.93,49.5,48.74
2019-01-16 03:00:00,28.94,33.88,37.15,37.73,50.81,54.33,53.05,55.8,39.1,53.06,53.17,42.67,56.78,47.26,31.65,46.1,37.35,44.03,47.83,51.91,53.86,55.23,48.04,55.2,56.66,45.93,48.06,47.68,46.4,47.45,43.93,49.5,48.75
2019-01-16 03:05:00,28.95,33.89,37.16,37.73,50.82,54.33,53.06,55.8,39.1,53.06,53.18,42.67,56.78,47.27,31.65,46.1,37.36,44.03,47.84,51.91,53.86,55.24,48.05,55.2,56.66,45.94,48.06,47.69,46.4,47.45,43.93,49.5,48.75
2019-01-16 03:10:00,28.97,33.91,37.18,37.74,50.82,54.33,53.06,55.81,39.1,53.07,53.18,42.67,56.79,47.27,31.66,46.1,37.36,44.04,47.84,51.92,53.86,55.24,48.05,55.21,56.67,45.94,48.06,47.69,46.41,47.45,43.93,49.51,48.75
2019-01-16 03:15:00,28.98,33.92,37.19,37.74,50.82,54.34,53.06,55.81,39.1,53.07,53.18,42.68,56.79,47.28,31.66,46.11,37.37,44.04,47.84,51.92,53.87,55.24,48.06,55.21,56.67,45.94,48.07,47.69,46.41,47.45,43.93,49.51,48.75
2019-01-16 03:20:00,29.0,33.94,37.21,37.74,50.82,54.34,53.07,55.81,39.1,53.08,53.19,42.68,56.79,47.28,31.66,46.11,37.37,44.04,47.84,51.92,53.87,55.25,48.06,55.21,56.67,45.95,48.07,47.7,46.41,47.46,43.94,49.51,48.76
2019-01-16 03:25:00,29.01,33.95,37.22,37.75,50.82,54.34,53.07,55.82,39.1,53.08,53.19,42.68,56.79,47.28,31.67,46.12,37.38,44.05,47.85,51.92,53.87,55.25,48.06,55.21,56.68,45.95,48.07,47.7,46.41,47.46,43.94,49.51,48.76
2019-01-16 03:30:00,29.03,33.97,37.24,37.75,50.83,54.34,53.08,55.82,39.1,53.08,53.19,42.68,56.8,47.29,31.67,46.12,37.38,44.05,47.85,51.92,53.87,55.25,48.07,55.22,56.68,45.95,48.08,47.7,46.41,47.46,43.94,49.52,48.76
2019-01-16 03:35:00,29.04,33.99,37.26,37.76,50.83,54.35,53.08,55.83,39.1,53.09,53.19,42.68,56.8,47.29,31.68,46.12,37.38,44.06,47.85,51.92,53.87,55.25,48.07,55.22,56.69,45.96,48.08,47.7,46.42,47.46,43.94,49.52,48.76
2019-01-16 03:40:00,29.06,34.0,37.27,37.76,50.83,54.35,53.08,55.83,39.1,53.09,53.2,42.69,56.8,47.3,31.68,46.13,37.39,44.06,47.85,51.93,53.88,55.26,48.07,55.22,56.69,45.96,48.08,47.71,46.42,47.47,43.94,49.52,48.76
2019-01-16 03:45:00,29.08,34.02,37.29,37.77,50.83,54.35,53.09,55.83,39.1,53.1,53.2,42.69,56.81,47.3,31.69,46.13,37.39,44.07,47.85,51.93,53.88,55.26,48.08,55.23,56.69,45.96,48.09,47.71,46.42,47.47,43.94,49.53,48.77
2019-01-16 03:50:00,29.09,34.03,37.3,37.77,50.83,54.35,53.09,55.84,39.1,53.1,53.2,42.69,56.81,47.3,31.69,46.13,37.4,44.07,47.86,51.93,53.88,55.26,48.08,55.23,56.7,45.97,48.09,47.71,46.42,47.47,43.94,49.53,48.77
2019-01-16 03:55:00,29.11,34.05,37.32,37.77,50.84,54.36,53.09,55.84,39.1,53.1,53.2,42.69,56.81,47.31,31.7,46.14,37.4,44.07,47.86,51.93,53.88,55.27,48.08,55.23,56.7,45.97,48.09,47.71,46.42,47.47,43.94,49.53,48.77
2019-01-16 04:00:00,29.12,34.06,37.33,37.78,50.84,54.36,53.1,55.84,39.1,53.1,53.21,42.69,56.81,47.31,31.7,46.14,37.4,44.07,47.86,51.93,53.89,55.27,48.09,55.23,56.7,45.97,48.1,47.72,46.43,47.47,43.94,49.53,48.77
2019-01-16 04:05:00,29.14,34.08,37.35,37.78,50.84,54.36,53.1,55.84,39.1,53.11,53.21,42.69,56.81,47.31,31.7,46.14,37.4,44.08,47.86,51.93,53.89,55.27,48.09,55.23,56.7,45.97,48.1,47.72,46.43,47.48,43.94,49.53,48.77
2019-01-16 04:10:00,29.15,34.1,37.36,37.78,50.84,54.36,53.1,55.84,39.1,53.11,53.21,42.69,56.81,47.31,31.7,46.14,37.4,44.08,47.86,51.93,53.89,55.27,48.09,55.23,56.7,45.97,48.1,47.72,46.43,47.48,43.94,49.53,48.77
2019-01-16 04:15:00,29.17,34.11,37.38,37.78,50.84,54.36,53.1,55.84,39.1,53.11,53.21,42.69,56.81,47.31,31.7,46.14,37.4,44.08,47.86,51.93,53.89,55.27,48.09,55.23,56.7,45.97,48.1,47.72,46.43,47.48,43.94,49.53,48.77
2019-01-16 04:20:00,29.19,34.13,37.4,37.78,50.84,54.36,53.1,55.84,39.1,53.11,53.21,42.69,56.81,47.31,31.7,46.14,37.4,44.07,47.86,51.93,53.89,55.27,48.09,55.23,56.7,45.97,48.1,47.72,46.43,47.48,43.94,49.53,48.77
2019-01-16 04:25:00,29.2,34.14,37.41,37.78,50.84,54.36,53.1,55.84,39.1,53.11,53.21,42.69,56.81,47.31,31.7,46.14,37.4,44.07,47.86,51.93,53.89,55.27,48.09,55.23,56.7,45.97,48.1,47.72,46.43,47.47,43.94,49.53,48.77
2019-01-16 04:30:00,29.22,34.16,37.43,37.78,50.84,54.36,53.1,55.84,39.1,53.1,53.21,42.69,56.81,47.31,31.7,46.14,37.4,44.07,47.86,51.93,53.88,55.27,48.08,55.23,56.7,45.97,48.1,47.71,46.42,47.47,43.94,49.53,48.77
2019-01-16 04:35:00,29.23,34.17,37.44,37.77,50.84,54.36,53.09,55.84,39.1,53.1,53.21,42.69,56.81,47.31,31.7,46.14,37.4,44.07,47.86,51.93,53.88,55.27,48.08,55.23,56.7,45.97,48.09,47.71,46.42,47.47,43.94,49.53,48.77
2019-01-16 04:40:00,29.25,34.19,37.46,37.77,50.84,54.36,53.09,55.84,39.1,53.1,53.2,42.69,56.81,47.31,31.7,46.14,37.4,44.07,47.86,51.93,53.88,55.27,48.08,55.23,56.7,45.97,48.09,47.71,46.42,47.47,43.94,49.53,48.77
2019-01-16 04:45:00,29.26,34.2,37.47,37.77,50.84,54.35,53.09,55.84,39.1,53.1,53.2,42.69,56.81,47.3,31.69,46.14,37.4,44.07,47.86,51.93,53.88,55.26,48.08,55.23,56.7,45.97,48.09,47.71,46.42,47.47,43.94,49.53,48.77
2019-01-16 04:50:00,29.28,34.22,37.49,37.77,50.83,54.35,53.09,55.84,39.1,53.1,53.2,42.69,56.81,47.3,31.69,46.13,37.4,44.07,47.86,51.93,53.88,55.26,48.08,55.23,56.7,45.97,48.09,47.71,46.42,47.47,43.94,49.53,48.77
2019-01-16 04:55:00,29.29,34.23,37.5,37.77,50.83,54.35,53.09,55.83,39.1,53.1,53.2,42.69,56.81,47.3,31.69,46.13,37.39,44.07,47.86,51.93,53.88,55.26,48.08,55.23,56.69,45.96,48.09,47.71,46.42,47.47,43.94,49.52,48.77
2019-01-16 05:00:00,29.31,34.25,37.52,37.76,50.83,54.35,53.08,55.83,39.1,53.09,53.2,42.69,56.8,47.3,31.68,46.13,37.39,44.06,47.85,51.93,53.88,55.26,48.07,55.22,56.69,45.96,48.08,47.71,46.42,47.47,43.94,49.52,48.76
2019-01-16 05:05:00,29.32,34.26,37.53,37.76,50.83,54.35,53.08,55.82,39.1,53.09,53.19,42.68,56.8,47.29,31.68,46.12,37.38,44.06,47.85,51.92,53.87,55.25,48.07,55.22,56.68,45.96,48.08,47.7,46.42,47.46,43.94,49.52,48.76
2019-01-16 05:10:00,29.34,34.28,37.55,37.75,50.82,54.34,53.07,55.82,39.1,53.08,53.19,42.68,56.79,47.28,31.67,46.12,37.38,44.05,47.85,51.92,53.87,55.25,48.06,55.21,56.68,45.95,48.07,47.7,46.41,47.46,43.94,49.51,48.76
2019-01-16 05:15:00,29.34,34.29,37.56,38.24,50.92,54.45,53.31,56.04,39.1,53.32,53.31,42.76,56.93,47.55,32.08,46.39,37.77,44.32,47.94,52.0,53.98,55.39,48.29,55.37,56.92,46.14,48.25,47.83,46.5,47.56,43.98,49.62,48.84
2019-01-16 05:20:00,29.34,34.28,37.55,38.24,50.92,54.45,53.3,56.03,39.1,53.32,53.31,42.76,56.93,47.55,32.07,46.38,37.76,44.31,47.94,52.0,53.98,55.38,48.29,55.37,56.91,46.14,48.25,47.83,46.49,47.56,43.98,49.62,48.83
2019-01-16 05:25:00,29.34,34.28,37.55,38.23,50.91,54.45,53.29,56.03,39.1,53.31,53.3,42.75,56.93,47.54,32.06,46.38,37.76,44.3,47.94,51.99,53.98,55.38,48.28,55.36,56.9,46.13,48.24,47.82,46.49,47.55,43.98,49.61,48.83
2019-01-16 05:30:00,29.33,34.27,37.54,38.22,50.91,54.44,53.29,56.02,39.1,53.3,53.29,42.75,56.92,47.53,32.05,46.37,37.75,44.3,47.93,51.99,53.97,55.37,48.28,55.36,56.9,46.12,48.23,47.81,46.48,47.55,43.97,49.6,48.82
2019-01-16 05:35:00,29.32,34.26,37.54,38.21,50.9,54.43,53.28,56.01,39.1,53.29,53.28,42.74,56.91,47.52,32.04,46.36,37.74,44.29,47.92,51.98,53.96,55.36,48.27,55.35,56.88,46.11,48.22,47.8,46.48,47.54,43.97,49.6,48.82
2019-01-16 05:40:00,29.32,34.26,37.53,38.2,50.9,54.42,53.26,56.0,39.1,53.28,53.27,42.73,56.9,47.51,32.03,46.35,37.72,44.27,47.92,51.98,53.95,55.35,48.25,55.34,56.87,46.1,48.21,47.79,46.47,47.53,43.97,49.58,48.81
2019-01-16 05:45:00,29.31,34.25,37.52,38.18,50.89,54.41,53.25,55.98,39.1,53.26,53.26,42.72,56.89,47.49,32.01,46.33,37.71,44.26,47.91,51.97,53.94,55.34,48.24,55.32,56.86,46.09,48.2,47.78,46.46,47.52,43.96,49.57,48.8
2019-01-16 05:50:00,29.3,34.24,37.51,38.16,50.87,54.4,53.23,55.96,39.1,53.24,53.24,42.71,56.88,47.47,31.99,46.31,37.69,44.24,47.89,51.96,53.93,55.32,48.22,55.31,56.84,46.07,48.18,47.76,46.44,47.5,43.95,49.55,48.79
2019-01-16 05:55:00,29.29,34.23,37.51,38.14,50.86,54.38,53.2,55.94,39.1,53.22,53.22,42.7,56.86,47.45,31.96,46.29,37.66,44.21,47.88,51.95,53.91,55.3,48.2,55.28,56.81,46.05,48.15,47.74,46.43,47.48,43.94,49.53,48.77
2019-01-16 06:00:00,29.28,34.22,37.49,38.1,50.84,54.36,53.17,55.91,39.1,53.19,53.19,42.68,56.84,47.42,31.93,46.26,37.63,44.18,47.86,51.94,53.89,55.28,48.17,55.26,56.78,46.03,48.12,47.72,46.41,47.45,43.93,49.51,48.75
2019-01-16 06:05:00,29.26,34.21,37.48,38.07,50.82,54.34,53.14,55.88,39.1,53.15,53.16,42.66,56.81,47.38,31.89,46.23,37.6,44.15,47.84,51.93,53.87,55.25,48.14,55.23,56.75,46.0,48.09,47.69,46.38,47.43,43.92,49.48,48.73
2019-01-16 06:10:00,29.25,34.19,37.47,38.03,50.8,54.31,53.1,55.84,39.1,53.12,53.13,42.64,56.78,47.35,31.85,46.19,37.56,44.11,47.82,51.91,53.85,55.23,48.1,55.2,56.71,45.96,48.06,47.65,46.36,47.39,43.91,49.45,48.7
2019-01-16 06:15:00,29.23,34.18,37.46,37.99,50.77,54.28,53.06,55.8,39.1,53.07,53.09,42.61,56.75,47.3,31.81,46.15,37.51,44.07,47.79,51.89,53.82,55.19,48.06,55.17,56.67,45.93,48.02,47.62,46.33,47.36,43.89,49.41,48.68
2019-01-16 06:20:00,29.22,34.16,37.44,37.94,50.75,54.25,53.02,55.76,39.1,53.03,53.05,42.59,56.72,47.26,31.76,46.11,37.47,44.02,47.77,51.88,53.79,55.16,48.02,55.13,56.63,45.89,47.97,47.58,46.3,47.33,43.88,49.37,48.65
2019-01-16 06:25:00,29.2,34.14,37.43,37.9,50.72,54.22,52.98,55.72,39.1,52.99,53.01,42.56,56.69,47.22,31.71,46.07,37.43,43.98,47.74,51.86,53.76,55.13,47.98,55.1,56.58,45.86,47.93,47.55,46.27,47.29,43.86,49.34,48.62
2019-01-16 06:30:00,29.18,34.13,37.41,37.86,50.7,54.19,52.94,55.68,39.1,52.95,52.98,42.54,56.66,47.18,31.67,46.03,37.39,43.94,47.71,51.84,53.74,55.1,47.94,55.06,56.54,45.82,47.89,47.51,46.24,47.26,43.85,49.3,48.6
2019-01-16 06:35:00,29.17,34.11,37.4,37.82,50.67,54.17,52.9,55.64,39.1,52.91,52.94,42.52,56.63,47.14,31.62,45.99,37.35,43.9,47.69,51.82,53.71,55.07,47.91,55.03,56.5,45.79,47.86,47.48,46.22,47.22,43.83,49.27,48.57
2019-01-16 06:40:00,29.15,34.1,37.38,37.78,50.65,54.14,52.86,55.6,39.1,52.87,52.91,42.5,56.61,47.1,31.58,45.96,37.31,43.86,47.67,51.81,53.69,55.04,47.87,55.0,56.47,45.76,47.82,47.45,46.19,47.19,43.82,49.24,48.55
2019-01-16 06:45:00,29.13,34.08,37.37,37.75,50.63,54.11,52.83,55.57,39.1,52.83,52.88,42.47,56.58,47.07,31.54,45.92,37.27,43.83,47.65,51.79,53.66,55.01,47.84,54.97,56.43,45.73,47.79,47.42,46.17,47.17,43.81,49.21,48.53
2019-01-16 06:50:00,29.12,34.06,37.36,37.71,50.61,54.09,52.79,55.53,39.1,52.8,52.85,42.45,56.55,47.03,31.51,45.89,37.24,43.79,47.62,51.78,53.64,54.98,47.81,54.94,56.4,45.7,47.76,47.39,46.14,47.14,43.79,49.18,48.5
2019-01-16 06:55:00,29.1,34.05,37.34,37.67,50.59,54.06,52.76,55.5,39.1,52.76,52.82,42.43,56.53,47.0,31.47,45.86,37.2,43.76,47.6,51.76,53.62,54.96,47.77,54.91,56.36,45.67,47.72,47.36,46.12,47.11,43.78,49.15,48.48
2019-01-16 07:00:00,29.09,34.03,37.33,37.64,50.56,54.04,52.72,55.46,39.1,52.72,52.79,42.41,56.5,46.96,31.43,45.82,37.16,43.72,47.58,51.75,53.59,54.93,47.74,54.88,56.32,45.64,47.69,47.33,46.09,47.08,43.77,49.12,48.46
2019-01-16 07:05:00,29.07,34.02,37.31,37.6,50.54,54.01,52.68,55.43,39.1,52.69,52.75,42.39,56.47,46.92,31.38,45.78,37.12,43.68,47.56,51.73,53.56,54.9,47.7,54.85,56.29,45.6,47.65,47.29,46.07,47.05,43.75,49.09,48.43
2019-01-16 07:10:00,29.05,34.0,37.3,37.56,50.52,53.98,52.65,55.39,39.1,52.65,52.72,42.37,56.44,46.88,31.34,45.75,37.08,43.64,47.53,51.72,53.54,54.87,47.67,54.82,56.25,45.57,47.61,47.26,46.04,47.02,43.74,49.05,48.41
2019-01-16 07:15:00,29.03,33.98,37.28,37.52,50.49,53.96,52.61,55.35,39.1,52.61,52.68,42.34,56.41,46.84,31.3,45.71,37.04,43.6,47.51,51.7,53.51,54.84,47.63,54.78,56.21,45.54,47.57,47.23,46.02,46.98,43.73,49.02,48.38
2019-01-16 07:20:00,29.02,33.97,37.26,37.48,50.47,53.93,52.57,55.31,39.09,52.57,52.65,42.32,56.39,46.8,31.26,45.67,37.01,43.56,47.48,51.68,53.49,54.81,47.59,54.75,56.17,45.51,47.54,47.2,45.99,46.95,43.71,48.99,48.36
2019-01-16 07:25:00,29.0,33.95,37.25,37.45,50.45,53.91,52.54,55.28,39.09,52.53,52.62,42.3,56.36,46.77,31.22,45.64,36.97,43.53,47.46,51.67,53.47,54.78,47.56,54.73,56.14,45.48,47.51,47.17,45.97,46.93,43.7,48.96,48.34
2019-01-16 07:30:00,28.98,33.93,37.23,37.42,50.44,53.89,52.51,55.26,39.09,52.51,52.6,42.29,56.34,46.74,31.19,45.62,36.94,43.5,47.45,51.66,53.45,54.76,47.54,54.7,56.11,45.46,47.48,47.15,45.95,46.91,43.69,48.94,48.32
2019-01-16 07:35:00,28.97,33.92,37.22,37.4,50.42,53.87,52.49,55.24,39.09,52.48,52.58,42.28,56.33,46.72,31.17,45.6,36.92,43.48,47.43,51.65,53.43,54.74,47.52,54.69,56.09,45.44,47.46,47.13,45.94,46.89,43.68,48.92,48.31
2019-01-16 07:40:00,28.96,33.91,37.21,37.38,50.41,53.86,52.48,55.22,39.09,52.47,52.57,42.27,56.32,46.71,31.15,45.58,36.91,43.47,47.42,51.64,53.42,54.73,47.5,54.67,56.07,45.43,47.45,47.12,45.93,46.88,43.68,48.91,48.3
2019-01-16 07:45:00,28.95,33.9,37.2,37.37,50.41,53.85,52.47,55.21,39.09,52.46,52.56,42.26,56.31,46.7,31.14,45.57,36.9,43.46,47.42,51.64,53.42,54.72,47.5,54.66,56.06,45.42,47.44,47.11,45.92,46.87,43.68,48.9,48.29
2019-01-16 07:50:00,28.94,33.89,37.19,37.36,50.4,53.84,52.46,55.2,39.09,52.45,52.56,42.26,56.3,46.69,31.14,45.57,36.89,43.45,47.41,51.63,53.41,54.71,47.49,54.66,56.06,45.41,47.43,47.11,45.92,46.86,43.67,48.9,48.29
2019-01-16 07:55:00,28.93,33.88,37.18,37.36,50.4,53.84,52.45,55.2,39.09,52.44,52.55,42.26,56.3,46.69,31.13,45.56,36.88,43.45,47.41,51.63,53.41,54.71,47.48,54.65,56.05,45.41,47.43,47.1,45.91,46.86,43.67,48.89,48.29
2019-01-16 08:00:00,28.92,33.87,37.17,37.35,50.39,53.84,52.45,55.19,39.09,52.44,52.55,42.26,56.29,46.68,31.13,45.56,36.88,43.44,47.41,51.63,53.4,54.7,47.48,54.65,56.05,45.4,47.42,47.1,45.91,46.86,43.67,48.89,48.29
2019-01-16 08:05:00,28.91,33.86,37.15,37.35,50.39,53.83,52.44,55.19,39.09,52.43,52.54,42.25,56.29,46.68,31.12,45.55,36.88,43.44,47.4,51.63,53.4,54.7,47.47,54.64,56.04,45.4,47.42,47.09,45.91,46.85,43.67,48.89,48.28
2019-01-16 08:10:00,28.89,33.84,37.14,37.34,50.39,53.83,52.44,55.18,39.09,52.42,52.54,42.25,56.29,46.67,31.12,45.55,36.87,43.43,47.4,51.62,53.39,54.69,47.47,54.64,56.04,45.39,47.41,47.09,45.9,46.85,43.67,48.88,48.28
2019-01-16 08:15:00,28.88,33.83,37.13,37.33,50.38,53.82,52.43,55.17,39.09,52.41,52.53,42.25,56.28,46.66,31.11,45.54,36.86,43.42,47.39,51.62,53.39,54.69,47.46,54.63,56.03,45.39,47.41,47.08,45.9,46.84,43.66,48.88,48.27
2019-01-16 08:20:00,28.87,33.82,37.12,37.32,50.37,53.81,52.42,55.17,39.09,52.4,52.52,42.24,56.27,46.65,31.1,45.53,36.85,43.41,47.39,51.62,53.38,54.68,47.45,54.62,56.02,45.38,47.4,47.08,45.89,46.84,43.66,48.87,48.27
2019-01-16 08:25:00,28.86,33.81,37.11,37.31,50.37,53.8,52.41,55.16,39.09,52.39,52.52,42.23,56.26,46.64,31.09,45.52,36.84,43.4,47.38,51.61,53.37,54.67,47.44,54.61,56.01,45.37,47.39,47.07,45.89,46.83,43.66,48.86,48.26
2019-01-16 08:30:00,28.85,33.8,37.1,37.3,50.36,53.8,52.4,55.15,39.09,52.38,52.51,42.23,56.26,46.63,31.08,45.51,36.83,43.39,47.37,51.61,53.37,54.66,47.43,54.6,56.0,45.36,47.38,47.06,45.88,46.82,43.65,48.85,48.26
2019-01-16 08:35:00,28.84,33.79,37.09,37.3,50.36,53.79,52.39,55.14,39.09,52.37,52.5,42.22,56.25,46.62,31.07,45.5,36.82,43.38,47.37,51.6,53.36,54.65,47.43,54.6,55.99,45.36,47.37,47.05,45.88,46.82,43.65,48.85,48.25
2019-01-16 08:40:00,28.82,33.77,37.07,37.29,50.35,53.78,52.38,55.13,39.09,52.36,52.49,42.22,56.24,46.61,31.06,45.5,36.81,43.37,47.36,51.6,53.36,54.65,47.42,54.59,55.98,45.35,47.36,47.05,45.87,46.81,43.65,48.84,48.25
2019-01-16 08:45:00,28.81,33.76,37.06,37.28,50.35,53.78,52.38,55.12,39.09,52.35,52.49,42.22,56.24,46.61,31.05,45.49,36.81,43.37,47.36,51.6,53.35,54.64,47.41,54.58,55.97,45.34,47.36,47.04,45.87,46.8,43.65,48.83,48.24
2019-01-16 08:50:00,28.8,33.75,37.05,37.27,50.34,53.77,52.37,55.12,39.09,52.35,52.48,42.21,56.23,46.6,31.04,45.48,36.8,43.36,47.35,51.6,53.35,54.63,47.4,54.58,55.97,45.34,47.35,47.04,45.86,46.8,43.64,48.83,48.24
2019-01-16 08:55:00,28.79,33.74,37.04,37.27,50.34,53.77,52.37,55.11,39.09,52.34,52.48,42.21,56.23,46.59,31.04,45.48,36.79,43.35,47.35,51.59,53.34,54.63,47.4,54.57,55.96,45.33,47.35,47.03,45.86,46.79,43.64,48.83,48.24
2019-01-16 09:00:00,28.78,33.73,37.03,37.26,50.33,53.76,52.36,55.11,39.09,52.33,52.47,42.21,56.23,46.59,31.03,45.47,36.79,43.35,47.34,51.59,53.34,54.63,47.39,54.57,55.96,45.33,47.34,47.03,45.86,46.79,43.64,48.82,48.23
2019-01-16 09:05:00,28.77,33.72,37.02,37.26,50.33,53.76,52.36,55.1,39.09,52.33,52.47,42.2,56.22,46.58,31.03,45.47,36.78,43.35,47.34,51.59,53.33,54.62,47.39,54.56,55.95,45.32,47.34,47.02,45.85,46.79,43.64,48.82,48.23
2019-01-16 09:10:00,28.76,33.71,37.01,37.25,50.33,53.76,52.35,55.1,39.09,52.33,52.47,42.2,56.22,46.58,31.02,45.46,36.78,43.34,47.34,51.59,53.33,54.62,47.39,54.56,55.95,45.32,47.33,47.02,45.85,46.78,43.64,48.81,48.23
2019-01-16 09:15:00,28.74,33.69,36.99,37.25,50.33,53.75,52.35,55.09,39.09,52.32,52.46,42.2,56.22,46.58,31.02,45.46,36.78,43.34,47.34,51.59,53.33,54.62,47.38,54.56,55.95,45.32,47.33,47.02,45.85,46.78,43.64,48.81,48.23
2019-01-16 09:20:00,28.73,33.68,36.98,37.25,50.33,53.75,52.35,55.09,39.09,52.32,52.46,42.2,56.21,46.57,31.02,45.46,36.77,43.34,47.34,51.58,53.33,54.61,47.38,54.55,55.94,45.32,47.33,47.02,45.85,46.78,43.64,48.81,48.22
2019-01-16 09:25:00,28.72,33.67,36.97,37.24,50.32,53.75,52.34,55.09,39.09,52.32,52.46,42.2,56.21,46.57,31.02,45.46,36.77,43.33,47.33,51.58,53.33,54.61,47.38,54.55,55.94,45.31,47.33,47.01,45.84,46.78,43.64,48.81,48.22
2019-01-16 09:30:00,28.71,33.66,36.96,37.24,50.32,53.75,52.34,55.09,39.09,52.31,52.46,42.2,56.21,46.57,31.01,45.45,36.77,43.33,47.33,51.58,53.32,54.61,47.38,54.55,55.94,45.31,47.32,47.01,45.84,46.78,43.63,48.81,48.22
2019-01-16 09:35:00,28.7,33.65,36.95,37.24,50.32,53.75,52.34,55.09,39.09,52.31,52.46,42.2,56.21,46.57,31.01,45.45,36.77,43.33,47.33,51.58,53.32,54.61,47.38,54.55,55.94,45.31,47.32,47.01,45.84,46.78,43.63,48.81,48.22
2019-01-16 09:40:00,28.69,33.64,36.94,37.24,50.32,53.74,52.34,55.08,39.09,52.31,52.46,42.2,56.21,46.57,31.01,45.45,36.77,43.33,47.33,51.58,53.32,54.61,47.37,54.55,55.93,45.31,47.32,47.01,45.84,46.77,43.63,48.8,48.22
2019-01-16 09:45:00,28.68,33.63,36.93,37.24,50.32,53.74,52.34,55.08,39.09,52.31,52.46,42.2,56.21,46.57,31.01,45.45,36.77,43.33,47.33,51.58,53.32,54.6,47.37,54.55,55.93,45.31,47.32,47.01,45.84,46.77,43.63,48.8,48.22
2019-01-16 09:50:00,28.67,33.62,36.92,37.24,50.32,53.74,52.34,55.08,39.09,52.3,52.45,42.19,56.21,46.56,31.01,45.45,36.76,43.32,47.33,51.58,53.32,54.6,47.37,54.54,55.93,45.31,47.32,47.01,45.84,46.77,43.63,48.8,48.22
2019-01-16 09:55:00,28.66,33.61,36.91,37.24,50.32,53.74,52.33,55.08,39.09,52.3,52.45,42.19,56.2,46.56,31.01,45.45,36.76,43.32,47.33,51.58,53.32,54.6,47.37,54.54,55.93,45.31,47.32,47.01,45.84,46.77,43.63,48.8,48.22
2019-01-16 10:00:00,28.64,33.6,36.89,37.23,50.32,53.74,52.33,55.08,39.09,52.3,52.45,42.19,56.2,46.56,31.0,45.45,36.76,43.32,47.33,51.58,53.32,54.6,47.37,54.54,55.93,45.3,47.32,47.01,45.84,46.77,43.63,48.8,48.22
2019-01-16 10:05:00,28.63,33.58,36.88,37.23,50.31,53.74,52.33,55.08,39.09,52.3,52.45,42.19,56.2,46.56,31.0,45.44,36.76,43.32,47.32,51.58,53.32,54.6,47.37,54.54,55.93,45.3,47.31,47.01,45.84,46.77,43.63,48.8,48.22
2019-01-16 10:10:00,28.62,33.57,36.87,37.23,50.31,53.74,52.33,55.08,39.09,52.3,52.45,42.19,56.2,46.56,31.0,45.44,36.76,43.32,47.32,51.58,53.31,54.6,47.37,54.54,55.93,45.3,47.31,47.0,45.84,46.77,43.63,48.8,48.22
2019-01-16 10:15:00,28.61,33.56,36.86,37.23,50.31,53.74,52.33,55.07,39.09,52.3,52.45,42.19,56.2,46.56,31.0,45.44,36.76,43.32,47.32,51.58,53.31,54.6,47.37,54.54,55.93,45.3,47.31,47.0,45.84,46.77,43.63,48.8,48.22
2019-01-16 10:20:00,28.6,33.55,36.85,37.23,50.31,53.74,52.33,55.08,39.09,52.3,52.45,42.19,56.2,46.56,31.0,45.44,36.76,43.32,47.32,51.58,53.31,54.6,47.37,54.54,55.93,45.3,47.31,47.0,45.84,46.77,43.63,48.8,48.22
2019-01-16 10:25:00,28.59,33.54,36.84,37.23,50.31,53.74,52.33,55.08,39.09,52.3,52.45,42.19,56.2,46.56,31.0,45.44,36.76,43.32,47.32,51.58,53.31,54.6,47.37,54.54,55.93,45.3,47.31,47.01,45.84,46.77,43.63,48.8,48.22
2019-01-16 10:30:00,28.58,33.53,36.83,37.23,50.31,53.74,52.33,55.08,39.09,52.3,52.45,42.19,56.2,46.56,31.01,45.45,36.76,43.32,47.32,51.58,53.32,54.6,47.37,54.54,55.93,45.3,47.32,47.01,45.84,46.77,43.63,48.8,48.22
2019-01-16 10:35:00,28.57,33.52,36.82,37.24,50.32,53.74,52.33,55.08,39.08,52.3,52.46,42.2,56.2,46.56,31.01,45.45,36.76,43.32,47.32,51.58,53.32,54.6,47.37,54.54,55.93,45.31,47.32,47.01,45.84,46.77,43.63,48.8,48.22
2019-01-16 10:40:00,28.56,33.51,36.81,37.24,50.32,53.74,52.34,55.08,39.08,52.3,52.46,42.2,56.2,46.56,31.01,45.45,36.76,43.32,47.33,51.58,53.32,54.6,47.37,54.54,55.93,45.31,47.32,47.01,45.84,46.77,43.63,48.8,48.22
2019-01-16 10:45:00,28.55,33.5,36.8,37.24,50.32,53.74,52.34,55.08,39.08,52.3,52.46,42.2,56.2,46.56,31.01,45.45,36.76,43.33,47.33,51.58,53.32,54.6,47.37,54.54,55.93,45.31,47.32,47.01,45.84,46.78,43.63,48.81,48.22
2019-01-16 10:50:00,28.54,33.49,36.79,37.24,50.32,53.74,52.34,55.08,39.08,52.3,52.46,42.2,56.21,46.57,31.01,45.45,36.77,43.33,47.33,51.58,53.32,54.6,47.37,54.54,55.93,45.31,47.32,47.01,45.84,46.78,43.63,48.81,48.22
2019-01-16 10:55:00,28.53,33.48,36.78,37.24,50.32,53.74,52.34,55.08,39.08,52.3,52.46,42.2,56.21,46.57,31.01,45.45,36.77,43.33,47.33,51.58,53.32,54.6,47.37,54.54,55.93,45.31,47.32,47.01,45.85,46.78,43.64,48.81,48.22
2019-01-16 11:00:00,28.52,33.47,36.77,37.24,50.32,53.74,52.34,55.08,39.08,52.3,52.46,42.2,56.21,46.57,31.01,45.45,36.77,43.33,47.33,51.58,53.32,54.6,47.37,54.54,55.94,45.31,47.32,47.01,45.85,46.78,43.64,48.81,48.22
2019-01-16 11:05:00,28.51,33.46,36.76,37.24,50.32,53.74,52.34,55.08,39.08,52.3,52.46,42.2,56.21,46.57,31.01,45.45,36.77,43.33,47.33,51.58,53.32,54.6,47.38,54.54,55.94,45.31,47.32,47.02,45.85,46.78,43.64,48.81,48.22
2019-01-16 11:10:00,28.5,33.45,36.75,37.24,50.32,53.74,52.34,55.09,39.08,52.3,52.46,42.2,56.21,46.57,31.02,45.45,36.77,43.33,47.33,51.58,53.32,54.6,47.38,54.55,55.94,45.31,47.33,47.02,45.85,46.78,43.64,48.81,48.22
2019-01-16 11:15:00,28.49,33.44,36.74,37.24,50.32,53.74,52.34,55.09,39.08,52.31,52.46,42.2,56.21,46.57,31.02,45.46,36.77,43.33,47.33,51.58,53.32,54.6,47.38,54.55,55.94,45.31,47.33,47.02,45.85,46.78,43.64,48.81,48.22
2019-01-16 11:20:00,28.48,33.43,36.73,37.25,50.32,53.74,52.34,55.09,39.08,52.31,52.47,42.2,56.21,46.57,31.02,45.46,36.77,43.33,47.33,51.58,53.32,54.6,47.38,54.55,55.94,45.31,47.33,47.02,45.85,46.78,43.64,48.81,48.23
2019-01-16 11:25:00,28.47,33.42,36.71,37.25,50.32,53.74,52.35,55.09,39.08,52.31,52.47,42.2,56.21,46.57,31.02,45.46,36.78,43.34,47.33,51.58,53.32,54.61,47.38,54.55,55.94,45.32,47.33,47.02,45.85,46.79,43.64,48.82,48.23
2019-01-16 11:30:00,28.46,33.41,36.7,37.25,50.32,53.75,52.35,55.09,39.08,52.31,52.47,42.21,56.21,46.58,31.02,45.46,36.78,43.34,47.33,51.58,53.33,54.61,47.38,54.55,55.94,45.32,47.33,47.02,45.85,46.79,43.64,48.82,48.23
2019-01-16 11:35:00,28.45,33.4,36.69,37.26,50.33,53.75,52.35,55.1,39.08,52.32,52.47,42.21,56.22,46.58,31.03,45.47,36.78,43.34,47.34,51.59,53.33,54.61,47.39,54.55,55.95,45.32,47.34,47.03,45.86,46.79,43.64,48.82,48.23
2019-01-16 11:40:00,28.44,33.39,36.68,37.26,50.33,53.75,52.36,55.1,39.08,52.32,52.48,42.21,56.22,46.58,31.03,45.47,36.79,43.35,47.34,51.59,53.33,54.61,47.39,54.56,55.95,45.33,47.34,47.03,45.86,46.79,43.64,48.82,48.23
2019-01-16 11:45:00,28.43,33.38,36.67,37.26,50.33,53.75,52.36,55.1,39.08,52.32,52.48,42.21,56.22,46.59,31.04,45.47,36.79,43.35,47.34,51.59,53.33,54.62,47.4,54.56,55.96,45.33,47.34,47.03,45.86,46.8,43.64,48.83,48.24
2019-01-16 11:50:00,28.42,33.37,36.66,37.27,50.33,53.76,52.36,55.11,39.08,52.33,52.48,42.21,56.23,46.59,31.04,45.48,36.79,43.35,47.34,51.59,53.34,54.62,47.4,54.57,55.96,45.33,47.35,47.04,45.86,46.8,43.65,48.83,48.24
2019-01-16 11:55:00,28.41,33.36,36.65,37.27,50.34,53.76,52.37,55.11,39.08,52.33,52.49,42.22,56.23,46.6,31.05,45.48,36.8,43.36,47.35,51.59,53.34,54.62,47.4,54.57,55.96,45.34,47.35,47.04,45.87,46.8,43.65,48.84,48.24
2019-01-16 12:00:00,28.4,33.35,36.64,37.28,50.34,53.76,52.37,55.12,39.08,52.34,52.49,42.22,56.23,46.6,31.05,45.48,36.8,43.36,47.35,51.59,53.34,54.63,47.41,54.57,55.97,45.34,47.36,47.04,45.87,46.81,43.65,48.84,48.24
2019-01-16 12:05:00,28.39,33.34,36.63,37.28,50.34,53.76,52.37,55.12,39.08,52.34,52.49,42.22,56.23,46.6,31.05,45.49,36.8,43.36,47.35,51.59,53.34,54.63,47.41,54.57,55.97,45.34,47.36,47.05,45.87,46.81,43.65,48.84,48.25
2019-01-16 12:10:00,28.38,33.33,36.62,37.28,50.34,53.76,52.38,55.12,39.08,52.34,52.5,42.22,56.23,46.61,31.06,45.49,36.81,43.37,47.35,51.6,53.34,54.63,47.41,54.57,55.97,45.34,47.36,47.05,45.87,46.81,43.65,48.84,48.25
2019-01-16 12:15:00,28.37,33.32,36.61,37.28,50.34,53.77,52.38,55.12,39.08,52.34,52.5,42.22,56.23,46.61,31.06,45.49,36.81,43.37,47.35,51.6,53.34,54.63,47.41,54.58,55.97,45.34,47.36,47.05,45.87,46.81,43.65,48.84,48.25
2019-01-16 12:20:00,28.36,33.31,36.6,37.28,50.34,53.77,52.38,55.12,39.08,52.34,52.5,42.22,56.24,46.61,31.06,45.49,36.81,43.37,47.35,51.6,53.35,54.63,47.41,54.58,55.98,45.35,47.36,47.05,45.87,46.81,43.65,48.84,48.25
2019-01-16 12:25:00,28.35,33.29,36.59,37.28,50.34,53.77,52.38,55.12,39.08,52.34,52.5,42.22,56.24,46.61,31.06,45.49,36.81,43.37,47.35,51.6,53.35,54.63,47.41,54.58,55.98,45.35,47.36,47.05,45.87,46.81,43.65,48.84,48.25
2019-01-16 12:30:00,28.33,33.28,36.58,37.28,50.34,53.77,52.38,55.12,39.08,52.34,52.5,42.22,56.24,46.61,31.06,45.49,36.81,43.37,47.35,51.6,53.35,54.63,47.41,54.58,55.98,45.35,47.36,47.05,45.87,46.81,43.65,48.84,48.25
2019-01-16 12:35:00,28.32,33.27,36.57,37.28,50.34,53.77,52.38,55.12,39.08,52.34,52.5,42.22,56.24,46.61,31.06,45.49,36.81,43.37,47.35,51.6,53.35,54.63,47.41,54.58,55.98,45.35,47.36,47.05,45.87,46.81,43.65,48.84,48.25
2019-01-16 12:40:00,28.31,33.26,36.56,37.28,50.34,53.77,52.38,55.12,39.08,52.34,52.5,42.22,56.24,46.61,31.06,45.49,36.81,43.37,47.35,51.6,53.35,54.63,47.41,54.58,55.98,45.35,47.36,47.05,45.87,46.81,43.65,48.84,48.25
2019-01-16 12:45:00,28.3,33.25,36.55,37.28,50.34,53.77,52.38,55.12,39.08,52.34,52.5,42.22,56.24,46.61,31.06,45.49,36.81,43.37,47.35,51.6,53.35,54.63,47.41,54.58,55.98,45.35,47.36,47.05,45.87,46.81,43.65,48.84,48.25
2019-01-16 12:50:00,28.29,33.24,36.54,37.28,50.34,53.77,52.38,55.12,39.08,52.34,52.5,42.22,56.24,46.61,31.06,45.49,36.81,43.37,47.35,51.6,53.35,54.63,47.41,54.58,55.98,45.35,47.36,47.05,45.87,46.81,43.65,48.84,48.25
2019-01-16 12:55:00,28.28,33.23,36.53,37.28,50.34,53.77,52.38,55.12,39.08,52.35,52.5,42.22,56.24,46.61,31.06,45.49,36.81,43.37,47.35,51.6,53.35,54.63,47.41,54.58,55.98,45.35,47.36,47.05,45.87,46.81,43.65,48.84,48.25
2019-01-16 13:00:00,28.27,33.22,36.52,37.28,50.34,53.77,52.38,55.12,39.08,52.35,52.5,42.22,56.24,46.61,31.06,45.49,36.81,43.37,47.35,51.6,53.35,54.63,47.41,54.58,55.98,45.35,47.36,47.05,45.88,46.81,43.65,48.85,48.25
2019-01-16 13:05:00,28.26,33.21,36.51,37.29,50.34,53.77,52.38,55.13,39.09,52.35,52.5,42.23,56.24,46.61,31.06,45.5,36.81,43.37,47.35,51.6,53.35,54.64,47.42,54.58,55.98,45.35,47.37,47.05,45.88,46.82,43.65,48.85,48.25
2019-01-16 13:10:00,28.25,33.2,36.5,37.29,50.35,53.77,52.39,55.13,39.09,52.35,52.5,42.23,56.24,46.61,31.07,45.5,36.82,43.38,47.36,51.6,53.35,54.64,47.42,54.58,55.98,45.35,47.37,47.05,45.88,46.82,43.65,48.85,48.25
2019-01-16 13:15:00,28.24,33.19,36.49,37.29,50.35,53.78,52.39,55.13,39.09,52.36,52.51,42.23,56.24,46.62,31.07,45.5,36.82,43.38,47.36,51.6,53.35,54.64,47.42,54.59,55.99,45.35,47.37,47.06,45.88,46.82,43.65,48.85,48.26
2019-01-16 13:20:00,28.23,33.18,36.48,37.3,50.35,53.78,52.39,55.14,39.09,52.36,52.51,42.23,56.25,46.62,31.08,45.51,36.83,43.39,47.36,51.6,53.36,54.65,47.43,54.59,55.99,45.36,47.38,47.06,45.88,46.83,43.66,48.86,48.26
2019-01-16 13:25:00,28.22,33.17,36.47,37.31,50.36,53.78,52.4,55.14,39.09,52.37,52.52,42.24,56.25,46.63,31.08,45.51,36.83,43.39,47.37,51.61,53.36,54.65,47.43,54.6,56.0,45.36,47.38,47.07,45.89,46.83,43.66,48.86,48.26
2019-01-16 13:30:00,28.21,33.16,36.46,37.31,50.36,53.79,52.41,55.15,39.09,52.37,52.52,42.24,56.26,46.64,31.09,45.52,36.84,43.4,47.37,51.61,53.37,54.66,47.44,54.6,56.0,45.37,47.39,47.07,45.89,46.84,43.66,48.87,48.27
2019-01-16 13:35:00,28.2,33.15,36.45,37.32,50.36,53.79,52.41,55.16,39.09,52.38,52.53,42.24,56.26,46.64,31.1,45.53,36.85,43.41,47.37,51.61,53.37,54.66,47.45,54.61,56.01,45.38,47.4,47.08,45.9,46.84,43.66,48.87,48.27
2019-01-16 13:40:00,28.19,33.14,36.44,37.33,50.37,53.8,52.42,55.16,39.09,52.39,52.53,42.25,56.27,46.65,31.1,45.53,36.85,43.41,47.38,51.61,53.37,54.67,47.45,54.61,56.02,45.38,47.4,47.08,45.9,46.85,43.67,48.88,48.28
2019-01-16 13:45:00,28.18,33.13,36.43,37.33,50.37,53.8,52.43,55.17,39.09,52.39,52.54,42.25,56.27,46.66,31.11,45.54,36.86,43.42,47.38,51.62,53.38,54.67,47.46,54.62,56.02,45.39,47.41,47.09,45.91,46.85,43.67,48.88,48.28
2019-01-16 13:50:00,28.17,33.12,36.42,37.34,50.37,53.81,52.43,55.18,39.09,52.4,52.54,42.25,56.28,46.66,31.12,45.54,36.86,43.42,47.39,51.62,53.38,54.67,47.46,54.62,56.03,45.39,47.41,47.09,45.91,46.86,43.67,48.89,48.28
2019-01-16 13:55:00,28.17,33.11,36.41,37.34,50.38,53.81,52.44,55.18,39.09,52.4,52.55,42.26,56.28,46.67,31.12,45.55,36.87,43.43,47.39,51.62,53.38,54.68,47.47,54.63,56.03,45.4,47.42,47.1,45.91,46.86,43.67,48.89,48.29
2019-01-16 14:00:00,28.16,33.1,36.4,37.35,50.38,53.81,52.44,55.18,39.09,52.41,52.55,42.26,56.28,46.67,31.13,45.55,36.87,43.43,47.39,51.62,53.39,54.68,47.47,54.63,56.04,45.4,47.42,47.1,45.92,46.86,43.67,48.9,48.29
2019-01-16 14:05:00,28.15,33.09,36.39,37.35,50.38,53.82,52.45,55.19,39.09,52.41,52.56,42.26,56.29,46.68,31.13,45.56,36.88,43.44,47.39,51.63,53.39,54.68,47.48,54.63,56.04,45.4,47.43,47.11,45.92,46.87,43.67,48.9,48.29
2019-01-16 14:10:00,28.14,33.09,36.38,37.36,50.39,53.82,52.45,55.19,39.09,52.42,52.56,42.27,56.29,46.68,31.14,45.56,36.88,43.44,47.4,51.63,53.39,54.69,47.48,54.64,56.05,45.41,47.43,47.11,45.92,46.87,43.68,48.9,48.29
2019-01-16 14:15:00,28.13,33.08,36.37,37.36,50.39,53.82,52.46,55.2,39.09,52.42,52.57,42.27,56.29,46.69,31.14,45.57,36.89,43.45,47.4,51.63,53.4,54.69,47.49,54.64,56.05,45.41,47.44,47.11,45.93,46.88,43.68,48.91,48.3
2019-01-16 14:20:00,28.12,33.07,36.36,37.37,50.39,53.83,52.46,55.2,39.09,52.43,52.57,42.27,56.3,46.69,31.15,45.57,36.89,43.45,47.4,51.63,53.4,54.7,47.49,54.65,56.06,45.42,47.44,47.12,45.93,46.88,43.68,48.91,48.3
2019-01-16 14:25:00,28.11,33.06,36.35,37.37,50.4,53.83,52.47,55.21,39.09,52.43,52.58,42.28,56.3,46.7,31.16,45.58,36.9,43.46,47.41,51.63,53.41,54.7,47.5,54.65,56.07,45.42,47.45,47.12,45.94,46.89,43.68,48.92,48.31
2019-01-16 14:30:00,28.1,33.05,36.34,37.38,50.4,53.84,52.48,55.22,39.09,52.44,52.58,42.28,56.31,46.71,31.17,45.59,36.91,43.47,47.41,51.64,53.41,54.71,47.5,54.66,56.07,45.43,47.46,47.13,45.94,46.89,43.69,48.93,48.31
2019-01-16 14:35:00,28.1,33.04,36.34,37.39,50.41,53.84,52.49,55.23,39.09,52.45,52.59,42.29,56.31,46.72,31.18,45.59,36.92,43.48,47.42,51.64,53.42,54.71,47.51,54.67,56.08,45.44,47.47,47.14,45.95,46.9,43.69,48.94,48.32
2019-01-16 14:40:00,28.09,33.03,36.33,37.4,50.41,53.85,52.5,55.24,39.09,52.46,52.6,42.29,56.32,46.73,31.19,45.61,36.93,43.49,47.42,51.65,53.42,54.72,47.52,54.68,56.09,45.45,47.48,47.15,45.96,46.91,43.69,48.94,48.33
2019-01-16 14:45:00,28.08,33.03,36.32,37.42,50.42,53.86,52.51,55.25,39.09,52.48,52.61,42.3,56.33,46.74,31.2,45.62,36.94,43.5,47.43,51.65,53.43,54.73,47.54,54.69,56.11,45.46,47.49,47.16,45.96,46.92,43.7,48.96,48.33
2019-01-16 14:50:00,28.07,33.02,36.31,37.43,50.43,53.87,52.52,55.26,39.09,52.49,52.63,42.31,56.34,46.75,31.22,45.63,36.96,43.52,47.44,51.66,53.44,54.74,47.55,54.7,56.12,45.47,47.5,47.17,45.97,46.93,43.7,48.97,48.34
2019-01-16 14:55:00,28.07,33.01,36.31,37.45,50.44,53.88,52.54,55.28,39.09,52.5,52.64,42.32,56.35,46.77,31.23,45.65,36.97,43.53,47.45,51.66,53.45,54.76,47.56,54.71,56.14,45.48,47.52,47.19,45.98,46.94,43.71,48.98,48.35
2019-01-16 15:00:00,28.06,33.01,36.3,37.46,50.45,53.89,52.55,55.29,39.09,52.52,52.65,42.33,56.36,46.78,31.25,45.66,36.99,43.55,47.46,51.67,53.46,54.77,47.58,54.72,56.15,45.49,47.53,47.2,45.99,46.96,43.71,48.99,48.36
2019-01-16 15:05:00,28.05,33.0,36.29,37.48,50.46,53.9,52.57,55.31,39.09,52.54,52.67,42.34,56.38,46.8,31.27,45.67,37.0,43.56,47.47,51.68,53.47,54.78,47.59,54.74,56.17,45.51,47.55,47.21,46.0,46.97,43.72,49.01,48.37
2019-01-16 15:10:00,28.05,32.99,36.28,37.49,50.47,53.91,52.58,55.32,39.09,52.55,52.68,42.34,56.39,46.81,31.28,45.69,37.02,43.58,47.48,51.68,53.48,54.79,47.61,54.75,56.18,45.52,47.56,47.22,46.01,46.98,43.72,49.02,48.38
2019-01-16 15:15:00,28.04,32.99,36.28,37.51,50.47,53.92,52.59,55.33,39.09,52.56,52.69,42.35,56.4,46.83,31.3,45.7,37.03,43.59,47.49,51.69,53.49,54.8,47.62,54.76,56.19,45.53,47.57,47.23,46.02,46.99,43.73,49.03,48.39
2019-01-16 15:20:00,28.03,32.98,36.27,37.52,50.48,53.93,52.6,55.35,39.09,52.57,52.7,42.36,56.4,46.84,31.31,45.71,37.04,43.6,47.49,51.69,53.5,54.81,47.63,54.77,56.2,45.54,47.58,47.24,46.03,47.0,43.73,49.04,48.4
2019-01-16 15:25:00,28.03,32.97,36.26,37.53,50.48,53.93,52.61,55.35,39.09,52.58,52.71,42.36,56.41,46.85,31.32,45.72,37.05,43.61,47.5,51.7,53.5,54.82,47.64,54.77,56.21,45.55,47.59,47.25,46.04,47.01,43.74,49.05,48.4
2019-01-16 15:30:00,28.02,32.96,36.25,37.53,50.49,53.94,52.62,55.36,39.09,52.59,52.71,42.37,56.41,46.85,31.33,45.73,37.06,43.62,47.5,51.7,53.51,54.82,47.64,54.78,56.22,45.55,47.6,47.26,46.04,47.01,43.74,49.05,48.41
2019-01-16 15:35:00,28.01,32.95,36.24,37.54,50.49,53.94,52.62,55.36,39.09,52.59,52.72,42.37,56.42,46.86,31.33,45.73,37.06,43.62,47.5,51.7,53.51,54.82,47.64,54.78,56.22,45.56,47.6,47.26,46.04,47.02,43.74,49.05,48.41
2019-01-16 15:40:00,28.0,32.95,36.24,37.54,50.49,53.94,52.63,55.37,39.09,52.6,52.72,42.37,56.42,46.86,31.33,45.73,37.07,43.62,47.51,51.7,53.51,54.83,47.65,54.78,56.23,45.56,47.6,47.26,46.04,47.02,43.74,49.06,48.41
2019-01-16 15:45:00,27.99,32.94,36.23,37.54,50.49,53.94,52.63,55.37,39.09,52.6,52.72,42.37,56.42,46.86,31.33,45.73,37.07,43.62,47.51,51.7,53.51,54.83,47.65,54.79,56.23,45.56,47.6,47.26,46.04,47.02,43.74,49.06,48.41
2019-01-16 15:50:00,27.98,32.93,36.22,37.54,50.49,53.94,52.63,55.37,39.09,52.6,52.72,42.37,56.42,46.86,31.33,45.73,37.07,43.62,47.51,51.7,53.51,54.83,47.65,54.79,56.23,45.56,47.6,47.26,46.04,47.02,43.74,49.06,48.41
2019-01-16 15:55:00,27.97,32.92,36.21,37.54,50.49,53.94,52.63,55.37,39.09,52.6,52.72,42.37,56.42,46.86,31.33,45.73,37.07,43.62,47.51,51.7,53.51,54.83,47.65,54.79,56.23,45.56,47.6,47.26,46.04,47.02,43.74,49.06,48.41
2019-01-16 16:00:00,27.96,32.91,36.2,37.54,50.49,53.94,52.62,55.37,39.09,52.6,52.72,42.37,56.42,46.86,31.33,45.73,37.06,43.62,47.51,51.7,53.51,54.83,47.65,54.78,56.22,45.56,47.6,47.26,46.04,47.02,43.74,49.05,48.41
2019-01-16 16:05:00,27.95,32.9,36.19,37.54,50.49,53.94,52.62,55.36,39.09,52.6,52.72,42.37,56.42,46.86,31.33,45.73,37.06,43.62,47.51,51.7,53.51,54.83,47.65,54.78,56.22,45.56,47.6,47.26,46.04,47.02,43.74,49.05,48.41
2019-01-16 16:10:00,27.94,32.89,36.18,37.54,50.49,53.94,52.62,55.36,39.09,52.59,52.71,42.37,56.42,46.86,31.33,45.73,37.06,43.62,47.5,51.7,53.51,54.82,47.64,54.78,56.22,45.55,47.6,47.26,46.04,47.01,43.74,49.05,48.41
2019-01-16 16:15:00,27.93,32.88,36.17,37.53,50.49,53.94,52.62,55.36,39.09,52.59,52.71,42.37,56.42,46.85,31.33,45.73,37.06,43.62,47.5,51.7,53.51,54.82,47.64,54.78,56.22,45.55,47.6,47.26,46.04,47.01,43.74,49.05,48.4
2019-01-16 16:20:00,27.92,32.87,36.16,37.53,50.49,53.94,52.62,55.36,39.09,52.59,52.71,42.36,56.41,46.85,31.32,45.72,37.06,43.61,47.5,51.7,53.51,54.82,47.64,54.78,56.22,45.55,47.59,47.25,46.04,47.01,43.74,49.05,48.4
2019-01-16 16:25:00,27.92,32.86,36.15,37.53,50.49,53.94,52.62,55.36,39.09,52.59,52.71,42.36,56.41,46.85,31.32,45.72,37.05,43.61,47.5,51.7,53.51,54.82,47.64,54.78,56.21,45.55,47.59,47.25,46.04,47.01,43.74,49.05,48.4
2019-01-16 16:30:00,27.91,32.85,36.14,37.52,50.49,53.93,52.61,55.35,39.09,52.58,52.7,42.36,56.41,46.85,31.32,45.72,37.05,43.61,47.5,51.7,53.5,54.82,47.63,54.77,56.21,45.55,47.59,47.25,46.03,47.01,43.74,49.04,48.4
2019-01-16 16:35:00,27.9,32.84,36.13,37.52,50.48,53.93,52.61,55.35,39.09,52.58,52.7,42.36,56.41,46.84,31.31,45.71,37.05,43.6,47.5,51.69,53.5,54.81,47.63,54.77,56.21,45.54,47.58,47.25,46.03,47.0,43.73,49.04,48.4
2019-01-16 16:40:00,27.89,32.83,36.12,37.52,50.48,53.93,52.6,55.35,39.09,52.58,52.7,42.36,56.4,46.84,31.31,45.71,37.04,43.6,47.49,51.69,53.5,54.81,47.63,54.77,56.2,45.54,47.58,47.24,46.03,47.0,43.73,49.04,48.39
2019-01-16 16:45:00,27.87,32.82,36.11,37.51,50.48,53.93,52.6,55.34,39.09,52.57,52.69,42.35,56.4,46.83,31.3,45.71,37.04,43.6,47.49,51.69,53.5,54.81,47.62,54.76,56.2,45.54,47.58,47.24,46.03,47.0,43.73,49.03,48.39
2019-01-16 16:50:00,27.86,32.81,36.1,37.51,50.48,53.92,52.6,55.34,39.09,52.57,52.69,42.35,56.4,46.83,31.3,45.7,37.04,43.59,47.49,51.69,53.49,54.8,47.62,54.76,56.2,45.53,47.57,47.23,46.02,46.99,43.73,49.03,48.39
2019-01-16 16:55:00,27.85,32.8,36.09,37.5,50.47,53.92,52.59,55.33,39.09,52.56,52.69,42.35,56.4,46.83,31.3,45.7,37.03,43.59,47.49,51.69,53.49,54.8,47.62,54.76,56.19,45.53,47.57,47.23,46.02,46.99,43.73,49.03,48.39
2019-01-16 17:00:00,27.84,32.79,36.08,37.5,50.47,53.92,52.59,55.33,39.09,52.56,52.68,42.35,56.39,46.82,31.29,45.69,37.03,43.58,47.48,51.69,53.49,54.8,47.61,54.75,56.19,45.53,47.56,47.23,46.02,46.99,43.73,49.02,48.38
2019-01-16 17:05:00,27.83,32.78,36.07,37.5,50.47,53.92,52.58,55.32,39.09,52.56,52.68,42.34,56.39,46.82,31.29,45.69,37.02,43.58,47.48,51.68,53.48,54.79,47.61,54.75,56.18,45.52,47.56,47.22,46.01,46.98,43.72,49.02,48.38
2019-01-16 17:10:00,27.82,32.77,36.06,37.49,50.47,53.91,52.58,55.32,39.09,52.55,52.67,42.34,56.39,46.81,31.28,45.69,37.02,43.57,47.48,51.68,53.48,54.79,47.6,54.75,56.18,45.52,47.56,47.22,46.01,46.98,43.72,49.01,48.38
2019-01-16 17:15:00,27.81,32.76,36.05,37.49,50.46,53.91,52.57,55.32,39.09,52.55,52.67,42.34,56.38,46.81,31.27,45.68,37.01,43.57,47.48,51.68,53.48,54.79,47.6,54.74,56.17,45.51,47.55,47.22,46.01,46.97,43.72,49.01,48.37
2019-01-16 17:20:00,27.8,32.75,36.04,37.48,50.46,53.91,52.57,55.31,39.09,52.54,52.67,42.34,56.38,46.8,31.27,45.68,37.01,43.56,47.47,51.68,53.48,54.78,47.59,54.74,56.17,45.51,47.55,47.21,46.0,46.97,43.72,49.01,48.37
2019-01-16 17:25:00,27.79,32.74,36.03,37.48,50.46,53.9,52.57,55.31,39.09,52.54,52.66,42.33,56.38,46.8,31.27,45.67,37.0,43.56,47.47,51.68,53.47,54.78,47.59,54.74,56.17,45.51,47.54,47.21,46.0,46.97,43.72,49.0,48.37
2019-01-16 17:30:00,27.78,32.73,36.02,37.47,50.46,53.9,52.56,55.3,39.09,52.53,52.66,42.33,56.37,46.79,31.26,45.67,37.0,43.56,47.47,51.68,53.47,54.78,47.59,54.73,56.16,45.5,47.54,47.2,46.0,46.96,43.72,49.0,48.37
2019-01-16 17:35:00,27.77,32.72,36.01,37.47,50.45,53.9,52.56,55.3,39.09,52.53,52.66,42.33,56.37,46.79,31.26,45.67,37.0,43.55,47.47,51.67,53.47,54.78,47.58,54.73,56.16,45.5,47.54,47.2,46.0,46.96,43.72,49.0,48.36
2019-01-16 17:40:00,27.76,32.71,36.0,37.47,50.45,53.9,52.56,55.3,39.09,52.53,52.65,42.33,56.37,46.79,31.26,45.66,36.99,43.55,47.46,51.67,53.47,54.78,47.58,54.73,56.16,45.5,47.53,47.2,46.0,46.96,43.71,48.99,48.36
2019-01-16 17:45:00,27.75,32.7,35.99,37.46,50.45,53.9,52.55,55.3,39.09,52.53,52.65,42.33,56.37,46.79,31.25,45.66,36.99,43.55,47.46,51.67,53.47,54.77,47.58,54.73,56.15,45.5,47.53,47.2,45.99,46.96,43.71,48.99,48.36
2019-01-16 17:50:00,27.74,32.69,35.98,37.46,50.45,53.89,52.55,55.29,39.09,52.53,52.65,42.32,56.37,46.78,31.25,45.66,36.99,43.55,47.46,51.67,53.46,54.77,47.58,54.73,56.15,45.49,47.53,47.2,45.99,46.95,43.71,48.99,48.36
2019-01-16 17:55:00,27.73,32.68,35.97,37.46,50.45,53.89,52.55,55.29,39.09,52.52,52.65,42.32,56.36,46.78,31.25,45.66,36.99,43.54,47.46,51.67,53.46,54.77,47.58,54.72,56.15,45.49,47.53,47.19,45.99,46.95,43.71,48.99,48.36
2019-01-16 18:00:00,27.72,32.67,35.96,37.46,50.45,53.89,52.55,55.29,39.09,52.52,52.64,42.32,56.36,46.78,31.24,45.65,36.98,43.54,47.46,51.67,53.46,54.77,47.57,54.72,56.15,45.49,47.52,47.19,45.99,46.95,43.71,48.99,48.36
2019-01-16 18:05:00,27.71,32.66,35.95,37.45,50.44,53.89,52.54,55.28,39.09,52.52,52.64,42.32,56.36,46.78,31.24,45.65,36.98,43.54,47.46,51.67,53.46,54.76,47.57,54.72,56.14,45.49,47.52,47.19,45.99,46.95,43.71,48.98,48.35
2019-01-16 18:10:00,27.71,32.66,35.95,36.55,50.2,53.61,51.99,54.76,39.09,51.96,52.32,42.11,56.02,46.17,30.43,45.04,36.19,42.92,47.21,51.48,53.18,54.43,47.03,54.33,55.58,45.04,47.07,46.85,45.75,46.66,43.59,48.69,48.13
2019-01-16 18:15:00,27.72,32.67,35.96,36.55,50.2,53.6,51.98,54.75,39.09,51.96,52.31,42.11,56.01,46.16,30.43,45.04,36.18,42.92,47.21,51.48,53.17,54.43,47.03,54.33,55.57,45.03,47.07,46.85,45.75,46.65,43.58,48.68,48.13
2019-01-16 18:20:00,27.73,32.68,35.97,36.54,50.19,53.6,51.98,54.75,39.09,51.95,52.31,42.1,56.01,46.16,30.42,45.03,36.18,42.91,47.21,51.47,53.17,54.42,47.02,54.32,55.57,45.03,47.06,46.84,45.74,46.65,43.58,48.68,48.13
2019-01-16 18:25:00,27.74,32.68,35.98,36.54,50.19,53.6,51.97,54.74,39.09,51.95,52.3,42.1,56.01,46.15,30.42,45.03,36.17,42.91,47.2,51.47,53.17,54.42,47.02,54.32,55.56,45.02,47.06,46.84,45.74,46.64,43.58,48.67,48.12
2019-01-16 18:30:00,27.74,32.69,35.98,36.53,50.19,53.59,51.97,54.74,39.09,51.94,52.3,42.1,56.0,46.15,30.41,45.02,36.17,42.9,47.2,51.47,53.16,54.42,47.01,54.32,55.56,45.02,47.06,46.83,45.74,46.64,43.58,48.67,48.12
2019-01-16 18:35:00,27.75,32.7,35.99,36.53,50.18,53.59,51.96,54.73,39.09,51.94,52.29,42.09,56.0,46.14,30.41,45.02,36.16,42.9,47.2,51.47,53.16,54.41,47.01,54.31,55.55,45.01,47.05,46.83,45.73,46.64,43.58,48.67,48.12
2019-01-16 18:40:00,27.76,32.71,36.0,36.52,50.18,53.59,51.96,54.73,39.09,51.94,52.29,42.09,56.0,46.14,30.4,45.01,36.16,42.89,47.2,51.47,53.16,54.41,47.0,54.31,55.55,45.01,47.05,46.83,45.73,46.63,43.58,48.66,48.12
2019-01-16 18:45:00,27.77,32.71,36.01,36.52,50.18,53.59,51.96,54.73,39.09,51.93,52.29,42.09,56.0,46.13,30.4,45.01,36.15,42.89,47.19,51.47,53.16,54.41,47.0,54.31,55.55,45.01,47.05,46.82,45.73,46.63,43.57,48.66,48.12
2019-01-16 18:50:00,27.77,32.72,36.02,36.52,50.18,53.59,51.96,54.73,39.09,51.93,52.29,42.09,56.0,46.13,30.4,45.01,36.15,42.89,47.19,51.46,53.16,54.41,47.0,54.31,55.55,45.01,47.04,46.82,45.73,46.63,43.57,48.66,48.11
2019-01-16 18:55:00,27.78,32.73,36.02,36.52,50.18,53.59,51.96,54.73,39.09,51.93,52.29,42.09,55.99,46.13,30.4,45.01,36.15,42.89,47.19,51.46,53.16,54.41,47.0,54.31,55.54,45.01,47.04,46.82,45.73,46.63,43.57,48.66,48.11
2019-01-16 19:00:00,27.79,32.74,36.03,36.52,50.18,53.59,51.96,54.73,39.09,51.93,52.29,42.09,55.99,46.13,30.4,45.01,36.15,42.89,47.19,51.46,53.16,54.41,47.0,54.31,55.54,45.01,47.04,46.82,45.73,46.63,43.57,48.66,48.11
2019-01-16 19:05:00,27.8,32.75,36.04,36.52,50.18,53.59,51.96,54.73,39.09,51.93,52.29,42.09,56.0,46.13,30.4,45.01,36.15,42.89,47.19,51.46,53.16,54.41,47.0,54.31,55.55,45.01,47.04,46.82,45.73,46.63,43.57,48.66,48.11
2019-01-16 19:10:00,27.81,32.75,36.05,36.52,50.18,53.59,51.96,54.73,39.09,51.93,52.29,42.09,56.0,46.13,30.4,45.01,36.15,42.89,47.2,51.47,53.16,54.41,47.0,54.31,55.55,45.01,47.04,46.82,45.73,46.63,43.57,48.66,48.11
2019-01-16 19:15:00,27.82,32.76,36.06,36.52,50.18,53.59,51.96,54.73,39.09,51.94,52.29,42.09,56.0,46.14,30.4,45.01,36.16,42.89,47.2,51.47,53.16,54.41,47.0,54.31,55.55,45.01,47.05,46.82,45.73,46.63,43.58,48.66,48.12
2019-01-16 19:20:00,27.82,32.77,36.07,36.52,50.18,53.59,51.96,54.73,39.09,51.94,52.29,42.09,56.0,46.14,30.4,45.01,36.16,42.89,47.2,51.47,53.16,54.41,47.0,54.31,55.55,45.01,47.05,46.83,45.73,46.63,43.58,48.66,48.12
2019-01-16 19:25:00,27.83,32.78,36.07,36.52,50.18,53.59,51.96,54.73,39.09,51.94,52.29,42.09,56.0,46.14,30.4,45.02,36.16,42.9,47.2,51.47,53.16,54.41,47.01,54.31,55.55,45.01,47.05,46.83,45.73,46.63,43.58,48.66,48.12
2019-01-16 19:30:00,27.84,32.79,36.08,36.53,50.19,53.59,51.96,54.73,39.09,51.94,52.29,42.09,56.0,46.14,30.4,45.02,36.16,42.9,47.2,51.47,53.16,54.41,47.01,54.31,55.55,45.01,47.05,46.83,45.73,46.64,43.58,48.67,48.12
2019-01-16 19:35:00,27.85,32.8,36.09,36.53,50.19,53.59,51.96,54.73,39.09,51.94,52.29,42.09,56.0,46.14,30.4,45.02,36.16,42.9,47.2,51.47,53.16,54.41,47.01,54.31,55.55,45.01,47.05,46.83,45.73,46.64,43.58,48.67,48.12
2019-01-16 19:40:00,27.86,32.8,36.1,36.52,50.19,53.59,51.96,54.73,39.09,51.94,52.29,42.09,56.0,46.14,30.4,45.02,36.16,42.89,47.2,51.47,53.16,54.41,47.01,54.31,55.55,45.01,47.05,46.83,45.73,46.63,43.58,48.66,48.12
2019-01-16 19:45:00,27.86,32.81,36.11,36.52,50.18,53.59,51.96,54.73,39.09,51.94,52.29,42.09,56.0,46.14,30.4,45.01,36.16,42.89,47.2,51.47,53.16,54.41,47.0,54.31,55.55,45.01,47.05,46.83,45.73,46.63,43.58,48.66,48.12
2019-01-16 19:50:00,27.87,32.82,36.11,36.52,50.18,53.59,51.96,54.73,39.09,51.94,52.29,42.09,56.0,46.14,30.4,45.01,36.16,42.89,47.2,51.47,53.16,54.41,47.0,54.31,55.55,45.01,47.05,46.83,45.73,46.63,43.58,48.66,48.12
2019-01-16 19:55:00,27.88,32.83,36.12,36.52,50.19,53.59,51.96,54.73,39.09,51.94,52.29,42.09,56.0,46.14,30.4,45.02,36.16,42.89,47.2,51.47,53.16,54.42,47.01,54.31,55.55,45.01,47.05,46.83,45.73,46.63,43.58,48.66,48.12
2019-01-16 20:00:00,27.89,32.84,36.13,36.53,50.19,53.6,51.97,54.74,39.09,51.94,52.29,42.09,56.0,46.14,30.41,45.02,36.16,42.9,47.2,51.47,53.16,54.42,47.01,54.32,55.55,45.02,47.05,46.83,45.73,46.64,43.58,48.67,48.12
2019-01-16 20:05:00,27.9,32.85,36.14,36.53,50.19,53.6,51.97,54.74,39.09,51.95,52.3,42.1,56.01,46.15,30.41,45.02,36.17,42.9,47.2,51.47,53.17,54.42,47.01,54.32,55.56,45.02,47.05,46.83,45.73,46.64,43.58,48.67,48.12
2019-01-16 20:10:00,27.91,32.86,36.15,36.54,50.19,53.6,51.97,54.74,39.09,51.95,52.3,42.1,56.01,46.15,30.42,45.03,36.17,42.91,47.21,51.47,53.17,54.42,47.02,54.32,55.56,45.02,47.06,46.84,45.74,46.64,43.58,48.67,48.12
2019-01-16 20:15:00,27.92,32.86,36.16,36.54,50.19,53.61,51.98,54.75,39.09,51.96,52.3,42.1,56.01,46.16,30.42,45.03,36.18,42.91,47.21,51.47,53.17,54.43,47.02,54.33,55.57,45.03,47.06,46.84,45.74,46.65,43.58,48.68,48.13
2019-01-16 20:20:00,27.93,32.87,36.17,36.55,50.2,53.61,51.98,54.75,39.09,51.96,52.31,42.1,56.01,46.16,30.43,45.04,36.18,42.92,47.21,51.48,53.18,54.43,47.02,54.33,55.57,45.03,47.07,46.84,45.74,46.65,43.58,48.68,48.13
2019-01-16 20:25:00,27.93,32.88,36.18,36.55,50.2,53.61,51.98,54.75,39.09,51.96,52.31,42.1,56.02,46.16,30.43,45.04,36.18,42.92,47.21,51.48,53.18,54.43,47.03,54.33,55.57,45.03,47.07,46.84,45.74,46.65,43.58,48.68,48.13
2019-01-16 20:30:00,27.94,32.89,36.18,36.55,50.2,53.61,51.98,54.75,39.09,51.96,52.31,42.1,56.01,46.16,30.42,45.03,36.18,42.91,47.21,51.48,53.17,54.43,47.02,54.33,55.57,45.03,47.07,46.84,45.74,46.65,43.58,48.68,48.13
2019-01-16 20:35:00,27.95,32.9,36.19,36.54,50.19,53.6,51.98,54.75,39.09,51.96,52.3,42.1,56.01,46.15,30.42,45.03,36.17,42.91,47.21,51.47,53.17,54.43,47.02,54.33,55.57,45.03,47.06,46.84,45.74,46.65,43.58,48.68,48.13
2019-01-16 20:40:00,27.96,32.9,36.2,36.53,50.19,53.6,51.97,54.74,39.09,51.95,52.3,42.1,56.01,46.15,30.41,45.02,36.17,42.9,47.2,51.47,53.17,54.42,47.01,54.32,55.56,45.02,47.06,46.83,45.73,46.64,43.58,48.67,48.12
2019-01-16 20:45:00,27.96,32.91,36.21,36.52,50.19,53.59,51.96,54.73,39.09,51.94,52.29,42.09,56.0,46.14,30.4,45.01,36.16,42.89,47.2,51.47,53.16,54.42,47.01,54.31,55.55,45.01,47.05,46.83,45.73,46.63,43.58,48.66,48.12
2019-01-16 20:50:00,27.97,32.92,36.21,36.52,50.18,53.59,51.95,54.72,39.09,51.93,52.28,42.09,55.99,46.13,30.39,45.01,36.15,42.89,47.19,51.46,53.16,54.41,47.0,54.31,55.54,45.01,47.04,46.82,45.72,46.63,43.57,48.66,48.11
2019-01-16 20:55:00,27.98,32.93,36.22,36.51,50.18,53.59,51.95,54.72,39.09,51.93,52.28,42.08,55.99,46.12,30.39,45.0,36.14,42.88,47.19,51.46,53.15,54.4,46.99,54.3,55.54,45.0,47.03,46.81,45.72,46.62,43.57,48.65,48.11
2019-01-16 21:00:00,27.98,32.93,36.23,36.5,50.18,53.58,51.95,54.71,39.09,51.92,52.27,42.08,55.99,46.12,30.38,45.0,36.14,42.88,47.19,51.46,53.15,54.4,46.99,54.3,55.53,45.0,47.03,46.81,45.72,46.62,43.57,48.65,48.11
2019-01-16 21:05:00,27.99,32.94,36.24,36.5,50.18,53.58,51.94,54.71,39.09,51.92,52.27,42.08,55.99,46.12,30.38,45.0,36.14,42.88,47.19,51.46,53.15,54.4,46.99,54.3,55.53,45.0,47.03,46.81,45.72,46.62,43.57,48.65,48.1
2019-01-16 21:10:00,28.0,32.95,36.24,36.51,50.18,53.58,51.95,54.72,39.09,51.93,52.28,42.08,55.99,46.12,30.38,45.0,36.14,42.88,47.19,51.46,53.15,54.4,46.99,54.3,55.54,45.0,47.03,46.81,45.72,46.62,43.57,48.65,48.11
2019-01-16 21:15:00,28.01,32.96,36.25,36.51,50.18,53.59,51.95,54.72,39.09,51.93,52.28,42.09,55.99,46.13,30.39,45.01,36.15,42.88,47.19,51.46,53.16,54.41,47.0,54.31,55.54,45.0,47.04,46.82,45.72,46.63,43.57,48.65,48.11
2019-01-16 21:20:00,28.02,32.97,36.26,36.52,50.18,53.59,51.96,54.73,39.09,51.94,52.29,42.09,56.0,46.14,30.4,45.01,36.16,42.89,47.2,51.47,53.16,54.41,47.0,54.31,55.55,45.01,47.05,46.82,45.73,46.63,43.57,48.66,48.11
2019-01-16 21:25:00,28.03,32.98,36.27,36.53,50.19,53.6,51.97,54.74,39.09,51.95,52.3,42.09,56.01,46.15,30.41,45.02,36.17,42.9,47.2,51.47,53.17,54.42,47.01,54.32,55.56,45.02,47.05,46.83,45.73,46.64,43.58,48.67,48.12
2019-01-16 21:30:00,28.04,32.99,36.28,36.54,50.2,53.61,51.98,54.75,39.09,51.96,52.3,42.1,56.01,46.16,30.42,45.03,36.18,42.91,47.21,51.47,53.17,54.43,47.02,54.33,55.57,45.03,47.06,46.84,45.74,46.65,43.58,48.68,48.13
2019-01-16 21:35:00,28.05,33.0,36.29,36.56,50.2,53.61,51.99,54.76,39.09,51.97,52.31,42.11,56.02,46.17,30.44,45.04,36.19,42.92,47.22,51.48,53.18,54.44,47.03,54.34,55.58,45.04,47.08,46.85,45.75,46.66,43.59,48.69,48.13
2019-01-16 21:40:00,28.06,33.01,36.3,36.57,50.21,53.62,52.01,54.78,39.09,51.99,52.33,42.11,56.03,46.18,30.45,45.06,36.21,42.94,47.22,51.49,53.19,54.45,47.05,54.35,55.6,45.05,47.09,46.86,45.76,46.67,43.59,48.7,48.14
2019-01-16 21:45:00,28.07,33.02,36.31,36.59,50.22,53.64,52.02,54.79,39.09,52.0,52.34,42.12,56.04,46.2,30.47,45.08,36.22,42.96,47.23,51.49,53.2,54.46,47.06,54.36,55.61,45.06,47.11,46.87,45.77,46.68,43.6,48.71,48.15
2019-01-16 21:50:00,28.08,33.03,36.32,36.61,50.23,53.65,52.04,54.81,39.09,52.02,52.36,42.14,56.06,46.22,30.49,45.1,36.25,42.98,47.25,51.5,53.22,54.48,47.08,54.38,55.63,45.08,47.12,46.89,45.78,46.7,43.6,48.73,48.16
2019-01-16 21:55:00,28.1,33.04,36.33,36.64,50.25,53.67,52.07,54.83,39.09,52.05,52.38,42.15,56.08,46.25,30.52,45.12,36.27,43.0,47.26,51.51,53.23,54.49,47.11,54.4,55.66,45.1,47.15,46.91,45.8,46.71,43.61,48.75,48.18
2019-01-16 22:00:00,28.11,33.05,36.35,36.67,50.26,53.68,52.09,54.86,39.09,52.07,52.4,42.16,56.09,46.27,30.55,45.14,36.3,43.03,47.28,51.52,53.25,54.51,47.13,54.42,55.68,45.12,47.17,46.93,45.81,46.73,43.62,48.77,48.19
2019-01-16 22:05:00,28.12,33.07,36.36,36.69,50.28,53.7,52.12,54.88,39.09,52.1,52.42,42.18,56.11,46.3,30.58,45.17,36.33,43.06,47.29,51.53,53.26,54.53,47.15,54.44,55.71,45.15,47.19,46.95,45.83,46.75,43.63,48.79,48.21
2019-01-16 22:10:00,28.14,33.08,36.37,36.72,50.29,53.71,52.14,54.91,39.09,52.12,52.44,42.19,56.13,46.32,30.61,45.19,36.35,43.08,47.3,51.54,53.28,54.55,47.18,54.46,55.73,45.17,47.22,46.97,45.84,46.77,43.64,48.81,48.22
2019-01-16 22:15:00,28.15,33.09,36.38,36.74,50.3,53.73,52.16,54.93,39.09,52.15,52.46,42.2,56.15,46.35,30.63,45.21,36.38,43.1,47.32,51.55,53.29,54.57,47.2,54.48,55.76,45.18,47.24,46.99,45.86,46.79,43.64,48.83,48.24
2019-01-16 22:20:00,28.16,33.11,36.39,36.76,50.31,53.74,52.18,54.95,39.09,52.16,52.48,42.21,56.16,46.37,30.65,45.23,36.4,43.12,47.33,51.56,53.3,54.58,47.22,54.49,55.77,45.2,47.26,47.0,45.87,46.8,43.65,48.84,48.25
2019-01-16 22:25:00,28.17,33.12,36.41,36.78,50.32,53.75,52.2,54.96,39.09,52.18,52.49,42.22,56.17,46.38,30.67,45.25,36.41,43.14,47.34,51.56,53.31,54.59,47.23,54.5,55.79,45.21,47.27,47.02,45.88,46.82,43.66,48.85,48.26
2019-01-16 22:30:00,28.18,33.13,36.42,36.79,50.33,53.76,52.21,54.97,39.09,52.19,52.5,42.23,56.18,46.39,30.68,45.26,36.42,43.15,47.34,51.57,53.32,54.6,47.24,54.51,55.8,45.22,47.28,47.02,45.89,46.82,43.66,48.86,48.26
2019-01-16 22:35:00,28.2,33.14,36.43,36.8,50.33,53.76,52.22,54.98,39.09,52.2,52.5,42.23,56.18,46.4,30.69,45.27,36.43,43.16,47.35,51.57,53.32,54.6,47.25,54.52,55.81,45.23,47.29,47.03,45.89,46.83,43.66,48.87,48.27
2019-01-16 22:40:00,28.21,33.15,36.44,36.81,50.33,53.77,52.22,54.99,39.09,52.2,52.51,42.24,56.19,46.41,30.7,45.27,36.44,43.16,47.35,51.57,53.33,54.61,47.25,54.52,55.81,45.23,47.29,47.04,45.9,46.84,43.66,48.87,48.27
2019-01-16 22:45:00,28.22,33.16,36.45,36.82,50.34,53.77,52.23,54.99,39.09,52.21,52.52,42.24,56.19,46.41,30.71,45.28,36.45,43.17,47.36,51.58,53.33,54.61,47.26,54.53,55.82,45.24,47.3,47.04,45.9,46.84,43.67,48.88,48.28
2019-01-16 22:50:00,28.23,33.17,36.46,36.83,50.35,53.78,52.24,55.0,39.09,52.22,52.53,42.25,56.2,46.43,30.72,45.29,36.46,43.18,47.36,51.58,53.34,54.62,47.27,54.54,55.83,45.25,47.31,47.05,45.91,46.85,43.67,48.89,48.29
2019-01-16 22:55:00,28.24,33.19,36.47,36.84,50.35,53.79,52.25,55.02,39.09,52.24,52.54,42.25,56.21,46.44,30.74,45.31,36.48,43.2,47.37,51.59,53.35,54.63,47.28,54.55,55.85,45.26,47.33,47.06,45.92,46.86,43.68,48.9,48.29
2019-01-16 23:00:00,28.25,33.2,36.48,36.86,50.36,53.8,52.27,55.03,39.09,52.25,52.55,42.26,56.22,46.46,30.76,45.32,36.5,43.22,47.38,51.59,53.36,54.64,47.3,54.56,55.86,45.28,47.34,47.08,45.93,46.87,43.68,48.91,48.3
2019-01-16 23:05:00,28.27,33.21,36.5,36.88,50.37,53.81,52.29,55.05,39.09,52.27,52.57,42.27,56.23,46.48,30.78,45.34,36.52,43.24,47.39,51.6,53.37,54.66,47.32,54.58,55.88,45.29,47.36,47.09,45.94,46.89,43.69,48.93,48.32
2019-01-16 23:10:00,28.28,33.23,36.51,36.91,50.39,53.82,52.31,55.07,39.09,52.29,52.59,42.29,56.25,46.5,30.8,45.36,36.54,43.26,47.4,51.61,53.38,54.67,47.34,54.59,55.91,45.31,47.38,47.11,45.96,46.91,43.69,48.94,48.33
2019-01-16 23:15:00,28.3,33.24,36.52,36.93,50.4,53.84,52.33,55.09,39.09,52.31,52.6,42.3,56.27,46.52,30.83,45.38,36.56,43.28,47.41,51.62,53.4,54.69,47.36,54.61,55.93,45.33,47.4,47.13,45.97,46.92,43.7,48.96,48.34
2019-01-16 23:20:00,28.31,33.25,36.54,36.95,50.41,53.85,52.35,55.12,39.09,52.34,52.62,42.31,56.28,46.54,30.85,45.4,36.59,43.3,47.43,51.63,53.41,54.7,47.38,54.63,55.95,45.35,47.42,47.15,45.98,46.94,43.71,48.98,48.35
2019-01-16 23:25:00,28.32,33.27,36.55,36.98,50.42,53.87,52.37,55.14,39.09,52.36,52.64,42.32,56.29,46.56,30.88,45.42,36.61,43.32,47.44,51.64,53.42,54.72,47.4,54.65,55.97,45.36,47.44,47.16,46.0,46.95,43.72,49.0,48.37
2019-01-16 23:30:00,28.34,33.28,36.56,37.0,50.43,53.88,52.39,55.15,39.09,52.38,52.65,42.33,56.31,46.58,30.9,45.44,36.63,43.34,47.45,51.64,53.44,54.73,47.42,54.66,55.99,45.38,47.46,47.18,46.01,46.97,43.72,49.01,48.38
2019-01-16 23:35:00,28.35,33.29,36.58,37.02,50.44,53.89,52.41,55.17,39.09,52.39,52.67,42.34,56.32,46.6,30.92,45.46,36.65,43.36,47.46,51.65,53.45,54.75,47.43,54.68,56.01,45.4,47.47,47.19,46.02,46.98,43.73,49.03,48.39
2019-01-16 23:40:00,28.36,33.31,36.59,37.04,50.45,53.9,52.43,55.19,39.09,52.41,52.69,42.35,56.34,46.62,30.94,45.48,36.67,43.38,47.47,51.66,53.46,54.76,47.45,54.69,56.03,45.41,47.49,47.21,46.03,47.0,43.74,49.04,48.4
2019-01-16 23:45:00,28.38,33.32,36.6,37.06,50.46,53.92,52.45,55.21,39.09,52.43,52.7,42.36,56.35,46.64,30.96,45.5,36.69,43.4,47.48,51.67,53.47,54.77,47.47,54.71,56.04,45.43,47.51,47.22,46.04,47.01,43.74,49.05,48.41
2019-01-16 23:50:00,28.39,33.33,36.61,37.08,50.47,53.93,52.47,55.23,39.09,52.45,52.72,42.37,56.36,46.66,30.98,45.52,36.71,43.42,47.49,51.67,53.48,54.79,47.49,54.72,56.06,45.44,47.53,47.24,46.05,47.03,43.75,49.07,48.42
2019-01-16 23:55:00,28.41,33.35,36.63,37.1,50.49,53.94,52.49,55.25,39.09,52.47,52.73,42.38,56.38,46.68,31.01,45.54,36.73,43.44,47.5,51.68,53.5,54.8,47.51,54.74,56.08,45.46,47.54,47.25,46.07,47.04,43.75,49.08,48.43
2019-01-17 00:00:00,28.42,33.36,36.64,37.12,50.5,53.96,52.51,55.27,39.09,52.49,52.75,42.39,56.39,46.7,31.03,45.56,36.75,43.46,47.52,51.69,53.51,54.82,47.52,54.75,56.1,45.48,47.56,47.27,46.08,47.06,43.76,49.1,48.44
2019-01-17 00:05:00,28.43,33.38,36.66,37.15,50.51,53.97,52.53,55.29,39.09,52.51,52.76,42.4,56.4,46.72,31.05,45.58,36.78,43.48,47.53,51.7,53.52,54.83,47.54,54.77,56.12,45.49,47.58,47.28,46.09,47.07,43.77,49.11,48.46
2019-01-17 00:10:00,28.45,33.39,36.67,37.17,50.52,53.98,52.55,55.31,39.09,52.53,52.78,42.41,56.42,46.74,31.08,45.6,36.8,43.5,47.54,51.71,53.54,54.85,47.56,54.79,56.15,45.51,47.6,47.3,46.1,47.09,43.77,49.13,48.47
2019-01-17 00:15:00,28.46,33.4,36.68,37.19,50.53,54.0,52.57,55.33,39.09,52.56,52.8,42.43,56.44,46.76,31.1,45.62,36.82,43.53,47.55,51.72,53.55,54.87,47.59,54.8,56.17,45.53,47.62,47.32,46.12,47.1,43.78,49.15,48.48
2019-01-17 00:20:00,28.48,33.42,36.7,37.22,50.55,54.01,52.59,55.35,39.09,52.58,52.82,42.44,56.45,46.79,31.12,45.64,36.85,43.55,47.57,51.72,53.56,54.88,47.61,54.82,56.19,45.55,47.64,47.33,46.13,47.12,43.79,49.16,48.49
2019-01-17 00:25:00,28.49,33.43,36.71,37.24,50.56,54.03,52.61,55.37,39.09,52.6,52.83,42.45,56.47,46.81,31.15,45.66,36.87,43.57,47.58,51.73,53.58,54.9,47.63,54.84,56.21,45.57,47.66,47.35,46.14,47.13,43.8,49.18,48.51
2019-01-17 00:30:00,28.51,33.45,36.73,37.26,50.57,54.04,52.64,55.39,39.09,52.63,52.85,42.46,56.48,46.83,31.18,45.68,36.9,43.6,47.59,51.74,53.59,54.92,47.65,54.86,56.24,45.59,47.68,47.37,46.16,47.15,43.8,49.2,48.52
2019-01-17 00:35:00,28.52,33.46,36.74,37.29,50.59,54.06,52.66,55.41,39.09,52.65,52.87,42.47,56.5,46.86,31.2,45.71,36.92,43.62,47.61,51.75,53.61,54.93,47.67,54.88,56.26,45.61,47.7,47.39,46.17,47.17,43.81,49.21,48.53
2019-01-17 00:40:00,28.54,33.48,36.75,37.31,50.6,54.08,52.68,55.44,39.09,52.67,52.89,42.48,56.52,46.88,31.23,45.73,36.94,43.64,47.62,51.76,53.62,54.95,47.69,54.9,56.28,45.62,47.72,47.4,46.19,47.18,43.82,49.23,48.54
2019-01-17 00:45:00,28.55,33.49,36.77,37.34,50.61,54.09,52.7,55.46,39.09,52.7,52.91,42.5,56.53,46.9,31.25,45.75,36.97,43.67,47.63,51.77,53.64,54.97,47.71,54.91,56.3,45.64,47.74,47.42,46.2,47.2,43.82,49.25,48.56
2019-01-17 00:50:00,28.57,33.51,36.78,37.36,50.63,54.11,52.73,55.48,39.1,52.72,52.92,42.51,56.55,46.92,31.28,45.77,36.99,43.69,47.64,51.78,53.65,54.99,47.73,54.93,56.33,45.66,47.76,47.44,46.21,47.22,43.83,49.26,48.57
2019-01-17 00:55:00,28.58,33.52,36.8,37.39,50.64,54.12,52.75,55.5,39.1,52.74,52.94,42.52,56.56,46.95,31.3,45.79,37.02,43.71,47.66,51.79,53.66,55.0,47.75,54.95,56.35,45.68,47.78,47.45,46.22,47.23,43.84,49.28,48.58
2019-01-17 01:00:00,28.6,33.54,36.81,37.41,50.65,54.13,52.77,55.52,39.1,52.76,52.96,42.53,56.58,46.97,31.32,45.81,37.04,43.73,47.67,51.8,53.68,55.02,47.77,54.97,56.37,45.7,47.8,47.47,46.24,47.25,43.84,49.3,48.59
2019-01-17 01:05:00,28.61,33.55,36.83,37.43,50.66,54.15,52.79,55.54,39.1,52.78,52.97,42.54,56.59,46.99,31.35,45.83,37.06,43.75,47.68,51.81,53.69,55.03,47.79,54.98,56.39,45.71,47.82,47.49,46.25,47.26,43.85,49.31,48.6
2019-01-17 01:10:00,28.63,33.57,36.84,37.45,50.67,54.16,52.81,55.56,39.1,52.8,52.99,42.55,56.61,47.01,31.37,45.85,37.08,43.77,47.69,51.81,53.7,55.05,47.81,55.0,56.41,45.73,47.84,47.5,46.26,47.27,43.86,49.33,48.61
2019-01-17 01:15:00,28.64,33.59,36.86,37.47,50.68,54.17,52.83,55.58,39.1,52.82,53.0,42.56,56.62,47.03,31.39,45.87,37.1,43.79,47.7,51.82,53.71,55.06,47.83,55.01,56.43,45.75,47.86,47.52,46.27,47.29,43.86,49.34,48.63
2019-01-17 01:20:00,28.66,33.6,36.87,37.49,50.69,54.19,52.84,55.6,39.1,52.84,53.02,42.57,56.63,47.05,31.41,45.89,37.12,43.81,47.71,51.83,53.73,55.08,47.85,55.03,56.45,45.76,47.87,47.53,46.28,47.3,43.87,49.35,48.64
2019-01-17 01:25:00,28.67,33.62,36.89,37.51,50.7,54.2,52.86,55.61,39.1,52.86,53.03,42.58,56.64,47.06,31.43,45.91,37.14,43.83,47.72,51.83,53.74,55.09,47.86,55.04,56.46,45.77,47.89,47.54,46.29,47.31,43.87,49.36,48.64
2019-01-17 01:30:00,28.69,33.63,36.9,37.53,50.71,54.21,52.88,55.63,39.1,52.88,53.04,42.58,56.66,47.08,31.45,45.92,37.16,43.85,47.73,51.84,53.75,55.1,47.88,55.06,56.48,45.79,47.9,47.55,46.3,47.33,43.88,49.38,48.65
2019-01-17 01:35:00,28.71,33.65,36.92,37.55,50.72,54.22,52.89,55.64,39.1,52.89,53.05,42.59,56.67,47.1,31.47,45.94,37.18,43.86,47.74,51.85,53.76,55.11,47.89,55.07,56.5,45.8,47.92,47.57,46.31,47.34,43.88,49.39,48.66
2019-01-17 01:40:00,28.72,33.66,36.93,37.57,50.73,54.23,52.91,55.66,39.1,52.91,53.07,42.6,56.68,47.11,31.48,45.95,37.2,43.88,47.75,51.85,53.77,55.13,47.91,55.08,56.51,45.82,47.93,47.58,46.32,47.35,43.89,49.4,48.67
2019-01-17 01:45:00,28.74,33.68,36.95,37.58,50.74,54.24,52.92,55.67,39.1,52.93,53.08,42.61,56.69,47.13,31.5,45.97,37.21,43.9,47.76,51.86,53.78,55.14,47.92,55.09,56.53,45.83,47.94,47.59,46.33,47.36,43.89,49.41,48.68
2019-01-17 01:50:00,28.75,33.69,36.97,37.6,50.75,54.25,52.94,55.69,39.1,52.94,53.09,42.62,56.7,47.14,31.52,45.98,37.23,43.91,47.77,51.87,53.79,55.15,47.94,55.11,56.54,45.84,47.96,47.6,46.34,47.37,43.9,49.42,48.69
2019-01-17 01:55:00,28.77,33.71,36.98,37.61,50.76,54.26,52.95,55.7,39.1,52.95,53.1,42.62,56.71,47.16,31.53,46.0,37.24,43.92,47.78,51.87,53.79,55.16,47.95,55.12,56.56,45.85,47.97,47.61,46.34,47.38,43.9,49.43,48.69
2019-01-17 02:00:00,28.78,33.72,37.0,37.63,50.76,54.27,52.96,55.71,39.1,52.97,53.11,42.63,56.72,47.17,31.54,46.01,37.26,43.94,47.78,51.88,53.8,55.17,47.96,55.13,56.57,45.86,47.98,47.62,46.35,47.39,43.9,49.44,48.7
2019-01-17 02:05:00,28.8,33.74,37.01,37.64,50.77,54.28,52.98,55.72,39.1,52.98,53.12,42.63,56.73,47.18,31.56,46.02,37.27,43.95,47.79,51.88,53.81,55.18,47.97,55.14,56.58,45.87,47.99,47.63,46.36,47.39,43.91,49.45,48.71
2019-01-17 02:10:00,28.81,33.76,37.03,37.65,50.77,54.28,52.99,55.73,39.1,52.99,53.12,42.64,56.73,47.19,31.57,46.03,37.28,43.96,47.8,51.89,53.82,55.18,47.98,55.14,56.59,45.88,48.0,47.63,46.36,47.4,43.91,49.45,48.71
2019-01-17 02:15:00,28.83,33.77,37.04,37.66,50.78,54.29,53.0,55.74,39.1,53.0,53.13,42.64,56.74,47.2,31.58,46.04,37.29,43.97,47.8,51.89,53.82,55.19,47.99,55.15,56.6,45.89,48.01,47.64,46.37,47.41,43.91,49.46,48.72
2019-01-17 02:20:00,28.85,33.79,37.06,37.67,50.79,54.3,53.0,55.75,39.1,53.01,53.14,42.65,56.75,47.21,31.59,46.05,37.3,43.98,47.81,51.89,53.83,55.2,48.0,55.16,56.61,45.89,48.01,47.65,46.37,47.41,43.92,49.47,48.72
2019-01-17 02:25:00,28.86,33.8,37.07,37.68,50.79,54.3,53.01,55.76,39.1,53.02,53.14,42.65,56.75,47.22,31.6,46.06,37.31,43.99,47.81,51.9,53.83,55.2,48.01,55.17,56.62,45.9,48.02,47.65,46.38,47.42,43.92,49.47,48.73
2019-01-17 02:30:00,28.88,33.82,37.09,37.69,50.79,54.31,53.02,55.77,39.1,53.03,53.15,42.66,56.76,47.23,31.61,46.06,37.32,44.0,47.82,51.9,53.84,55.21,48.01,55.17,56.63,45.91,48.03,47.66,46.38,47.42,43.92,49.48,48.73
2019-01-17 02:35:00,28.89,33.83,37.1,37.7,50.8,54.31,53.03,55.78,39.1,53.03,53.16,42.66,56.76,47.24,31.62,46.07,37.33,44.0,47.82,51.9,53.84,55.22,48.02,55.18,56.63,45.91,48.04,47.67,46.39,47.43,43.92,49.48,48.73
2019-01-17 02:40:00,28.91,33.85,37.12,37.71,50.8,54.32,53.04,55.78,39.1,53.04,53.16,42.66,56.77,47.25,31.63,46.08,37.34,44.01,47.83,51.91,53.85,55.22,48.03,55.18,56.64,45.92,48.04,47.67,46.39,47.43,43.93,49.49,48.74
2019-01-17 02:45:00,28.92,33.87,37.14,37.72,50.81,54.32,53.04,55.79,39.1,53.05,53.17,42.67,56.77,47.25,31.64,46.09,37.34,44.02,47.83,51.91,53.85,55.23,48.03,55.19,56.65,45.93,48.05,47.68,46.4,47.44,43.93,49.49,48.74
2019-01-17 02:50:00,28.94,33.88,37.15,37.72,50.81,54.33,53.05,55.8,39.1,53.06,53.17,42.67,56.78,47.26,31.64,46.09,37.35,44.03,47.83,51.91,53.86,55.23,48.04,55.2,56.65,45.93,48.05,47.68,46.4,47.44,43.93,49.5,48.75
2019-01-17 02:55:00,28.96,33.9,37.17,37.73,50.81,54.33,53.06,55.8,39.1,53.06,53.18,42.67,56.78,47.27,31.65,46.1,37.36,44.03,47.84,51.91,53.86,55.24,48.05,55.2,56.66,45.94,48.06,47.69,46.4,47.45,43.93,49.5,48.75
2019-01-17 03:00:00,28.97,33.91,37.18,37.74,50.82,54.33,53.06,55.81,39.1,53.07,53.18,42.67,56.79,47.27,31.66,46.1,37.36,44.04,47.84,51.92,53.86,55.24,48.05,55.21,56.67,45.94,48.07,47.69,46.41,47.45,43.93,49.51,48.75
2019-01-17 03:05:00,28.99,33.93,37.2,37.74,50.82,54.34,53.07,55.81,39.1,53.07,53.18,42.68,56.79,47.28,31.66,46.11,37.37,44.04,47.84,51.92,53.87,55.24,48.06,55.21,56.67,45.95,48.07,47.69,46.41,47.45,43.93,49.51,48.75
2019-01-17 03:10:00,29.0,33.94,37.21,37.75,50.82,54.34,53.07,55.82,39.1,53.08,53.19,42.68,56.79,47.28,31.67,46.11,37.37,44.05,47.84,51.92,53.87,55.25,48.06,55.21,56.68,45.95,48.07,47.7,46.41,47.46,43.94,49.51,48.76
2019-01-17 03:15:00,29.02,33.96,37.23,37.75,50.82,54.34,53.07,55.82,39.1,53.08,53.19,42.68,56.8,47.28,31.67,46.12,37.38,44.05,47.85,51.92,53.87,55.25,48.06,55.22,56.68,45.95,48.08,47.7,46.41,47.46,43.94,49.52,48.76
2019-01-17 03:20:00,29.03,33.97,37.24,37.75,50.83,54.34,53.08,55.82,39.1,53.08,53.19,42.68,56.8,47.29,31.67,46.12,37.38,44.05,47.85,51.92,53.87,55.25,48.07,55.22,56.68,45.95,48.08,47.7,46.41,47.46,43.94,49.52,48.76
2019-01-17 03:25:00,29.05,33.99,37.26,37.76,50.83,54.35,53.08,55.83,39.1,53.09,53.19,42.68,56.8,47.29,31.68,46.12,37.38,44.06,47.85,51.92,53.87,55.25,48.07,55.22,56.69,45.96,48.08,47.7,46.42,47.46,43.94,49.52,48.76
2019-01-17 03:30:00,29.06,34.01,37.27,37.76,50.83,54.35,53.08,55.83,39.1,53.09,53.2,42.68,56.8,47.29,31.68,46.13,37.39,44.06,47.85,51.92,53.88,55.26,48.07,55.22,56.69,45.96,48.08,47.71,46.42,47.47,43.94,49.52,48.76
2019-01-17 03:35:00,29.08,34.02,37.29,37.76,50.83,54.35,53.09,55.83,39.1,53.09,53.2,42.69,56.8,47.3,31.69,46.13,37.39,44.06,47.85,51.93,53.88,55.26,48.08,55.22,56.69,45.96,48.09,47.71,46.42,47.47,43.94,49.52,48.76
2019-01-17 03:40:00,29.1,34.04,37.31,37.77,50.83,54.35,53.09,55.83,39.1,53.1,53.2,42.69,56.81,47.3,31.69,46.13,37.39,44.07,47.86,51.93,53.88,55.26,48.08,55.23,56.69,45.96,48.09,47.71,46.42,47.47,43.94,49.53,48.77
2019-01-17 03:45:00,29.11,34.05,37.32,37.77,50.83,54.35,53.09,55.84,39.1,53.1,53.2,42.69,56.81,47.3,31.69,46.14,37.4,44.07,47.86,51.93,53.88,55.26,48.08,55.23,56.7,45.97,48.09,47.71,46.42,47.47,43.94,49.53,48.77
2019-01-17 03:50:00,29.13,34.07,37.34,37.78,50.84,54.36,53.1,55.84,39.1,53.1,53.21,42.69,56.81,47.31,31.7,46.14,37.4,44.07,47.86,51.93,53.88,55.27,48.08,55.23,56.7,45.97,48.1,47.71,46.42,47.47,43.94,49.53,48.77
2019-01-17 03:55:00,29.14,34.08,37.35,37.78,50.84,54.36,53.1,55.84,39.1,53.11,53.21,42.69,56.81,47.31,31.7,46.14,37.41,44.08,47.86,51.93,53.89,55.27,48.09,55.24,56.7,45.97,48.1,47.72,46.43,47.48,43.94,49.53,48.77
2019-01-17 04:00:00,29.16,34.1,37.37,37.78,50.84,54.36,53.1,55.85,39.1,53.11,53.21,42.69,56.81,47.31,31.7,46.14,37.41,44.08,47.86,51.93,53.89,55.27,48.09,55.24,56.71,45.97,48.1,47.72,46.43,47.48,43.94,49.53,48.77
2019-01-17 04:05:00,29.17,34.12,37.38,37.78,50.84,54.36,53.1,55.85,39.1,53.11,53.21,42.69,56.82,47.31,31.71,46.15,37.41,44.08,47.86,51.93,53.89,55.27,48.09,55.24,56.71,45.98,48.1,47.72,46.43,47.48,43.95,49.54,48.77
2019-01-17 04:10:00,29.19,34.13,37.4,37.78,50.84,54.36,53.1,55.85,39.1,53.11,53.21,42.69,56.82,47.32,31.71,46.15,37.41,44.08,47.86,51.93,53.89,55.27,48.09,55.24,56.71,45.98,48.1,47.72,46.43,47.48,43.95,49.54,48.77
2019-01-17 04:15:00,29.21,34.15,37.42,37.78,50.84,54.36,53.1,55.85,39.1,53.11,53.21,42.69,56.82,47.32,31.71,46.15,37.41,44.08,47.86,51.93,53.89,55.27,48.09,55.24,56.71,45.98,48.1,47.72,46.43,47.48,43.95,49.54,48.77
2019-01-17 04:20:00,29.22,34.16,37.43,37.78,50.84,54.36,53.1,55.85,39.1,53.11,53.21,42.69,56.82,47.32,31.71,46.15,37.41,44.08,47.86,51.93,53.89,55.27,48.09,55.24,56.71,45.98,48.1,47.72,46.43,47.48,43.95,49.54,48.77
2019-01-17 04:25:00,29.24,34.18,37.45,37.78,50.84,54.36,53.1,55.85,39.1,53.11,53.21,42.69,56.82,47.32,31.71,46.15,37.41,44.08,47.86,51.93,53.89,55.27,48.09,55.24,56.71,45.98,48.1,47.72,46.43,47.48,43.95,49.54,48.77
2019-01-17 04:30:00,29.25,34.19,37.46,37.78,50.84,54.36,53.1,55.85,39.1,53.11,53.21,42.69,56.82,47.31,31.71,46.15,37.41,44.08,47.86,51.93,53.89,55.27,48.09,55.24,56.71,45.98,48.1,47.72,46.43,47.48,43.95,49.53,48.77
2019-01-17 04:35:00,29.27,34.21,37.48,37.78,50.84,54.36,53.1,55.85,39.1,53.11,53.21,42.69,56.82,47.31,31.7,46.15,37.41,44.08,47.86,51.93,53.89,55.27,48.09,55.24,56.71,45.98,48.1,47.72,46.43,47.48,43.95,49.53,48.77
2019-01-17 04:40:00,29.28,34.22,37.49,37.78,50.84,54.36,53.1,55.85,39.1,53.11,53.21,42.69,56.82,47.31,31.7,46.15,37.41,44.08,47.86,51.93,53.89,55.27,48.09,55.24,56.71,45.98,48.1,47.72,46.43,47.48,43.94,49.53,48.77
2019-01-17 04:45:00,29.3,34.24,37.51,37.78,50.84,54.36,53.1,55.85,39.1,53.11,53.21,42.69,56.82,47.31,31.7,46.14,37.41,44.08,47.86,51.93,53.89,55.27,48.09,55.24,56.71,45.97,48.1,47.72,46.43,47.48,43.94,49.53,48.77
2019-01-17 04:50:00,29.31,34.25,37.52,37.78,50.84,54.36,53.1,55.85,39.1,53.11,53.21,42.69,56.81,47.31,31.7,46.14,37.41,44.08,47.86,51.93,53.89,55.27,48.09,55.24,56.71,45.97,48.1,47.72,46.43,47.48,43.94,49.53,48.77
2019-01-17 04:55:00,29.33,34.27,37.54,37.78,50.84,54.36,53.1,55.84,39.1,53.11,53.21,42.69,56.81,47.31,31.7,46.14,37.4,44.08,47.86,51.93,53.89,55.27,48.09,55.23,56.7,45.97,48.1,47.72,46.43,47.47,43.94,49.53,48.77
2019-01-17 05:00:00,29.34,34.28,37.55,37.77,50.84,54.36,53.09,55.84,39.1,53.1,53.2,42.69,56.81,47.31,31.69,46.14,37.4,44.07,47.86,51.93,53.88,55.27,48.08,55.23,56.7,45.97,48.09,47.71,46.42,47.47,43.94,49.53,48.77
2019-01-17 05:05:00,29.35,34.29,37.56,38.26,50.93,54.46,53.32,56.05,39.1,53.34,53.32,42.77,56.95,47.57,32.09,46.4,37.78,44.33,47.95,52.0,53.99,55.4,48.31,55.38,56.93,46.15,48.27,47.84,46.51,47.58,43.99,49.63,48.85
2019-01-17 05:10:00,29.34,34.28,37.55,38.25,50.93,54.46,53.32,56.05,39.1,53.34,53.32,42.77,56.94,47.57,32.09,46.4,37.78,44.33,47.95,52.0,53.99,55.39,48.31,55.38,56.93,46.15,48.26,47.84,46.51,47.57,43.99,49.63,48.84
2019-01-17 05:15:00,29.34,34.28,37.55,38.25,50.93,54.46,53.31,56.05,39.1,53.33,53.32,42.76,56.94,47.56,32.08,46.4,37.78,44.32,47.95,52.0,53.99,55.39,48.3,55.38,56.92,46.15,48.26,47.84,46.5,47.57,43.98,49.63,48.84
2019-01-17 05:20:00,29.34,34.28,37.55,38.24,50.92,54.46,53.31,56.04,39.1,53.33,53.31,42.76,56.94,47.56,32.08,46.39,37.77,44.32,47.95,52.0,53.99,55.39,48.3,55.37,56.92,46.14,48.26,47.83,46.5,47.57,43.98,49.62,48.84
2019-01-17 05:25:00,29.33,34.27,37.54,38.24,50.92,54.45,53.3,56.04,39.1,53.32,53.31,42.76,56.93,47.55,32.07,46.38,37.76,44.31,47.94,52.0,53.98,55.38,48.29,55.37,56.91,46.14,48.25,47.83,46.5,47.56,43.98,49.62,48.83
2019-01-17 05:30:00,29.33,34.27,37.54,38.23,50.92,54.45,53.3,56.03,39.1,53.31,53.3,42.75,56.93,47.54,32.06,46.38,37.76,44.31,47.94,51.99,53.98,55.38,48.28,55.36,56.9,46.13,48.24,47.82,46.49,47.55,43.98,49.61,48.83
2019-01-17 05:35:00,29.32,34.26,37.53,38.22,50.91,54.44,53.29,56.02,39.1,53.3,53.29,42.75,56.92,47.53,32.05,46.37,37.75,44.3,47.93,51.99,53.97,55.37,48.28,55.36,56.9,46.12,48.23,47.81,46.48,47.55,43.97,49.6,48.82
2019-01-17 05:40:00,29.31,34.25,37.53,38.21,50.9,54.43,53.27,56.01,39.1,53.29,53.28,42.74,56.91,47.52,32.04,46.36,37.74,44.28,47.92,51.98,53.96,55.36,48.26,55.35,56.88,46.11,48.22,47.8,46.48,47.54,43.97,49.59,48.82
2019-01-17 05:45:00,29.31,34.25,37.52,38.19,50.89,54.42,53.26,55.99,39.1,53.28,53.27,42.73,56.9,47.51,32.02,46.34,37.72,44.27,47.91,51.98,53.95,55.35,48.25,55.33,56.87,46.1,48.21,47.79,46.47,47.53,43.96,49.58,48.81
2019-01-17 05:50:00,29.3,34.24,37.51,38.17,50.88,54.41,53.24,55.97,39.1,53.26,53.25,42.72,56.88,47.49,32.0,46.32,37.7,44.25,47.9,51.97,53.94,55.33,48.23,55.32,56.85,46.08,48.19,47.77,46.45,47.51,43.96,49.56,48.79
2019-01-17 05:55:00,29.29,34.23,37.5,38.15,50.87,54.39,53.22,55.95,39.1,53.23,53.23,42.71,56.87,47.46,31.98,46.3,37.67,44.22,47.89,51.96,53.92,55.31,48.21,55.3,56.82,46.06,48.16,47.75,46.44,47.49,43.95,49.54,48.78
2019-01-17 06:00:00,29.27,34.22,37.49,38.12,50.85,54.37,53.19,55.92,39.1,53.2,53.2,42.69,56.84,47.43,31.94,46.27,37.64,44.19,47.87,51.95,53.9,55.29,48.18,55.27,56.79,46.04,48.14,47.73,46.41,47.46,43.94,49.52,48.76
2019-01-17 06:05:00,29.26,34.2,37.48,38.08,50.83,54.34,53.15,55.89,39.1,53.16,53.17,42.67,56.82,47.39,31.9,46.24,37.61,44.16,47.85,51.93,53.88,55.26,48.15,55.24,56.76,46.01,48.1,47.7,46.39,47.43,43.92,49.49,48.74
2019-01-17 06:10:00,29.24,34.19,37.47,38.04,50.8,54.31,53.11,55.85,39.1,53.12,53.13,42.64,56.79,47.35,31.86,46.2,37.57,44.12,47.82,51.91,53.85,55.23,48.11,55.21,56.72,45.97,48.06,47.66,46.36,47.4,43.91,49.45,48.71
2019-01-17 06:15:00,29.23,34.17,37.45,37.99,50.78,54.29,53.07,55.8,39.1,53.08,53.1,42.62,56.76,47.31,31.81,46.16,37.52,44.07,47.8,51.9,53.82,55.2,48.07,55.17,56.67,45.93,48.02,47.62,46.33,47.37,43.89,49.42,48.68
2019-01-17 06:20:00,29.21,34.15,37.44,37.95,50.75,54.25,53.02,55.76,39.1,53.04,53.06,42.59,56.73,47.27,31.76,46.11,37.48,44.03,47.77,51.88,53.79,55.17,48.03,55.14,56.63,45.9,47.98,47.59,46.3,47.33,43.88,49.38,48.65
2019-01-17 06:25:00,29.19,34.14,37.42,37.91,50.72,54.22,52.98,55.72,39.1,52.99,53.02,42.57,56.69,47.22,31.72,46.07,37.43,43.98,47.74,51.86,53.77,55.13,47.99,55.1,56.59,45.86,47.94,47.55,46.27,47.29,43.86,49.34,48.63
2019-01-17 06:30:00,29.18,34.12,37.41,37.86,50.7,54.2,52.94,55.68,39.1,52.95,52.98,42.54,56.66,47.18,31.67,46.03,37.39,43.94,47.72,51.84,53.74,55.1,47.95,55.07,56.55,45.83,47.9,47.51,46.25,47.26,43.85,49.31,48.6
2019-01-17 06:35:00,29.16,34.11,37.39,37.82,50.68,54.17,52.9,55.64,39.1,52.91,52.95,42.52,56.64,47.14,31.63,46.0,37.35,43.9,47.69,51.83,53.71,55.07,47.91,55.04,56.51,45.79,47.86,47.48,46.22,47.23,43.83,49.27,48.57
2019-01-17 06:40:00,29.14,34.09,37.38,37.79,50.66,54.14,52.87,55.61,39.1,52.88,52.92,42.5,56.61,47.11,31.59,45.96,37.31,43.87,47.67,51.81,53.69,55.04,47.88,55.01,56.47,45.76,47.83,47.45,46.19,47.2,43.82,49.24,48.55
2019-01-17 06:45:00,29.13,34.08,37.37,37.75,50.63,54.12,52.84,55.58,39.1,52.84,52.89,42.48,56.58,47.07,31.55,45.93,37.28,43.83,47.65,51.8,53.67,55.02,47.85,54.98,56.44,45.73,47.8,47.42,46.17,47.17,43.81,49.22,48.53
2019-01-17 06:50:00,29.11,34.06,37.35,37.72,50.61,54.1,52.8,55.54,39.1,52.81,52.86,42.46,56.56,47.04,31.51,45.9,37.24,43.8,47.63,51.78,53.64,54.99,47.81,54.95,56.4,45.71,47.76,47.39,46.15,47.14,43.8,49.19,48.51
2019-01-17 06:55:00,29.1,34.04,37.34,37.68,50.59,54.07,52.77,55.51,39.1,52.77,52.83,42.44,56.53,47.0,31.48,45.87,37.21,43.77,47.61,51.77,53.62,54.96,47.78,54.92,56.37,45.68,47.73,47.37,46.12,47.12,43.78,49.16,48.49
2019-01-17 07:00:00,29.08,34.03,37.32,37.64,50.57,54.05,52.73,55.47,39.1,52.74,52.79,42.42,56.51,46.97,31.44,45.83,37.17,43.73,47.59,51.75,53.6,54.93,47.75,54.89,56.33,45.64,47.69,47.33,46.1,47.09,43.77,49.13,48.46
2019-01-17 07:05:00,29.06,34.01,37.31,37.61,50.55,54.02,52.69,55.44,39.1,52.7,52.76,42.4,56.48,46.93,31.39,45.79,37.13,43.69,47.56,51.74,53.57,54.91,47.71,54.86,56.3,45.61,47.66,47.3,46.07,47.05,43.76,49.09,48.44
2019-01-17 07:10:00,29.05,34.0,37.29,37.57,50.52,53.99,52.66,55.4,39.1,52.66,52.73,42.37,56.45,46.89,31.35,45.76,37.09,43.65,47.54,51.72,53.55,54.87,47.67,54.82,56.26,45.58,47.62,47.27,46.05,47.02,43.74,49.06,48.41
2019-01-17 07:15:00,29.03,33.98,37.28,37.53,50.5,53.96,52.62,55.36,39.1,52.62,52.69,42.35,56.42,46.85,31.31,45.72,37.05,43.61,47.51,51.7,53.52,54.84,47.64,54.79,56.22,45.55,47.58,47.24,46.02,46.99,43.73,49.03,48.39
2019-01-17 07:20:00,29.01,33.96,37.26,37.49,50.48,53.94,52.58,55.32,39.09,52.58,52.66,42.33,56.39,46.81,31.27,45.68,37.01,43.57,47.49,51.69,53.49,54.81,47.6,54.76,56.18,45.51,47.55,47.2,46.0,46.96,43.72,49.0,48.37
2019-01-17 07:25:00,29.0,33.95,37.24,37.45,50.46,53.91,52.55,55.29,39.09,52.54,52.63,42.31,56.37,46.78,31.23,45.65,36.98,43.54,47.47,51.67,53.47,54.79,47.57,54.73,56.15,45.48,47.52,47.18,45.97,46.93,43.7,48.97,48.34
2019-01-17 07:30:00,28.98,33.93,37.23,37.42,50.44,53.89,52.52,55.26,39.09,52.51,52.6,42.29,56.35,46.75,31.2,45.62,36.95,43.51,47.45,51.66,53.45,54.76,47.54,54.71,56.12,45.46,47.49,47.15,45.95,46.91,43.69,48.94,48.33
2019-01-17 07:35:00,28.97,33.92,37.22,37.4,50.42,53.87,52.49,55.24,39.09,52.49,52.58,42.28,56.33,46.73,31.17,45.6,36.93,43.49,47.44,51.65,53.44,54.74,47.52,54.69,56.09,45.44,47.47,47.13,45.94,46.89,43.69,48.93,48.31
2019-01-17 07:40:00,28.95,33.9,37.2,37.38,50.41,53.86,52.48,55.22,39.09,52.47,52.57,42.27,56.32,46.71,31.15,45.58,36.91,43.47,47.42,51.64,53.42,54.73,47.5,54.67,56.07,45.43,47.45,47.12,45.93,46.88,43.68,48.91,48.3
2019-01-17 07:45:00,28.94,33.89,37.19,37.37,50.4,53.85,52.46,55.21,39.09,52.45,52.56,42.26,56.31,46.69,31.14,45.57,36.89,43.45,47.42,51.64,53.41,54.72,47.49,54.66,56.06,45.41,47.44,47.11,45.92,46.87,43.67,48.9,48.29
2019-01-17 07:50:00,28.93,33.88,37.18,37.36,50.4,53.84,52.45,55.2,39.09,52.44,52.55,42.26,56.3,46.68,31.13,45.56,36.88,43.44,47.41,51.63,53.41,54.71,47.48,54.65,56.05,45.41,47.43,47.1,45.91,46.86,43.67,48.89,48.29
2019-01-17 07:55:00,28.92,33.87,37.17,37.35,50.39,53.83,52.45,55.19,39.09,52.43,52.54,42.25,56.29,46.68,31.12,45.55,36.88,43.44,47.4,51.63,53.4,54.7,47.48,54.64,56.04,45.4,47.42,47.09,45.91,46.85,43.67,48.89,48.28
2019-01-17 08:00:00,28.91,33.86,37.16,37.34,50.39,53.83,52.44,55.18,39.09,52.42,52.54,42.25,56.29,46.67,31.12,45.55,36.87,43.43,47.4,51.63,53.4,54.7,47.47,54.64,56.04,45.39,47.41,47.09,45.9,46.85,43.67,48.88,48.28
2019-01-17 08:05:00,28.9,33.85,37.15,37.34,50.38,53.82,52.43,55.18,39.09,52.42,52.53,42.25,56.28,46.66,31.11,45.54,36.86,43.42,47.39,51.62,53.39,54.69,47.46,54.63,56.03,45.39,47.41,47.08,45.9,46.84,43.66,48.88,48.27
2019-01-17 08:10:00,28.89,33.84,37.14,37.33,50.38,53.82,52.43,55.17,39.09,52.41,52.53,42.24,56.28,46.66,31.1,45.53,36.86,43.42,47.39,51.62,53.39,54.68,47.46,54.63,56.02,45.38,47.4,47.08,45.9,46.84,43.66,48.87,48.27
2019-01-17 08:15:00,28.88,33.83,37.13,37.32,50.37,53.81,52.42,55.16,39.09,52.4,52.52,42.24,56.27,46.65,31.09,45.53,36.85,43.41,47.38,51.62,53.38,54.68,47.45,54.62,56.02,45.38,47.4,47.07,45.89,46.83,43.66,48.87,48.27
2019-01-17 08:20:00,28.86,33.81,37.11,37.31,50.37,53.8,52.41,55.16,39.09,52.39,52.52,42.23,56.27,46.64,31.09,45.52,36.84,43.4,47.38,51.61,53.38,54.67,47.44,54.61,56.01,45.37,47.39,47.07,45.89,46.83,43.66,48.86,48.26
2019-01-17 08:25:00,28.85,33.8,37.1,37.31,50.36,53.8,52.41,55.15,39.09,52.38,52.51,42.23,56.26,46.63,31.08,45.51,36.83,43.39,47.38,51.61,53.37,54.66,47.44,54.61,56.0,45.37,47.38,47.06,45.88,46.82,43.66,48.86,48.26
2019-01-17 08:30:00,28.84,33.79,37.09,37.3,50.36,53.79,52.4,55.14,39.09,52.38,52.51,42.23,56.25,46.63,31.07,45.51,36.83,43.39,47.37,51.61,53.37,54.66,47.43,54.6,56.0,45.36,47.38,47.06,45.88,46.82,43.65,48.85,48.25
2019-01-17 08:35:00,28.83,33.78,37.08,37.29,50.36,53.79,52.39,55.14,39.09,52.37,52.5,42.22,56.25,46.62,31.07,45.5,36.82,43.38,47.37,51.6,53.36,54.65,47.43,54.6,55.99,45.35,47.37,47.05,45.88,46.82,43.65,48.85,48.25
2019-01-17 08:40:00,28.82,33.77,37.07,37.29,50.35,53.78,52.39,55.13,39.09,52.36,52.5,42.22,56.25,46.62,31.06,45.5,36.82,43.38,47.36,51.6,53.36,54.65,47.42,54.59,55.98,45.35,47.37,47.05,45.87,46.81,43.65,48.84,48.25
2019-01-17 08:45:00,28.81,33.76,37.06,37.28,50.35,53.78,52.38,55.13,39.09,52.36,52.49,42.22,56.24,46.61,31.06,45.49,36.81,43.37,47.36,51.6,53.35,54.64,47.42,54.59,55.98,45.35,47.36,47.04,45.87,46.81,43.65,48.84,48.25
2019-01-17 08:50:00,28.8,33.75,37.05,37.28,50.35,53.78,52.38,55.12,39.09,52.35,52.49,42.22,56.24,46.61,31.05,45.49,36.81,43.37,47.36,51.6,53.35,54.64,47.41,54.58,55.98,45.34,47.36,47.04,45.87,46.8,43.65,48.84,48.24
2019-01-17 08:55:00,28.79,33.74,37.04,37.28,50.34,53.77,52.38,55.12,39.09,52.35,52.49,42.22,56.24,46.6,31.05,45.49,36.8,43.36,47.35,51.6,53.35,54.64,47.41,54.58,55.97,45.34,47.35,47.04,45.87,46.8,43.65,48.83,48.24
2019-01-17 09:00:00,28.77,33.73,37.02,37.27,50.34,53.77,52.37,55.12,39.09,52.35,52.48,42.21,56.23,46.6,31.05,45.48,36.8,43.36,47.35,51.6,53.35,54.64,47.41,54.58,55.97,45.34,47.35,47.04,45.86,46.8,43.65,48.83,48.24
2019-01-17 09:05:00,28.76,33.71,37.01,37.27,50.34,53.77,52.37,55.12,39.09,52.34,52.48,42.21,56.23,46.6,31.04,45.48,36.8,43.36,47.35,51.59,53.34,54.63,47.4,54.58,55.97,45.34,47.35,47.04,45.86,46.8,43.64,48.83,48.24
2019-01-17 09:10:00,28.75,33.7,37.0,37.27,50.34,53.77,52.37,55.11,39.09,52.34,52.48,42.21,56.23,46.6,31.04,45.48,36.8,43.36,47.35,51.59,53.34,54.63,47.4,54.57,55.97,45.33,47.35,47.03,45.86,46.8,43.64,48.83,48.24
2019-01-17 09:15:00,28.74,33.69,36.99,37.27,50.34,53.77,52.37,55.11,39.09,52.34,52.48,42.21,56.23,46.6,31.04,45.48,36.8,43.36,47.35,51.59,53.34,54.63,47.4,54.57,55.96,45.33,47.35,47.03,45.86,46.8,43.64,48.83,48.24
2019-01-17 09:20:00,28.73,33.68,36.98,37.27,50.34,53.77,52.37,55.11,39.09,52.34,52.48,42.21,56.23,46.59,31.04,45.48,36.79,43.36,47.35,51.59,53.34,54.63,47.4,54.57,55.96,45.33,47.35,47.03,45.86,46.8,43.64,48.83,48.24
2019-01-17 09:25:00,28.72,33.67,36.97,37.27,50.34,53.76,52.36,55.11,39.09,52.34,52.48,42.21,56.23,46.59,31.04,45.48,36.79,43.35,47.35,51.59,53.34,54.63,47.4,54.57,55.96,45.33,47.34,47.03,45.86,46.79,43.64,48.83,48.24
2019-01-17 09:30:00,28.71,33.66,36.96,37.26,50.33,53.76,52.36,55.11,39.09,52.33,52.48,42.21,56.23,46.59,31.04,45.47,36.79,43.35,47.34,51.59,53.34,54.63,47.4,54.57,55.96,45.33,47.34,47.03,45.86,46.79,43.64,48.82,48.23
2019-01-17 09:35:00,28.7,33.65,36.95,37.26,50.33,53.76,52.36,55.1,39.09,52.33,52.47,42.21,56.22,46.59,31.03,45.47,36.79,43.35,47.34,51.59,53.34,54.62,47.39,54.56,55.96,45.33,47.34,47.03,45.86,46.79,43.64,48.82,48.23
2019-01-17 09:40:00,28.69,33.64,36.94,37.26,50.33,53.76,52.36,55.1,39.09,52.33,52.47,42.21,56.22,46.59,31.03,45.47,36.79,43.35,47.34,51.59,53.33,54.62,47.39,54.56,55.95,45.32,47.34,47.03,45.85,46.79,43.64,48.82,48.23
2019-01-17 09:45:00,28.68,33.63,36.93,37.26,50.33,53.76,52.35,55.1,39.09,52.32,52.47,42.2,56.22,46.58,31.03,45.47,36.78,43.34,47.34,51.59,53.33,54.62,47.39,54.56,55.95,45.32,47.34,47.02,45.85,46.79,43.64,48.82,48.23
2019-01-17 09:50:00,28.66,33.61,36.91,37.25,50.33,53.75,52.35,55.1,39.09,52.32,52.47,42.2,56.22,46.58,31.02,45.46,36.78,43.34,47.34,51.59,53.33,54.62,47.39,54.56,55.95,45.32,47.33,47.02,45.85,46.78,43.64,48.82,48.23
2019-01-17 09:55:00,28.65,33.6,36.9,37.25,50.33,53.75,52.35,55.09,39.09,52.32,52.47,42.2,56.22,46.58,31.02,45.46,36.78,43.34,47.34,51.58,53.33,54.61,47.38,54.55,55.94,45.32,47.33,47.02,45.85,46.78,43.64,48.81,48.23
2019-01-17 10:00:00,28.64,33.59,36.89,37.25,50.32,53.75,52.35,55.09,39.09,52.32,52.46,42.2,56.21,46.57,31.02,45.46,36.77,43.34,47.33,51.58,53.33,54.61,47.38,54.55,55.94,45.32,47.33,47.02,45.85,46.78,43.64,48.81,48.22
2019-01-17 10:05:00,28.63,33.58,36.88,37.25,50.32,53.75,52.34,55.09,39.09,52.31,52.46,42.2,56.21,46.57,31.02,45.46,36.77,43.33,47.33,51.58,53.33,54.61,47.38,54.55,55.94,45.31,47.33,47.02,45.85,46.78,43.64,48.81,48.22
2019-01-17 10:10:00,28.62,33.57,36.87,37.25,50.32,53.75,52.34,55.09,39.09,52.31,52.46,42.2,56.21,46.57,31.02,45.46,36.77,43.33,47.33,51.58,53.32,54.61,47.38,54.55,55.94,45.31,47.33,47.02,45.85,46.78,43.64,48.81,48.22
2019-01-17 10:15:00,28.61,33.56,36.86,37.25,50.32,53.75,52.34,55.09,39.09,52.31,52.46,42.2,56.21,46.57,31.02,45.46,36.77,43.33,47.33,51.58,53.32,54.61,47.38,54.55,55.94,45.31,47.33,47.02,45.85,46.78,43.64,48.81,48.22
2019-01-17 10:20:00,28.6,33.55,36.85,37.24,50.32,53.75,52.34,55.09,39.09,52.31,52.46,42.2,56.21,46.57,31.02,45.46,36.77,43.33,47.33,51.58,53.32,54.61,47.38,54.55,55.94,45.31,47.33,47.02,45.85,46.78,43.64,48.81,48.22
2019-01-17 10:25:00,28.59,33.54,36.84,37.25,50.32,53.75,52.34,55.09,39.09,52.31,52.46,42.2,56.21,46.57,31.02,45.46,36.77,43.33,47.33,51.58,53.32,54.61,47.38,54.55,55.94,45.31,47.33,47.02,45.85,46.78,43.64,48.81,48.22
2019-01-17 10:30:00,28.58,33.53,36.83,37.25,50.32,53.75,52.34,55.09,39.09,52.31,52.46,42.2,56.21,46.57,31.02,45.46,36.77,43.33,47.33,51.58,53.32,54.61,47.38,54.55,55.94,45.31,47.33,47.02,45.85,46.78,43.64,48.81,48.22
2019-01-17 10:35:00,28.57,33.52,36.82,37.25,50.32,53.74,52.34,55.09,39.09,52.31,52.46,42.2,56.21,46.57,31.02,45.46,36.77,43.33,47.33,51.58,53.32,54.61,47.38,54.55,55.94,45.31,47.33,47.02,45.85,46.78,43.64,48.81,48.22
2019-01-17 10:40:00,28.56,33.51,36.81,37.25,50.32,53.74,52.34,55.09,39.09,52.31,52.46,42.2,56.21,46.57,31.02,45.46,36.77,43.33,47.33,51.58,53.32,54.61,47.38,54.55,55.94,45.31,47.33,47.02,45.85,46.78,43.64,48.81,48.23
2019-01-17 10:45:00,28.55,33.5,36.8,37.25,50.32,53.74,52.34,55.09,39.09,52.31,52.47,42.2,56.21,46.57,31.02,45.46,36.77,43.33,47.33,51.58,53.32,54.61,47.38,54.55,55.94,45.32,47.33,47.02,45.85,46.78,43.64,48.81,48.23
2019-01-17 10:50:00,28.54,33.49,36.79,37.25,50.32,53.75,52.35,55.09,39.09,52.31,52.47,42.2,56.21,46.57,31.02,45.46,36.77,43.33,47.33,51.58,53.32,54.61,47.38,54.55,55.94,45.32,47.33,47.02,45.85,46.78,43.64,48.81,48.23
2019-01-17 10:55:00,28.53,33.48,36.77,37.25,50.32,53.75,52.35,55.09,39.09,52.31,52.47,42.2,56.21,46.57,31.02,45.46,36.78,43.34,47.33,51.58,53.32,54.61,47.38,54.55,55.94,45.32,47.33,47.02,45.85,46.78,43.64,48.81,48.23
2019-01-17 11:00:00,28.52,33.47,36.76,37.25,50.32,53.75,52.35,55.09,39.08,52.31,52.47,42.2,56.21,46.57,31.02,45.46,36.78,43.34,47.33,51.58,53.32,54.61,47.38,54.55,55.94,45.32,47.33,47.02,45.85,46.78,43.64,48.81,48.23
2019-01-17 11:05:00,28.51,33.45,36.75,37.25,50.32,53.75,52.35,55.09,39.08,52.31,52.47,42.2,56.21,46.58,31.02,45.46,36.78,43.34,47.33,51.58,53.32,54.61,47.38,54.55,55.94,45.32,47.33,47.02,45.85,46.79,43.64,48.82,48.23
2019-01-17 11:10:00,28.49,33.44,36.74,37.25,50.32,53.75,52.35,55.09,39.08,52.31,52.47,42.2,56.21,46.58,31.02,45.46,36.78,43.34,47.33,51.58,53.32,54.61,47.38,54.55,55.94,45.32,47.33,47.02,45.85,46.79,43.64,48.82,48.23
2019-01-17 11:15:00,28.48,33.43,36.73,37.25,50.32,53.75,52.35,55.09,39.08,52.31,52.47,42.2,56.21,46.58,31.02,45.46,36.78,43.34,47.33,51.58,53.32,54.61,47.38,54.55,55.94,45.32,47.33,47.02,45.85,46.79,43.64,48.82,48.23
2019-01-17 11:20:00,28.47,33.42,36.72,37.25,50.32,53.75,52.35,55.09,39.08,52.31,52.47,42.2,56.21,46.58,31.02,45.46,36.78,43.34,47.33,51.58,53.33,54.61,47.38,54.55,55.94,45.32,47.33,47.02,45.85,46.79,43.64,48.82,48.23
2019-01-17 11:25:00,28.46,33.41,36.71,37.25,50.32,53.75,52.35,55.09,39.08,52.31,52.47,42.21,56.21,46.58,31.03,45.46,36.78,43.34,47.33,51.58,53.33,54.61,47.38,54.55,55.95,45.32,47.33,47.02,45.85,46.79,43.64,48.82,48.23
2019-01-17 11:30:00,28.45,33.4,36.7,37.25,50.32,53.75,52.35,55.1,39.08,52.32,52.47,42.21,56.22,46.58,31.03,45.46,36.78,43.34,47.33,51.58,53.33,54.61,47.39,54.55,55.95,45.32,47.34,47.02,45.85,46.79,43.64,48.82,48.23
2019-01-17 11:35:00,28.44,33.39,36.69,37.26,50.33,53.75,52.35,55.1,39.08,52.32,52.47,42.21,56.22,46.58,31.03,45.47,36.78,43.34,47.34,51.59,53.33,54.61,47.39,54.56,55.95,45.32,47.34,47.03,45.86,46.79,43.64,48.82,48.23
2019-01-17 11:40:00,28.43,33.38,36.68,37.26,50.33,53.75,52.36,55.1,39.08,52.32,52.48,42.21,56.22,46.58,31.03,45.47,36.79,43.35,47.34,51.59,53.33,54.61,47.39,54.56,55.95,45.33,47.34,47.03,45.86,46.79,43.64,48.82,48.23
2019-01-17 11:45:00,28.42,33.37,36.67,37.26,50.33,53.75,52.36,55.1,39.08,52.32,52.48,42.21,56.22,46.59,31.04,45.47,36.79,43.35,47.34,51.59,53.33,54.62,47.39,54.56,55.96,45.33,47.34,47.03,45.86,46.8,43.64,48.83,48.24
2019-01-17 11:50:00,28.41,33.36,36.66,37.26,50.33,53.75,52.36,55.11,39.08,52.33,52.48,42.21,56.22,46.59,31.04,45.48,36.79,43.35,47.34,51.59,53.33,54.62,47.4,54.56,55.96,45.33,47.35,47.03,45.86,46.8,43.64,48.83,48.24
2019-01-17 11:55:00,28.4,33.35,36.65,37.27,50.33,53.76,52.36,55.11,39.08,52.33,52.48,42.21,56.23,46.59,31.04,45.48,36.79,43.35,47.34,51.59,53.34,54.62,47.4,54.57,55.96,45.33,47.35,47.04,45.86,46.8,43.65,48.83,48.24
2019-01-17 12:00:00,28.39,33.34,36.64,37.27,50.33,53.76,52.37,55.11,39.08,52.33,52.49,42.22,56.23,46.6,31.04,45.48,36.8,43.36,47.34,51.59,53.34,54.62,47.4,54.57,55.96,45.33,47.35,47.04,45.87,46.8,43.65,48.83,48.24
2019-01-17 12:05:00,28.38,33.33,36.63,37.27,50.34,53.76,52.37,55.11,39.08,52.33,52.49,42.22,56.23,46.6,31.05,45.48,36.8,43.36,47.35,51.59,53.34,54.62,47.4,54.57,55.96,45.34,47.35,47.04,45.87,46.8,43.65,48.83,48.24
2019-01-17 12:10:00,28.37,33.32,36.62,37.27,50.34,53.76,52.37,55.11,39.08,52.33,52.49,42.22,56.23,46.6,31.05,45.48,36.8,43.36,47.35,51.59,53.34,54.62,47.4,54.57,55.97,45.34,47.35,47.04,45.87,46.81,43.65,48.84,48.24
2019-01-17 12:15:00,28.36,33.31,36.61,37.27,50.34,53.76,52.37,55.11,39.08,52.33,52.49,42.22,56.23,46.6,31.05,45.48,36.8,43.36,47.35,51.59,53.34,54.63,47.4,54.57,55.97,45.34,47.35,47.04,45.87,46.81,43.65,48.84,48.24
2019-01-17 12:20:00,28.35,33.3,36.6,37.28,50.34,53.76,52.37,55.12,39.08,52.34,52.49,42.22,56.23,46.6,31.05,45.48,36.8,43.36,47.35,51.59,53.34,54.63,47.41,54.57,55.97,45.34,47.36,47.04,45.87,46.81,43.65,48.84,48.24
2019-01-17 12:25:00,28.34,33.29,36.59,37.28,50.34,53.76,52.37,55.12,39.08,52.34,52.49,42.22,56.23,46.6,31.05,45.49,36.8,43.36,47.35,51.59,53.34,54.63,47.41,54.57,55.97,45.34,47.36,47.04,45.87,46.81,43.65,48.84,48.25
2019-01-17 12:30:00,28.33,33.28,36.58,37.28,50.34,53.76,52.38,55.12,39.08,52.34,52.49,42.22,56.23,46.6,31.05,45.49,36.81,43.37,47.35,51.59,53.34,54.63,47.41,54.57,55.97,45.34,47.36,47.05,45.87,46.81,43.65,48.84,48.25
2019-01-17 12:35:00,28.32,33.27,36.57,37.28,50.34,53.77,52.38,55.12,39.08,52.34,52.5,42.22,56.24,46.61,31.06,45.49,36.81,43.37,47.35,51.6,53.34,54.63,47.41,54.58,55.97,45.34,47.36,47.05,45.87,46.81,43.65,48.84,48.25
2019-01-17 12:40:00,28.31,33.26,36.56,37.28,50.34,53.77,52.38,55.12,39.08,52.35,52.5,42.22,56.24,46.61,31.06,45.49,36.81,43.37,47.35,51.6,53.35,54.63,47.41,54.58,55.98,45.35,47.36,47.05,45.88,46.81,43.65,48.85,48.25
2019-01-17 12:45:00,28.3,33.25,36.54,37.29,50.35,53.77,52.38,55.13,39.08,52.35,52.5,42.23,56.24,46.61,31.06,45.5,36.82,43.38,47.36,51.6,53.35,54.64,47.42,54.58,55.98,45.35,47.37,47.05,45.88,46.82,43.65,48.85,48.25
2019-01-17 12:50:00,28.29,33.24,36.53,37.29,50.35,53.77,52.39,55.13,39.08,52.35,52.51,42.23,56.24,46.62,31.07,45.5,36.82,43.38,47.36,51.6,53.35,54.64,47.42,54.58,55.98,45.35,47.37,47.06,45.88,46.82,43.65,48.85,48.25
2019-01-17 12:55:00,28.28,33.23,36.52,37.3,50.35,53.78,52.39,55.13,39.08,52.36,52.51,42.23,56.24,46.62,31.07,45.5,36.82,43.38,47.36,51.6,53.35,54.64,47.42,54.59,55.99,45.36,47.37,47.06,45.88,46.82,43.65,48.85,48.26
2019-01-17 13:00:00,28.27,33.22,36.51,37.3,50.35,53.78,52.39,55.14,39.08,52.36,52.51,42.23,56.25,46.62,31.07,45.51,36.82,43.38,47.36,51.6,53.35,54.64,47.43,54.59,55.99,45.36,47.38,47.06,45.88,46.82,43.66,48.86,48.26
2019-01-17 13:05:00,28.26,33.21,36.5,37.3,50.35,53.78,52.39,55.14,39.08,52.36,52.51,42.23,56.25,46.62,31.08,45.51,36.83,43.39,47.36,51.6,53.36,54.64,47.43,54.59,55.99,45.36,47.38,47.06,45.88,46.83,43.66,48.86,48.26
2019-01-17 13:10:00,28.25,33.2,36.49,37.3,50.35,53.78,52.4,55.14,39.08,52.36,52.51,42.23,56.25,46.63,31.08,45.51,36.83,43.39,47.36,51.6,53.36,54.65,47.43,54.59,55.99,45.36,47.38,47.06,45.89,46.83,43.66,48.86,48.26
2019-01-17 13:15:00,28.24,33.19,36.48,37.3,50.35,53.78,52.4,55.14,39.08,52.36,52.51,42.23,56.25,46.63,31.08,45.51,36.83,43.39,47.36,51.6,53.36,54.65,47.43,54.59,55.99,45.36,47.38,47.07,45.89,46.83,43.66,48.86,48.26
2019-01-17 13:20:00,28.23,33.18,36.47,37.31,50.36,53.78,52.4,55.14,39.09,52.37,52.52,42.24,56.25,46.63,31.08,45.51,36.83,43.39,47.37,51.61,53.36,54.65,47.43,54.6,56.0,45.36,47.38,47.07,45.89,46.83,43.66,48.86,48.26
2019-01-17 13:25:00,28.22,33.17,36.46,37.31,50.36,53.79,52.4,55.15,39.09,52.37,52.52,42.24,56.25,46.63,31.09,45.52,36.84,43.4,47.37,51.61,53.36,54.65,47.44,54.6,56.0,45.37,47.39,47.07,45.89,46.83,43.66,48.87,48.27
2019-01-17 13:30:00,28.21,33.16,36.45,37.31,50.36,53.79,52.41,55.15,39.09,52.38,52.52,42.24,56.26,46.64,31.09,45.52,36.84,43.4,47.37,51.61,53.37,54.66,47.44,54.6,56.01,45.37,47.39,47.07,45.89,46.84,43.66,48.87,48.27
2019-01-17 13:35:00,28.2,33.15,36.44,37.32,50.37,53.79,52.42,55.16,39.09,52.38,52.53,42.25,56.26,46.65,31.1,45.53,36.85,43.41,47.38,51.61,53.37,54.66,47.45,54.61,56.01,45.38,47.4,47.08,45.9,46.84,43.66,48.88,48.27
2019-01-17 13:40:00,28.19,33.14,36.43,37.33,50.37,53.8,52.43,55.17,39.09,52.39,52.54,42.25,56.27,46.65,31.11,45.54,36.86,43.42,47.38,51.62,53.38,54.67,47.46,54.62,56.02,45.39,47.41,47.09,45.91,46.85,43.67,48.88,48.28
2019-01-17 13:45:00,28.18,33.13,36.43,37.34,50.38,53.81,52.43,55.18,39.09,52.4,52.55,42.26,56.28,46.66,31.12,45.55,36.87,43.43,47.39,51.62,53.38,54.68,47.47,54.62,56.03,45.39,47.42,47.1,45.91,46.86,43.67,48.89,48.28
2019-01-17 13:50:00,28.17,33.12,36.42,37.35,50.38,53.81,52.44,55.19,39.09,52.41,52.55,42.26,56.28,46.67,31.13,45.55,36.88,43.44,47.39,51.62,53.39,54.68,47.47,54.63,56.04,45.4,47.43,47.1,45.92,46.87,43.67,48.9,48.29
2019-01-17 13:55:00,28.17,33.11,36.41,37.36,50.39,53.82,52.45,55.2,39.09,52.42,52.56,42.27,56.29,46.68,31.14,45.56,36.89,43.44,47.4,51.63,53.4,54.69,47.48,54.64,56.05,45.41,47.43,47.11,45.92,46.87,43.68,48.91,48.3
2019-01-17 14:00:00,28.16,33.1,36.4,37.37,50.39,53.83,52.46,55.2,39.09,52.43,52.57,42.27,56.3,46.69,31.15,45.57,36.89,43.45,47.4,51.63,53.4,54.7,47.49,54.65,56.06,45.42,47.44,47.12,45.93,46.88,43.68,48.91,48.3
2019-01-17 14:05:00,28.15,33.1,36.39,37.37,50.4,53.83,52.47,55.21,39.09,52.43,52.58,42.28,56.3,46.7,31.16,45.58,36.9,43.46,47.41,51.63,53.4,54.7,47.5,54.65,56.06,45.42,47.45,47.12,45.93,46.89,43.68,48.92,48.31
2019-01-17 14:10:00,28.14,33.09,36.38,37.38,50.4,53.83,52.47,55.21,39.09,52.44,52.58,42.28,56.3,46.7,31.16,45.58,36.91,43.46,47.41,51.64,53.41,54.7,47.5,54.66,56.07,45.43,47.45,47.13,45.94,46.89,43.68,48.92,48.31
2019-01-17 14:15:00,28.13,33.08,36.37,37.38,50.4,53.84,52.48,55.22,39.09,52.44,52.58,42.28,56.31,46.71,31.17,45.59,36.91,43.47,47.41,51.64,53.41,54.71,47.5,54.66,56.07,45.43,47.46,47.13,45.94,46.89,43.69,48.93,48.31
2019-01-17 14:20:00,28.12,33.07,36.36,37.39,50.4,53.84,52.48,55.22,39.09,52.45,52.59,42.28,56.31,46.71,31.17,45.59,36.91,43.47,47.41,51.64,53.41,54.71,47.51,54.66,56.08,45.43,47.46,47.14,45.94,46.9,43.69,48.93,48.31
2019-01-17 14:25:00,28.11,33.06,36.35,37.39,50.41,53.84,52.48,55.23,39.09,52.45,52.59,42.29,56.31,46.72,31.18,45.59,36.92,43.48,47.42,51.64,53.42,54.71,47.51,54.67,56.08,45.44,47.47,47.14,45.95,46.9,43.69,48.94,48.32
2019-01-17 14:30:00,28.1,33.05,36.35,37.4,50.41,53.85,52.49,55.23,39.09,52.46,52.6,42.29,56.32,46.72,31.18,45.6,36.93,43.48,47.42,51.64,53.42,54.72,47.52,54.67,56.09,45.44,47.47,47.15,45.95,46.91,43.69,48.94,48.32
2019-01-17 14:35:00,28.1,33.04,36.34,37.41,50.41,53.85,52.5,55.24,39.09,52.46,52.61,42.29,56.32,46.73,31.19,45.61,36.93,43.49,47.43,51.65,53.43,54.72,47.53,54.68,56.1,45.45,47.48,47.15,45.96,46.91,43.69,48.95,48.33
2019-01-17 14:40:00,28.09,33.04,36.33,37.42,50.42,53.86,52.51,55.25,39.09,52.47,52.61,42.3,56.33,46.74,31.2,45.62,36.94,43.5,47.43,51.65,53.43,54.73,47.54,54.68,56.11,45.46,47.49,47.16,45.96,46.92,43.7,48.96,48.33
2019-01-17 14:45:00,28.08,33.03,36.32,37.43,50.43,53.87,52.52,55.26,39.09,52.49,52.63,42.31,56.34,46.75,31.22,45.63,36.96,43.51,47.44,51.66,53.44,54.74,47.55,54.69,56.12,45.47,47.5,47.17,45.97,46.93,43.7,48.97,48.34
2019-01-17 14:50:00,28.08,33.02,36.31,37.44,50.44,53.87,52.53,55.27,39.09,52.5,52.64,42.32,56.35,46.77,31.23,45.64,36.97,43.53,47.45,51.66,53.45,54.75,47.56,54.71,56.13,45.48,47.51,47.18,45.98,46.94,43.71,48.98,48.35
2019-01-17 14:55:00,28.07,33.02,36.31,37.46,50.44,53.89,52.55,55.29,39.09,52.51,52.65,42.33,56.36,46.78,31.25,45.66,36.99,43.54,47.46,51.67,53.46,54.76,47.57,54.72,56.15,45.49,47.53,47.2,45.99,46.96,43.71,48.99,48.36
2019-01-17 15:00:00,28.06,33.01,36.3,37.47,50.45,53.9,52.56,55.3,39.09,52.53,52.66,42.33,56.37,46.8,31.26,45.67,37.0,43.56,47.47,51.67,53.47,54.77,47.59,54.73,56.16,45.5,47.54,47.21,46.0,46.97,43.72,49.0,48.37
2019-01-17 15:05:00,28.06,33.0,36.29,37.49,50.46,53.91,52.58,55.32,39.09,52.54,52.68,42.34,56.38,46.81,31.28,45.68,37.02,43.57,47.47,51.68,53.48,54.78,47.6,54.74,56.18,45.52,47.56,47.22,46.01,46.98,43.72,49.02,48.38
2019-01-17 15:10:00,28.05,33.0,36.29,37.5,50.47,53.91,52.59,55.33,39.09,52.56,52.69,42.35,56.39,46.82,31.29,45.7,37.03,43.59,47.48,51.69,53.49,54.8,47.61,54.75,56.19,45.53,47.57,47.23,46.02,46.99,43.73,49.03,48.39
2019-01-17 15:15:00,28.04,32.99,36.28,37.51,50.48,53.92,52.6,55.34,39.09,52.57,52.7,42.36,56.4,46.83,31.31,45.71,37.04,43.6,47.49,51.69,53.49,54.8,47.62,54.76,56.2,45.54,47.58,47.24,46.03,47.0,43.73,49.04,48.39
2019-01-17 15:20:00,28.04,32.98,36.27,37.52,50.48,53.93,52.61,55.35,39.09,52.58,52.71,42.36,56.41,46.84,31.32,45.72,37.05,43.61,47.5,51.69,53.5,54.81,47.63,54.77,56.21,45.55,47.59,47.25,46.04,47.01,43.74,49.04,48.4
2019-01-17 15:25:00,28.03,32.97,36.26,37.53,50.49,53.93,52.62,55.36,39.09,52.59,52.71,42.37,56.41,46.85,31.33,45.72,37.06,43.61,47.5,51.7,53.51,54.82,47.64,54.78,56.22,45.55,47.6,47.26,46.04,47.01,43.74,49.05,48.41
2019-01-17 15:30:00,28.02,32.97,36.25,37.54,50.49,53.94,52.62,55.36,39.09,52.59,52.72,42.37,56.42,46.86,31.33,45.73,37.06,43.62,47.5,51.7,53.51,54.82,47.65,54.78,56.22,45.56,47.6,47.26,46.04,47.02,43.74,49.05,48.41
2019-01-17 15:35:00,28.01,32.96,36.25,37.54,50.49,53.94,52.63,55.37,39.09,52.6,52.72,42.37,56.42,46.86,31.33,45.73,37.07,43.62,47.51,51.7,53.51,54.83,47.65,54.78,56.23,45.56,47.6,47.26,46.05,47.02,43.74,49.06,48.41
2019-01-17 15:40:00,28.0,32.95,36.24,37.54,50.49,53.94,52.63,55.37,39.09,52.6,52.72,42.37,56.42,46.86,31.34,45.74,37.07,43.63,47.51,51.7,53.51,54.83,47.65,54.79,56.23,45.56,47.61,47.27,46.05,47.02,43.74,49.06,48.41
2019-01-17 15:45:00,27.99,32.94,36.23,37.54,50.5,53.95,52.63,55.37,39.09,52.6,52.72,42.37,56.42,46.86,31.34,45.74,37.07,43.63,47.51,51.7,53.51,54.83,47.65,54.79,56.23,45.56,47.61,47.27,46.05,47.02,43.74,49.06,48.41
2019-01-17 15:50:00,27.98,32.93,36.22,37.55,50.5,53.95,52.63,55.37,39.09,52.6,52.73,42.37,56.42,46.87,31.34,45.74,37.07,43.63,47.51,51.7,53.52,54.83,47.65,54.79,56.23,45.56,47.61,47.27,46.05,47.02,43.74,49.06,48.41
2019-01-17 15:55:00,27.98,32.92,36.21,37.55,50.5,53.95,52.63,55.37,39.09,52.6,52.73,42.37,56.43,46.87,31.34,45.74,37.07,43.63,47.51,51.71,53.52,54.83,47.65,54.79,56.23,45.56,47.61,47.27,46.05,47.02,43.74,49.06,48.41
2019-01-17 16:00:00,27.97,32.91,36.2,37.55,50.5,53.95,52.63,55.37,39.09,52.6,52.73,42.37,56.43,46.87,31.34,45.74,37.07,43.63,47.51,51.71,53.52,54.83,47.66,54.79,56.23,45.57,47.61,47.27,46.05,47.03,43.74,49.06,48.41
2019-01-17 16:05:00,27.96,32.9,36.19,37.55,50.5,53.95,52.63,55.37,39.09,52.6,52.73,42.37,56.43,46.87,31.34,45.74,37.07,43.63,47.51,51.71,53.52,54.83,47.66,54.79,56.23,45.57,47.61,47.27,46.05,47.03,43.74,49.06,48.41
2019-01-17 16:10:00,27.95,32.89,36.18,37.55,50.5,53.95,52.63,55.37,39.09,52.6,52.73,42.37,56.43,46.87,31.34,45.74,37.07,43.63,47.51,51.71,53.52,54.83,47.66,54.79,56.23,45.57,47.61,47.27,46.05,47.03,43.74,49.06,48.41
2019-01-17 16:15:00,27.94,32.88,36.17,37.55,50.5,53.95,52.63,55.37,39.09,52.6,52.73,42.37,56.43,46.87,31.34,45.74,37.07,43.63,47.51,51.71,53.52,54.83,47.66,54.79,56.23,45.57,47.61,47.27,46.05,47.02,43.74,49.06,48.41
2019-01-17 16:20:00,27.93,32.88,36.16,37.55,50.5,53.95,52.63,55.37,39.09,52.6,52.72,42.37,56.43,46.87,31.34,45.74,37.07,43.63,47.51,51.7,53.52,54.83,47.65,54.79,56.23,45.56,47.61,47.27,46.05,47.02,43.74,49.06,48.41
2019-01-17 16:25:00,27.92,32.87,36.16,37.55,50.5,53.95,52.63,55.37,39.09,52.6,52.72,42.37,56.42,46.87,31.34,45.74,37.07,43.63,47.51,51.7,53.52,54.83,47.65,54.79,56.23,45.56,47.61,47.27,46.05,47.02,43.74,49.06,48.41
2019-01-17 16:30:00,27.91,32.86,36.15,37.54,50.5,53.95,52.63,55.37,39.09,52.6,52.72,42.37,56.42,46.86,31.34,45.74,37.07,43.63,47.51,51.7,53.51,54.83,47.65,54.79,56.23,45.56,47.61,47.26,46.05,47.02,43.74,49.06,48.41
2019-01-17 16:35:00,27.9,32.85,36.14,37.54,50.49,53.94,52.63,55.37,39.09,52.6,52.72,42.37,56.42,46.86,31.34,45.73,37.07,43.62,47.51,51.7,53.51,54.83,47.65,54.79,56.23,45.56,47.6,47.26,46.05,47.02,43.74,49.06,48.41
2019-01-17 16:40:00,27.89,32.84,36.13,37.54,50.49,53.94,52.63,55.37,39.09,52.6,52.72,42.37,56.42,46.86,31.33,45.73,37.06,43.62,47.51,51.7,53.51,54.83,47.65,54.78,56.22,45.56,47.6,47.26,46.04,47.02,43.74,49.05,48.41
2019-01-17 16:45:00,27.88,32.83,36.12,37.54,50.49,53.94,52.62,55.36,39.09,52.59,52.71,42.37,56.42,46.86,31.33,45.73,37.06,43.62,47.5,51.7,53.51,54.82,47.64,54.78,56.22,45.55,47.6,47.26,46.04,47.01,43.74,49.05,48.41
2019-01-17 16:50:00,27.87,32.82,36.11,37.53,50.49,53.94,52.62,55.36,39.09,52.59,52.71,42.36,56.41,46.85,31.32,45.72,37.06,43.61,47.5,51.7,53.51,54.82,47.64,54.78,56.22,45.55,47.59,47.25,46.04,47.01,43.74,49.05,48.4
2019-01-17 16:55:00,27.86,32.81,36.1,37.53,50.49,53.94,52.62,55.36,39.09,52.59,52.71,42.36,56.41,46.85,31.32,45.72,37.05,43.61,47.5,51.7,53.51,54.82,47.64,54.78,56.21,45.55,47.59,47.25,46.04,47.01,43.74,49.05,48.4
2019-01-17 17:00:00,27.85,32.8,36.09,37.52,50.48,53.93,52.61,55.35,39.09,52.58,52.7,42.36,56.41,46.84,31.32,45.72,37.05,43.61,47.5,51.7,53.5,54.82,47.63,54.77,56.21,45.55,47.59,47.25,46.03,47.0,43.74,49.04,48.4
2019-01-17 17:05:00,27.84,32.79,36.08,37.52,50.48,53.93,52.61,55.35,39.09,52.58,52.7,42.36,56.41,46.84,31.31,45.71,37.05,43.6,47.5,51.69,53.5,54.81,47.63,54.77,56.21,45.54,47.58,47.24,46.03,47.0,43.73,49.04,48.4
2019-01-17 17:10:00,27.83,32.78,36.07,37.52,50.48,53.93,52.6,55.34,39.09,52.58,52.7,42.36,56.4,46.84,31.31,45.71,37.04,43.6,47.49,51.69,53.5,54.81,47.63,54.77,56.2,45.54,47.58,47.24,46.03,47.0,43.73,49.04,48.39
2019-01-17 17:15:00,27.82,32.77,36.06,37.51,50.48,53.93,52.6,55.34,39.09,52.57,52.69,42.35,56.4,46.83,31.3,45.71,37.04,43.6,47.49,51.69,53.49,54.81,47.62,54.76,56.2,45.54,47.58,47.24,46.03,46.99,43.73,49.03,48.39
2019-01-17 17:20:00,27.81,32.76,36.05,37.51,50.48,53.92,52.6,55.34,39.09,52.57,52.69,42.35,56.4,46.83,31.3,45.7,37.03,43.59,47.49,51.69,53.49,54.8,47.62,54.76,56.2,45.53,47.57,47.23,46.02,46.99,43.73,49.03,48.39
2019-01-17 17:25:00,27.8,32.75,36.04,37.5,50.47,53.92,52.59,55.33,39.09,52.56,52.69,42.35,56.4,46.83,31.3,45.7,37.03,43.59,47.49,51.69,53.49,54.8,47.62,54.76,56.19,45.53,47.57,47.23,46.02,46.99,43.73,49.03,48.39
2019-01-17 17:30:00,27.79,32.74,36.03,37.5,50.47,53.92,52.59,55.33,39.09,52.56,52.68,42.35,56.39,46.82,31.29,45.7,37.03,43.59,47.48,51.69,53.49,54.8,47.61,54.76,56.19,45.53,47.57,47.23,46.02,46.99,43.73,49.02,48.38
2019-01-17 17:35:00,27.78,32.73,36.02,37.5,50.47,53.92,52.59,55.33,39.09,52.56,52.68,42.35,56.39,46.82,31.29,45.69,37.03,43.58,47.48,51.69,53.49,54.8,47.61,54.75,56.19,45.52,47.56,47.23,46.02,46.98,43.73,49.02,48.38
2019-01-17 17:40:00,27.77,32.72,36.01,37.5,50.47,53.92,52.58,55.33,39.09,52.56,52.68,42.34,56.39,46.82,31.29,45.69,37.02,43.58,47.48,51.68,53.48,54.8,47.61,54.75,56.18,45.52,47.56,47.22,46.01,46.98,43.73,49.02,48.38
2019-01-17 17:45:00,27.76,32.71,36.0,37.49,50.47,53.91,52.58,55.32,39.09,52.55,52.68,42.34,56.39,46.81,31.28,45.69,37.02,43.58,47.48,51.68,53.48,54.79,47.61,54.75,56.18,45.52,47.56,47.22,46.01,46.98,43.72,49.02,48.38
2019-01-17 17:50:00,27.75,32.7,35.99,37.49,50.47,53.91,52.58,55.32,39.09,52.55,52.68,42.34,56.39,46.81,31.28,45.69,37.02,43.57,47.48,51.68,53.48,54.79,47.6,54.75,56.18,45.52,47.56,47.22,46.01,46.98,43.72,49.01,48.38
2019-01-17 17:55:00,27.74,32.69,35.98,37.49,50.46,53.91,52.58,55.32,39.09,52.55,52.67,42.34,56.38,46.81,31.28,45.68,37.01,43.57,47.48,51.68,53.48,54.79,47.6,54.74,56.18,45.52,47.55,47.22,46.01,46.98,43.72,49.01,48.38
2019-01-17 18:00:00,27.73,32.68,35.97,37.48,50.46,53.91,52.57,55.31,39.09,52.55,52.67,42.34,56.38,46.81,31.27,45.68,37.01,43.57,47.47,51.68,53.48,54.79,47.6,54.74,56.17,45.51,47.55,47.21,46.01,46.97,43.72,49.01,48.37
2019-01-17 18:05:00,27.72,32.67,35.96,37.48,50.46,53.91,52.57,55.31,39.09,52.54,52.67,42.34,56.38,46.8,31.27,45.68,37.01,43.56,47.47,51.68,53.48,54.78,47.59,54.74,56.17,45.51,47.55,47.21,46.0,46.97,43.72,49.01,48.37
2019-01-17 18:10:00,27.72,32.66,35.95,36.59,50.22,53.63,52.02,54.79,39.09,52.0,52.34,42.13,56.04,46.2,30.47,45.08,36.22,42.96,47.23,51.49,53.2,54.46,47.06,54.36,55.61,45.06,47.11,46.88,45.77,46.68,43.6,48.72,48.16
2019-01-17 18:15:00,27.72,32.67,35.96,36.59,50.21,53.63,52.02,54.79,39.09,51.99,52.34,42.12,56.04,46.2,30.47,45.07,36.22,42.95,47.23,51.49,53.19,54.45,47.06,54.35,55.61,45.06,47.1,46.87,45.77,46.68,43.6,48.71,48.15
2019-01-17 18:20:00,27.73,32.68,35.97,36.58,50.21,53.62,52.01,54.78,39.09,51.99,52.34,42.12,56.03,46.19,30.46,45.07,36.21,42.95,47.23,51.49,53.19,54.45,47.05,54.35,55.6,45.06,47.1,46.87,45.76,46.68,43.59,48.71,48.15
2019-01-17 18:25:00,27.74,32.69,35.98,36.57,50.21,53.62,52.01,54.77,39.09,51.98,52.33,42.12,56.03,46.18,30.45,45.06,36.21,42.94,47.22,51.48,53.19,54.44,47.05,54.35,55.6,45.05,47.09,46.86,45.76,46.67,43.59,48.7,48.15
2019-01-17 18:30:00,27.75,32.69,35.99,36.57,50.2,53.61,52.0,54.77,39.09,51.97,52.33,42.11,56.03,46.18,30.45,45.05,36.2,42.93,47.22,51.48,53.18,54.44,47.04,54.34,55.59,45.05,47.09,46.86,45.76,46.67,43.59,48.7,48.14
2019-01-17 18:35:00,27.75,32.7,35.99,36.56,50.2,53.61,51.99,54.76,39.09,51.97,52.32,42.11,56.02,46.17,30.44,45.05,36.19,42.93,47.21,51.48,53.18,54.43,47.04,54.34,55.58,45.04,47.08,46.85,45.75,46.66,43.59,48.69,48.14
2019-01-17 18:40:00,27.76,32.71,36.0,36.55,50.2,53.61,51.99,54.76,39.09,51.96,52.31,42.11,56.02,46.17,30.43,45.04,36.19,42.92,47.21,51.48,53.18,54.43,47.03,54.33,55.58,45.04,47.07,46.85,45.75,46.66,43.59,48.69,48.13
2019-01-17 18:45:00,27.77,32.72,36.01,36.55,50.2,53.6,51.98,54.75,39.09,51.96,52.31,42.1,56.01,46.16,30.43,45.04,36.18,42.92,47.21,51.48,53.17,54.43,47.03,54.33,55.57,45.03,47.07,46.84,45.74,46.65,43.58,48.68,48.13
2019-01-17 18:50:00,27.78,32.72,36.02,36.54,50.19,53.6,51.98,54.75,39.09,51.95,52.31,42.1,56.01,46.16,30.42,45.03,36.18,42.91,47.21,51.47,53.17,54.42,47.02,54.32,55.57,45.03,47.07,46.84,45.74,46.65,43.58,48.68,48.13
2019-01-17 18:55:00,27.78,32.73,36.02,36.54,50.19,53.6,51.98,54.74,39.09,51.95,52.3,42.1,56.01,46.15,30.42,45.03,36.17,42.91,47.2,51.47,53.17,54.42,47.02,54.32,55.56,45.02,47.06,46.84,45.74,46.65,43.58,48.68,48.13
2019-01-17 19:00:00,27.79,32.74,36.03,36.54,50.19,53.6,51.97,54.74,39.09,51.95,52.3,42.1,56.01,46.15,30.42,45.03,36.17,42.91,47.2,51.47,53.17,54.42,47.02,54.32,55.56,45.02,47.06,46.84,45.74,46.64,43.58,48.68,48.12
2019-01-17 19:05:00,27.8,32.75,36.04,36.54,50.19,53.6,51.97,54.74,39.09,51.95,52.3,42.1,56.01,46.15,30.42,45.03,36.17,42.91,47.2,51.47,53.17,54.42,47.02,54.32,55.56,45.02,47.06,46.84,45.74,46.64,43.58,48.67,48.12
2019-01-17 19:10:00,27.81,32.76,36.05,36.54,50.19,53.6,51.97,54.74,39.09,51.95,52.3,42.1,56.01,46.15,30.42,45.03,36.17,42.91,47.2,51.47,53.17,54.42,47.02,54.32,55.56,45.02,47.06,46.84,45.74,46.64,43.58,48.68,48.12
2019-01-17 19:15:00,27.82,32.76,36.06,36.54,50.19,53.6,51.98,54.74,39.09,51.95,52.3,42.1,56.01,46.15,30.42,45.03,36.17,42.91,47.2,51.47,53.17,54.42,47.02,54.32,55.56,45.02,47.06,46.84,45.74,46.65,43.58,48.68,48.13
2019-01-17 19:20:00,27.83,32.77,36.07,36.54,50.19,53.6,51.98,54.74,39.09,51.95,52.3,42.1,56.01,46.15,30.42,45.03,36.17,42.91,47.2,51.47,53.17,54.42,47.02,54.32,55.56,45.02,47.06,46.84,45.74,46.65,43.58,48.68,48.13
2019-01-17 19:25:00,27.83,32.78,36.07,36.54,50.19,53.6,51.98,54.74,39.09,51.95,52.3,42.1,56.01,46.15,30.42,45.03,36.17,42.91,47.2,51.47,53.17,54.42,47.02,54.32,55.56,45.02,47.06,46.84,45.74,46.65,43.58,48.68,48.13
2019-01-17 19:30:00,27.84,32.79,36.08,36.54,50.19,53.6,51.97,54.74,39.09,51.95,52.3,42.1,56.01,46.15,30.42,45.03,36.17,42.91,47.2,51.47,53.17,54.42,47.02,54.32,55.56,45.02,47.06,46.84,45.74,46.64,43.58,48.67,48.12
2019-01-17 19:35:00,27.85,32.8,36.09,36.53,50.19,53.6,51.97,54.74,39.09,51.95,52.3,42.1,56.01,46.15,30.41,45.03,36.17,42.9,47.2,51.47,53.17,54.42,47.01,54.32,55.56,45.02,47.06,46.83,45.74,46.64,43.58,48.67,48.12
2019-01-17 19:40:00,27.86,32.81,36.1,36.53,50.19,53.6,51.97,54.74,39.09,51.95,52.3,42.1,56.0,46.15,30.41,45.02,36.17,42.9,47.2,51.47,53.17,54.42,47.01,54.32,55.56,45.02,47.06,46.83,45.73,46.64,43.58,48.67,48.12
2019-01-17 19:45:00,27.87,32.81,36.11,36.53,50.19,53.59,51.97,54.74,39.09,51.94,52.29,42.09,56.0,46.14,30.41,45.02,36.16,42.9,47.2,51.47,53.16,54.42,47.01,54.31,55.55,45.02,47.05,46.83,45.73,46.64,43.58,48.67,48.12
2019-01-17 19:50:00,27.87,32.82,36.11,36.53,50.19,53.59,51.96,54.73,39.09,51.94,52.29,42.09,56.0,46.14,30.4,45.02,36.16,42.9,47.2,51.47,53.16,54.41,47.01,54.31,55.55,45.01,47.05,46.83,45.73,46.64,43.58,48.67,48.12
2019-01-17 19:55:00,27.88,32.83,36.12,36.52,50.18,53.59,51.96,54.73,39.09,51.94,52.29,42.09,56.0,46.14,30.4,45.02,36.16,42.9,47.2,51.47,53.16,54.41,47.01,54.31,55.55,45.01,47.05,46.83,45.73,46.64,43.58,48.67,48.12
2019-01-17 20:00:00,27.89,32.84,36.13,36.53,50.19,53.59,51.96,54.73,39.09,51.94,52.29,42.09,56.0,46.14,30.4,45.02,36.16,42.9,47.2,51.47,53.16,54.42,47.01,54.31,55.55,45.01,47.05,46.83,45.73,46.64,43.58,48.67,48.12
2019-01-17 20:05:00,27.9,32.85,36.14,36.53,50.19,53.6,51.97,54.74,39.09,51.94,52.3,42.09,56.0,46.14,30.41,45.02,36.16,42.9,47.2,51.47,53.16,54.42,47.01,54.32,55.56,45.02,47.05,46.83,45.73,46.64,43.58,48.67,48.12
2019-01-17 20:10:00,27.91,32.85,36.15,36.53,50.19,53.6,51.97,54.74,39.09,51.95,52.3,42.1,56.01,46.15,30.41,45.02,36.17,42.9,47.2,51.47,53.17,54.42,47.01,54.32,55.56,45.02,47.06,46.83,45.74,46.64,43.58,48.67,48.12
2019-01-17 20:15:00,27.92,32.86,36.16,36.54,50.19,53.6,51.98,54.75,39.09,51.95,52.3,42.1,56.01,46.15,30.42,45.03,36.17,42.91,47.21,51.47,53.17,54.42,47.02,54.32,55.57,45.02,47.06,46.84,45.74,46.64,43.58,48.68,48.13
2019-01-17 20:20:00,27.92,32.87,36.17,36.54,50.2,53.61,51.98,54.75,39.09,51.96,52.31,42.1,56.01,46.16,30.42,45.03,36.18,42.91,47.21,51.47,53.17,54.43,47.02,54.33,55.57,45.03,47.07,46.84,45.74,46.65,43.58,48.68,48.13
2019-01-17 20:25:00,27.93,32.88,36.17,36.55,50.2,53.61,51.98,54.75,39.09,51.96,52.31,42.1,56.01,46.16,30.42,45.03,36.18,42.91,47.21,51.48,53.17,54.43,47.02,54.33,55.57,45.03,47.07,46.84,45.74,46.65,43.58,48.68,48.13
2019-01-17 20:30:00,27.94,32.89,36.18,36.54,50.2,53.61,51.98,54.75,39.09,51.96,52.31,42.1,56.01,46.16,30.42,45.03,36.18,42.91,47.21,51.47,53.17,54.43,47.02,54.33,55.57,45.03,47.07,46.84,45.74,46.65,43.58,48.68,48.13
2019-01-17 20:35:00,27.95,32.9,36.19,36.54,50.19,53.6,51.98,54.75,39.09,51.96,52.3,42.1,56.01,46.15,30.42,45.03,36.17,42.91,47.21,51.47,53.17,54.43,47.02,54.32,55.57,45.02,47.06,46.84,45.74,46.64,43.58,48.68,48.13
2019-01-17 20:40:00,27.96,32.9,36.2,36.53,50.19,53.6,51.97,54.74,39.09,51.95,52.3,42.1,56.01,46.15,30.41,45.02,36.17,42.9,47.2,51.47,53.17,54.42,47.01,54.32,55.56,45.02,47.06,46.83,45.73,46.64,43.58,48.67,48.12
2019-01-17 20:45:00,27.96,32.91,36.2,36.52,50.19,53.59,51.96,54.73,39.09,51.94,52.29,42.09,56.0,46.14,30.4,45.02,36.16,42.89,47.2,51.47,53.16,54.42,47.01,54.31,55.55,45.01,47.05,46.83,45.73,46.63,43.58,48.66,48.12
2019-01-17 20:50:00,27.97,32.92,36.21,36.52,50.18,53.59,51.96,54.72,39.09,51.93,52.28,42.09,55.99,46.13,30.39,45.01,36.15,42.89,47.19,51.46,53.16,54.41,47.0,54.31,55.54,45.01,47.04,46.82,45.72,46.63,43.57,48.66,48.11
2019-01-17 20:55:00,27.98,32.92,36.22,36.51,50.18,53.58,51.95,54.72,39.09,51.93,52.28,42.08,55.99,46.13,30.39,45.0,36.14,42.88,47.19,51.46,53.15,54.4,46.99,54.3,55.54,45.0,47.03,46.81,45.72,46.62,43.57,48.65,48.11
2019-01-17 21:00:00,27.98,32.93,36.23,36.5,50.18,53.58,51.94,54.71,39.09,51.92,52.27,42.08,55.99,46.12,30.38,45.0,36.14,42.88,47.19,51.46,53.15,54.4,46.99,54.3,55.53,45.0,47.03,46.81,45.72,46.62,43.57,48.65,48.1
2019-01-17 21:05:00,27.99,32.94,36.23,36.5,50.17,53.58,51.94,54.71,39.09,51.92,52.27,42.08,55.99,46.12,30.38,45.0,36.14,42.87,47.19,51.46,53.15,54.4,46.99,54.3,55.53,45.0,47.03,46.81,45.72,46.62,43.57,48.65,48.1
2019-01-17 21:10:00,28.0,32.95,36.24,36.51,50.18,53.58,51.95,54.72,39.09,51.93,52.28,42.08,55.99,46.12,30.38,45.0,36.14,42.88,47.19,51.46,53.15,54.4,46.99,54.3,55.53,45.0,47.03,46.81,45.72,46.62,43.57,48.65,48.11
2019-01-17 21:15:00,28.01,32.96,36.25,36.51,50.18,53.59,51.95,54.72,39.09,51.93,52.28,42.08,55.99,46.13,30.39,45.0,36.15,42.88,47.19,51.46,53.16,54.41,46.99,54.3,55.54,45.0,47.04,46.82,45.72,46.62,43.57,48.65,48.11
2019-01-17 21:20:00,28.02,32.97,36.26,36.52,50.18,53.59,51.96,54.73,39.09,51.94,52.29,42.09,56.0,46.14,30.4,45.01,36.15,42.89,47.2,51.47,53.16,54.41,47.0,54.31,55.55,45.01,47.04,46.82,45.73,46.63,43.57,48.66,48.11
2019-01-17 21:25:00,28.03,32.98,36.27,36.53,50.19,53.6,51.97,54.74,39.09,51.95,52.29,42.09,56.01,46.15,30.41,45.02,36.17,42.9,47.2,51.47,53.17,54.42,47.01,54.32,55.56,45.02,47.05,46.83,45.73,46.64,43.58,48.67,48.12
2019-01-17 21:30:00,28.04,32.99,36.28,36.54,50.2,53.61,51.98,54.75,39.09,51.96,52.3,42.1,56.01,46.16,30.42,45.03,36.18,42.91,47.21,51.48,53.17,54.43,47.02,54.33,55.57,45.03,47.06,46.84,45.74,46.65,43.58,48.68,48.13
2019-01-17 21:35:00,28.05,33.0,36.29,36.56,50.2,53.62,52.0,54.76,39.09,51.98,52.32,42.11,56.02,46.17,30.44,45.05,36.19,42.93,47.22,51.48,53.18,54.44,47.04,54.34,55.58,45.04,47.08,46.85,45.75,46.66,43.59,48.69,48.13
2019-01-17 21:40:00,28.06,33.01,36.3,36.58,50.21,53.63,52.01,54.78,39.09,51.99,52.33,42.12,56.04,46.19,30.46,45.06,36.21,42.94,47.23,51.49,53.19,54.45,47.05,54.35,55.6,45.05,47.09,46.86,45.76,46.67,43.59,48.7,48.14
2019-01-17 21:45:00,28.07,33.02,36.31,36.6,50.23,53.64,52.03,54.8,39.09,52.01,52.35,42.13,56.05,46.21,30.48,45.08,36.23,42.96,47.24,51.5,53.21,54.47,47.07,54.37,55.62,45.07,47.11,46.88,45.77,46.68,43.6,48.72,48.16
2019-01-17 21:50:00,28.08,33.03,36.32,36.62,50.24,53.66,52.05,54.82,39.09,52.03,52.36,42.14,56.07,46.23,30.5,45.1,36.26,42.99,47.25,51.5,53.22,54.48,47.09,54.39,55.64,45.09,47.13,46.9,45.79,46.7,43.61,48.73,48.17
2019-01-17 21:55:00,28.1,33.04,36.33,36.65,50.25,53.67,52.08,54.84,39.09,52.06,52.38,42.15,56.08,46.26,30.53,45.13,36.28,43.01,47.27,51.51,53.24,54.5,47.11,54.41,55.67,45.11,47.15,46.92,45.8,46.72,43.61,48.75,48.18
2019-01-17 22:00:00,28.11,33.05,36.35,36.68,50.27,53.69,52.1,54.87,39.09,52.08,52.41,42.17,56.1,46.28,30.56,45.15,36.31,43.04,47.28,51.52,53.25,54.52,47.14,54.43,55.69,45.13,47.18,46.94,45.82,46.74,43.62,48.77,48.2
2019-01-17 22:05:00,28.12,33.07,36.36,36.7,50.28,53.71,52.13,54.89,39.09,52.11,52.43,42.18,56.12,46.31,30.59,45.18,36.34,43.07,47.3,51.54,53.27,54.54,47.16,54.45,55.72,45.15,47.2,46.96,45.83,46.76,43.63,48.8,48.22
2019-01-17 22:10:00,28.14,33.08,36.37,36.73,50.29,53.72,52.15,54.92,39.09,52.13,52.45,42.2,56.14,46.33,30.62,45.2,36.36,43.09,47.31,51.54,53.28,54.56,47.19,54.47,55.74,45.17,47.23,46.98,45.85,46.78,43.64,48.81,48.23
2019-01-17 22:15:00,28.15,33.09,36.38,36.75,50.31,53.73,52.17,54.94,39.09,52.15,52.47,42.21,56.15,46.36,30.64,45.22,36.39,43.11,47.32,51.55,53.3,54.57,47.21,54.48,55.76,45.19,47.25,47.0,45.86,46.8,43.65,48.83,48.24
2019-01-17 22:20:00,28.16,33.11,36.39,36.77,50.32,53.75,52.19,54.95,39.09,52.17,52.48,42.22,56.16,46.37,30.66,45.24,36.41,43.13,47.33,51.56,53.31,54.58,47.22,54.5,55.78,45.21,47.26,47.01,45.88,46.81,43.65,48.85,48.25
2019-01-17 22:25:00,28.17,33.12,36.41,36.79,50.32,53.75,52.2,54.97,39.09,52.18,52.49,42.22,56.17,46.39,30.68,45.25,36.42,43.14,47.34,51.57,53.32,54.59,47.23,54.51,55.8,45.22,47.28,47.02,45.88,46.82,43.66,48.86,48.26
2019-01-17 22:30:00,28.18,33.13,36.42,36.8,50.33,53.76,52.21,54.98,39.09,52.19,52.5,42.23,56.18,46.4,30.69,45.26,36.43,43.15,47.34,51.57,53.32,54.6,47.24,54.52,55.8,45.23,47.28,47.03,45.89,46.83,43.66,48.86,48.27
2019-01-17 22:35:00,28.2,33.14,36.43,36.81,50.33,53.76,52.22,54.98,39.09,52.2,52.51,42.23,56.18,46.4,30.7,45.27,36.44,43.16,47.35,51.57,53.33,54.61,47.25,54.52,55.81,45.23,47.29,47.04,45.9,46.83,43.66,48.87,48.27
2019-01-17 22:40:00,28.21,33.15,36.44,36.81,50.34,53.77,52.23,54.99,39.09,52.21,52.51,42.24,56.19,46.41,30.7,45.28,36.45,43.17,47.35,51.57,53.33,54.61,47.26,54.53,55.82,45.24,47.3,47.04,45.9,46.84,43.67,48.88,48.28
2019-01-17 22:45:00,28.22,33.16,36.45,36.82,50.34,53.77,52.23,55.0,39.09,52.21,52.52,42.24,56.19,46.42,30.71,45.28,36.45,43.17,47.36,51.58,53.33,54.61,47.26,54.53,55.82,45.24,47.3,47.05,45.9,46.84,43.67,48.88,48.28
2019-01-17 22:50:00,28.23,33.17,36.46,36.83,50.35,53.78,52.24,55.0,39.09,52.22,52.53,42.25,56.2,46.43,30.72,45.29,36.46,43.18,47.36,51.58,53.34,54.62,47.27,54.54,55.83,45.25,47.31,47.05,45.91,46.85,43.67,48.89,48.29
2019-01-17 22:55:00,28.24,33.19,36.47,36.84,50.35,53.79,52.25,55.02,39.09,52.23,52.54,42.25,56.21,46.44,30.74,45.3,36.48,43.2,47.37,51.59,53.35,54.63,47.28,54.55,55.85,45.26,47.32,47.06,45.92,46.86,43.67,48.9,48.29
2019-01-17 23:00:00,28.25,33.2,36.48,36.86,50.36,53.8,52.27,55.03,39.09,52.25,52.55,42.26,56.22,46.45,30.75,45.32,36.49,43.21,47.38,51.59,53.36,54.64,47.3,54.56,55.86,45.27,47.34,47.07,45.93,46.87,43.68,48.91,48.3
2019-01-17 23:05:00,28.27,33.21,36.5,36.88,50.37,53.81,52.28,55.05,39.09,52.26,52.56,42.27,56.23,46.47,30.77,45.33,36.51,43.23,47.39,51.6,53.37,54.65,47.31,54.57,55.88,45.29,47.35,47.09,45.94,46.88,43.69,48.92,48.31
2019-01-17 23:10:00,28.28,33.22,36.51,36.9,50.38,53.82,52.3,55.06,39.09,52.28,52.58,42.28,56.24,46.49,30.79,45.35,36.53,43.25,47.4,51.61,53.38,54.67,47.33,54.59,55.9,45.3,47.37,47.1,45.95,46.9,43.69,48.94,48.32
2019-01-17 23:15:00,28.29,33.24,36.52,36.92,50.39,53.83,52.32,55.08,39.09,52.3,52.59,42.29,56.26,46.51,30.81,45.37,36.55,43.27,47.41,51.61,53.39,54.68,47.35,54.6,55.91,45.32,47.39,47.12,45.96,46.91,43.7,48.95,48.33
2019-01-17 23:20:00,28.31,33.25,36.53,36.94,50.4,53.84,52.34,55.1,39.09,52.32,52.61,42.3,56.27,46.53,30.84,45.39,36.57,43.29,47.42,51.62,53.4,54.69,47.36,54.62,55.93,45.33,47.41,47.13,45.97,46.93,43.7,48.97,48.34
2019-01-17 23:25:00,28.32,33.26,36.55,36.96,50.41,53.85,52.36,55.12,39.09,52.34,52.62,42.31,56.28,46.54,30.86,45.41,36.59,43.3,47.43,51.63,53.41,54.71,47.38,54.63,55.95,45.35,47.42,47.15,45.98,46.94,43.71,48.98,48.36
2019-01-17 23:30:00,28.33,33.28,36.56,36.98,50.42,53.87,52.37,55.13,39.09,52.35,52.64,42.32,56.29,46.56,30.88,45.42,36.61,43.32,47.44,51.64,53.42,54.72,47.4,54.64,55.97,45.36,47.44,47.16,46.0,46.95,43.72,48.99,48.37
2019-01-17 23:35:00,28.35,33.29,36.57,37.0,50.43,53.88,52.39,55.15,39.09,52.37,52.65,42.33,56.31,46.58,30.9,45.44,36.63,43.34,47.45,51.64,53.43,54.73,47.42,54.66,55.99,45.38,47.46,47.18,46.01,46.97,43.72,49.01,48.38
2019-01-17 23:40:00,28.36,33.3,36.58,37.02,50.44,53.89,52.41,55.17,39.09,52.39,52.67,42.34,56.32,46.6,30.92,45.46,36.65,43.36,47.46,51.65,53.45,54.75,47.43,54.67,56.01,45.4,47.47,47.19,46.02,46.98,43.73,49.02,48.39
2019-01-17 23:45:00,28.37,33.32,36.6,37.04,50.45,53.9,52.43,55.19,39.09,52.41,52.68,42.35,56.33,46.62,30.94,45.48,36.67,43.38,47.47,51.66,53.46,54.76,47.45,54.69,56.03,45.41,47.49,47.21,46.03,47.0,43.73,49.04,48.4
2019-01-17 23:50:00,28.39,33.33,36.61,37.06,50.47,53.92,52.45,55.21,39.09,52.43,52.7,42.36,56.35,46.64,30.96,45.5,36.69,43.4,47.48,51.67,53.47,54.78,47.47,54.71,56.05,45.43,47.51,47.22,46.04,47.01,43.74,49.06,48.41
2019-01-17 23:55:00,28.4,33.34,36.62,37.09,50.48,53.93,52.47,55.23,39.09,52.46,52.72,42.37,56.37,46.67,30.99,45.52,36.72,43.43,47.5,51.68,53.49,54.79,47.49,54.73,56.07,45.45,47.53,47.24,46.06,47.03,43.75,49.07,48.42
2019-01-18 00:00:00,28.42,33.36,36.64,37.11,50.49,53.95,52.5,55.26,39.09,52.48,52.74,42.39,56.38,46.69,31.02,45.55,36.74,43.45,47.51,51.69,53.5,54.81,47.52,54.74,56.09,45.47,47.55,47.26,46.07,47.05,43.76,49.09,48.44
2019-01-18 00:05:00,28.43,33.37,36.65,37.14,50.51,53.96,52.52,55.28,39.09,52.51,52.76,42.4,56.4,46.71,31.04,45.57,36.77,43.47,47.52,51.7,53.52,54.83,47.54,54.76,56.12,45.49,47.57,47.28,46.09,47.06,43.76,49.11,48.45
2019-01-18 00:10:00,28.44,33.39,36.67,37.16,50.52,53.98,52.54,55.3,39.09,52.53,52.78,42.41,56.42,46.74,31.07,45.59,36.79,43.5,47.54,51.7,53.53,54.85,47.56,54.78,56.14,45.51,47.6,47.3,46.1,47.08,43.77,49.13,48.46
2019-01-18 00:15:00,28.46,33.4,36.68,37.19,50.53,54.0,52.57,55.32,39.09,52.55,52.79,42.42,56.43,46.76,31.09,45.61,36.82,43.52,47.55,51.71,53.55,54.86,47.58,54.8,56.16,45.53,47.62,47.31,46.11,47.1,43.78,49.14,48.48
2019-01-18 00:20:00,28.47,33.42,36.69,37.21,50.54,54.01,52.59,55.34,39.09,52.57,52.81,42.43,56.45,46.78,31.12,45.63,36.84,43.54,47.56,51.72,53.56,54.88,47.6,54.82,56.18,45.54,47.64,47.33,46.13,47.11,43.79,49.16,48.49
2019-01-18 00:25:00,28.49,33.43,36.71,37.23,50.56,54.02,52.61,55.36,39.09,52.59,52.83,42.44,56.46,46.8,31.14,45.65,36.86,43.56,47.57,51.73,53.57,54.89,47.62,54.83,56.2,45.56,47.65,47.35,46.14,47.13,43.79,49.17,48.5
2019-01-18 00:30:00,28.5,33.44,36.72,37.25,50.57,54.04,52.63,55.38,39.09,52.62,52.84,42.46,56.48,46.82,31.16,45.67,36.88,43.59,47.59,51.74,53.59,54.91,47.64,54.85,56.22,45.58,47.67,47.36,46.15,47.14,43.8,49.19,48.51
2019-01-18 00:35:00,28.52,33.46,36.74,37.28,50.58,54.05,52.65,55.4,39.09,52.64,52.86,42.47,56.49,46.84,31.19,45.69,36.91,43.61,47.6,51.75,53.6,54.93,47.66,54.87,56.25,45.59,47.69,47.38,46.16,47.16,43.81,49.2,48.52
2019-01-18 00:40:00,28.53,33.47,36.75,37.3,50.59,54.07,52.67,55.42,39.09,52.66,52.88,42.48,56.51,46.87,31.21,45.71,36.93,43.63,47.61,51.76,53.61,54.94,47.68,54.88,56.27,45.61,47.71,47.39,46.18,47.17,43.81,49.22,48.54
2019-01-18 00:45:00,28.55,33.49,36.77,37.32,50.6,54.08,52.69,55.44,39.09,52.68,52.89,42.49,56.52,46.89,31.23,45.74,36.95,43.65,47.62,51.76,53.63,54.96,47.7,54.9,56.29,45.63,47.73,47.41,46.19,47.19,43.82,49.24,48.55
2019-01-18 00:50:00,28.56,33.5,36.78,37.35,50.62,54.1,52.71,55.47,39.1,52.7,52.91,42.5,56.54,46.91,31.26,45.76,36.98,43.67,47.64,51.77,53.64,54.98,47.72,54.92,56.31,45.65,47.75,47.43,46.2,47.21,43.83,49.25,48.56
2019-01-18 00:55:00,28.58,33.52,36.8,37.37,50.63,54.11,52.73,55.49,39.1,52.73,52.93,42.51,56.55,46.93,31.28,45.78,37.0,43.7,47.65,51.78,53.65,54.99,47.74,54.94,56.33,45.67,47.77,47.44,46.22,47.22,43.83,49.27,48.57
2019-01-18 01:00:00,28.59,33.53,36.81,37.4,50.64,54.13,52.76,55.51,39.1,52.75,52.95,42.52,56.57,46.95,31.31,45.8,37.02,43.72,47.66,51.79,53.67,55.01,47.76,54.96,56.36,45.69,47.79,47.46,46.23,47.24,43.84,49.29,48.59
2019-01-18 01:05:00,28.61,33.55,36.83,37.42,50.65,54.14,52.78,55.53,39.1,52.77,52.96,42.53,56.58,46.98,31.33,45.82,37.05,43.74,47.67,51.8,53.68,55.02,47.78,54.97,56.38,45.7,47.81,47.48,46.24,47.25,43.85,49.3,48.6
2019-01-18 01:10:00,28.62,33.57,36.84,37.44,50.66,54.15,52.8,55.55,39.1,52.79,52.98,42.54,56.6,47.0,31.35,45.84,37.07,43.76,47.69,51.81,53.69,55.04,47.8,54.99,56.4,45.72,47.83,47.49,46.25,47.27,43.85,49.32,48.61
2019-01-18 01:15:00,28.64,33.58,36.86,37.46,50.68,54.17,52.81,55.57,39.1,52.81,52.99,42.55,56.61,47.02,31.37,45.86,37.09,43.78,47.7,51.82,53.71,55.05,47.82,55.0,56.42,45.74,47.84,47.51,46.26,47.28,43.86,49.33,48.62
2019-01-18 01:20:00,28.66,33.6,36.87,37.48,50.69,54.18,52.83,55.58,39.1,52.83,53.01,42.56,56.62,47.03,31.39,45.88,37.11,43.8,47.71,51.82,53.72,55.07,47.83,55.02,56.43,45.75,47.86,47.52,46.27,47.29,43.86,49.34,48.63
2019-01-18 01:25:00,28.67,33.61,36.89,37.5,50.7,54.19,52.85,55.6,39.1,52.85,53.02,42.57,56.64,47.05,31.41,45.89,37.13,43.82,47.72,51.83,53.73,55.08,47.85,55.03,56.45,45.76,47.88,47.53,46.28,47.3,43.87,49.36,48.64
2019-01-18 01:30:00,28.69,33.63,36.9,37.52,50.71,54.2,52.87,55.62,39.1,52.86,53.03,42.58,56.65,47.07,31.43,45.91,37.15,43.83,47.73,51.84,53.74,55.09,47.87,55.05,56.47,45.78,47.89,47.54,46.29,47.32,43.87,49.37,48.65
2019-01-18 01:35:00,28.7,33.64,36.92,37.54,50.71,54.21,52.88,55.63,39.1,52.88,53.04,42.59,56.66,47.09,31.45,45.93,37.16,43.85,47.74,51.84,53.75,55.1,47.88,55.06,56.48,45.79,47.91,47.56,46.3,47.33,43.88,49.38,48.66
2019-01-18 01:40:00,28.72,33.66,36.93,37.55,50.72,54.22,52.9,55.65,39.1,52.9,53.06,42.59,56.67,47.1,31.47,45.94,37.18,43.87,47.75,51.85,53.76,55.12,47.9,55.07,56.5,45.81,47.92,47.57,46.31,47.34,43.88,49.39,48.66
2019-01-18 01:45:00,28.73,33.67,36.95,37.57,50.73,54.23,52.91,55.66,39.1,52.91,53.07,42.6,56.68,47.12,31.49,45.96,37.2,43.88,47.75,51.86,53.77,55.13,47.91,55.09,56.52,45.82,47.93,47.58,46.32,47.35,43.89,49.4,48.67
2019-01-18 01:50:00,28.75,33.69,36.96,37.59,50.74,54.24,52.93,55.68,39.1,52.93,53.08,42.61,56.69,47.13,31.5,45.97,37.22,43.9,47.76,51.86,53.78,55.14,47.93,55.1,56.53,45.83,47.95,47.59,46.33,47.36,43.89,49.41,48.68
2019-01-18 01:55:00,28.76,33.7,36.98,37.6,50.75,54.25,52.94,55.69,39.1,52.94,53.09,42.62,56.7,47.15,31.52,45.99,37.23,43.91,47.77,51.87,53.79,55.15,47.94,55.11,56.54,45.84,47.96,47.6,46.34,47.37,43.9,49.42,48.69
2019-01-18 02:00:00,28.78,33.72,36.99,37.62,50.76,54.26,52.95,55.7,39.1,52.96,53.1,42.62,56.71,47.16,31.53,46.0,37.24,43.93,47.78,51.87,53.8,55.16,47.95,55.12,56.56,45.85,47.97,47.61,46.35,47.38,43.9,49.43,48.69
2019-01-18 02:05:00,28.79,33.74,37.01,37.63,50.76,54.27,52.96,55.71,39.1,52.97,53.11,42.63,56.72,47.17,31.54,46.01,37.26,43.94,47.78,51.88,53.8,55.17,47.96,55.13,56.57,45.86,47.98,47.62,46.35,47.39,43.9,49.44,48.7
2019-01-18 02:10:00,28.81,33.75,37.02,37.64,50.77,54.27,52.97,55.72,39.1,52.98,53.12,42.63,56.73,47.18,31.56,46.02,37.27,43.95,47.79,51.88,53.81,55.17,47.97,55.13,56.58,45.87,47.99,47.63,46.36,47.39,43.91,49.45,48.71
2019-01-18 02:15:00,28.83,33.77,37.04,37.65,50.77,54.28,52.98,55.73,39.1,52.99,53.12,42.64,56.73,47.19,31.57,46.03,37.28,43.96,47.79,51.88,53.81,55.18,47.98,55.14,56.59,45.88,48.0,47.63,46.36,47.4,43.91,49.45,48.71
2019-01-18 02:20:00,28.84,33.78,37.05,37.66,50.78,54.29,52.99,55.74,39.1,52.99,53.13,42.64,56.74,47.2,31.58,46.03,37.28,43.96,47.8,51.89,53.82,55.19,47.99,55.15,56.59,45.88,48.0,47.64,46.37,47.4,43.91,49.46,48.71
2019-01-18 02:25:00,28.86,33.8,37.07,37.67,50.78,54.29,53.0,55.75,39.1,53.0,53.13,42.64,56.74,47.21,31.58,46.04,37.29,43.97,47.8,51.89,53.82,55.19,47.99,55.15,56.6,45.89,48.01,47.64,46.37,47.41,43.92,49.46,48.72
2019-01-18 02:30:00,28.87,33.81,37.08,37.68,50.79,54.3,53.01,55.75,39.1,53.01,53.14,42.65,56.75,47.22,31.59,46.05,37.3,43.98,47.81,51.89,53.83,55.2,48.0,55.16,56.61,45.9,48.02,47.65,46.38,47.41,43.92,49.47,48.72
2019-01-18 02:35:00,28.89,33.83,37.1,37.68,50.79,54.3,53.01,55.76,39.1,53.02,53.15,42.65,56.75,47.22,31.6,46.06,37.31,43.99,47.81,51.9,53.83,55.21,48.01,55.17,56.62,45.9,48.02,47.66,46.38,47.42,43.92,49.47,48.73
2019-01-18 02:40:00,28.9,33.84,37.11,37.69,50.8,54.31,53.02,55.77,39.1,53.03,53.15,42.66,56.76,47.23,31.61,46.07,37.32,44.0,47.82,51.9,53.84,55.21,48.02,55.17,56.63,45.91,48.03,47.66,46.38,47.43,43.92,49.48,48.73
2019-01-18 02:45:00,28.92,33.86,37.13,37.7,50.8,54.31,53.03,55.78,39.1,53.03,53.16,42.66,56.76,47.24,31.62,46.07,37.33,44.0,47.82,51.9,53.84,55.22,48.02,55.18,56.63,45.92,48.04,47.67,46.39,47.43,43.92,49.49,48.74
2019-01-18 02:50:00,28.93,33.88,37.15,37.71,50.8,54.32,53.04,55.78,39.1,53.04,53.16,42.66,56.77,47.25,31.63,46.08,37.34,44.01,47.83,51.91,53.85,55.22,48.03,55.19,56.64,45.92,48.04,47.67,46.39,47.44,43.93,49.49,48.74
2019-01-18 02:55:00,28.95,33.89,37.16,37.72,50.81,54.32,53.04,55.79,39.1,53.05,53.17,42.67,56.77,47.25,31.64,46.09,37.34,44.02,47.83,51.91,53.85,55.23,48.03,55.19,56.65,45.93,48.05,47.68,46.4,47.44,43.93,49.49,48.74
2019-01-18 03:00:00,28.97,33.91,37.18,37.72,50.81,54.32,53.05,55.79,39.1,53.05,53.17,42.67,56.78,47.26,31.64,46.09,37.35,44.02,47.83,51.91,53.85,55.23,48.04,55.19,56.65,45.93,48.05,47.68,46.4,47.44,43.93,49.5,48.75
2019-01-18 03:05:00,28.98,33.92,37.19,37.73,50.81,54.33,53.05,55.8,39.1,53.06,53.17,42.67,56.78,47.26,31.65,46.1,37.35,44.03,47.83,51.91,53.86,55.23,48.04,55.2,56.66,45.93,48.06,47.68,46.4,47.45,43.93,49.5,48.75
2019-01-18 03:10:00,29.0,33.94,37.21,37.73,50.81,54.33,53.06,55.8,39.1,53.06,53.18,42.67,56.78,47.27,31.65,46.1,37.36,44.03,47.84,51.91,53.86,55.24,48.05,55.2,56.66,45.94,48.06,47.69,46.4,47.45,43.93,49.5,48.75
2019-01-18 03:15:00,29.01,33.95,37.22,37.73,50.82,54.33,53.06,55.81,39.1,53.07,53.18,42.67,56.79,47.27,31.65,46.1,37.36,44.04,47.84,51.92,53.86,55.24,48.05,55.2,56.66,45.94,48.06,47.69,46.41,47.45,43.93,49.51,48.75
2019-01-18 03:20:00,29.03,33.97,37.24,37.74,50.82,54.33,53.06,55.81,39.1,53.07,53.18,42.68,56.79,47.27,31.66,46.11,37.37,44.04,47.84,51.92,53.86,55.24,48.05,55.21,56.67,45.94,48.07,47.69,46.41,47.45,43.93,49.51,48.75
2019-01-18 03:25:00,29.04,33.98,37.25,37.74,50.82,54.34,53.07,55.81,39.1,53.07,53.18,42.68,56.79,47.28,31.66,46.11,37.37,44.04,47.84,51.92,53.87,55.25,48.06,55.21,56.67,45.95,48.07,47.69,46.41,47.45,43.94,49.51,48.75
2019-01-18 03:30:00,29.06,34.0,37.27,37.75,50.82,54.34,53.07,55.82,39.1,53.08,53.19,42.68,56.79,47.28,31.67,46.11,37.37,44.05,47.85,51.92,53.87,55.25,48.06,55.21,56.68,45.95,48.07,47.7,46.41,47.46,43.94,49.51,48.76
2019-01-18 03:35:00,29.07,34.02,37.28,37.75,50.83,54.34,53.08,55.82,39.1,53.08,53.19,42.68,56.8,47.29,31.67,46.12,37.38,44.05,47.85,51.92,53.87,55.25,48.07,55.22,56.68,45.95,48.08,47.7,46.41,47.46,43.94,49.52,48.76
2019-01-18 03:40:00,29.09,34.03,37.3,37.76,50.83,54.35,53.08,55.83,39.1,53.09,53.19,42.68,56.8,47.29,31.68,46.12,37.38,44.06,47.85,51.92,53.87,55.25,48.07,55.22,56.69,45.96,48.08,47.7,46.42,47.46,43.94,49.52,48.76
2019-01-18 03:45:00,29.11,34.05,37.32,37.76,50.83,54.35,53.08,55.83,39.1,53.09,53.2,42.69,56.8,47.3,31.68,46.13,37.39,44.06,47.85,51.93,53.88,55.26,48.07,55.22,56.69,45.96,48.09,47.71,46.42,47.47,43.94,49.52,48.76
2019-01-18 03:50:00,29.12,34.06,37.33,37.77,50.83,54.35,53.09,55.84,39.1,53.1,53.2,42.69,56.81,47.3,31.69,46.13,37.4,44.07,47.86,51.93,53.88,55.26,48.08,55.23,56.69,45.96,48.09,47.71,46.42,47.47,43.94,49.53,48.77
2019-01-18 03:55:00,29.14,34.08,37.35,37.77,50.84,54.35,53.09,55.84,39.1,53.1,53.2,42.69,56.81,47.3,31.69,46.14,37.4,44.07,47.86,51.93,53.88,55.26,48.08,55.23,56.7,45.97,48.09,47.71,46.42,47.47,43.94,49.53,48.77
2019-01-18 04:00:00,29.15,34.09,37.36,37.78,50.84,54.36,53.1,55.84,39.1,53.1,53.21,42.69,56.81,47.31,31.7,46.14,37.4,44.07,47.86,51.93,53.88,55.27,48.09,55.23,56.7,45.97,48.1,47.72,46.43,47.47,43.94,49.53,48.77
2019-01-18 04:05:00,29.17,34.11,37.38,37.78,50.84,54.36,53.1,55.84,39.1,53.11,53.21,42.69,56.81,47.31,31.7,46.14,37.41,44.08,47.86,51.93,53.89,55.27,48.09,55.23,56.7,45.97,48.1,47.72,46.43,47.48,43.94,49.53,48.77
2019-01-18 04:10:00,29.18,34.13,37.39,37.78,50.84,54.36,53.1,55.84,39.1,53.11,53.21,42.69,56.81,47.31,31.7,46.14,37.41,44.08,47.86,51.93,53.89,55.27,48.09,55.24,56.71,45.97,48.1,47.72,46.43,47.48,43.94,49.53,48.77
2019-01-18 04:15:00,29.2,34.14,37.41,37.78,50.84,54.36,53.1,55.85,39.1,53.11,53.21,42.69,56.81,47.31,31.7,46.14,37.41,44.08,47.86,51.93,53.89,55.27,48.09,55.24,56.71,45.97,48.1,47.72,46.43,47.48,43.94,49.53,48.77
2019-01-18 04:20:00,29.22,34.16,37.43,37.78,50.84,54.36,53.1,55.84,39.1,53.11,53.21,42.69,56.81,47.31,31.7,46.14,37.41,44.08,47.86,51.93,53.89,55.27,48.09,55.24,56.71,45.97,48.1,47.72,46.43,47.48,43.94,49.53,48.77
2019-01-18 04:25:00,29.23,34.17,37.44,37.78,50.84,54.36,53.1,55.84,39.1,53.11,53.21,42.69,56.81,47.31,31.7,46.14,37.41,44.08,47.86,51.93,53.89,55.27,48.09,55.24,56.7,45.97,48.1,47.72,46.43,47.48,43.94,49.53,48.77
2019-01-18 04:30:00,29.25,34.19,37.46,37.78,50.84,54.36,53.1,55.84,39.1,53.11,53.21,42.69,56.81,47.31,31.7,46.14,37.4,44.08,47.86,51.93,53.89,55.27,48.09,55.23,56.7,45.97,48.1,47.72,46.43,47.48,43.94,49.53,48.77
2019-01-18 04:35:00,29.26,34.2,37.47,37.78,50.84,54.36,53.1,55.84,39.1,53.1,53.21,42.69,56.81,47.31,31.7,46.14,37.4,44.07,47.86,51.93,53.89,55.27,48.09,55.23,56.7,45.97,48.1,47.72,46.43,47.47,43.94,49.53,48.77
2019-01-18 04:40:00,29.28,34.22,37.49,37.78,50.84,54.36,53.09,55.84,39.1,53.1,53.21,42.69,56.81,47.31,31.7,46.14,37.4,44.07,47.86,51.93,53.88,55.27,48.08,55.23,56.7,45.97,48.09,47.71,46.42,47.47,43.94,49.53,48.77
2019-01-18 04:45:00,29.29,34.23,37.5,37.77,50.84,54.35,53.09,55.84,39.1,53.1,53.2,42.69,56.81,47.31,31.69,46.14,37.4,44.07,47.86,51.93,53.88,55.26,48.08,55.23,56.7,45.97,48.09,47.71,46.42,47.47,43.94,49.53,48.77
2019-01-18 04:50:00,29.31,34.25,37.52,37.77,50.83,54.35,53.09,55.84,39.1,53.1,53.2,42.69,56.81,47.3,31.69,46.13,37.4,44.07,47.86,51.93,53.88,55.26,48.08,55.23,56.7,45.97,48.09,47.71,46.42,47.47,43.94,49.53,48.77
2019-01-18 04:55:00,29.32,34.26,37.53,37.77,50.83,54.35,53.09,55.83,39.1,53.1,53.2,42.69,56.81,47.3,31.69,46.13,37.39,44.07,47.86,51.93,53.88,55.26,48.08,55.23,56.69,45.96,48.09,47.71,46.42,47.47,43.94,49.53,48.77
2019-01-18 05:00:00,29.34,34.28,37.55,37.76,50.83,54.35,53.08,55.83,39.1,53.09,53.2,42.69,56.8,47.3,31.68,46.13,37.39,44.06,47.85,51.93,53.88,55.26,48.07,55.22,56.69,45.96,48.08,47.71,46.42,47.47,43.94,49.52,48.76
2019-01-18 05:05:00,29.35,34.29,37.56,38.25,50.93,54.46,53.31,56.05,39.1,53.33,53.32,42.76,56.94,47.56,32.09,46.4,37.78,44.33,47.95,52.0,53.99,55.39,48.3,55.38,56.92,46.15,48.26,47.84,46.5,47.57,43.99,49.63,48.84
2019-01-18 05:10:00,29.34,34.28,37.55,38.25,50.93,54.46,53.31,56.04,39.1,53.33,53.31,42.76,56.94,47.56,32.08,46.39,37.77,44.32,47.95,52.0,53.99,55.39,48.3,55.38,56.92,46.14,48.26,47.83,46.5,47.57,43.98,49.63,48.84
2019-01-18 05:15:00,29.34,34.28,37.55,38.24,50.92,54.45,53.31,56.04,39.1,53.32,53.31,42.76,56.93,47.55,32.08,46.39,37.77,44.32,47.94,52.0,53.98,55.39,48.29,55.37,56.92,46.14,48.25,47.83,46.5,47.56,43.98,49.62,48.84
2019-01-18 05:20:00,29.33,34.28,37.55,38.24,50.92,54.45,53.3,56.03,39.1,53.32,53.31,42.76,56.93,47.55,32.07,46.38,37.76,44.31,47.94,52.0,53.98,55.38,48.29,55.37,56.91,46.14,48.25,47.83,46.5,47.56,43.98,49.62,48.83
2019-01-18 05:25:00,29.33,34.27,37.54,38.23,50.92,54.45,53.3,56.03,39.1,53.31,53.3,42.75,56.93,47.54,32.06,46.38,37.76,44.31,47.94,51.99,53.98,55.38,48.28,55.36,56.9,46.13,48.24,47.82,46.49,47.55,43.98,49.61,48.83
2019-01-18 05:30:00,29.32,34.27,37.54,38.22,50.91,54.44,53.29,56.02,39.1,53.3,53.29,42.75,56.92,47.53,32.06,46.37,37.75,44.3,47.93,51.99,53.97,55.37,48.28,55.36,56.9,46.12,48.24,47.81,46.49,47.55,43.98,49.61,48.83
2019-01-18 05:35:00,29.32,34.26,37.53,38.21,50.9,54.43,53.28,56.01,39.1,53.29,53.29,42.74,56.91,47.53,32.05,46.36,37.74,44.29,47.93,51.99,53.96,55.36,48.27,55.35,56.89,46.12,48.23,47.81,46.48,47.54,43.97,49.6,48.82
2019-01-18 05:40:00,29.31,34.25,37.52,38.2,50.9,54.43,53.27,56.0,39.1,53.28,53.27,42.74,56.9,47.51,32.03,46.35,37.73,44.28,47.92,51.98,53.96,55.35,48.26,55.34,56.88,46.11,48.22,47.8,46.47,47.53,43.97,49.59,48.81
2019-01-18 05:45:00,29.3,34.25,37.52,38.19,50.89,54.41,53.25,55.99,39.1,53.27,53.26,42.73,56.89,47.5,32.02,46.34,37.71,44.26,47.91,51.97,53.95,55.34,48.24,55.33,56.86,46.09,48.2,47.78,46.46,47.52,43.96,49.58,48.8
2019-01-18 05:50:00,29.3,34.24,37.51,38.17,50.88,54.4,53.23,55.97,39.1,53.25,53.25,42.72,56.88,47.48,32.0,46.32,37.69,44.24,47.9,51.97,53.93,55.33,48.23,55.31,56.84,46.08,48.18,47.77,46.45,47.5,43.96,49.56,48.79
2019-01-18 05:55:00,29.29,34.23,37.5,38.14,50.86,54.39,53.21,55.95,39.1,53.23,53.23,42.7,56.86,47.46,31.97,46.3,37.67,44.22,47.88,51.96,53.92,55.31,48.2,55.29,56.82,46.06,48.16,47.75,46.43,47.49,43.95,49.54,48.78
2019-01-18 06:00:00,29.27,34.22,37.49,38.11,50.85,54.37,53.18,55.92,39.1,53.2,53.2,42.69,56.84,47.43,31.94,46.27,37.64,44.19,47.87,51.95,53.9,55.29,48.18,55.27,56.79,46.03,48.13,47.72,46.41,47.46,43.94,49.52,48.76
2019-01-18 06:05:00,29.26,34.2,37.48,38.08,50.83,54.34,53.15,55.89,39.1,53.16,53.17,42.67,56.82,47.4,31.9,46.24,37.61,44.16,47.85,51.93,53.88,55.26,48.15,55.24,56.76,46.01,48.1,47.7,46.39,47.43,43.92,49.49,48.74
2019-01-18 06:10:00,29.25,34.19,37.47,38.04,50.8,54.32,53.11,55.85,39.1,53.13,53.14,42.64,56.79,47.36,31.86,46.2,37.57,44.12,47.82,51.92,53.85,55.23,48.11,55.21,56.72,45.97,48.07,47.66,46.36,47.4,43.91,49.45,48.71
2019-01-18 06:15:00,29.23,34.17,37.45,38.0,50.78,54.29,53.07,55.81,39.1,53.08,53.1,42.62,56.76,47.31,31.82,46.16,37.52,44.08,47.8,51.9,53.83,55.2,48.07,55.18,56.68,45.94,48.03,47.63,46.34,47.37,43.9,49.42,48.68
2019-01-18 06:20:00,29.21,34.16,37.44,37.95,50.75,54.26,53.03,55.77,39.1,53.04,53.06,42.59,56.73,47.27,31.77,46.12,37.48,44.03,47.77,51.88,53.8,55.17,48.03,55.14,56.63,45.9,47.98,47.59,46.31,47.33,43.88,49.38,48.66
2019-01-18 06:25:00,29.19,34.14,37.42,37.91,50.73,54.23,52.98,55.72,39.1,53.0,53.02,42.57,56.7,47.23,31.72,46.08,37.43,43.99,47.74,51.86,53.77,55.13,47.99,55.1,56.59,45.86,47.94,47.55,46.28,47.3,43.86,49.34,48.63
2019-01-18 06:30:00,29.18,34.12,37.41,37.86,50.7,54.2,52.94,55.68,39.1,52.95,52.98,42.54,56.66,47.18,31.67,46.03,37.39,43.94,47.72,51.84,53.74,55.1,47.95,55.07,56.55,45.83,47.9,47.52,46.25,47.26,43.85,49.31,48.6
2019-01-18 06:35:00,29.16,34.11,37.39,37.82,50.68,54.17,52.9,55.64,39.1,52.91,52.95,42.52,56.64,47.14,31.63,46.0,37.35,43.9,47.69,51.83,53.71,55.07,47.91,55.03,56.51,45.79,47.86,47.48,46.22,47.23,43.83,49.27,48.57
2019-01-18 06:40:00,29.14,34.09,37.38,37.79,50.65,54.14,52.87,55.61,39.1,52.88,52.91,42.5,56.61,47.11,31.59,45.96,37.31,43.87,47.67,51.81,53.69,55.04,47.88,55.0,56.47,45.76,47.83,47.45,46.19,47.2,43.82,49.24,48.55
2019-01-18 06:45:00,29.13,34.08,37.37,37.75,50.63,54.12,52.83,55.57,39.1,52.84,52.88,42.48,56.58,47.07,31.55,45.93,37.28,43.83,47.65,51.8,53.67,55.02,47.84,54.98,56.44,45.73,47.79,47.42,46.17,47.17,43.81,49.21,48.53
2019-01-18 06:50:00,29.11,34.06,37.35,37.72,50.61,54.1,52.8,55.54,39.1,52.81,52.86,42.46,56.56,47.04,31.51,45.9,37.24,43.8,47.63,51.78,53.64,54.99,47.81,54.95,56.4,45.7,47.76,47.39,46.15,47.14,43.8,49.19,48.51
2019-01-18 06:55:00,29.1,34.05,37.34,37.68,50.59,54.07,52.77,55.51,39.1,52.77,52.83,42.44,56.54,47.01,31.48,45.87,37.21,43.77,47.61,51.77,53.62,54.97,47.78,54.92,56.37,45.68,47.73,47.37,46.13,47.12,43.79,49.16,48.49
2019-01-18 07:00:00,29.08,34.03,37.32,37.65,50.57,54.05,52.74,55.48,39.1,52.74,52.8,42.42,56.51,46.97,31.44,45.84,37.18,43.73,47.59,51.76,53.6,54.94,47.75,54.89,56.34,45.65,47.7,47.34,46.1,47.09,43.77,49.13,48.47
2019-01-18 07:05:00,29.07,34.02,37.31,37.62,50.55,54.03,52.7,55.45,39.1,52.71,52.77,42.4,56.49,46.94,31.41,45.8,37.14,43.7,47.57,51.74,53.58,54.91,47.72,54.87,56.31,45.62,47.67,47.31,46.08,47.06,43.76,49.1,48.45
2019-01-18 07:10:00,29.05,34.0,37.29,37.58,50.53,54.0,52.67,55.41,39.1,52.67,52.74,42.38,56.46,46.91,31.37,45.77,37.11,43.67,47.55,51.73,53.56,54.89,47.69,54.84,56.27,45.59,47.64,47.28,46.06,47.04,43.75,49.07,48.42
2019-01-18 07:15:00,29.04,33.98,37.28,37.54,50.51,53.98,52.64,55.38,39.1,52.63,52.71,42.36,56.44,46.87,31.33,45.74,37.07,43.63,47.52,51.71,53.53,54.86,47.66,54.81,56.24,45.56,47.6,47.25,46.03,47.01,43.74,49.05,48.4
2019-01-18 07:20:00,29.02,33.97,37.26,37.51,50.49,53.95,52.6,55.34,39.09,52.6,52.68,42.34,56.41,46.84,31.29,45.7,37.04,43.59,47.5,51.7,53.51,54.83,47.62,54.78,56.2,45.53,47.57,47.22,46.01,46.98,43.72,49.02,48.38
2019-01-18 07:25:00,29.0,33.95,37.25,37.48,50.47,53.93,52.57,55.31,39.09,52.57,52.65,42.32,56.39,46.8,31.26,45.67,37.0,43.56,47.48,51.68,53.49,54.8,47.59,54.75,56.17,45.51,47.54,47.2,45.99,46.95,43.71,48.99,48.36
2019-01-18 07:30:00,28.99,33.94,37.24,37.45,50.45,53.91,52.54,55.29,39.09,52.54,52.63,42.31,56.37,46.77,31.23,45.65,36.98,43.53,47.47,51.67,53.47,54.78,47.57,54.73,56.14,45.48,47.51,47.17,45.97,46.93,43.7,48.97,48.34
2019-01-18 07:35:00,28.97,33.92,37.22,37.43,50.44,53.89,52.52,55.26,39.09,52.51,52.61,42.29,56.35,46.75,31.2,45.62,36.95,43.51,47.45,51.66,53.45,54.76,47.55,54.71,56.12,45.46,47.49,47.16,45.96,46.91,43.69,48.95,48.33
2019-01-18 07:40:00,28.96,33.91,37.21,37.41,50.43,53.88,52.5,55.25,39.09,52.49,52.59,42.28,56.33,46.73,31.18,45.61,36.93,43.49,47.44,51.65,53.44,54.75,47.53,54.69,56.1,45.45,47.47,47.14,45.94,46.9,43.69,48.93,48.32
2019-01-18 07:45:00,28.95,33.9,37.2,37.39,50.42,53.87,52.49,55.23,39.09,52.48,52.58,42.28,56.32,46.72,31.17,45.6,36.92,43.48,47.43,51.65,53.43,54.74,47.52,54.68,56.09,45.44,47.46,47.13,45.94,46.89,43.68,48.92,48.31
2019-01-18 07:50:00,28.94,33.89,37.19,37.38,50.41,53.86,52.48,55.22,39.09,52.47,52.57,42.27,56.32,46.71,31.16,45.59,36.91,43.47,47.42,51.64,53.42,54.73,47.51,54.67,56.08,45.43,47.45,47.12,45.93,46.88,43.68,48.92,48.3
2019-01-18 07:55:00,28.93,33.88,37.18,37.37,50.41,53.85,52.47,55.21,39.09,52.46,52.57,42.27,56.31,46.7,31.15,45.58,36.9,43.46,47.42,51.64,53.42,54.72,47.5,54.67,56.07,45.42,47.44,47.12,45.93,46.87,43.68,48.91,48.3
2019-01-18 08:00:00,28.92,33.87,37.17,37.37,50.4,53.84,52.46,55.21,39.09,52.45,52.56,42.26,56.3,46.69,31.14,45.57,36.89,43.45,47.41,51.64,53.41,54.71,47.49,54.66,56.06,45.41,47.44,47.11,45.92,46.87,43.68,48.9,48.29
2019-01-18 08:05:00,28.9,33.85,37.15,37.36,50.4,53.84,52.45,55.2,39.09,52.44,52.55,42.26,56.3,46.68,31.13,45.56,36.88,43.44,47.41,51.63,53.4,54.71,47.48,54.65,56.05,45.41,47.43,47.1,45.91,46.86,43.67,48.9,48.29
2019-01-18 08:10:00,28.89,33.84,37.14,37.35,50.39,53.83,52.44,55.19,39.09,52.43,52.54,42.25,56.29,46.67,31.12,45.55,36.87,43.43,47.4,51.63,53.4,54.7,47.47,54.64,56.04,45.4,47.42,47.09,45.91,46.85,43.67,48.89,48.28
2019-01-18 08:15:00,28.88,33.83,37.13,37.34,50.38,53.82,52.43,55.18,39.09,52.41,52.53,42.25,56.28,46.66,31.11,45.54,36.86,43.42,47.39,51.62,53.39,54.69,47.46,54.63,56.03,45.39,47.41,47.09,45.9,46.85,43.67,48.88,48.28
2019-01-18 08:20:00,28.87,33.82,37.12,37.32,50.37,53.81,52.42,55.17,39.09,52.4,52.52,42.24,56.27,46.65,31.1,45.53,36.85,43.41,47.38,51.62,53.38,54.68,47.45,54.62,56.02,45.38,47.4,47.08,45.89,46.84,43.66,48.87,48.27
2019-01-18 08:25:00,28.86,33.81,37.11,37.31,50.37,53.8,52.41,55.15,39.09,52.39,52.51,42.23,56.26,46.64,31.08,45.52,36.84,43.4,47.38,51.61,53.37,54.67,47.44,54.61,56.01,45.37,47.39,47.07,45.89,46.83,43.66,48.86,48.26
2019-01-18 08:30:00,28.84,33.8,37.09,37.3,50.36,53.79,52.4,55.14,39.09,52.38,52.51,42.23,56.25,46.63,31.07,45.51,36.83,43.39,47.37,51.61,53.36,54.66,47.43,54.6,56.0,45.36,47.38,47.06,45.88,46.82,43.65,48.85,48.25
2019-01-18 08:35:00,28.83,33.78,37.08,37.29,50.35,53.79,52.39,55.13,39.09,52.37,52.5,42.22,56.25,46.62,31.06,45.5,36.82,43.38,47.36,51.6,53.36,54.65,47.42,54.59,55.99,45.35,47.37,47.05,45.87,46.81,43.65,48.84,48.25
2019-01-18 08:40:00,28.82,33.77,37.07,37.28,50.35,53.78,52.38,55.13,39.09,52.36,52.49,42.22,56.24,46.61,31.06,45.49,36.81,43.37,47.36,51.6,53.35,54.64,47.41,54.59,55.98,45.35,47.36,47.04,45.87,46.81,43.65,48.84,48.24
2019-01-18 08:45:00,28.81,33.76,37.06,37.28,50.34,53.77,52.37,55.12,39.09,52.35,52.49,42.21,56.24,46.6,31.05,45.49,36.8,43.36,47.35,51.6,53.35,54.64,47.41,54.58,55.97,45.34,47.35,47.04,45.86,46.8,43.65,48.83,48.24
2019-01-18 08:50:00,28.8,33.75,37.05,37.27,50.34,53.77,52.37,55.11,39.09,52.34,52.48,42.21,56.23,46.6,31.04,45.48,36.8,43.36,47.35,51.59,53.34,54.63,47.4,54.57,55.97,45.33,47.35,47.03,45.86,46.8,43.64,48.83,48.24
2019-01-18 08:55:00,28.79,33.74,37.04,37.27,50.34,53.77,52.36,55.11,39.09,52.34,52.48,42.21,56.23,46.59,31.04,45.48,36.79,43.35,47.35,51.59,53.34,54.63,47.4,54.57,55.96,45.33,47.34,47.03,45.86,46.79,43.64,48.82,48.23
2019-01-18 09:00:00,28.78,33.73,37.03,37.26,50.33,53.76,52.36,55.1,39.09,52.33,52.47,42.21,56.22,46.59,31.03,45.47,36.79,43.35,47.34,51.59,53.34,54.62,47.39,54.57,55.96,45.33,47.34,47.03,45.85,46.79,43.64,48.82,48.23
2019-01-18 09:05:00,28.76,33.71,37.01,37.26,50.33,53.76,52.35,55.1,39.09,52.33,52.47,42.2,56.22,46.58,31.03,45.47,36.78,43.34,47.34,51.59,53.33,54.62,47.39,54.56,55.95,45.32,47.33,47.02,45.85,46.79,43.64,48.82,48.23
2019-01-18 09:10:00,28.75,33.7,37.0,37.25,50.33,53.75,52.35,55.09,39.09,52.32,52.46,42.2,56.22,46.58,31.02,45.46,36.78,43.34,47.34,51.59,53.33,54.62,47.38,54.56,55.95,45.32,47.33,47.02,45.85,46.78,43.64,48.81,48.23
2019-01-18 09:15:00,28.74,33.69,36.99,37.25,50.33,53.75,52.35,55.09,39.09,52.32,52.46,42.2,56.21,46.57,31.02,45.46,36.77,43.33,47.33,51.58,53.33,54.61,47.38,54.55,55.94,45.31,47.33,47.01,45.85,46.78,43.64,48.81,48.22
2019-01-18 09:20:00,28.73,33.68,36.98,37.24,50.32,53.75,52.34,55.09,39.09,52.31,52.46,42.2,56.21,46.57,31.01,45.45,36.77,43.33,47.33,51.58,53.32,54.61,47.38,54.55,55.94,45.31,47.32,47.01,45.84,46.78,43.63,48.81,48.22
2019-01-18 09:25:00,28.72,33.67,36.97,37.24,50.32,53.75,52.34,55.08,39.09,52.31,52.46,42.2,56.21,46.57,31.01,45.45,36.77,43.33,47.33,51.58,53.32,54.61,47.37,54.55,55.93,45.31,47.32,47.01,45.84,46.77,43.63,48.8,48.22
2019-01-18 09:30:00,28.71,33.66,36.96,37.24,50.32,53.74,52.34,55.08,39.09,52.31,52.45,42.19,56.21,46.56,31.01,45.45,36.76,43.33,47.33,51.58,53.32,54.6,47.37,54.55,55.93,45.31,47.32,47.01,45.84,46.77,43.63,48.8,48.22
2019-01-18 09:35:00,28.7,33.65,36.95,37.24,50.32,53.74,52.34,55.08,39.09,52.31,52.45,42.19,56.21,46.56,31.01,45.45,36.76,43.32,47.33,51.58,53.32,54.6,47.37,54.54,55.93,45.31,47.32,47.01,45.84,46.77,43.63,48.8,48.22
2019-01-18 09:40:00,28.69,33.64,36.94,37.24,50.32,53.74,52.33,55.08,39.09,52.3,52.45,42.19,56.21,46.56,31.01,45.45,36.76,43.32,47.33,51.58,53.32,54.6,47.37,54.54,55.93,45.31,47.32,47.01,45.84,46.77,43.63,48.8,48.22
2019-01-18 09:45:00,28.67,33.63,36.92,37.24,50.32,53.74,52.33,55.08,39.09,52.3,52.45,42.19,56.2,46.56,31.01,45.45,36.76,43.32,47.33,51.58,53.32,54.6,47.37,54.54,55.93,45.31,47.32,47.01,45.84,46.77,43.63,48.8,48.22
2019-01-18 09:50:00,28.66,33.61,36.91,37.23,50.32,53.74,52.33,55.08,39.09,52.3,52.45,42.19,56.2,46.56,31.01,45.45,36.76,43.32,47.33,51.58,53.32,54.6,47.37,54.54,55.93,45.31,47.32,47.01,45.84,46.77,43.63,48.8,48.22
2019-01-18 09:55:00,28.65,33.6,36.9,37.23,50.32,53.74,52.33,55.08,39.09,52.3,52.45,42.19,56.2,46.56,31.0,45.45,36.76,43.32,47.33,51.58,53.32,54.6,47.37,54.54,55.93,45.3,47.32,47.01,45.84,46.77,43.63,48.8,48.22
2019-01-18 10:00:00,28.64,33.59,36.89,37.23,50.32,53.74,52.33,55.08,39.09,52.3,52.45,42.19,56.2,46.56,31.0,45.45,36.76,43.32,47.32,51.58,53.32,54.6,47.37,54.54,55.93,45.3,47.31,47.01,45.84,46.77,43.63,48.8,48.22
2019-01-18 10:05:00,28.63,33.58,36.88,37.23,50.31,53.74,52.33,55.08,39.09,52.3,52.45,42.19,56.2,46.56,31.0,45.44,36.76,43.32,47.32,51.58,53.31,54.6,47.37,54.54,55.93,45.3,47.31,47.0,45.84,46.77,43.63,48.8,48.22
2019-01-18 10:10:00,28.62,33.57,36.87,37.23,50.31,53.74,52.33,55.07,39.09,52.3,52.45,42.19,56.2,46.56,31.0,45.44,36.76,43.32,47.32,51.58,53.31,54.6,47.37,54.54,55.93,45.3,47.31,47.0,45.84,46.77,43.63,48.8,48.21
2019-01-18 10:15:00,28.61,33.56,36.86,37.23,50.31,53.73,52.33,55.07,39.09,52.3,52.45,42.19,56.2,46.56,31.0,45.44,36.76,43.32,47.32,51.58,53.31,54.6,47.36,54.54,55.92,45.3,47.31,47.0,45.84,46.77,43.63,48.8,48.21
2019-01-18 10:20:00,28.6,33.55,36.85,37.23,50.31,53.73,52.33,55.07,39.09,52.29,52.45,42.19,56.2,46.56,31.0,45.44,36.76,43.32,47.32,51.58,53.31,54.59,47.36,54.54,55.92,45.3,47.31,47.0,45.84,46.77,43.63,48.8,48.21
2019-01-18 10:25:00,28.59,33.54,36.84,37.23,50.31,53.73,52.33,55.07,39.09,52.29,52.45,42.19,56.2,46.56,31.0,45.44,36.76,43.32,47.32,51.58,53.31,54.59,47.36,54.54,55.92,45.3,47.31,47.0,45.84,46.77,43.63,48.8,48.21
2019-01-18 10:30:00,28.58,33.53,36.83,37.23,50.31,53.73,52.33,55.07,39.08,52.29,52.45,42.19,56.2,46.56,31.0,45.44,36.76,43.32,47.32,51.57,53.31,54.59,47.36,54.54,55.92,45.3,47.31,47.0,45.84,46.77,43.63,48.8,48.21
2019-01-18 10:35:00,28.57,33.52,36.82,37.23,50.31,53.73,52.33,55.07,39.08,52.29,52.45,42.19,56.2,46.56,31.0,45.44,36.76,43.32,47.32,51.57,53.31,54.59,47.36,54.54,55.92,45.3,47.31,47.0,45.84,46.77,43.63,48.8,48.21
2019-01-18 10:40:00,28.56,33.51,36.81,37.23,50.31,53.73,52.33,55.07,39.08,52.29,52.45,42.19,56.2,46.56,31.0,45.44,36.76,43.32,47.32,51.57,53.31,54.59,47.36,54.54,55.92,45.3,47.31,47.0,45.84,46.77,43.63,48.8,48.21
2019-01-18 10:45:00,28.55,33.5,36.8,37.23,50.31,53.73,52.33,55.07,39.08,52.29,52.45,42.19,56.2,46.56,31.0,45.44,36.76,43.32,47.32,51.57,53.31,54.59,47.36,54.54,55.92,45.3,47.31,47.0,45.84,46.77,43.63,48.8,48.22
2019-01-18 10:50:00,28.54,33.49,36.78,37.23,50.31,53.73,52.33,55.07,39.08,52.29,52.45,42.19,56.2,46.56,31.0,45.44,36.76,43.32,47.32,51.57,53.31,54.59,47.36,54.54,55.92,45.3,47.31,47.0,45.84,46.77,43.63,48.8,48.22
2019-01-18 10:55:00,28.52,33.47,36.77,37.23,50.31,53.73,52.33,55.07,39.08,52.29,52.45,42.19,56.2,46.56,31.0,45.44,36.76,43.32,47.32,51.57,53.31,54.59,47.36,54.54,55.92,45.3,47.31,47.0,45.84,46.77,43.63,48.8,48.22
2019-01-18 11:00:00,28.51,33.46,36.76,37.23,50.31,53.73,52.33,55.07,39.08,52.29,52.45,42.19,56.2,46.56,31.0,45.44,36.76,43.32,47.32,51.57,53.31,54.59,47.36,54.54,55.92,45.3,47.31,47.0,45.84,46.77,43.63,48.8,48.22
2019-01-18 11:05:00,28.5,33.45,36.75,37.23,50.31,53.73,52.33,55.07,39.08,52.29,52.45,42.19,56.2,46.56,31.0,45.44,36.76,43.32,47.32,51.58,53.31,54.59,47.37,54.54,55.92,45.3,47.31,47.01,45.84,46.77,43.63,48.8,48.22
2019-01-18 11:10:00,28.49,33.44,36.74,37.23,50.31,53.73,52.33,55.07,39.08,52.29,52.45,42.19,56.2,46.56,31.0,45.44,36.76,43.32,47.32,51.58,53.31,54.59,47.37,54.54,55.93,45.3,47.31,47.01,45.84,46.77,43.63,48.8,48.22
2019-01-18 11:15:00,28.48,33.43,36.73,37.23,50.31,53.73,52.33,55.08,39.08,52.29,52.45,42.19,56.2,46.56,31.01,45.45,36.76,43.32,47.32,51.58,53.31,54.59,47.37,54.54,55.93,45.3,47.32,47.01,45.84,46.77,43.63,48.8,48.22
2019-01-18 11:20:00,28.47,33.42,36.72,37.23,50.31,53.73,52.33,55.08,39.08,52.3,52.46,42.2,56.2,46.56,31.01,45.45,36.76,43.32,47.32,51.58,53.31,54.6,47.37,54.54,55.93,45.31,47.32,47.01,45.84,46.77,43.63,48.8,48.22
2019-01-18 11:25:00,28.46,33.41,36.71,37.24,50.31,53.74,52.34,55.08,39.08,52.3,52.46,42.2,56.2,46.56,31.01,45.45,36.76,43.32,47.32,51.58,53.32,54.6,47.37,54.54,55.93,45.31,47.32,47.01,45.84,46.78,43.63,48.81,48.22
2019-01-18 11:30:00,28.45,33.4,36.7,37.24,50.32,53.74,52.34,55.08,39.08,52.3,52.46,42.2,56.2,46.57,31.01,45.45,36.77,43.33,47.33,51.58,53.32,54.6,47.37,54.54,55.93,45.31,47.32,47.01,45.85,46.78,43.64,48.81,48.22
2019-01-18 11:35:00,28.44,33.39,36.69,37.24,50.32,53.74,52.34,55.08,39.08,52.3,52.46,42.2,56.21,46.57,31.02,45.45,36.77,43.33,47.33,51.58,53.32,54.6,47.38,54.54,55.94,45.31,47.32,47.02,45.85,46.78,43.64,48.81,48.22
2019-01-18 11:40:00,28.43,33.38,36.68,37.24,50.32,53.74,52.34,55.09,39.08,52.3,52.46,42.2,56.21,46.57,31.02,45.46,36.77,43.33,47.33,51.58,53.32,54.6,47.38,54.55,55.94,45.31,47.33,47.02,45.85,46.78,43.64,48.81,48.23
2019-01-18 11:45:00,28.42,33.37,36.67,37.25,50.32,53.74,52.35,55.09,39.08,52.31,52.47,42.2,56.21,46.57,31.02,45.46,36.77,43.33,47.33,51.58,53.32,54.6,47.38,54.55,55.94,45.32,47.33,47.02,45.85,46.79,43.64,48.82,48.23
2019-01-18 11:50:00,28.41,33.36,36.66,37.25,50.32,53.74,52.35,55.09,39.08,52.31,52.47,42.21,56.21,46.58,31.02,45.46,36.78,43.34,47.33,51.58,53.32,54.61,47.38,54.55,55.94,45.32,47.33,47.02,45.85,46.79,43.64,48.82,48.23
2019-01-18 11:55:00,28.4,33.35,36.65,37.25,50.32,53.75,52.35,55.1,39.08,52.31,52.47,42.21,56.22,46.58,31.03,45.47,36.78,43.34,47.33,51.58,53.33,54.61,47.39,54.55,55.95,45.32,47.34,47.03,45.86,46.79,43.64,48.82,48.23
2019-01-18 12:00:00,28.39,33.34,36.64,37.26,50.33,53.75,52.36,55.1,39.08,52.32,52.48,42.21,56.22,46.58,31.03,45.47,36.78,43.35,47.34,51.59,53.33,54.61,47.39,54.56,55.95,45.32,47.34,47.03,45.86,46.79,43.64,48.82,48.23
2019-01-18 12:05:00,28.38,33.33,36.63,37.26,50.33,53.75,52.36,55.1,39.08,52.32,52.48,42.21,56.22,46.59,31.04,45.47,36.79,43.35,47.34,51.59,53.33,54.61,47.39,54.56,55.95,45.33,47.34,47.03,45.86,46.8,43.64,48.83,48.24
2019-01-18 12:10:00,28.37,33.32,36.62,37.27,50.33,53.75,52.36,55.11,39.08,52.32,52.48,42.21,56.22,46.59,31.04,45.48,36.79,43.35,47.34,51.59,53.33,54.62,47.4,54.56,55.96,45.33,47.35,47.03,45.86,46.8,43.64,48.83,48.24
2019-01-18 12:15:00,28.36,33.31,36.61,37.27,50.33,53.76,52.37,55.11,39.08,52.33,52.49,42.22,56.23,46.59,31.04,45.48,36.8,43.36,47.34,51.59,53.34,54.62,47.4,54.57,55.96,45.33,47.35,47.04,45.87,46.8,43.65,48.83,48.24
2019-01-18 12:20:00,28.35,33.3,36.6,37.27,50.33,53.76,52.37,55.11,39.08,52.33,52.49,42.22,56.23,46.6,31.05,45.48,36.8,43.36,47.34,51.59,53.34,54.62,47.4,54.57,55.96,45.34,47.35,47.04,45.87,46.8,43.65,48.84,48.24
2019-01-18 12:25:00,28.34,33.29,36.59,37.27,50.34,53.76,52.37,55.11,39.08,52.33,52.49,42.22,56.23,46.6,31.05,45.48,36.8,43.36,47.35,51.59,53.34,54.62,47.4,54.57,55.97,45.34,47.35,47.04,45.87,46.81,43.65,48.84,48.24
2019-01-18 12:30:00,28.33,33.28,36.58,37.28,50.34,53.76,52.37,55.12,39.08,52.34,52.49,42.22,56.23,46.6,31.05,45.49,36.8,43.36,47.35,51.59,53.34,54.63,47.41,54.57,55.97,45.34,47.36,47.04,45.87,46.81,43.65,48.84,48.25
2019-01-18 12:35:00,28.32,33.27,36.57,37.28,50.34,53.76,52.37,55.12,39.08,52.34,52.49,42.22,56.23,46.6,31.05,45.49,36.8,43.36,47.35,51.59,53.34,54.63,47.41,54.57,55.97,45.34,47.36,47.05,45.87,46.81,43.65,48.84,48.25
2019-01-18 12:40:00,28.31,33.26,36.56,37.28,50.34,53.76,52.38,55.12,39.08,52.34,52.49,42.22,56.23,46.6,31.05,45.49,36.81,43.37,47.35,51.59,53.34,54.63,47.41,54.57,55.97,45.34,47.36,47.05,45.87,46.81,43.65,48.84,48.25
2019-01-18 12:45:00,28.3,33.25,36.55,37.28,50.34,53.76,52.38,55.12,39.08,52.34,52.5,42.22,56.23,46.6,31.06,45.49,36.81,43.37,47.35,51.6,53.34,54.63,47.41,54.57,55.97,45.34,47.36,47.05,45.87,46.81,43.65,48.84,48.25
2019-01-18 12:50:00,28.29,33.24,36.53,37.28,50.34,53.77,52.38,55.12,39.08,52.34,52.5,42.22,56.23,46.61,31.06,45.49,36.81,43.37,47.35,51.6,53.34,54.63,47.41,54.58,55.97,45.34,47.36,47.05,45.87,46.81,43.65,48.84,48.25
2019-01-18 12:55:00,28.28,33.23,36.52,37.28,50.34,53.77,52.38,55.12,39.08,52.34,52.5,42.22,56.24,46.61,31.06,45.49,36.81,43.37,47.35,51.6,53.35,54.63,47.41,54.58,55.98,45.35,47.36,47.05,45.88,46.81,43.65,48.85,48.25
2019-01-18 13:00:00,28.27,33.22,36.51,37.29,50.34,53.77,52.38,55.13,39.08,52.35,52.5,42.23,56.24,46.61,31.06,45.5,36.81,43.37,47.35,51.6,53.35,54.63,47.42,54.58,55.98,45.35,47.37,47.05,45.88,46.82,43.65,48.85,48.25
2019-01-18 13:05:00,28.26,33.21,36.5,37.29,50.35,53.77,52.39,55.13,39.08,52.35,52.5,42.23,56.24,46.61,31.07,45.5,36.82,43.38,47.36,51.6,53.35,54.64,47.42,54.58,55.98,45.35,47.37,47.06,45.88,46.82,43.65,48.85,48.25
2019-01-18 13:10:00,28.25,33.2,36.49,37.29,50.35,53.77,52.39,55.13,39.08,52.35,52.51,42.23,56.24,46.62,31.07,45.5,36.82,43.38,47.36,51.6,53.35,54.64,47.42,54.59,55.99,45.35,47.37,47.06,45.88,46.82,43.65,48.85,48.26
2019-01-18 13:15:00,28.24,33.19,36.48,37.3,50.35,53.78,52.39,55.14,39.08,52.36,52.51,42.23,56.25,46.62,31.08,45.51,36.83,43.39,47.36,51.6,53.35,54.64,47.43,54.59,55.99,45.36,47.38,47.06,45.89,46.83,43.66,48.86,48.26
2019-01-18 13:20:00,28.23,33.18,36.48,37.3,50.35,53.78,52.4,55.14,39.08,52.36,52.52,42.24,56.25,46.63,31.08,45.51,36.83,43.39,47.36,51.61,53.36,54.65,47.43,54.59,56.0,45.36,47.38,47.07,45.89,46.83,43.66,48.86,48.26
2019-01-18 13:25:00,28.22,33.17,36.47,37.31,50.36,53.78,52.41,55.15,39.08,52.37,52.52,42.24,56.26,46.64,31.09,45.52,36.84,43.4,47.37,51.61,53.36,54.65,47.44,54.6,56.0,45.37,47.39,47.07,45.89,46.84,43.66,48.87,48.27
2019-01-18 13:30:00,28.21,33.16,36.46,37.32,50.36,53.79,52.41,55.16,39.08,52.38,52.53,42.24,56.26,46.64,31.1,45.52,36.84,43.4,47.37,51.61,53.37,54.66,47.44,54.6,56.01,45.37,47.4,47.08,45.9,46.84,43.66,48.87,48.27
2019-01-18 13:35:00,28.2,33.15,36.45,37.33,50.37,53.79,52.42,55.16,39.08,52.38,52.54,42.25,56.27,46.65,31.11,45.53,36.85,43.41,47.38,51.61,53.37,54.66,47.45,54.61,56.02,45.38,47.4,47.09,45.9,46.85,43.67,48.88,48.28
2019-01-18 13:40:00,28.2,33.14,36.44,37.33,50.37,53.8,52.43,55.17,39.08,52.39,52.54,42.25,56.27,46.66,31.11,45.54,36.86,43.42,47.38,51.62,53.38,54.67,47.46,54.62,56.02,45.39,47.41,47.09,45.91,46.85,43.67,48.89,48.28
2019-01-18 13:45:00,28.19,33.13,36.43,37.34,50.38,53.81,52.44,55.18,39.08,52.4,52.55,42.26,56.28,46.67,31.12,45.55,36.87,43.43,47.39,51.62,53.38,54.67,47.47,54.62,56.03,45.39,47.42,47.1,45.91,46.86,43.67,48.89,48.29
2019-01-18 13:50:00,28.18,33.13,36.42,37.35,50.38,53.81,52.44,55.19,39.08,52.41,52.56,42.26,56.28,46.67,31.13,45.55,36.88,43.43,47.39,51.62,53.39,54.68,47.47,54.63,56.04,45.4,47.43,47.1,45.92,46.87,43.67,48.9,48.29
2019-01-18 13:55:00,28.17,33.12,36.41,37.36,50.38,53.82,52.45,55.19,39.08,52.41,52.56,42.27,56.29,46.68,31.14,45.56,36.88,43.44,47.4,51.63,53.39,54.69,47.48,54.64,56.05,45.41,47.43,47.11,45.92,46.87,43.68,48.91,48.3
2019-01-18 14:00:00,28.16,33.11,36.4,37.36,50.39,53.82,52.46,55.2,39.08,52.42,52.57,42.27,56.29,46.69,31.15,45.57,36.89,43.45,47.4,51.63,53.4,54.69,47.49,54.64,56.05,45.41,47.44,47.12,45.93,46.88,43.68,48.91,48.3
2019-01-18 14:05:00,28.15,33.1,36.39,37.37,50.39,53.83,52.46,55.21,39.08,52.43,52.57,42.27,56.3,46.69,31.15,45.57,36.9,43.46,47.4,51.63,53.4,54.7,47.49,54.65,56.06,45.42,47.45,47.12,45.93,46.88,43.68,48.92,48.3
2019-01-18 14:10:00,28.14,33.09,36.38,37.38,50.4,53.83,52.47,55.21,39.09,52.43,52.58,42.28,56.3,46.7,31.16,45.58,36.9,43.46,47.41,51.63,53.41,54.7,47.5,54.65,56.07,45.42,47.45,47.13,45.94,46.89,43.68,48.92,48.31
2019-01-18 14:15:00,28.13,33.08,36.37,37.38,50.4,53.83,52.47,55.22,39.09,52.44,52.58,42.28,56.31,46.71,31.17,45.59,36.91,43.47,47.41,51.64,53.41,54.71,47.5,54.66,56.07,45.43,47.46,47.13,45.94,46.89,43.69,48.93,48.31
2019-01-18 14:20:00,28.12,33.07,36.37,37.39,50.4,53.84,52.48,55.22,39.09,52.44,52.59,42.28,56.31,46.71,31.17,45.59,36.91,43.47,47.41,51.64,53.41,54.71,47.51,54.66,56.08,45.43,47.46,47.14,45.94,46.9,43.69,48.93,48.32
2019-01-18 14:25:00,28.12,33.06,36.36,37.39,50.41,53.84,52.48,55.23,39.09,52.45,52.59,42.29,56.31,46.72,31.18,45.59,36.92,43.48,47.42,51.64,53.42,54.71,47.51,54.67,56.08,45.44,47.47,47.14,45.95,46.9,43.69,48.94,48.32
2019-01-18 14:30:00,28.11,33.05,36.35,37.4,50.41,53.84,52.49,55.23,39.09,52.46,52.6,42.29,56.32,46.72,31.18,45.6,36.93,43.48,47.42,51.64,53.42,54.72,47.52,54.67,56.09,45.44,47.47,47.15,45.95,46.91,43.69,48.94,48.32
2019-01-18 14:35:00,28.1,33.05,36.34,37.41,50.41,53.85,52.5,55.24,39.09,52.46,52.6,42.29,56.32,46.73,31.19,45.61,36.93,43.49,47.42,51.65,53.42,54.72,47.53,54.68,56.1,45.45,47.48,47.15,45.96,46.91,43.69,48.95,48.33
2019-01-18 14:40:00,28.09,33.04,36.33,37.41,50.42,53.85,52.51,55.25,39.09,52.47,52.61,42.3,56.33,46.74,31.2,45.61,36.94,43.5,47.43,51.65,53.43,54.73,47.53,54.68,56.1,45.45,47.49,47.16,45.96,46.92,43.7,48.95,48.33
2019-01-18 14:45:00,28.08,33.03,36.32,37.42,50.42,53.86,52.52,55.26,39.09,52.48,52.62,42.31,56.34,46.75,31.21,45.62,36.95,43.51,47.44,51.65,53.44,54.74,47.54,54.69,56.11,45.46,47.5,47.17,45.97,46.93,43.7,48.96,48.34
2019-01-18 14:50:00,28.08,33.02,36.31,37.44,50.43,53.87,52.53,55.27,39.09,52.49,52.63,42.31,56.34,46.76,31.22,45.63,36.96,43.52,47.44,51.66,53.44,54.74,47.55,54.7,56.12,45.47,47.51,47.18,45.98,46.94,43.7,48.97,48.35
2019-01-18 14:55:00,28.07,33.02,36.31,37.45,50.44,53.88,52.54,55.28,39.09,52.5,52.64,42.32,56.35,46.77,31.24,45.65,36.97,43.53,47.45,51.66,53.45,54.75,47.56,54.71,56.14,45.48,47.52,47.19,45.99,46.95,43.71,48.98,48.35
2019-01-18 15:00:00,28.06,33.01,36.3,37.46,50.44,53.89,52.55,55.29,39.09,52.51,52.65,42.33,56.36,46.78,31.25,45.66,36.99,43.54,47.46,51.67,53.46,54.76,47.57,54.72,56.15,45.49,47.53,47.2,45.99,46.96,43.71,48.99,48.36
2019-01-18 15:05:00,28.05,33.0,36.29,37.47,50.45,53.89,52.56,55.3,39.09,52.53,52.66,42.33,56.37,46.79,31.26,45.67,37.0,43.56,47.46,51.67,53.47,54.77,47.59,54.73,56.16,45.5,47.54,47.21,46.0,46.97,43.72,49.0,48.37
2019-01-18 15:10:00,28.05,32.99,36.28,37.48,50.46,53.9,52.57,55.31,39.09,52.54,52.67,42.34,56.38,46.8,31.27,45.68,37.01,43.57,47.47,51.68,53.47,54.78,47.59,54.74,56.17,45.51,47.55,47.22,46.01,46.97,43.72,49.01,48.37
2019-01-18 15:15:00,28.04,32.99,36.28,37.49,50.46,53.91,52.58,55.32,39.09,52.55,52.68,42.34,56.38,46.81,31.28,45.69,37.02,43.57,47.48,51.68,53.48,54.79,47.6,54.74,56.18,45.52,47.56,47.22,46.01,46.98,43.72,49.02,48.38
2019-01-18 15:20:00,28.03,32.98,36.27,37.5,50.47,53.91,52.59,55.33,39.09,52.55,52.68,42.35,56.39,46.82,31.29,45.69,37.02,43.58,47.48,51.68,53.48,54.79,47.61,54.75,56.18,45.52,47.56,47.23,46.02,46.99,43.73,49.02,48.38
2019-01-18 15:25:00,28.02,32.97,36.26,37.5,50.47,53.92,52.59,55.33,39.09,52.56,52.69,42.35,56.39,46.82,31.29,45.7,37.03,43.59,47.48,51.69,53.49,54.8,47.61,54.75,56.19,45.53,47.57,47.23,46.02,46.99,43.73,49.03,48.39
2019-01-18 15:30:00,28.01,32.96,36.25,37.51,50.47,53.92,52.59,55.33,39.09,52.56,52.69,42.35,56.39,46.83,31.3,45.7,37.03,43.59,47.48,51.69,53.49,54.8,47.62,54.76,56.19,45.53,47.57,47.23,46.02,46.99,43.73,49.03,48.39
2019-01-18 15:35:00,28.01,32.95,36.24,37.51,50.47,53.92,52.59,55.33,39.09,52.56,52.69,42.35,56.4,46.83,31.3,45.7,37.03,43.59,47.49,51.69,53.49,54.8,47.62,54.76,56.19,45.53,47.57,47.24,46.02,46.99,43.73,49.03,48.39
2019-01-18 15:40:00,28.0,32.94,36.23,37.51,50.47,53.92,52.6,55.34,39.09,52.56,52.69,42.35,56.4,46.83,31.3,45.7,37.03,43.59,47.49,51.69,53.49,54.8,47.62,54.76,56.19,45.53,47.57,47.24,46.02,46.99,43.73,49.03,48.39
2019-01-18 15:45:00,27.99,32.93,36.22,37.51,50.47,53.92,52.6,55.34,39.09,52.56,52.69,42.35,56.4,46.83,31.3,45.7,37.03,43.59,47.49,51.69,53.49,54.8,47.62,54.76,56.2,45.53,47.57,47.24,46.03,46.99,43.73,49.03,48.39
2019-01-18 15:50:00,27.98,32.92,36.21,37.51,50.47,53.92,52.6,55.34,39.09,52.56,52.69,42.35,56.4,46.83,31.3,45.7,37.04,43.59,47.49,51.69,53.49,54.8,47.62,54.76,56.2,45.53,47.57,47.24,46.03,46.99,43.73,49.03,48.39
2019-01-18 15:55:00,27.97,32.91,36.2,37.51,50.47,53.92,52.6,55.34,39.09,52.56,52.69,42.35,56.4,46.83,31.3,45.7,37.04,43.59,47.49,51.69,53.49,54.8,47.62,54.76,56.2,45.53,47.57,47.24,46.03,46.99,43.73,49.03,48.39
2019-01-18 16:00:00,27.96,32.9,36.19,37.51,50.47,53.92,52.6,55.34,39.09,52.57,52.69,42.35,56.4,46.83,31.3,45.7,37.04,43.59,47.49,51.69,53.49,54.8,47.62,54.76,56.2,45.53,47.57,47.24,46.03,46.99,43.73,49.03,48.39
2019-01-18 16:05:00,27.95,32.9,36.19,37.51,50.47,53.92,52.6,55.34,39.09,52.57,52.69,42.35,56.4,46.83,31.3,45.7,37.04,43.59,47.49,51.69,53.49,54.8,47.62,54.76,56.2,45.53,47.57,47.24,46.03,46.99,43.73,49.03,48.39
2019-01-18 16:10:00,27.94,32.89,36.18,37.51,50.47,53.92,52.6,55.34,39.09,52.56,52.69,42.35,56.4,46.83,31.3,45.7,37.04,43.59,47.49,51.69,53.49,54.8,47.62,54.76,56.2,45.53,47.57,47.24,46.02,46.99,43.73,49.03,48.39
2019-01-18 16:15:00,27.93,32.88,36.17,37.51,50.47,53.92,52.6,55.34,39.09,52.56,52.69,42.35,56.4,46.83,31.3,45.7,37.03,43.59,47.49,51.69,53.49,54.8,47.62,54.76,56.19,45.53,47.57,47.24,46.02,46.99,43.73,49.03,48.39
2019-01-18 16:20:00,27.92,32.87,36.16,37.51,50.47,53.92,52.59,55.33,39.09,52.56,52.69,42.35,56.39,46.83,31.3,45.7,37.03,43.59,47.49,51.69,53.49,54.8,47.62,54.76,56.19,45.53,47.57,47.23,46.02,46.99,43.73,49.03,48.39
2019-01-18 16:25:00,27.91,32.86,36.15,37.5,50.47,53.92,52.59,55.33,39.09,52.56,52.69,42.35,56.39,46.82,31.29,45.7,37.03,43.59,47.48,51.69,53.49,54.8,47.61,54.75,56.19,45.53,47.57,47.23,46.02,46.99,43.73,49.03,48.39
2019-01-18 16:30:00,27.9,32.85,36.14,37.5,50.47,53.92,52.59,55.33,39.09,52.56,52.68,42.35,56.39,46.82,31.29,45.69,37.03,43.58,47.48,51.69,53.49,54.8,47.61,54.75,56.19,45.53,47.56,47.23,46.02,46.99,43.73,49.02,48.38
2019-01-18 16:35:00,27.89,32.84,36.13,37.5,50.47,53.91,52.58,55.32,39.09,52.55,52.68,42.35,56.39,46.82,31.29,45.69,37.02,43.58,47.48,51.68,53.48,54.79,47.61,54.75,56.18,45.52,47.56,47.23,46.02,46.98,43.73,49.02,48.38
2019-01-18 16:40:00,27.88,32.83,36.12,37.49,50.47,53.91,52.58,55.32,39.09,52.55,52.68,42.34,56.39,46.81,31.28,45.69,37.02,43.58,47.48,51.68,53.48,54.79,47.6,54.75,56.18,45.52,47.56,47.22,46.01,46.98,43.72,49.02,48.38
2019-01-18 16:45:00,27.87,32.82,36.11,37.49,50.46,53.91,52.58,55.32,39.09,52.55,52.67,42.34,56.38,46.81,31.28,45.68,37.02,43.57,47.48,51.68,53.48,54.79,47.6,54.74,56.18,45.52,47.55,47.22,46.01,46.98,43.72,49.01,48.38
2019-01-18 16:50:00,27.86,32.81,36.1,37.49,50.46,53.91,52.57,55.31,39.09,52.54,52.67,42.34,56.38,46.81,31.28,45.68,37.01,43.57,47.47,51.68,53.48,54.79,47.6,54.74,56.17,45.51,47.55,47.22,46.01,46.97,43.72,49.01,48.38
2019-01-18 16:55:00,27.85,32.8,36.09,37.48,50.46,53.9,52.57,55.31,39.09,52.54,52.67,42.34,56.38,46.8,31.27,45.68,37.01,43.57,47.47,51.68,53.47,54.78,47.6,54.74,56.17,45.51,47.55,47.21,46.01,46.97,43.72,49.01,48.37
2019-01-18 17:00:00,27.84,32.79,36.08,37.48,50.46,53.9,52.57,55.31,39.09,52.54,52.67,42.33,56.38,46.8,31.27,45.67,37.0,43.56,47.47,51.68,53.47,54.78,47.59,54.74,56.17,45.51,47.54,47.21,46.0,46.97,43.72,49.01,48.37
2019-01-18 17:05:00,27.83,32.78,36.07,37.47,50.46,53.9,52.56,55.3,39.09,52.53,52.66,42.33,56.37,46.8,31.26,45.67,37.0,43.56,47.47,51.68,53.47,54.78,47.59,54.73,56.16,45.5,47.54,47.21,46.0,46.97,43.72,49.0,48.37
2019-01-18 17:10:00,27.82,32.77,36.06,37.47,50.45,53.9,52.56,55.3,39.09,52.53,52.66,42.33,56.37,46.79,31.26,45.67,37.0,43.55,47.47,51.67,53.47,54.77,47.58,54.73,56.16,45.5,47.54,47.2,46.0,46.96,43.72,49.0,48.37
2019-01-18 17:15:00,27.81,32.76,36.05,37.47,50.45,53.89,52.56,55.3,39.09,52.53,52.66,42.33,56.37,46.79,31.26,45.66,36.99,43.55,47.46,51.67,53.46,54.77,47.58,54.73,56.15,45.5,47.53,47.2,46.0,46.96,43.72,49.0,48.36
2019-01-18 17:20:00,27.8,32.74,36.04,37.46,50.45,53.89,52.55,55.29,39.09,52.52,52.65,42.33,56.36,46.78,31.25,45.66,36.99,43.55,47.46,51.67,53.46,54.77,47.58,54.72,56.15,45.49,47.53,47.2,45.99,46.96,43.71,48.99,48.36
2019-01-18 17:25:00,27.79,32.73,36.03,37.46,50.45,53.89,52.55,55.29,39.09,52.52,52.65,42.32,56.36,46.78,31.25,45.66,36.99,43.54,47.46,51.67,53.46,54.77,47.57,54.72,56.15,45.49,47.53,47.19,45.99,46.95,43.71,48.99,48.36
2019-01-18 17:30:00,27.78,32.72,36.02,37.46,50.44,53.89,52.55,55.29,39.09,52.51,52.65,42.32,56.36,46.78,31.24,45.65,36.98,43.54,47.46,51.67,53.46,54.76,47.57,54.72,56.14,45.49,47.52,47.19,45.99,46.95,43.71,48.99,48.36
2019-01-18 17:35:00,27.77,32.71,36.01,37.45,50.44,53.88,52.54,55.28,39.09,52.51,52.64,42.32,56.36,46.77,31.24,45.65,36.98,43.54,47.45,51.67,53.46,54.76,47.57,54.71,56.14,45.49,47.52,47.19,45.99,46.95,43.71,48.98,48.35
2019-01-18 17:40:00,27.76,32.7,36.0,37.45,50.44,53.88,52.54,55.28,39.09,52.51,52.64,42.32,56.36,46.77,31.24,45.65,36.98,43.53,47.45,51.66,53.45,54.76,47.56,54.71,56.14,45.48,47.52,47.19,45.98,46.94,43.71,48.98,48.35
2019-01-18 17:45:00,27.75,32.69,35.99,37.45,50.44,53.88,52.54,55.28,39.09,52.51,52.64,42.32,56.35,46.77,31.23,45.64,36.97,43.53,47.45,51.66,53.45,54.76,47.56,54.71,56.13,45.48,47.51,47.18,45.98,46.94,43.71,48.98,48.35
2019-01-18 17:50:00,27.74,32.68,35.98,37.44,50.44,53.88,52.53,55.28,39.09,52.5,52.63,42.31,56.35,46.77,31.23,45.64,36.97,43.53,47.45,51.66,53.45,54.75,47.56,54.71,56.13,45.48,47.51,47.18,45.98,46.94,43.71,48.98,48.35
2019-01-18 17:55:00,27.73,32.67,35.96,37.44,50.44,53.88,52.53,55.27,39.09,52.5,52.63,42.31,56.35,46.76,31.23,45.64,36.97,43.52,47.45,51.66,53.45,54.75,47.56,54.71,56.13,45.48,47.51,47.18,45.98,46.94,43.71,48.97,48.35
2019-01-18 18:00:00,27.72,32.66,35.95,37.44,50.43,53.87,52.53,55.27,39.09,52.5,52.63,42.31,56.35,46.76,31.22,45.64,36.96,43.52,47.45,51.66,53.45,54.75,47.55,54.7,56.13,45.47,47.51,47.18,45.98,46.94,43.7,48.97,48.34
2019-01-18 18:05:00,27.71,32.65,35.95,36.54,50.19,53.59,51.97,54.74,39.09,51.94,52.3,42.1,56.0,46.15,30.42,45.03,36.17,42.9,47.2,51.47,53.16,54.42,47.01,54.32,55.56,45.02,47.06,46.84,45.74,46.65,43.58,48.68,48.13
2019-01-18 18:10:00,27.72,32.66,35.96,36.53,50.19,53.59,51.97,54.74,39.09,51.94,52.3,42.1,56.0,46.14,30.41,45.02,36.17,42.9,47.2,51.47,53.16,54.41,47.01,54.31,55.56,45.02,47.06,46.83,45.74,46.64,43.58,48.67,48.12
2019-01-18 18:15:00,27.72,32.67,35.96,36.53,50.18,53.59,51.96,54.73,39.09,51.94,52.3,42.1,56.0,46.14,30.41,45.02,36.16,42.9,47.2,51.47,53.16,54.41,47.01,54.31,55.55,45.01,47.05,46.83,45.73,46.64,43.58,48.67,48.12
2019-01-18 18:20:00,27.73,32.68,35.97,36.52,50.18,53.59,51.96,54.73,39.09,51.93,52.29,42.09,56.0,46.14,30.4,45.01,36.16,42.89,47.19,51.46,53.16,54.41,47.0,54.31,55.55,45.01,47.05,46.83,45.73,46.64,43.58,48.67,48.12
2019-01-18 18:25:00,27.74,32.69,35.98,36.52,50.18,53.58,51.96,54.72,39.09,51.93,52.29,42.09,55.99,46.13,30.4,45.01,36.15,42.89,47.19,51.46,53.15,54.4,47.0,54.3,55.54,45.01,47.04,46.82,45.73,46.63,43.58,48.66,48.12
2019-01-18 18:30:00,27.75,32.69,35.99,36.51,50.18,53.58,51.95,54.72,39.09,51.92,52.29,42.09,55.99,46.13,30.39,45.01,36.15,42.88,47.19,51.46,53.15,54.4,47.0,54.3,55.54,45.01,47.04,46.82,45.73,46.63,43.57,48.66,48.11
2019-01-18 18:35:00,27.75,32.7,36.0,36.51,50.17,53.58,51.95,54.72,39.09,51.92,52.28,42.09,55.99,46.13,30.39,45.0,36.15,42.88,47.19,51.46,53.15,54.4,46.99,54.3,55.54,45.0,47.04,46.82,45.73,46.63,43.57,48.66,48.11
2019-01-18 18:40:00,27.76,32.71,36.0,36.51,50.17,53.58,51.95,54.72,39.09,51.92,52.28,42.09,55.99,46.12,30.39,45.0,36.14,42.88,47.19,51.46,53.15,54.4,46.99,54.3,55.54,45.0,47.04,46.82,45.72,46.63,43.57,48.66,48.11
2019-01-18 18:45:00,27.77,32.72,36.01,36.51,50.17,53.58,51.94,54.71,39.09,51.92,52.28,42.08,55.99,46.12,30.38,45.0,36.14,42.88,47.19,51.46,53.15,54.4,46.99,54.3,55.53,45.0,47.03,46.81,45.72,46.62,43.57,48.65,48.11
2019-01-18 18:50:00,27.78,32.73,36.02,36.5,50.17,53.58,51.94,54.71,39.09,51.92,52.28,42.08,55.98,46.12,30.38,45.0,36.14,42.87,47.18,51.46,53.15,54.39,46.99,54.29,55.53,45.0,47.03,46.81,45.72,46.62,43.57,48.65,48.11
2019-01-18 18:55:00,27.79,32.73,36.03,36.5,50.17,53.57,51.94,54.71,39.09,51.91,52.28,42.08,55.98,46.12,30.38,45.0,36.14,42.87,47.18,51.46,53.15,54.39,46.99,54.29,55.53,45.0,47.03,46.81,45.72,46.62,43.57,48.65,48.11
2019-01-18 19:00:00,27.79,32.74,36.04,36.5,50.17,53.57,51.94,54.71,39.09,51.91,52.28,42.08,55.98,46.12,30.38,44.99,36.14,42.87,47.18,51.46,53.15,54.39,46.98,54.29,55.53,44.99,47.03,46.81,45.72,46.62,43.57,48.65,48.11
2019-01-18 19:05:00,27.8,32.75,36.04,36.5,50.17,53.57,51.94,54.71,39.09,51.91,52.27,42.08,55.98,46.12,30.38,44.99,36.13,42.87,47.18,51.46,53.14,54.39,46.98,54.29,55.53,44.99,47.03,46.81,45.72,46.62,43.57,48.65,48.11
2019-01-18 19:10:00,27.81,32.76,36.05,36.5,50.17,53.57,51.94,54.71,39.09,51.91,52.27,42.08,55.98,46.12,30.38,44.99,36.13,42.87,47.18,51.46,53.14,54.39,46.98,54.29,55.53,44.99,47.03,46.81,45.72,46.62,43.57,48.65,48.1
2019-01-18 19:15:00,27.82,32.77,36.06,36.5,50.17,53.57,51.94,54.71,39.09,51.91,52.27,42.08,55.98,46.12,30.38,44.99,36.13,42.87,47.18,51.46,53.14,54.39,46.98,54.29,55.53,44.99,47.03,46.81,45.72,46.62,43.57,48.65,48.1
2019-01-18 19:20:00,27.83,32.77,36.07,36.5,50.17,53.57,51.94,54.71,39.09,51.91,52.27,42.08,55.98,46.12,30.38,44.99,36.13,42.87,47.18,51.46,53.14,54.39,46.98,54.29,55.53,44.99,47.03,46.81,45.72,46.62,43.57,48.65,48.1
2019-01-18 19:25:00,27.84,32.78,36.08,36.5,50.17,53.57,51.94,54.71,39.09,51.91,52.27,42.08,55.98,46.11,30.38,44.99,36.13,42.87,47.18,51.46,53.14,54.39,46.98,54.29,55.53,44.99,47.03,46.81,45.72,46.62,43.57,48.65,48.1
2019-01-18 19:30:00,27.84,32.79,36.08,36.5,50.17,53.57,51.94,54.71,39.09,51.91,52.27,42.08,55.98,46.11,30.38,44.99,36.13,42.87,47.18,51.46,53.14,54.39,46.98,54.29,55.53,44.99,47.03,46.81,45.72,46.62,43.57,48.65,48.1
2019-01-18 19:35:00,27.85,32.8,36.09,36.5,50.17,53.57,51.94,54.71,39.09,51.91,52.27,42.08,55.98,46.11,30.38,44.99,36.13,42.87,47.18,51.46,53.14,54.39,46.98,54.29,55.53,44.99,47.03,46.81,45.72,46.62,43.57,48.65,48.1
2019-01-18 19:40:00,27.86,32.81,36.1,36.5,50.17,53.57,51.94,54.71,39.09,51.91,52.27,42.08,55.98,46.11,30.37,44.99,36.13,42.87,47.18,51.46,53.14,54.39,46.98,54.29,55.52,44.99,47.02,46.81,45.71,46.62,43.57,48.65,48.1
2019-01-18 19:45:00,27.87,32.81,36.11,36.49,50.17,53.57,51.93,54.7,39.09,51.91,52.27,42.08,55.98,46.11,30.37,44.99,36.13,42.87,47.18,51.45,53.14,54.39,46.98,54.29,55.52,44.99,47.02,46.81,45.71,46.61,43.57,48.64,48.1
2019-01-18 19:50:00,27.87,32.82,36.12,36.49,50.17,53.57,51.93,54.7,39.09,51.91,52.27,42.08,55.98,46.11,30.37,44.99,36.13,42.86,47.18,51.45,53.14,54.39,46.98,54.29,55.52,44.99,47.02,46.8,45.71,46.61,43.57,48.64,48.1
2019-01-18 19:55:00,27.88,32.83,36.12,36.49,50.17,53.57,51.93,54.7,39.09,51.91,52.27,42.08,55.98,46.11,30.37,44.99,36.13,42.87,47.18,51.45,53.14,54.39,46.98,54.29,55.52,44.99,47.02,46.81,45.71,46.61,43.57,48.64,48.1
2019-01-18 20:00:00,27.89,32.84,36.13,36.5,50.17,53.57,51.94,54.71,39.09,51.91,52.27,42.08,55.98,46.11,30.37,44.99,36.13,42.87,47.18,51.46,53.14,54.39,46.98,54.29,55.52,44.99,47.03,46.81,45.71,46.62,43.57,48.65,48.1
2019-01-18 20:05:00,27.9,32.85,36.14,36.5,50.17,53.57,51.94,54.71,39.09,51.91,52.27,42.08,55.98,46.12,30.38,44.99,36.14,42.87,47.18,51.46,53.15,54.39,46.98,54.29,55.53,44.99,47.03,46.81,45.72,46.62,43.57,48.65,48.1
2019-01-18 20:10:00,27.91,32.86,36.15,36.51,50.17,53.58,51.94,54.71,39.09,51.92,52.28,42.08,55.99,46.12,30.38,45.0,36.14,42.88,47.19,51.46,53.15,54.4,46.99,54.3,55.53,45.0,47.03,46.81,45.72,46.62,43.57,48.65,48.11
2019-01-18 20:15:00,27.92,32.87,36.16,36.51,50.18,53.58,51.95,54.72,39.09,51.92,52.28,42.09,55.99,46.13,30.39,45.0,36.15,42.88,47.19,51.46,53.15,54.4,46.99,54.3,55.54,45.0,47.04,46.82,45.72,46.63,43.57,48.66,48.11
2019-01-18 20:20:00,27.93,32.88,36.17,36.52,50.18,53.59,51.96,54.72,39.09,51.93,52.29,42.09,55.99,46.13,30.4,45.01,36.15,42.89,47.19,51.46,53.16,54.41,47.0,54.3,55.54,45.01,47.04,46.82,45.73,46.63,43.57,48.66,48.11
2019-01-18 20:25:00,27.94,32.88,36.18,36.52,50.18,53.59,51.96,54.73,39.09,51.93,52.29,42.09,56.0,46.14,30.4,45.01,36.16,42.89,47.19,51.47,53.16,54.41,47.0,54.31,55.55,45.01,47.05,46.83,45.73,46.63,43.58,48.66,48.12
2019-01-18 20:30:00,27.95,32.89,36.19,36.52,50.18,53.59,51.96,54.73,39.09,51.94,52.29,42.09,56.0,46.14,30.4,45.02,36.16,42.89,47.2,51.47,53.16,54.41,47.0,54.31,55.55,45.01,47.05,46.83,45.73,46.64,43.58,48.67,48.12
2019-01-18 20:35:00,27.95,32.9,36.19,36.53,50.18,53.59,51.96,54.73,39.09,51.94,52.29,42.09,56.0,46.14,30.4,45.02,36.16,42.89,47.2,51.47,53.16,54.41,47.01,54.31,55.55,45.01,47.05,46.83,45.73,46.64,43.58,48.67,48.12
2019-01-18 20:40:00,27.96,32.91,36.2,36.53,50.18,53.59,51.96,54.73,39.09,51.94,52.29,42.09,56.0,46.14,30.4,45.02,36.16,42.89,47.2,51.47,53.16,54.41,47.01,54.31,55.55,45.01,47.05,46.83,45.73,46.64,43.58,48.67,48.12
2019-01-18 20:45:00,27.97,32.92,36.21,36.52,50.18,53.59,51.96,54.73,39.09,51.94,52.29,42.09,56.0,46.14,30.4,45.02,36.16,42.89,47.2,51.47,53.16,54.41,47.0,54.31,55.55,45.01,47.05,46.83,45.73,46.64,43.58,48.67,48.12
2019-01-18 20:50:00,27.98,32.93,36.22,36.52,50.18,53.59,51.96,54.73,39.09,51.94,52.29,42.09,56.0,46.14,30.4,45.01,36.16,42.89,47.2,51.47,53.16,54.41,47.0,54.31,55.55,45.01,47.05,46.83,45.73,46.64,43.58,48.67,48.12
2019-01-18 20:55:00,27.99,32.93,36.23,36.52,50.18,53.59,51.96,54.73,39.09,51.94,52.29,42.09,56.0,46.14,30.4,45.02,36.16,42.89,47.2,51.47,53.16,54.41,47.01,54.31,55.55,45.01,47.05,46.83,45.73,46.64,43.58,48.67,48.12
2019-01-18 21:00:00,28.0,32.94,36.24,36.53,50.18,53.59,51.97,54.73,39.09,51.94,52.29,42.09,56.0,46.14,30.41,45.02,36.16,42.9,47.2,51.47,53.16,54.41,47.01,54.31,55.55,45.02,47.05,46.83,45.73,46.64,43.58,48.67,48.12
2019-01-18 21:05:00,28.0,32.95,36.25,36.53,50.19,53.6,51.97,54.74,39.09,51.95,52.3,42.1,56.0,46.15,30.41,45.02,36.17,42.9,47.2,51.47,53.17,54.42,47.01,54.32,55.56,45.02,47.06,46.83,45.74,46.64,43.58,48.67,48.12
2019-01-18 21:10:00,28.01,32.96,36.25,36.54,50.19,53.6,51.98,54.75,39.09,51.95,52.3,42.1,56.01,46.15,30.42,45.03,36.18,42.91,47.21,51.47,53.17,54.42,47.02,54.32,55.57,45.03,47.06,46.84,45.74,46.65,43.58,48.68,48.13
2019-01-18 21:15:00,28.02,32.97,36.26,36.55,50.2,53.61,51.99,54.75,39.09,51.96,52.31,42.11,56.02,46.16,30.43,45.04,36.18,42.92,47.21,51.48,53.18,54.43,47.03,54.33,55.57,45.03,47.07,46.85,45.75,46.65,43.58,48.68,48.13
2019-01-18 21:20:00,28.03,32.98,36.27,36.56,50.2,53.61,52.0,54.76,39.09,51.97,52.32,42.11,56.02,46.17,30.44,45.05,36.2,42.93,47.22,51.48,53.18,54.44,47.04,54.34,55.59,45.04,47.08,46.86,45.75,46.66,43.59,48.69,48.14
2019-01-18 21:25:00,28.04,32.99,36.28,36.57,50.21,53.62,52.01,54.78,39.09,51.98,52.33,42.12,56.03,46.19,30.46,45.06,36.21,42.94,47.22,51.49,53.19,54.45,47.05,54.35,55.6,45.05,47.09,46.86,45.76,46.67,43.59,48.7,48.15
2019-01-18 21:30:00,28.05,33.0,36.29,36.59,50.22,53.63,52.02,54.79,39.09,52.0,52.34,42.13,56.04,46.2,30.47,45.07,36.22,42.95,47.23,51.49,53.2,54.46,47.06,54.36,55.61,45.06,47.1,46.87,45.77,46.68,43.6,48.71,48.15
2019-01-18 21:35:00,28.07,33.01,36.3,36.6,50.23,53.64,52.03,54.8,39.09,52.01,52.35,42.13,56.05,46.21,30.49,45.09,36.24,42.97,47.24,51.5,53.21,54.47,47.07,54.37,55.62,45.07,47.12,46.89,45.78,46.69,43.6,48.72,48.16
2019-01-18 21:40:00,28.08,33.02,36.32,36.62,50.23,53.65,52.05,54.82,39.09,52.03,52.37,42.14,56.06,46.23,30.5,45.1,36.25,42.99,47.25,51.5,53.22,54.48,47.09,54.38,55.64,45.09,47.13,46.9,45.79,46.7,43.61,48.74,48.17
2019-01-18 21:45:00,28.09,33.04,36.33,36.64,50.24,53.66,52.07,54.83,39.09,52.04,52.38,42.15,56.07,46.25,30.52,45.12,36.27,43.0,47.26,51.51,53.23,54.49,47.11,54.4,55.66,45.1,47.15,46.91,45.8,46.72,43.61,48.75,48.18
2019-01-18 21:50:00,28.1,33.05,36.34,36.66,50.26,53.67,52.09,54.85,39.09,52.06,52.4,42.16,56.09,46.27,30.55,45.14,36.29,43.02,47.27,51.52,53.24,54.5,47.12,54.41,55.68,45.12,47.17,46.93,45.81,46.73,43.62,48.77,48.19
2019-01-18 21:55:00,28.11,33.06,36.35,36.68,50.27,53.69,52.11,54.87,39.09,52.08,52.42,42.17,56.1,46.29,30.57,45.16,36.32,43.05,47.28,51.53,53.25,54.52,47.14,54.43,55.7,45.14,47.19,46.95,45.83,46.75,43.63,48.78,48.21
2019-01-18 22:00:00,28.13,33.07,36.36,36.71,50.28,53.7,52.13,54.9,39.09,52.11,52.43,42.19,56.12,46.31,30.6,45.18,36.34,43.07,47.29,51.53,53.27,54.54,47.16,54.45,55.72,45.16,47.21,46.96,45.84,46.77,43.63,48.8,48.22
2019-01-18 22:05:00,28.14,33.09,36.37,36.73,50.29,53.71,52.15,54.92,39.09,52.13,52.45,42.2,56.13,46.33,30.62,45.2,36.36,43.09,47.31,51.54,53.28,54.55,47.19,54.46,55.74,45.17,47.23,46.98,45.85,46.78,43.64,48.82,48.23
2019-01-18 22:10:00,28.15,33.1,36.39,36.75,50.3,53.73,52.17,54.94,39.09,52.15,52.47,42.21,56.15,46.35,30.64,45.22,36.39,43.11,47.32,51.55,53.29,54.57,47.2,54.48,55.76,45.19,47.25,47.0,45.87,46.8,43.65,48.83,48.24
2019-01-18 22:15:00,28.17,33.11,36.4,36.77,50.31,53.74,52.19,54.95,39.09,52.16,52.48,42.22,56.16,46.37,30.66,45.24,36.41,43.13,47.33,51.56,53.3,54.58,47.22,54.49,55.78,45.21,47.26,47.01,45.88,46.81,43.65,48.85,48.26
2019-01-18 22:20:00,28.18,33.12,36.41,36.79,50.32,53.75,52.2,54.97,39.09,52.18,52.5,42.23,56.17,46.38,30.68,45.25,36.42,43.14,47.34,51.56,53.31,54.59,47.23,54.5,55.79,45.22,47.28,47.02,45.89,46.82,43.66,48.86,48.26
2019-01-18 22:25:00,28.19,33.14,36.42,36.8,50.33,53.75,52.21,54.98,39.09,52.19,52.51,42.23,56.18,46.4,30.69,45.26,36.43,43.15,47.34,51.57,53.32,54.59,47.24,54.51,55.8,45.23,47.29,47.03,45.89,46.83,43.66,48.87,48.27
2019-01-18 22:30:00,28.2,33.15,36.43,36.81,50.33,53.76,52.22,54.98,39.09,52.19,52.51,42.24,56.18,46.4,30.7,45.27,36.44,43.16,47.35,51.57,53.32,54.6,47.25,54.52,55.81,45.23,47.3,47.04,45.9,46.84,43.67,48.88,48.28
2019-01-18 22:35:00,28.21,33.16,36.44,36.82,50.33,53.76,52.23,54.99,39.09,52.2,52.52,42.24,56.19,46.41,30.71,45.28,36.45,43.17,47.35,51.57,53.33,54.6,47.26,54.52,55.82,45.24,47.3,47.04,45.9,46.84,43.67,48.88,48.28
2019-01-18 22:40:00,28.22,33.17,36.45,36.82,50.34,53.77,52.23,54.99,39.09,52.21,52.52,42.24,56.19,46.41,30.71,45.28,36.45,43.17,47.35,51.58,53.33,54.61,47.26,54.53,55.82,45.24,47.31,47.05,45.91,46.85,43.67,48.88,48.28
2019-01-18 22:45:00,28.24,33.18,36.47,36.83,50.34,53.77,52.24,55.0,39.09,52.21,52.53,42.25,56.19,46.42,30.72,45.29,36.46,43.18,47.35,51.58,53.33,54.61,47.27,54.53,55.83,45.25,47.31,47.05,45.91,46.85,43.67,48.89,48.29
2019-01-18 22:50:00,28.25,33.19,36.48,36.84,50.34,53.77,52.24,55.01,39.09,52.22,52.53,42.25,56.2,46.43,30.73,45.3,36.47,43.19,47.36,51.58,53.34,54.62,47.27,54.54,55.84,45.25,47.32,47.06,45.92,46.86,43.67,48.9,48.29
2019-01-18 22:55:00,28.26,33.2,36.49,36.85,50.35,53.78,52.25,55.02,39.09,52.23,52.54,42.26,56.21,46.44,30.74,45.31,36.48,43.2,47.36,51.58,53.34,54.62,47.28,54.54,55.85,45.26,47.33,47.07,45.92,46.87,43.68,48.9,48.3
2019-01-18 23:00:00,28.27,33.22,36.5,36.86,50.35,53.79,52.27,55.03,39.09,52.24,52.55,42.26,56.21,46.45,30.76,45.32,36.49,43.21,47.37,51.59,53.35,54.63,47.29,54.55,55.86,45.27,47.34,47.08,45.93,46.88,43.68,48.91,48.3
2019-01-18 23:05:00,28.29,33.23,36.51,36.87,50.36,53.79,52.28,55.04,39.09,52.25,52.56,42.27,56.22,46.46,30.77,45.33,36.51,43.22,47.38,51.59,53.36,54.64,47.31,54.56,55.87,45.28,47.35,47.09,45.94,46.89,43.69,48.92,48.31
2019-01-18 23:10:00,28.3,33.24,36.53,36.89,50.37,53.8,52.29,55.05,39.09,52.26,52.57,42.28,56.23,46.48,30.79,45.34,36.52,43.24,47.38,51.6,53.37,54.65,47.32,54.57,55.88,45.29,47.36,47.1,45.95,46.9,43.69,48.93,48.32
2019-01-18 23:15:00,28.31,33.25,36.54,36.9,50.38,53.81,52.3,55.06,39.09,52.27,52.59,42.29,56.24,46.49,30.8,45.36,36.53,43.25,47.39,51.6,53.37,54.66,47.33,54.58,55.9,45.31,47.38,47.11,45.96,46.91,43.7,48.95,48.33
2019-01-18 23:20:00,28.32,33.27,36.55,36.92,50.38,53.82,52.32,55.08,39.09,52.29,52.6,42.29,56.25,46.5,30.81,45.37,36.55,43.26,47.4,51.61,53.38,54.67,47.34,54.59,55.91,45.32,47.39,47.12,45.96,46.92,43.7,48.96,48.34
2019-01-18 23:25:00,28.34,33.28,36.56,36.93,50.39,53.82,52.33,55.09,39.09,52.3,52.61,42.3,56.26,46.51,30.83,45.38,36.56,43.27,47.41,51.61,53.39,54.67,47.35,54.6,55.92,45.33,47.4,47.13,45.97,46.93,43.7,48.96,48.34
2019-01-18 23:30:00,28.35,33.29,36.57,36.94,50.39,53.83,52.34,55.1,39.09,52.31,52.61,42.31,56.26,46.52,30.84,45.39,36.57,43.29,47.41,51.62,53.39,54.68,47.36,54.61,55.93,45.33,47.41,47.14,45.98,46.93,43.71,48.97,48.35
2019-01-18 23:35:00,28.36,33.31,36.59,36.95,50.4,53.84,52.35,55.11,39.09,52.32,52.62,42.31,56.27,46.53,30.85,45.4,36.58,43.3,47.42,51.62,53.4,54.69,47.37,54.62,55.94,45.34,47.42,47.15,45.99,46.94,43.71,48.98,48.36
2019-01-18 23:40:00,28.38,33.32,36.6,36.96,50.41,53.84,52.36,55.12,39.09,52.33,52.63,42.32,56.28,46.54,30.86,45.41,36.59,43.31,47.42,51.63,53.41,54.7,47.38,54.62,55.95,45.35,47.43,47.16,45.99,46.95,43.71,48.99,48.36
2019-01-18 23:45:00,28.39,33.33,36.61,36.97,50.41,53.85,52.37,55.13,39.09,52.34,52.64,42.32,56.29,46.56,30.88,45.42,36.61,43.32,47.43,51.63,53.41,54.7,47.39,54.63,55.96,45.36,47.44,47.16,46.0,46.96,43.72,49.0,48.37
2019-01-18 23:50:00,28.4,33.34,36.62,36.99,50.42,53.86,52.38,55.14,39.09,52.35,52.65,42.33,56.3,46.57,30.89,45.43,36.62,43.33,47.44,51.64,53.42,54.71,47.41,54.64,55.98,45.37,47.45,47.17,46.01,46.97,43.72,49.01,48.38
2019-01-18 23:55:00,28.41,33.36,36.64,37.0,50.43,53.87,52.39,55.15,39.09,52.36,52.66,42.34,56.31,46.58,30.91,45.45,36.63,43.35,47.44,51.64,53.43,54.72,47.42,54.65,55.99,45.38,47.46,47.19,46.02,46.98,43.73,49.02,48.38
2019-01-19 00:00:00,28.43,33.37,36.65,37.02,50.44,53.88,52.41,55.17,39.09,52.38,52.68,42.35,56.32,46.6,30.92,45.46,36.65,43.36,47.45,51.65,53.44,54.73,47.43,54.67,56.0,45.4,47.48,47.2,46.03,46.99,43.73,49.03,48.39
2019-01-19 00:05:00,28.44,33.38,36.66,37.04,50.44,53.89,52.42,55.18,39.09,52.39,52.69,42.35,56.33,46.61,30.94,45.48,36.67,43.38,47.46,51.65,53.45,54.74,47.45,54.68,56.02,45.41,47.49,47.21,46.03,47.0,43.74,49.04,48.4
2019-01-19 00:10:00,28.46,33.4,36.68,37.05,50.45,53.9,52.44,55.2,39.09,52.41,52.7,42.36,56.34,46.63,30.96,45.49,36.68,43.39,47.47,51.66,53.46,54.76,47.46,54.69,56.03,45.42,47.51,47.22,46.04,47.01,43.74,49.05,48.41
2019-01-19 00:15:00,28.47,33.41,36.69,37.07,50.46,53.91,52.45,55.21,39.09,52.42,52.71,42.37,56.35,46.64,30.97,45.51,36.7,43.41,47.48,51.67,53.47,54.77,47.48,54.7,56.05,45.43,47.52,47.23,46.05,47.02,43.75,49.07,48.42
2019-01-19 00:20:00,28.48,33.42,36.7,37.09,50.47,53.92,52.47,55.23,39.09,52.44,52.73,42.38,56.36,46.66,30.99,45.52,36.72,43.42,47.49,51.67,53.48,54.78,47.49,54.72,56.07,45.45,47.53,47.25,46.06,47.04,43.75,49.08,48.43
2019-01-19 00:25:00,28.5,33.44,36.72,37.1,50.48,53.93,52.49,55.24,39.09,52.46,52.74,42.39,56.37,46.68,31.01,45.54,36.73,43.44,47.5,51.68,53.49,54.79,47.51,54.73,56.08,45.46,47.55,47.26,46.07,47.05,43.76,49.09,48.44
2019-01-19 00:30:00,28.51,33.45,36.73,37.12,50.49,53.94,52.5,55.26,39.09,52.47,52.75,42.4,56.38,46.69,31.03,45.55,36.75,43.46,47.51,51.69,53.5,54.8,47.52,54.74,56.1,45.47,47.56,47.27,46.08,47.06,43.76,49.1,48.45
2019-01-19 00:35:00,28.52,33.47,36.74,37.14,50.5,53.95,52.52,55.28,39.09,52.49,52.77,42.4,56.39,46.71,31.05,45.57,36.77,43.47,47.52,51.69,53.51,54.82,47.54,54.76,56.11,45.49,47.58,47.28,46.09,47.07,43.77,49.12,48.46
2019-01-19 00:40:00,28.54,33.48,36.76,37.16,50.51,53.96,52.54,55.29,39.09,52.51,52.78,42.41,56.41,46.73,31.07,45.59,36.79,43.49,47.53,51.7,53.52,54.83,47.55,54.77,56.13,45.5,47.6,47.3,46.1,47.09,43.77,49.13,48.47
2019-01-19 00:45:00,28.55,33.49,36.77,37.18,50.52,53.98,52.56,55.31,39.09,52.53,52.8,42.42,56.42,46.75,31.09,45.61,36.81,43.51,47.54,51.71,53.53,54.85,47.57,54.79,56.15,45.52,47.61,47.31,46.12,47.1,43.78,49.14,48.48
2019-01-19 00:50:00,28.57,33.51,36.79,37.2,50.53,53.99,52.58,55.33,39.09,52.55,52.81,42.43,56.44,46.77,31.11,45.63,36.83,43.53,47.55,51.72,53.55,54.86,47.59,54.8,56.17,45.54,47.63,47.33,46.13,47.11,43.79,49.16,48.49
2019-01-19 00:55:00,28.58,33.52,36.8,37.22,50.54,54.0,52.6,55.35,39.09,52.57,52.83,42.44,56.45,46.79,31.13,45.65,36.85,43.55,47.56,51.72,53.56,54.88,47.61,54.82,56.19,45.55,47.65,47.34,46.14,47.13,43.79,49.17,48.5
2019-01-19 01:00:00,28.6,33.54,36.81,37.25,50.55,54.02,52.61,55.37,39.09,52.59,52.84,42.46,56.46,46.81,31.16,45.67,36.87,43.57,47.57,51.73,53.57,54.89,47.63,54.83,56.21,45.57,47.67,47.36,46.15,47.14,43.8,49.19,48.51
2019-01-19 01:05:00,28.61,33.55,36.83,37.27,50.57,54.03,52.63,55.39,39.09,52.61,52.86,42.46,56.48,46.83,31.18,45.68,36.9,43.59,47.58,51.74,53.58,54.9,47.65,54.85,56.23,45.59,47.68,47.37,46.16,47.16,43.8,49.2,48.52
2019-01-19 01:10:00,28.63,33.57,36.84,37.29,50.58,54.04,52.65,55.41,39.09,52.63,52.87,42.47,56.49,46.85,31.2,45.7,36.92,43.61,47.6,51.75,53.6,54.92,47.66,54.86,56.25,45.6,47.7,47.39,46.17,47.17,43.81,49.22,48.53
2019-01-19 01:15:00,28.64,33.58,36.86,37.31,50.59,54.06,52.67,55.42,39.09,52.65,52.89,42.48,56.5,46.86,31.22,45.72,36.93,43.63,47.61,51.75,53.61,54.93,47.68,54.88,56.27,45.62,47.72,47.4,46.18,47.18,43.82,49.23,48.54
2019-01-19 01:20:00,28.66,33.6,36.87,37.32,50.6,54.07,52.69,55.44,39.09,52.66,52.9,42.49,56.52,46.88,31.24,45.74,36.95,43.65,47.62,51.76,53.62,54.95,47.7,54.89,56.28,45.63,47.73,47.41,46.19,47.19,43.82,49.24,48.55
2019-01-19 01:25:00,28.67,33.61,36.89,37.34,50.61,54.08,52.7,55.46,39.09,52.68,52.91,42.5,56.53,46.9,31.25,45.75,36.97,43.67,47.63,51.77,53.63,54.96,47.71,54.91,56.3,45.64,47.75,47.43,46.2,47.21,43.83,49.25,48.56
2019-01-19 01:30:00,28.69,33.63,36.9,37.36,50.62,54.09,52.72,55.47,39.09,52.7,52.92,42.51,56.54,46.92,31.27,45.77,36.99,43.68,47.64,51.77,53.64,54.97,47.73,54.92,56.32,45.66,47.76,47.44,46.21,47.22,43.83,49.27,48.57
2019-01-19 01:35:00,28.7,33.64,36.92,37.38,50.63,54.1,52.73,55.49,39.09,52.72,52.94,42.52,56.55,46.93,31.29,45.78,37.01,43.7,47.64,51.78,53.65,54.98,47.74,54.93,56.33,45.67,47.78,47.45,46.22,47.23,43.84,49.28,48.58
2019-01-19 01:40:00,28.72,33.66,36.93,37.39,50.63,54.11,52.75,55.5,39.09,52.73,52.95,42.53,56.56,46.95,31.31,45.8,37.02,43.72,47.65,51.79,53.66,55.0,47.76,54.95,56.35,45.68,47.79,47.46,46.23,47.24,43.84,49.29,48.59
2019-01-19 01:45:00,28.73,33.67,36.95,37.41,50.64,54.12,52.77,55.52,39.09,52.75,52.96,42.53,56.57,46.97,31.33,45.81,37.04,43.73,47.66,51.79,53.67,55.01,47.77,54.96,56.37,45.7,47.81,47.48,46.24,47.25,43.85,49.3,48.6
2019-01-19 01:50:00,28.75,33.69,36.96,37.43,50.65,54.13,52.78,55.53,39.09,52.77,52.97,42.54,56.58,46.98,31.34,45.83,37.06,43.75,47.67,51.8,53.68,55.02,47.79,54.97,56.38,45.71,47.82,47.49,46.25,47.26,43.85,49.31,48.61
2019-01-19 01:55:00,28.76,33.7,36.97,37.45,50.66,54.14,52.8,55.55,39.09,52.78,52.99,42.55,56.59,47.0,31.36,45.84,37.07,43.76,47.68,51.81,53.69,55.03,47.8,54.98,56.4,45.72,47.83,47.5,46.26,47.27,43.86,49.32,48.61
2019-01-19 02:00:00,28.78,33.72,36.99,37.46,50.67,54.15,52.81,55.56,39.09,52.79,53.0,42.56,56.6,47.01,31.38,45.86,37.09,43.78,47.69,51.81,53.7,55.04,47.81,55.0,56.41,45.73,47.85,47.51,46.27,47.28,43.86,49.33,48.62
2019-01-19 02:05:00,28.79,33.73,37.0,37.47,50.68,54.16,52.82,55.57,39.09,52.81,53.01,42.56,56.61,47.02,31.39,45.87,37.1,43.79,47.7,51.82,53.71,55.05,47.83,55.01,56.42,45.74,47.86,47.52,46.28,47.29,43.86,49.34,48.63
2019-01-19 02:10:00,28.81,33.75,37.02,37.49,50.68,54.17,52.83,55.58,39.09,52.82,53.01,42.57,56.62,47.04,31.4,45.88,37.12,43.8,47.7,51.82,53.71,55.06,47.84,55.02,56.44,45.75,47.87,47.53,46.28,47.3,43.87,49.35,48.63
2019-01-19 02:15:00,28.82,33.76,37.03,37.5,50.69,54.18,52.85,55.6,39.09,52.83,53.02,42.57,56.63,47.05,31.42,45.89,37.13,43.81,47.71,51.83,53.72,55.07,47.85,55.02,56.45,45.76,47.88,47.54,46.29,47.31,43.87,49.36,48.64
2019-01-19 02:20:00,28.84,33.78,37.05,37.51,50.7,54.19,52.86,55.61,39.09,52.84,53.03,42.58,56.64,47.06,31.43,45.9,37.14,43.83,47.72,51.83,53.73,55.08,47.86,55.03,56.46,45.77,47.89,47.54,46.3,47.32,43.87,49.37,48.65
2019-01-19 02:25:00,28.85,33.79,37.06,37.52,50.7,54.19,52.87,55.62,39.09,52.86,53.04,42.58,56.65,47.07,31.44,45.92,37.15,43.84,47.72,51.84,53.74,55.09,47.87,55.04,56.47,45.78,47.9,47.55,46.3,47.32,43.88,49.38,48.65
2019-01-19 02:30:00,28.87,33.81,37.08,37.54,50.71,54.2,52.88,55.63,39.1,52.87,53.05,42.59,56.65,47.08,31.45,45.93,37.16,43.85,47.73,51.84,53.74,55.09,47.88,55.05,56.48,45.79,47.91,47.56,46.31,47.33,43.88,49.38,48.66
2019-01-19 02:35:00,28.88,33.82,37.09,37.55,50.72,54.21,52.89,55.64,39.1,52.88,53.06,42.6,56.66,47.09,31.47,45.94,37.18,43.86,47.74,51.85,53.75,55.1,47.89,55.06,56.49,45.8,47.92,47.57,46.31,47.34,43.88,49.39,48.67
2019-01-19 02:40:00,28.9,33.84,37.11,37.56,50.72,54.22,52.9,55.65,39.1,52.89,53.07,42.6,56.67,47.11,31.48,45.95,37.19,43.87,47.74,51.85,53.76,55.11,47.9,55.07,56.51,45.81,47.93,47.58,46.32,47.35,43.89,49.4,48.67
2019-01-19 02:45:00,28.91,33.85,37.12,37.58,50.73,54.23,52.92,55.66,39.1,52.91,53.08,42.61,56.68,47.12,31.49,45.96,37.2,43.89,47.75,51.86,53.77,55.12,47.91,55.08,56.52,45.82,47.94,47.59,46.33,47.36,43.89,49.41,48.68
2019-01-19 02:50:00,28.93,33.87,37.14,37.59,50.74,54.24,52.93,55.68,39.1,52.92,53.08,42.61,56.69,47.13,31.51,45.97,37.22,43.9,47.76,51.86,53.77,55.13,47.93,55.09,56.53,45.83,47.95,47.6,46.33,47.36,43.9,49.42,48.68
2019-01-19 02:55:00,28.94,33.88,37.16,37.6,50.74,54.24,52.94,55.69,39.1,52.93,53.09,42.62,56.7,47.14,31.52,45.98,37.23,43.91,47.77,51.86,53.78,55.14,47.94,55.1,56.54,45.84,47.96,47.6,46.34,47.37,43.9,49.42,48.69
2019-01-19 03:00:00,28.96,33.9,37.17,37.61,50.75,54.25,52.95,55.7,39.1,52.94,53.1,42.62,56.7,47.15,31.53,45.99,37.24,43.92,47.77,51.87,53.79,55.15,47.95,55.11,56.55,45.85,47.97,47.61,46.35,47.38,43.9,49.43,48.7
2019-01-19 03:05:00,28.97,33.92,37.19,37.62,50.76,54.26,52.96,55.71,39.1,52.95,53.11,42.63,56.71,47.16,31.54,46.0,37.25,43.93,47.78,51.87,53.79,55.16,47.95,55.12,56.56,45.86,47.98,47.62,46.35,47.38,43.9,49.44,48.7
2019-01-19 03:10:00,28.99,33.93,37.2,37.63,50.76,54.26,52.96,55.71,39.1,52.96,53.11,42.63,56.72,47.17,31.55,46.01,37.26,43.94,47.78,51.88,53.8,55.16,47.96,55.12,56.57,45.86,47.98,47.62,46.36,47.39,43.91,49.44,48.7
2019-01-19 03:15:00,29.0,33.95,37.22,37.64,50.76,54.27,52.97,55.72,39.1,52.97,53.12,42.63,56.72,47.18,31.56,46.02,37.27,43.94,47.79,51.88,53.8,55.17,47.97,55.13,56.57,45.87,47.99,47.63,46.36,47.39,43.91,49.45,48.71
2019-01-19 03:20:00,29.02,33.96,37.23,37.64,50.77,54.27,52.98,55.73,39.1,52.97,53.12,42.64,56.73,47.18,31.56,46.02,37.27,43.95,47.79,51.88,53.81,55.17,47.97,55.13,56.58,45.87,47.99,47.63,46.36,47.4,43.91,49.45,48.71
2019-01-19 03:25:00,29.03,33.98,37.25,37.65,50.77,54.28,52.98,55.73,39.1,52.98,53.13,42.64,56.73,47.19,31.57,46.03,37.28,43.96,47.79,51.88,53.81,55.18,47.98,55.14,56.59,45.88,48.0,47.64,46.37,47.4,43.91,49.46,48.71
2019-01-19 03:30:00,29.05,33.99,37.26,37.66,50.77,54.28,52.99,55.74,39.1,52.99,53.13,42.64,56.73,47.2,31.58,46.03,37.28,43.96,47.8,51.89,53.81,55.18,47.98,55.14,56.59,45.88,48.0,47.64,46.37,47.41,43.91,49.46,48.72
2019-01-19 03:35:00,29.07,34.01,37.28,37.66,50.78,54.28,52.99,55.74,39.1,52.99,53.13,42.64,56.74,47.2,31.58,46.04,37.29,43.97,47.8,51.89,53.82,55.19,47.99,55.15,56.6,45.89,48.01,47.64,46.37,47.41,43.91,49.46,48.72
2019-01-19 03:40:00,29.08,34.02,37.29,37.67,50.78,54.29,53.0,55.75,39.1,53.0,53.14,42.65,56.74,47.21,31.59,46.05,37.3,43.97,47.8,51.89,53.82,55.19,47.99,55.15,56.6,45.89,48.01,47.65,46.37,47.41,43.92,49.47,48.72
2019-01-19 03:45:00,29.1,34.04,37.31,37.68,50.78,54.29,53.01,55.75,39.1,53.01,53.14,42.65,56.75,47.21,31.6,46.05,37.3,43.98,47.81,51.89,53.83,55.2,48.0,55.16,56.61,45.9,48.02,47.65,46.38,47.42,43.92,49.47,48.73
2019-01-19 03:50:00,29.11,34.05,37.32,37.68,50.79,54.3,53.01,55.76,39.1,53.01,53.15,42.65,56.75,47.22,31.6,46.06,37.31,43.99,47.81,51.9,53.83,55.2,48.01,55.16,56.62,45.9,48.02,47.66,46.38,47.42,43.92,49.48,48.73
2019-01-19 03:55:00,29.13,34.07,37.34,37.69,50.79,54.3,53.02,55.77,39.1,53.02,53.15,42.66,56.76,47.23,31.61,46.06,37.32,43.99,47.81,51.9,53.83,55.2,48.01,55.17,56.62,45.91,48.03,47.66,46.38,47.42,43.92,49.48,48.73
2019-01-19 04:00:00,29.14,34.08,37.35,37.7,50.79,54.3,53.02,55.77,39.1,53.02,53.15,42.66,56.76,47.23,31.61,46.07,37.32,44.0,47.82,51.9,53.84,55.21,48.02,55.17,56.63,45.91,48.03,47.66,46.39,47.43,43.92,49.48,48.73
2019-01-19 04:05:00,29.16,34.1,37.37,37.7,50.8,54.31,53.03,55.77,39.1,53.03,53.16,42.66,56.76,47.24,31.62,46.07,37.33,44.0,47.82,51.9,53.84,55.21,48.02,55.18,56.63,45.91,48.04,47.67,46.39,47.43,43.92,49.49,48.74
2019-01-19 04:10:00,29.17,34.11,37.38,37.7,50.8,54.31,53.03,55.78,39.1,53.03,53.16,42.66,56.76,47.24,31.62,46.07,37.33,44.01,47.82,51.9,53.84,55.21,48.02,55.18,56.63,45.92,48.04,47.67,46.39,47.43,43.93,49.49,48.74
2019-01-19 04:15:00,29.19,34.13,37.4,37.71,50.8,54.31,53.03,55.78,39.1,53.03,53.16,42.66,56.77,47.24,31.63,46.08,37.33,44.01,47.82,51.9,53.84,55.22,48.02,55.18,56.64,45.92,48.04,47.67,46.39,47.43,43.93,49.49,48.74
2019-01-19 04:20:00,29.2,34.14,37.41,37.71,50.8,54.31,53.03,55.78,39.1,53.04,53.16,42.66,56.77,47.24,31.63,46.08,37.33,44.01,47.82,51.9,53.84,55.22,48.03,55.18,56.64,45.92,48.04,47.67,46.39,47.43,43.93,49.49,48.74
2019-01-19 04:25:00,29.22,34.16,37.43,37.71,50.8,54.31,53.03,55.78,39.1,53.04,53.16,42.66,56.77,47.24,31.63,46.08,37.34,44.01,47.82,51.9,53.84,55.22,48.03,55.18,56.64,45.92,48.04,47.67,46.39,47.44,43.93,49.49,48.74
2019-01-19 04:30:00,29.23,34.18,37.44,37.71,50.8,54.31,53.04,55.78,39.1,53.04,53.16,42.66,56.77,47.24,31.63,46.08,37.34,44.01,47.82,51.9,53.85,55.22,48.03,55.18,56.64,45.92,48.04,47.67,46.39,47.44,43.93,49.49,48.74
2019-01-19 04:35:00,29.25,34.19,37.46,37.71,50.8,54.31,53.04,55.78,39.1,53.04,53.16,42.66,56.77,47.25,31.63,46.08,37.34,44.01,47.82,51.91,53.85,55.22,48.03,55.18,56.64,45.92,48.04,47.67,46.39,47.44,43.93,49.49,48.74
2019-01-19 04:40:00,29.26,34.21,37.47,37.71,50.8,54.31,53.04,55.78,39.1,53.04,53.16,42.66,56.77,47.25,31.63,46.08,37.34,44.01,47.82,51.91,53.85,55.22,48.03,55.18,56.64,45.92,48.04,47.67,46.39,47.44,43.93,49.49,48.74
2019-01-19 04:45:00,29.28,34.22,37.49,37.71,50.8,54.32,53.04,55.78,39.1,53.04,53.16,42.66,56.77,47.25,31.63,46.08,37.34,44.01,47.82,51.91,53.85,55.22,48.03,55.18,56.64,45.92,48.05,47.67,46.39,47.44,43.93,49.49,48.74
2019-01-19 04:50:00,29.29,34.24,37.51,37.71,50.8,54.32,53.04,55.79,39.1,53.04,53.17,42.66,56.77,47.25,31.63,46.08,37.34,44.01,47.83,51.91,53.85,55.22,48.03,55.19,56.64,45.92,48.05,47.67,46.39,47.44,43.93,49.49,48.74
2019-01-19 04:55:00,29.31,34.25,37.52,37.71,50.8,54.32,53.04,55.79,39.1,53.04,53.17,42.66,56.77,47.25,31.63,46.08,37.34,44.01,47.83,51.91,53.85,55.22,48.03,55.19,56.64,45.92,48.05,47.68,46.39,47.44,43.93,49.49,48.74
2019-01-19 05:00:00,29.32,34.27,37.54,37.71,50.8,54.32,53.04,55.79,39.1,53.04,53.17,42.66,56.77,47.25,31.63,46.08,37.34,44.01,47.83,51.91,53.85,55.22,48.03,55.19,56.64,45.92,48.05,47.67,46.39,47.44,43.93,49.49,48.74
2019-01-19 05:05:00,29.34,34.28,37.55,37.71,50.8,54.32,53.04,55.78,39.1,53.04,53.16,42.66,56.77,47.25,31.63,46.08,37.34,44.01,47.83,51.91,53.85,55.22,48.03,55.18,56.64,45.92,48.05,47.67,46.39,47.44,43.93,49.49,48.74
2019-01-19 05:10:00,29.34,34.29,37.56,38.23,50.91,54.44,53.29,56.02,39.1,53.3,53.3,42.75,56.92,47.54,32.06,46.37,37.75,44.3,47.93,51.99,53.97,55.37,48.28,55.36,56.9,46.13,48.24,47.82,46.49,47.55,43.98,49.61,48.83
2019-01-19 05:15:00,29.34,34.28,37.55,38.23,50.91,54.44,53.29,56.02,39.1,53.3,53.3,42.75,56.92,47.54,32.06,46.37,37.75,44.3,47.93,51.99,53.97,55.37,48.28,55.36,56.9,46.13,48.24,47.82,46.49,47.55,43.98,49.61,48.83
2019-01-19 05:20:00,29.34,34.28,37.55,38.22,50.91,54.44,53.29,56.02,39.1,53.3,53.3,42.75,56.92,47.54,32.06,46.37,37.75,44.3,47.93,51.99,53.97,55.37,48.28,55.36,56.9,46.13,48.24,47.82,46.49,47.55,43.98,49.61,48.83
2019-01-19 05:25:00,29.33,34.27,37.54,38.22,50.91,54.44,53.29,56.02,39.1,53.3,53.29,42.75,56.92,47.53,32.05,46.37,37.75,44.3,47.93,51.99,53.97,55.37,48.27,55.35,56.89,46.12,48.23,47.81,46.49,47.55,43.98,49.61,48.83
2019-01-19 05:30:00,29.33,34.27,37.54,38.22,50.91,54.43,53.28,56.02,39.1,53.29,53.29,42.75,56.92,47.53,32.05,46.37,37.74,44.29,47.93,51.99,53.97,55.36,48.27,55.35,56.89,46.12,48.23,47.81,46.48,47.55,43.97,49.6,48.82
2019-01-19 05:35:00,29.32,34.27,37.54,38.21,50.9,54.43,53.28,56.01,39.1,53.29,53.29,42.74,56.91,47.53,32.05,46.36,37.74,44.29,47.92,51.99,53.96,55.36,48.27,55.35,56.89,46.12,48.23,47.81,46.48,47.54,43.97,49.6,48.82
2019-01-19 05:40:00,29.32,34.26,37.53,38.21,50.9,54.43,53.27,56.01,39.1,53.29,53.28,42.74,56.91,47.52,32.04,46.36,37.74,44.28,47.92,51.98,53.96,55.36,48.26,55.34,56.88,46.11,48.22,47.8,46.48,47.54,43.97,49.6,48.82
2019-01-19 05:45:00,29.31,34.26,37.53,38.2,50.9,54.42,53.27,56.0,39.1,53.28,53.28,42.74,56.91,47.52,32.04,46.35,37.73,44.28,47.92,51.98,53.96,55.35,48.26,55.34,56.88,46.11,48.22,47.8,46.47,47.54,43.97,49.59,48.81
2019-01-19 05:50:00,29.31,34.25,37.52,38.2,50.89,54.42,53.26,56.0,39.1,53.27,53.27,42.73,56.9,47.51,32.03,46.35,37.72,44.27,47.91,51.98,53.95,55.35,48.25,55.33,56.87,46.1,48.21,47.79,46.47,47.53,43.97,49.59,48.81
2019-01-19 05:55:00,29.3,34.25,37.52,38.19,50.89,54.41,53.26,55.99,39.1,53.27,53.27,42.73,56.9,47.5,32.02,46.34,37.72,44.27,47.91,51.98,53.95,55.34,48.25,55.33,56.86,46.1,48.21,47.79,46.47,47.52,43.96,49.58,48.81
2019-01-19 06:00:00,29.3,34.24,37.51,38.18,50.88,54.41,53.25,55.98,39.1,53.26,53.26,42.73,56.89,47.49,32.01,46.33,37.71,44.26,47.91,51.97,53.94,55.34,48.24,55.32,56.86,46.09,48.2,47.78,46.46,47.52,43.96,49.57,48.8
2019-01-19 06:05:00,29.29,34.23,37.51,38.17,50.88,54.4,53.24,55.97,39.1,53.25,53.25,42.72,56.88,47.49,32.0,46.32,37.7,44.25,47.9,51.97,53.94,55.33,48.23,55.31,56.85,46.08,48.19,47.77,46.45,47.51,43.96,49.57,48.8
2019-01-19 06:10:00,29.29,34.23,37.5,38.16,50.87,54.4,53.23,55.96,39.1,53.24,53.24,42.71,56.88,47.47,31.99,46.31,37.69,44.24,47.89,51.96,53.93,55.32,48.22,55.31,56.84,46.07,48.18,47.76,46.45,47.5,43.95,49.56,48.79
2019-01-19 06:15:00,29.28,34.22,37.49,38.15,50.87,54.39,53.22,55.95,39.1,53.23,53.23,42.71,56.87,47.46,31.98,46.3,37.68,44.23,47.89,51.96,53.92,55.31,48.21,55.3,56.83,46.06,48.17,47.76,46.44,47.49,43.95,49.55,48.78
2019-01-19 06:20:00,29.27,34.21,37.49,38.14,50.86,54.38,53.21,55.94,39.1,53.22,53.22,42.7,56.86,47.45,31.97,46.29,37.66,44.21,47.88,51.95,53.91,55.3,48.2,55.29,56.81,46.05,48.16,47.74,46.43,47.48,43.95,49.54,48.77
2019-01-19 06:25:00,29.26,34.2,37.48,38.12,50.85,54.37,53.19,55.93,39.1,53.2,53.21,42.69,56.85,47.44,31.95,46.28,37.65,44.2,47.87,51.95,53.9,55.29,48.19,55.27,56.8,46.04,48.14,47.73,46.42,47.47,43.94,49.53,48.76
2019-01-19 06:30:00,29.26,34.2,37.47,38.11,50.84,54.36,53.18,55.91,39.1,53.19,53.2,42.69,56.84,47.42,31.94,46.26,37.64,44.19,47.86,51.94,53.9,55.28,48.17,55.26,56.79,46.03,48.13,47.72,46.41,47.46,43.94,49.51,48.76
2019-01-19 06:35:00,29.25,34.19,37.46,38.09,50.83,54.35,53.16,55.9,39.1,53.17,53.19,42.68,56.83,47.41,31.92,46.25,37.62,44.17,47.85,51.94,53.89,55.27,48.16,55.25,56.77,46.02,48.12,47.71,46.4,47.45,43.93,49.5,48.75
2019-01-19 06:40:00,29.24,34.18,37.46,38.08,50.82,54.34,53.15,55.88,39.1,53.16,53.17,42.67,56.82,47.39,31.9,46.24,37.61,44.16,47.84,51.93,53.88,55.26,48.14,55.24,56.76,46.01,48.1,47.7,46.39,47.44,43.93,49.49,48.74
2019-01-19 06:45:00,29.23,34.17,37.45,38.06,50.81,54.33,53.13,55.87,39.1,53.14,53.16,42.66,56.8,47.38,31.89,46.22,37.59,44.14,47.83,51.92,53.86,55.25,48.13,55.22,56.74,45.99,48.09,47.68,46.38,47.42,43.92,49.48,48.73
2019-01-19 06:50:00,29.22,34.16,37.44,38.05,50.8,54.31,53.12,55.85,39.1,53.12,53.14,42.65,56.79,47.36,31.87,46.21,37.57,44.12,47.82,51.92,53.85,55.23,48.11,55.21,56.72,45.98,48.07,47.67,46.37,47.41,43.91,49.46,48.72
2019-01-19 06:55:00,29.21,34.15,37.43,38.03,50.79,54.3,53.1,55.84,39.1,53.11,53.13,42.64,56.78,47.34,31.85,46.19,37.55,44.11,47.81,51.91,53.84,55.22,48.1,55.2,56.71,45.96,48.05,47.65,46.36,47.4,43.91,49.45,48.71
2019-01-19 07:00:00,29.2,34.14,37.42,38.01,50.78,54.29,53.08,55.82,39.1,53.09,53.11,42.63,56.77,47.32,31.83,46.17,37.54,44.09,47.8,51.9,53.83,55.2,48.08,55.18,56.69,45.95,48.04,47.64,46.35,47.38,43.9,49.43,48.69
2019-01-19 07:05:00,29.19,34.13,37.41,37.99,50.77,54.27,53.06,55.8,39.1,53.07,53.09,42.62,56.75,47.3,31.81,46.15,37.51,44.07,47.79,51.89,53.82,55.19,48.06,55.16,56.67,45.93,48.02,47.62,46.33,47.36,43.89,49.41,48.68
2019-01-19 07:10:00,29.18,34.12,37.4,37.97,50.76,54.26,53.04,55.78,39.1,53.05,53.08,42.6,56.73,47.28,31.78,46.13,37.49,44.05,47.77,51.88,53.8,55.17,48.04,55.15,56.65,45.91,48.0,47.6,46.32,47.35,43.89,49.4,48.67
2019-01-19 07:15:00,29.17,34.11,37.39,37.94,50.74,54.24,53.02,55.76,39.1,53.02,53.06,42.59,56.72,47.26,31.76,46.11,37.47,44.02,47.76,51.87,53.79,55.15,48.02,55.13,56.62,45.89,47.98,47.59,46.3,47.33,43.88,49.38,48.65
2019-01-19 07:20:00,29.16,34.1,37.38,37.92,50.73,54.23,53.0,55.73,39.1,53.0,53.04,42.58,56.7,47.24,31.73,46.09,37.45,44.0,47.75,51.86,53.77,55.14,48.0,55.11,56.6,45.87,47.95,47.57,46.29,47.31,43.87,49.36,48.64
2019-01-19 07:25:00,29.15,34.09,37.37,37.9,50.71,54.21,52.97,55.71,39.1,52.98,53.01,42.56,56.68,47.21,31.71,46.07,37.42,43.98,47.73,51.85,53.76,55.12,47.98,55.09,56.58,45.85,47.93,47.55,46.27,47.29,43.86,49.34,48.62
2019-01-19 07:30:00,29.13,34.08,37.36,37.87,50.7,54.19,52.95,55.69,39.1,52.95,52.99,42.55,56.67,47.19,31.68,46.04,37.4,43.95,47.72,51.84,53.74,55.1,47.95,55.07,56.55,45.83,47.91,47.53,46.26,47.27,43.85,49.32,48.61
2019-01-19 07:35:00,29.12,34.07,37.35,37.85,50.69,54.18,52.93,55.66,39.1,52.93,52.97,42.54,56.65,47.17,31.66,46.02,37.37,43.93,47.7,51.83,53.72,55.08,47.93,55.05,56.53,45.81,47.89,47.51,46.24,47.25,43.84,49.3,48.59
2019-01-19 07:40:00,29.11,34.05,37.34,37.82,50.67,54.16,52.9,55.64,39.1,52.9,52.95,42.52,56.63,47.14,31.63,46.0,37.35,43.9,47.69,51.82,53.71,55.06,47.91,55.03,56.51,45.79,47.86,47.49,46.22,47.23,43.84,49.28,48.58
2019-01-19 07:45:00,29.1,34.04,37.33,37.8,50.66,54.14,52.88,55.62,39.1,52.88,52.93,42.51,56.61,47.12,31.61,45.97,37.33,43.88,47.67,51.81,53.69,55.04,47.89,55.01,56.48,45.77,47.84,47.47,46.21,47.21,43.83,49.26,48.56
2019-01-19 07:50:00,29.09,34.03,37.32,37.78,50.64,54.13,52.86,55.6,39.1,52.85,52.91,42.5,56.6,47.1,31.58,45.95,37.3,43.86,47.66,51.8,53.68,55.02,47.87,54.99,56.46,45.75,47.82,47.45,46.19,47.2,43.82,49.24,48.55
2019-01-19 07:55:00,29.08,34.02,37.31,37.76,50.63,54.11,52.84,55.57,39.09,52.83,52.89,42.48,56.58,47.07,31.56,45.93,37.28,43.84,47.65,51.8,53.66,55.01,47.85,54.97,56.44,45.74,47.8,47.43,46.18,47.18,43.81,49.22,48.54
2019-01-19 08:00:00,29.06,34.01,37.3,37.73,50.62,54.09,52.82,55.55,39.09,52.81,52.88,42.47,56.57,47.05,31.54,45.91,37.26,43.81,47.63,51.79,53.65,54.99,47.83,54.95,56.42,45.72,47.78,47.41,46.17,47.16,43.81,49.21,48.52
2019-01-19 08:05:00,29.05,34.0,37.28,37.71,50.6,54.08,52.8,55.53,39.09,52.79,52.86,42.46,56.55,47.03,31.51,45.89,37.24,43.79,47.62,51.78,53.63,54.97,47.81,54.94,56.4,45.7,47.76,47.4,46.15,47.15,43.8,49.19,48.51
2019-01-19 08:10:00,29.04,33.98,37.27,37.69,50.59,54.07,52.78,55.52,39.09,52.77,52.84,42.45,56.54,47.01,31.49,45.87,37.22,43.77,47.61,51.77,53.62,54.96,47.79,54.92,56.38,45.68,47.74,47.38,46.14,47.13,43.79,49.17,48.5
2019-01-19 08:15:00,29.03,33.97,37.26,37.67,50.58,54.05,52.76,55.5,39.09,52.75,52.82,42.44,56.52,46.99,31.47,45.86,37.2,43.75,47.59,51.76,53.61,54.94,47.77,54.9,56.36,45.67,47.72,47.36,46.12,47.11,43.78,49.16,48.49
2019-01-19 08:20:00,29.01,33.96,37.25,37.65,50.57,54.04,52.74,55.48,39.09,52.73,52.81,42.43,56.51,46.97,31.45,45.84,37.18,43.73,47.58,51.75,53.59,54.93,47.75,54.89,56.34,45.65,47.7,47.35,46.11,47.1,43.78,49.14,48.47
2019-01-19 08:25:00,29.0,33.95,37.24,37.63,50.56,54.02,52.72,55.46,39.09,52.71,52.79,42.42,56.49,46.95,31.43,45.82,37.16,43.71,47.57,51.74,53.58,54.91,47.73,54.87,56.32,45.63,47.69,47.33,46.1,47.08,43.77,49.12,48.46
2019-01-19 08:30:00,28.99,33.94,37.23,37.61,50.54,54.01,52.7,55.44,39.09,52.69,52.77,42.4,56.48,46.93,31.41,45.8,37.14,43.7,47.56,51.74,53.57,54.9,47.72,54.85,56.3,45.62,47.67,47.31,46.09,47.07,43.76,49.11,48.45
2019-01-19 08:35:00,28.98,33.92,37.21,37.59,50.53,54.0,52.68,55.42,39.09,52.67,52.76,42.39,56.46,46.92,31.39,45.78,37.12,43.68,47.55,51.73,53.56,54.88,47.7,54.84,56.28,45.6,47.65,47.3,46.07,47.05,43.76,49.09,48.44
2019-01-19 08:40:00,28.96,33.91,37.2,37.58,50.52,53.98,52.66,55.4,39.09,52.65,52.74,42.38,56.45,46.9,31.37,45.77,37.1,43.66,47.54,51.72,53.54,54.87,47.68,54.82,56.26,45.59,47.63,47.28,46.06,47.04,43.75,49.08,48.43
2019-01-19 08:45:00,28.95,33.9,37.19,37.56,50.51,53.97,52.65,55.39,39.09,52.63,52.73,42.37,56.44,46.88,31.35,45.75,37.09,43.64,47.53,51.71,53.53,54.85,47.67,54.81,56.25,45.57,47.62,47.27,46.05,47.03,43.74,49.06,48.42
2019-01-19 08:50:00,28.94,33.89,37.18,37.54,50.5,53.96,52.63,55.37,39.09,52.62,52.71,42.37,56.43,46.87,31.33,45.73,37.07,43.63,47.52,51.71,53.52,54.84,47.65,54.8,56.23,45.56,47.6,47.26,46.04,47.01,43.74,49.05,48.41
2019-01-19 08:55:00,28.93,33.88,37.17,37.53,50.49,53.95,52.62,55.36,39.09,52.6,52.7,42.36,56.42,46.85,31.32,45.72,37.06,43.61,47.51,51.7,53.51,54.83,47.64,54.79,56.22,45.55,47.59,47.25,46.03,47.0,43.73,49.04,48.4
2019-01-19 09:00:00,28.92,33.86,37.16,37.52,50.49,53.94,52.6,55.35,39.09,52.59,52.69,42.35,56.41,46.84,31.3,45.71,37.04,43.6,47.5,51.7,53.5,54.82,47.63,54.77,56.2,45.54,47.58,47.23,46.02,46.99,43.73,49.03,48.39
2019-01-19 09:05:00,28.9,33.85,37.15,37.5,50.48,53.93,52.59,55.33,39.09,52.58,52.68,42.34,56.4,46.83,31.29,45.7,37.03,43.59,47.49,51.69,53.5,54.81,47.62,54.76,56.19,45.53,47.56,47.22,46.01,46.98,43.72,49.02,48.38
2019-01-19 09:10:00,28.89,33.84,37.13,37.49,50.47,53.92,52.58,55.32,39.09,52.56,52.67,42.34,56.39,46.81,31.28,45.69,37.02,43.58,47.48,51.69,53.49,54.8,47.6,54.75,56.18,45.52,47.55,47.22,46.01,46.97,43.72,49.01,48.37
2019-01-19 09:15:00,28.88,33.83,37.12,37.48,50.46,53.91,52.57,55.31,39.09,52.55,52.66,42.33,56.38,46.8,31.27,45.68,37.01,43.56,47.48,51.68,53.48,54.79,47.59,54.74,56.17,45.51,47.54,47.21,46.0,46.96,43.72,49.0,48.37
2019-01-19 09:20:00,28.87,33.82,37.11,37.47,50.46,53.91,52.56,55.3,39.09,52.54,52.65,42.32,56.37,46.79,31.25,45.67,37.0,43.55,47.47,51.68,53.47,54.78,47.59,54.74,56.16,45.5,47.53,47.2,45.99,46.96,43.71,48.99,48.36
2019-01-19 09:25:00,28.86,33.81,37.1,37.46,50.45,53.9,52.55,55.29,39.09,52.53,52.64,42.32,56.37,46.78,31.24,45.66,36.99,43.54,47.46,51.67,53.47,54.78,47.58,54.73,56.15,45.49,47.53,47.19,45.99,46.95,43.71,48.98,48.36
2019-01-19 09:30:00,28.85,33.8,37.09,37.45,50.45,53.89,52.54,55.28,39.09,52.52,52.64,42.31,56.36,46.77,31.24,45.65,36.98,43.54,47.46,51.67,53.46,54.77,47.57,54.72,56.14,45.48,47.52,47.18,45.98,46.94,43.71,48.98,48.35
2019-01-19 09:35:00,28.84,33.78,37.08,37.44,50.44,53.89,52.53,55.28,39.09,52.51,52.63,42.31,56.35,46.77,31.23,45.64,36.97,43.53,47.45,51.66,53.46,54.76,47.56,54.71,56.13,45.48,47.51,47.18,45.98,46.93,43.7,48.97,48.34
2019-01-19 09:40:00,28.83,33.77,37.07,37.44,50.44,53.88,52.53,55.27,39.09,52.51,52.62,42.31,56.35,46.76,31.22,45.63,36.96,43.52,47.45,51.66,53.45,54.76,47.55,54.71,56.13,45.47,47.5,47.17,45.97,46.93,43.7,48.96,48.34
2019-01-19 09:45:00,28.82,33.76,37.06,37.43,50.43,53.88,52.52,55.26,39.09,52.5,52.62,42.3,56.34,46.75,31.21,45.63,36.96,43.51,47.45,51.66,53.45,54.75,47.55,54.7,56.12,45.47,47.5,47.17,45.97,46.92,43.7,48.96,48.34
2019-01-19 09:50:00,28.8,33.75,37.05,37.42,50.43,53.87,52.52,55.26,39.09,52.49,52.61,42.3,56.34,46.75,31.21,45.62,36.95,43.51,47.44,51.66,53.44,54.75,47.54,54.7,56.12,45.46,47.49,47.16,45.96,46.92,43.7,48.96,48.33
2019-01-19 09:55:00,28.79,33.74,37.04,37.42,50.43,53.87,52.51,55.25,39.09,52.49,52.61,42.3,56.34,46.74,31.2,45.62,36.95,43.51,47.44,51.65,53.44,54.74,47.54,54.69,56.11,45.46,47.49,47.16,45.96,46.92,43.7,48.95,48.33
2019-01-19 10:00:00,28.78,33.73,37.03,37.42,50.42,53.87,52.51,55.25,39.09,52.49,52.61,42.3,56.33,46.74,31.2,45.62,36.94,43.5,47.44,51.65,53.44,54.74,47.54,54.69,56.11,45.46,47.49,47.16,45.96,46.91,43.7,48.95,48.33
2019-01-19 10:05:00,28.77,33.72,37.02,37.41,50.42,53.86,52.51,55.25,39.09,52.48,52.61,42.29,56.33,46.74,31.2,45.61,36.94,43.5,47.43,51.65,53.43,54.74,47.53,54.69,56.1,45.45,47.48,47.15,45.96,46.91,43.69,48.95,48.33
2019-01-19 10:10:00,28.76,33.71,37.01,37.41,50.42,53.86,52.5,55.25,39.09,52.48,52.6,42.29,56.33,46.73,31.19,45.61,36.94,43.5,47.43,51.65,53.43,54.74,47.53,54.69,56.1,45.45,47.48,47.15,45.95,46.91,43.69,48.94,48.33
2019-01-19 10:15:00,28.75,33.7,37.0,37.41,50.42,53.86,52.5,55.24,39.09,52.48,52.6,42.29,56.33,46.73,31.19,45.61,36.93,43.49,47.43,51.65,53.43,54.73,47.53,54.68,56.1,45.45,47.48,47.15,45.95,46.91,43.69,48.94,48.32
2019-01-19 10:20:00,28.74,33.69,36.99,37.4,50.42,53.86,52.5,55.24,39.09,52.47,52.6,42.29,56.33,46.73,31.19,45.6,36.93,43.49,47.43,51.65,53.43,54.73,47.52,54.68,56.09,45.45,47.47,47.15,45.95,46.91,43.69,48.94,48.32
2019-01-19 10:25:00,28.73,33.68,36.97,37.4,50.42,53.86,52.49,55.24,39.09,52.47,52.6,42.29,56.32,46.72,31.18,45.6,36.93,43.49,47.43,51.65,53.43,54.73,47.52,54.68,56.09,45.44,47.47,47.14,45.95,46.9,43.69,48.94,48.32
2019-01-19 10:30:00,28.72,33.67,36.96,37.4,50.41,53.85,52.49,55.23,39.09,52.47,52.59,42.29,56.32,46.72,31.18,45.6,36.92,43.48,47.42,51.65,53.42,54.73,47.52,54.68,56.09,45.44,47.47,47.14,45.95,46.9,43.69,48.94,48.32
2019-01-19 10:35:00,28.71,33.66,36.95,37.4,50.41,53.85,52.49,55.23,39.09,52.46,52.59,42.28,56.32,46.72,31.18,45.6,36.92,43.48,47.42,51.64,53.42,54.72,47.52,54.67,56.09,45.44,47.47,47.14,45.95,46.9,43.69,48.93,48.32
2019-01-19 10:40:00,28.7,33.65,36.94,37.39,50.41,53.85,52.49,55.23,39.09,52.46,52.59,42.28,56.32,46.72,31.18,45.6,36.92,43.48,47.42,51.64,53.42,54.72,47.51,54.67,56.08,45.44,47.46,47.14,45.94,46.9,43.69,48.93,48.32
2019-01-19 10:45:00,28.69,33.64,36.93,37.39,50.41,53.85,52.49,55.23,39.09,52.46,52.59,42.28,56.32,46.72,31.17,45.59,36.92,43.48,47.42,51.64,53.42,54.72,47.51,54.67,56.08,45.44,47.46,47.14,45.94,46.9,43.69,48.93,48.31
2019-01-19 10:50:00,28.68,33.63,36.92,37.39,50.41,53.85,52.48,55.23,39.09,52.46,52.59,42.28,56.32,46.72,31.17,45.59,36.92,43.48,47.42,51.64,53.42,54.72,47.51,54.67,56.08,45.44,47.46,47.14,45.94,46.9,43.69,48.93,48.31
2019-01-19 10:55:00,28.67,33.62,36.91,37.39,50.41,53.85,52.48,55.23,39.09,52.46,52.59,42.28,56.32,46.72,31.17,45.59,36.92,43.48,47.42,51.64,53.42,54.72,47.51,54.67,56.08,45.44,47.46,47.14,45.94,46.9,43.69,48.93,48.31
2019-01-19 11:00:00,28.66,33.61,36.9,37.39,50.41,53.85,52.48,55.23,39.09,52.46,52.59,42.28,56.32,46.72,31.17,45.59,36.92,43.48,47.42,51.64,53.42,54.72,47.51,54.67,56.08,45.44,47.46,47.14,45.94,46.9,43.69,48.93,48.31
2019-01-19 11:05:00,28.65,33.6,36.89,37.39,50.41,53.85,52.49,55.23,39.09,52.46,52.59,42.28,56.32,46.72,31.17,45.59,36.92,43.48,47.42,51.64,53.42,54.72,47.51,54.67,56.08,45.44,47.46,47.14,45.94,46.9,43.69,48.93,48.32
2019-01-19 11:10:00,28.64,33.59,36.88,37.39,50.41,53.85,52.49,55.23,39.09,52.46,52.59,42.28,56.32,46.72,31.18,45.6,36.92,43.48,47.42,51.64,53.42,54.72,47.52,54.67,56.08,45.44,47.47,47.14,45.95,46.9,43.69,48.93,48.32
2019-01-19 11:15:00,28.63,33.58,36.87,37.4,50.41,53.85,52.49,55.23,39.09,52.46,52.59,42.29,56.32,46.72,31.18,45.6,36.92,43.48,47.42,51.64,53.42,54.72,47.52,54.67,56.09,45.44,47.47,47.14,45.95,46.9,43.69,48.93,48.32
2019-01-19 11:20:00,28.62,33.57,36.86,37.4,50.41,53.85,52.49,55.23,39.09,52.46,52.59,42.29,56.32,46.72,31.18,45.6,36.92,43.48,47.42,51.64,53.42,54.72,47.52,54.67,56.09,45.44,47.47,47.14,45.95,46.9,43.69,48.94,48.32
2019-01-19 11:25:00,28.61,33.56,36.85,37.4,50.41,53.85,52.49,55.23,39.09,52.46,52.59,42.29,56.32,46.72,31.18,45.6,36.92,43.48,47.42,51.65,53.42,54.72,47.52,54.67,56.09,45.44,47.47,47.14,45.95,46.9,43.69,48.94,48.32
2019-01-19 11:30:00,28.6,33.55,36.84,37.4,50.41,53.85,52.49,55.23,39.09,52.46,52.6,42.29,56.32,46.72,31.18,45.6,36.93,43.48,47.42,51.65,53.42,54.72,47.52,54.67,56.09,45.44,47.47,47.14,45.95,46.9,43.69,48.94,48.32
2019-01-19 11:35:00,28.59,33.54,36.83,37.4,50.41,53.85,52.49,55.24,39.09,52.47,52.6,42.29,56.32,46.72,31.18,45.6,36.93,43.49,47.43,51.65,53.42,54.73,47.52,54.68,56.09,45.44,47.47,47.14,45.95,46.9,43.69,48.94,48.32
2019-01-19 11:40:00,28.58,33.53,36.82,37.4,50.41,53.85,52.49,55.24,39.09,52.47,52.6,42.29,56.32,46.73,31.19,45.6,36.93,43.49,47.43,51.65,53.43,54.73,47.52,54.68,56.09,45.44,47.47,47.15,45.95,46.91,43.69,48.94,48.32
2019-01-19 11:45:00,28.57,33.52,36.82,37.4,50.41,53.85,52.5,55.24,39.09,52.47,52.6,42.29,56.32,46.73,31.19,45.6,36.93,43.49,47.43,51.65,53.43,54.73,47.52,54.68,56.09,45.45,47.47,47.15,45.95,46.91,43.69,48.94,48.32
2019-01-19 11:50:00,28.56,33.51,36.81,37.4,50.42,53.85,52.5,55.24,39.09,52.47,52.6,42.29,56.32,46.73,31.19,45.61,36.93,43.49,47.43,51.65,53.43,54.73,47.52,54.68,56.09,45.45,47.48,47.15,45.95,46.91,43.69,48.94,48.32
2019-01-19 11:55:00,28.55,33.5,36.8,37.41,50.42,53.86,52.5,55.24,39.09,52.47,52.6,42.29,56.33,46.73,31.19,45.61,36.93,43.49,47.43,51.65,53.43,54.73,47.53,54.68,56.1,45.45,47.48,47.15,45.95,46.91,43.69,48.94,48.32
2019-01-19 12:00:00,28.54,33.49,36.79,37.41,50.42,53.86,52.5,55.24,39.09,52.47,52.6,42.29,56.33,46.73,31.19,45.61,36.93,43.49,47.43,51.65,53.43,54.73,47.53,54.68,56.1,45.45,47.48,47.15,45.95,46.91,43.69,48.94,48.32
2019-01-19 12:05:00,28.53,33.48,36.78,37.41,50.42,53.86,52.5,55.24,39.09,52.47,52.6,42.29,56.33,46.73,31.19,45.61,36.93,43.49,47.43,51.65,53.43,54.73,47.53,54.68,56.1,45.45,47.48,47.15,45.96,46.91,43.69,48.95,48.33
2019-01-19 12:10:00,28.52,33.47,36.77,37.41,50.42,53.86,52.5,55.24,39.09,52.47,52.61,42.29,56.33,46.73,31.19,45.61,36.94,43.49,47.43,51.65,53.43,54.73,47.53,54.68,56.1,45.45,47.48,47.15,45.96,46.91,43.69,48.95,48.33
2019-01-19 12:15:00,28.52,33.46,36.76,37.41,50.42,53.86,52.5,55.25,39.09,52.47,52.61,42.3,56.33,46.73,31.2,45.61,36.94,43.5,47.43,51.65,53.43,54.73,47.53,54.68,56.1,45.45,47.48,47.15,45.96,46.91,43.7,48.95,48.33
2019-01-19 12:20:00,28.51,33.45,36.75,37.41,50.42,53.86,52.51,55.25,39.09,52.48,52.61,42.3,56.33,46.74,31.2,45.61,36.94,43.5,47.43,51.65,53.43,54.73,47.53,54.69,56.1,45.45,47.48,47.16,45.96,46.92,43.7,48.95,48.33
2019-01-19 12:25:00,28.5,33.44,36.74,37.42,50.42,53.86,52.51,55.25,39.09,52.48,52.61,42.3,56.33,46.74,31.2,45.62,36.94,43.5,47.43,51.65,53.43,54.74,47.53,54.69,56.11,45.46,47.49,47.16,45.96,46.92,43.7,48.95,48.33
2019-01-19 12:30:00,28.49,33.43,36.73,37.42,50.42,53.86,52.51,55.25,39.09,52.48,52.61,42.3,56.33,46.74,31.2,45.62,36.94,43.5,47.43,51.65,53.43,54.74,47.54,54.69,56.11,45.46,47.49,47.16,45.96,46.92,43.7,48.95,48.33
2019-01-19 12:35:00,28.48,33.42,36.72,37.42,50.42,53.86,52.51,55.25,39.09,52.48,52.61,42.3,56.34,46.74,31.2,45.62,36.95,43.5,47.44,51.65,53.44,54.74,47.54,54.69,56.11,45.46,47.49,47.16,45.96,46.92,43.7,48.96,48.33
2019-01-19 12:40:00,28.47,33.41,36.71,37.42,50.43,53.87,52.51,55.26,39.09,52.48,52.62,42.3,56.34,46.74,31.21,45.62,36.95,43.51,47.44,51.65,53.44,54.74,47.54,54.69,56.11,45.46,47.49,47.16,45.96,46.92,43.7,48.96,48.33
2019-01-19 12:45:00,28.46,33.41,36.7,37.42,50.43,53.87,52.52,55.26,39.09,52.49,52.62,42.3,56.34,46.75,31.21,45.62,36.95,43.51,47.44,51.66,53.44,54.74,47.54,54.69,56.11,45.46,47.49,47.16,45.97,46.92,43.7,48.96,48.34
2019-01-19 12:50:00,28.45,33.4,36.69,37.43,50.43,53.87,52.52,55.26,39.09,52.49,52.62,42.3,56.34,46.75,31.21,45.63,36.95,43.51,47.44,51.66,53.44,54.74,47.54,54.7,56.12,45.46,47.49,47.17,45.97,46.92,43.7,48.96,48.34
2019-01-19 12:55:00,28.44,33.39,36.68,37.43,50.43,53.87,52.52,55.26,39.09,52.49,52.62,42.3,56.34,46.75,31.21,45.63,36.95,43.51,47.44,51.66,53.44,54.74,47.55,54.7,56.12,45.47,47.5,47.17,45.97,46.93,43.7,48.96,48.34
2019-01-19 13:00:00,28.43,33.38,36.67,37.43,50.43,53.87,52.52,55.26,39.09,52.49,52.62,42.31,56.34,46.75,31.21,45.63,36.96,43.51,47.44,51.66,53.44,54.75,47.55,54.7,56.12,45.47,47.5,47.17,45.97,46.93,43.7,48.96,48.34
2019-01-19 13:05:00,28.42,33.37,36.66,37.43,50.43,53.87,52.52,55.26,39.09,52.49,52.62,42.31,56.34,46.75,31.22,45.63,36.96,43.52,47.44,51.66,53.44,54.75,47.55,54.7,56.12,45.47,47.5,47.17,45.97,46.93,43.7,48.96,48.34
2019-01-19 13:10:00,28.41,33.36,36.65,37.43,50.43,53.87,52.52,55.27,39.09,52.5,52.62,42.31,56.34,46.76,31.22,45.63,36.96,43.52,47.44,51.66,53.44,54.75,47.55,54.7,56.12,45.47,47.5,47.17,45.97,46.93,43.7,48.97,48.34
2019-01-19 13:15:00,28.4,33.35,36.64,37.43,50.43,53.88,52.53,55.27,39.09,52.5,52.63,42.31,56.35,46.76,31.22,45.63,36.96,43.52,47.45,51.66,53.45,54.75,47.55,54.7,56.12,45.47,47.5,47.17,45.97,46.93,43.7,48.97,48.34
2019-01-19 13:20:00,28.39,33.34,36.63,37.44,50.43,53.88,52.53,55.27,39.09,52.5,52.63,42.31,56.35,46.76,31.22,45.64,36.96,43.52,47.45,51.66,53.45,54.75,47.55,54.7,56.13,45.47,47.5,47.17,45.97,46.93,43.7,48.97,48.34
2019-01-19 13:25:00,28.38,33.33,36.62,37.44,50.44,53.88,52.53,55.27,39.09,52.5,52.63,42.31,56.35,46.76,31.22,45.64,36.96,43.52,47.45,51.66,53.45,54.75,47.56,54.71,56.13,45.47,47.51,47.18,45.98,46.93,43.7,48.97,48.34
2019-01-19 13:30:00,28.37,33.32,36.61,37.44,50.44,53.88,52.53,55.27,39.09,52.5,52.63,42.31,56.35,46.76,31.22,45.64,36.97,43.52,47.45,51.66,53.45,54.75,47.56,54.71,56.13,45.47,47.51,47.18,45.98,46.94,43.7,48.97,48.34
2019-01-19 13:35:00,28.36,33.31,36.6,37.44,50.44,53.88,52.53,55.27,39.09,52.5,52.63,42.31,56.35,46.76,31.23,45.64,36.97,43.52,47.45,51.66,53.45,54.75,47.56,54.71,56.13,45.48,47.51,47.18,45.98,46.94,43.7,48.97,48.35
2019-01-19 13:40:00,28.35,33.3,36.59,37.44,50.44,53.88,52.53,55.27,39.09,52.5,52.63,42.31,56.35,46.76,31.23,45.64,36.97,43.52,47.45,51.66,53.45,54.75,47.56,54.71,56.13,45.48,47.51,47.18,45.98,46.94,43.7,48.97,48.35
2019-01-19 13:45:00,28.34,33.29,36.58,37.44,50.44,53.88,52.53,55.27,39.09,52.5,52.63,42.31,56.35,46.76,31.23,45.64,36.97,43.52,47.45,51.66,53.45,54.76,47.56,54.71,56.13,45.48,47.51,47.18,45.98,46.94,43.71,48.97,48.35
2019-01-19 13:50:00,28.33,33.28,36.57,37.44,50.44,53.88,52.53,55.27,39.09,52.5,52.63,42.31,56.35,46.76,31.23,45.64,36.97,43.52,47.45,51.66,53.45,54.76,47.56,54.71,56.13,45.48,47.51,47.18,45.98,46.94,43.7,48.97,48.35
2019-01-19 13:55:00,28.32,33.27,36.56,37.44,50.44,53.88,52.53,55.27,39.09,52.5,52.63,42.31,56.35,46.76,31.23,45.64,36.97,43.52,47.45,51.66,53.45,54.75,47.56,54.71,56.13,45.48,47.51,47.18,45.98,46.94,43.7,48.97,48.35
2019-01-19 14:00:00,28.31,33.26,36.55,37.44,50.44,53.88,52.53,55.27,39.09,52.5,52.63,42.31,56.35,46.76,31.23,45.64,36.97,43.52,47.45,51.66,53.45,54.75,47.56,54.71,56.13,45.48,47.51,47.18,45.98,46.94,43.7,48.97,48.35
2019-01-19 14:05:00,28.3,33.25,36.54,37.44,50.44,53.88,52.53,55.27,39.09,52.5,52.63,42.31,56.35,46.76,31.22,45.64,36.97,43.52,47.45,51.66,53.45,54.75,47.56,54.71,56.13,45.48,47.51,47.18,45.98,46.94,43.7,48.97,48.35
2019-01-19 14:10:00,28.29,33.24,36.53,37.44,50.44,53.88,52.53,55.27,39.09,52.5,52.63,42.31,56.35,46.76,31.22,45.64,36.97,43.52,47.45,51.66,53.45,54.75,47.56,54.71,56.13,45.47,47.51,47.18,45.98,46.94,43.7,48.97,48.34
2019-01-19 14:15:00,28.28,33.23,36.52,37.44,50.44,53.88,52.53,55.27,39.09,52.5,52.63,42.31,56.35,46.76,31.22,45.64,36.97,43.52,47.45,51.66,53.45,54.75,47.56,54.71,56.13,45.47,47.51,47.18,45.98,46.93,43.7,48.97,48.34
2019-01-19 14:20:00,28.27,33.22,36.51,37.44,50.44,53.88,52.53,55.27,39.09,52.5,52.63,42.31,56.35,46.76,31.22,45.64,36.96,43.52,47.45,51.66,53.45,54.75,47.56,54.71,56.13,45.47,47.51,47.18,45.98,46.93,43.7,48.97,48.34
2019-01-19 14:25:00,28.26,33.21,36.5,37.44,50.44,53.88,52.53,55.27,39.09,52.5,52.63,42.31,56.35,46.76,31.22,45.64,36.96,43.52,47.45,51.66,53.45,54.75,47.56,54.71,56.13,45.47,47.51,47.17,45.97,46.93,43.7,48.97,48.34
2019-01-19 14:30:00,28.25,33.2,36.49,37.44,50.44,53.88,52.53,55.27,39.09,52.5,52.63,42.31,56.35,46.76,31.22,45.64,36.96,43.52,47.45,51.66,53.45,54.75,47.55,54.71,56.13,45.47,47.51,47.17,45.97,46.93,43.7,48.97,48.34
2019-01-19 14:35:00,28.24,33.19,36.48,37.44,50.44,53.88,52.53,55.27,39.09,52.5,52.63,42.31,56.35,46.76,31.22,45.64,36.96,43.52,47.45,51.66,53.45,54.75,47.55,54.71,56.13,45.47,47.51,47.17,45.97,46.93,43.7,48.97,48.34
2019-01-19 14:40:00,28.23,33.18,36.47,37.44,50.44,53.88,52.53,55.27,39.09,52.5,52.63,42.31,56.35,46.76,31.22,45.64,36.96,43.52,47.45,51.66,53.45,54.75,47.55,54.7,56.13,45.47,47.51,47.17,45.97,46.93,43.7,48.97,48.34
2019-01-19 14:45:00,28.22,33.17,36.46,37.44,50.44,53.88,52.53,55.27,39.09,52.5,52.63,42.31,56.35,46.76,31.22,45.64,36.96,43.52,47.45,51.66,53.45,54.75,47.55,54.71,56.13,45.47,47.51,47.17,45.97,46.93,43.7,48.97,48.34
2019-01-19 14:50:00,28.21,33.16,36.45,37.44,50.44,53.88,52.53,55.27,39.09,52.5,52.63,42.31,56.35,46.76,31.22,45.64,36.96,43.52,47.45,51.66,53.45,54.75,47.55,54.71,56.13,45.47,47.51,47.17,45.97,46.93,43.7,48.97,48.34
2019-01-19 14:55:00,28.2,33.15,36.44,37.44,50.44,53.88,52.53,55.27,39.09,52.5,52.63,42.31,56.35,46.76,31.22,45.64,36.96,43.52,47.45,51.66,53.45,54.75,47.56,54.71,56.13,45.47,47.51,47.17,45.97,46.93,43.7,48.97,48.34
2019-01-19 15:00:00,28.19,33.14,36.43,37.44,50.44,53.88,52.53,55.27,39.09,52.5,52.63,42.31,56.35,46.76,31.22,45.64,36.97,43.52,47.45,51.66,53.45,54.75,47.56,54.71,56.13,45.47,47.51,47.18,45.98,46.93,43.7,48.97,48.34
2019-01-19 15:05:00,28.18,33.13,36.42,37.44,50.44,53.88,52.53,55.27,39.09,52.5,52.63,42.31,56.35,46.76,31.23,45.64,36.97,43.52,47.45,51.66,53.45,54.76,47.56,54.71,56.13,45.48,47.51,47.18,45.98,46.94,43.7,48.97,48.35
2019-01-19 15:10:00,28.17,33.12,36.41,37.44,50.44,53.88,52.53,55.27,39.09,52.51,52.63,42.31,56.35,46.76,31.23,45.64,36.97,43.53,47.45,51.66,53.45,54.76,47.56,54.71,56.13,45.48,47.51,47.18,45.98,46.94,43.71,48.97,48.35
2019-01-19 15:15:00,28.16,33.11,36.4,37.44,50.44,53.88,52.53,55.27,39.09,52.51,52.63,42.31,56.35,46.76,31.23,45.64,36.97,43.53,47.45,51.66,53.45,54.76,47.56,54.71,56.13,45.48,47.51,47.18,45.98,46.94,43.71,48.97,48.35
2019-01-19 15:20:00,28.15,33.1,36.39,37.44,50.44,53.88,52.53,55.28,39.09,52.51,52.63,42.31,56.35,46.77,31.23,45.64,36.97,43.53,47.45,51.66,53.45,54.76,47.56,54.71,56.13,45.48,47.51,47.18,45.98,46.94,43.71,48.97,48.35
2019-01-19 15:25:00,28.14,33.09,36.39,37.44,50.44,53.88,52.53,55.28,39.09,52.51,52.63,42.31,56.35,46.77,31.23,45.64,36.97,43.53,47.45,51.66,53.45,54.76,47.56,54.71,56.13,45.48,47.51,47.18,45.98,46.94,43.71,48.97,48.35
2019-01-19 15:30:00,28.14,33.08,36.38,37.44,50.44,53.88,52.54,55.28,39.09,52.51,52.63,42.31,56.35,46.77,31.23,45.64,36.97,43.53,47.45,51.66,53.45,54.76,47.56,54.71,56.13,45.48,47.51,47.18,45.98,46.94,43.71,48.97,48.35
2019-01-19 15:35:00,28.13,33.07,36.37,37.45,50.44,53.88,52.54,55.28,39.09,52.51,52.63,42.31,56.35,46.77,31.23,45.64,36.97,43.53,47.45,51.66,53.45,54.76,47.56,54.71,56.13,45.48,47.51,47.18,45.98,46.94,43.71,48.98,48.35
2019-01-19 15:40:00,28.12,33.06,36.36,37.45,50.44,53.88,52.54,55.28,39.09,52.51,52.64,42.31,56.36,46.77,31.23,45.64,36.97,43.53,47.45,51.66,53.45,54.76,47.56,54.71,56.14,45.48,47.51,47.18,45.98,46.94,43.71,48.98,48.35
2019-01-19 15:45:00,28.11,33.05,36.35,37.45,50.44,53.89,52.54,55.28,39.09,52.51,52.64,42.32,56.36,46.77,31.23,45.65,36.97,43.53,47.45,51.67,53.46,54.76,47.56,54.71,56.14,45.48,47.52,47.18,45.98,46.94,43.71,48.98,48.35
2019-01-19 15:50:00,28.1,33.04,36.34,37.45,50.44,53.89,52.54,55.28,39.09,52.51,52.64,42.32,56.36,46.77,31.23,45.65,36.98,43.53,47.45,51.67,53.46,54.76,47.57,54.71,56.14,45.48,47.52,47.18,45.98,46.94,43.71,48.98,48.35
2019-01-19 15:55:00,28.09,33.03,36.33,37.45,50.44,53.89,52.54,55.28,39.09,52.51,52.64,42.32,56.36,46.77,31.24,45.65,36.98,43.53,47.46,51.67,53.46,54.76,47.57,54.72,56.14,45.48,47.52,47.18,45.98,46.94,43.71,48.98,48.35
2019-01-19 16:00:00,28.08,33.02,36.32,37.45,50.44,53.89,52.54,55.28,39.09,52.52,52.64,42.32,56.36,46.77,31.24,45.65,36.98,43.54,47.46,51.67,53.46,54.76,47.57,54.72,56.14,45.48,47.52,47.19,45.98,46.94,43.71,48.98,48.35
2019-01-19 16:05:00,28.07,33.01,36.31,37.45,50.44,53.89,52.54,55.28,39.09,52.52,52.64,42.32,56.36,46.77,31.24,45.65,36.98,43.54,47.46,51.67,53.46,54.76,47.57,54.72,56.14,45.48,47.52,47.19,45.98,46.94,43.71,48.98,48.35
2019-01-19 16:10:00,28.06,33.01,36.3,37.45,50.44,53.89,52.54,55.28,39.09,52.52,52.64,42.32,56.36,46.77,31.24,45.65,36.98,43.54,47.46,51.67,53.46,54.76,47.57,54.72,56.14,45.48,47.52,47.19,45.98,46.94,43.71,48.98,48.35
2019-01-19 16:15:00,28.05,33.0,36.29,37.45,50.44,53.89,52.54,55.28,39.09,52.51,52.64,42.32,56.36,46.77,31.24,45.65,36.98,43.53,47.46,51.67,53.46,54.76,47.57,54.72,56.14,45.48,47.52,47.19,45.98,46.94,43.71,48.98,48.35
2019-01-19 16:20:00,28.04,32.99,36.28,37.45,50.44,53.89,52.54,55.28,39.09,52.51,52.64,42.32,56.36,46.77,31.24,45.65,36.98,43.53,47.45,51.67,53.46,54.76,47.57,54.72,56.14,45.48,47.52,47.18,45.98,46.94,43.71,48.98,48.35
2019-01-19 16:25:00,28.03,32.98,36.27,37.45,50.44,53.89,52.54,55.28,39.09,52.51,52.64,42.32,56.36,46.77,31.23,45.65,36.97,43.53,47.45,51.67,53.46,54.76,47.56,54.71,56.14,45.48,47.52,47.18,45.98,46.94,43.71,48.98,48.35
2019-01-19 16:30:00,28.02,32.97,36.26,37.45,50.44,53.88,52.54,55.28,39.09,52.51,52.64,42.32,56.36,46.77,31.23,45.65,36.97,43.53,47.45,51.67,53.45,54.76,47.56,54.71,56.14,45.48,47.52,47.18,45.98,46.94,43.71,48.98,48.35
2019-01-19 16:35:00,28.01,32.96,36.25,37.45,50.44,53.88,52.54,55.28,39.09,52.51,52.64,42.31,56.36,46.77,31.23,45.64,36.97,43.53,47.45,51.66,53.45,54.76,47.56,54.71,56.14,45.48,47.51,47.18,45.98,46.94,43.71,48.98,48.35
2019-01-19 16:40:00,28.0,32.95,36.24,37.45,50.44,53.88,52.54,55.28,39.09,52.51,52.64,42.31,56.35,46.77,31.23,45.64,36.97,43.53,47.45,51.66,53.45,54.76,47.56,54.71,56.14,45.48,47.51,47.18,45.98,46.94,43.71,48.98,48.35
2019-01-19 16:45:00,27.99,32.94,36.23,37.45,50.44,53.88,52.54,55.28,39.09,52.51,52.64,42.31,56.36,46.77,31.23,45.65,36.97,43.53,47.45,51.66,53.45,54.76,47.56,54.71,56.14,45.48,47.51,47.18,45.98,46.94,43.71,48.98,48.35
2019-01-19 16:50:00,27.98,32.93,36.22,37.45,50.44,53.88,52.54,55.28,39.09,52.51,52.64,42.32,56.36,46.77,31.23,45.65,36.97,43.53,47.45,51.67,53.45,54.76,47.56,54.71,56.14,45.48,47.51,47.18,45.98,46.94,43.71,48.98,48.35
2019-01-19 16:55:00,27.97,32.92,36.21,37.45,50.44,53.88,52.54,55.28,39.09,52.51,52.64,42.32,56.36,46.77,31.23,45.65,36.97,43.53,47.45,51.67,53.45,54.76,47.56,54.71,56.14,45.48,47.52,47.18,45.98,46.94,43.71,48.98,48.35
2019-01-19 17:00:00,27.96,32.91,36.2,37.45,50.44,53.88,52.54,55.28,39.09,52.51,52.64,42.32,56.36,46.77,31.23,45.65,36.97,43.53,47.45,51.67,53.45,54.76,47.56,54.71,56.14,45.48,47.52,47.18,45.98,46.94,43.71,48.98,48.35
2019-01-19 17:05:00,27.95,32.9,36.19,37.45,50.44,53.88,52.54,55.28,39.09,52.51,52.64,42.32,56.36,46.77,31.23,45.65,36.97,43.53,47.45,51.67,53.45,54.76,47.56,54.71,56.14,45.48,47.52,47.18,45.98,46.94,43.71,48.98,48.35
2019-01-19 17:10:00,27.94,32.89,36.18,37.45,50.44,53.88,52.54,55.28,39.09,52.51,52.64,42.32,56.36,46.77,31.23,45.65,36.97,43.53,47.45,51.67,53.45,54.76,47.56,54.71,56.14,45.48,47.52,47.18,45.98,46.94,43.71,48.98,48.35
2019-01-19 17:15:00,27.93,32.88,36.17,37.45,50.44,53.88,52.54,55.28,39.09,52.51,52.64,42.31,56.35,46.77,31.23,45.64,36.97,43.53,47.45,51.66,53.45,54.76,47.56,54.71,56.14,45.48,47.51,47.18,45.98,46.94,43.71,48.98,48.35
2019-01-19 17:20:00,27.92,32.87,36.16,37.45,50.44,53.88,52.54,55.28,39.09,52.51,52.64,42.31,56.35,46.77,31.23,45.64,36.97,43.53,47.45,51.66,53.45,54.76,47.56,54.71,56.13,45.48,47.51,47.18,45.98,46.94,43.71,48.98,48.35
2019-01-19 17:25:00,27.91,32.86,36.15,37.44,50.44,53.88,52.54,55.28,39.09,52.51,52.63,42.31,56.35,46.77,31.23,45.64,36.97,43.53,47.45,51.66,53.45,54.76,47.56,54.71,56.13,45.48,47.51,47.18,45.98,46.94,43.71,48.98,48.35
2019-01-19 17:30:00,27.9,32.85,36.14,37.44,50.44,53.88,52.53,55.28,39.09,52.51,52.63,42.31,56.35,46.77,31.23,45.64,36.97,43.53,47.45,51.66,53.45,54.76,47.56,54.71,56.13,45.48,47.51,47.18,45.98,46.94,43.71,48.97,48.35
2019-01-19 17:35:00,27.89,32.84,36.13,37.44,50.44,53.88,52.53,55.28,39.09,52.51,52.63,42.31,56.35,46.77,31.23,45.64,36.97,43.53,47.45,51.66,53.45,54.76,47.56,54.71,56.13,45.48,47.51,47.18,45.98,46.94,43.71,48.97,48.35
2019-01-19 17:40:00,27.88,32.83,36.12,37.44,50.44,53.88,52.53,55.27,39.09,52.51,52.63,42.31,56.35,46.76,31.23,45.64,36.97,43.53,47.45,51.66,53.45,54.76,47.56,54.71,56.13,45.48,47.51,47.18,45.98,46.94,43.71,48.97,48.35
2019-01-19 17:45:00,27.87,32.82,36.11,37.44,50.44,53.88,52.53,55.27,39.09,52.5,52.63,42.31,56.35,46.76,31.23,45.64,36.97,43.53,47.45,51.66,53.45,54.76,47.56,54.71,56.13,45.48,47.51,47.18,45.98,46.94,43.71,48.97,48.35
2019-01-19 17:50:00,27.86,32.81,36.1,37.44,50.44,53.88,52.53,55.27,39.09,52.5,52.63,42.31,56.35,46.76,31.23,45.64,36.97,43.53,47.45,51.66,53.45,54.76,47.56,54.71,56.13,45.48,47.51,47.18,45.98,46.94,43.71,48.97,48.35
2019-01-19 17:55:00,27.85,32.8,36.09,37.44,50.44,53.88,52.53,55.27,39.09,52.5,52.63,42.31,56.35,46.76,31.23,45.64,36.97,43.53,47.45,51.66,53.45,54.75,47.56,54.71,56.13,45.48,47.51,47.18,45.98,46.94,43.71,48.97,48.35
2019-01-19 18:00:00,27.84,32.79,36.08,37.44,50.44,53.88,52.53,55.27,39.09,52.5,52.63,42.31,56.35,46.76,31.23,45.64,36.97,43.52,47.45,51.66,53.45,54.75,47.56,54.71,56.13,45.48,47.51,47.18,45.98,46.94,43.7,48.97,48.35
2019-01-19 18:05:00,27.83,32.78,36.07,37.44,50.43,53.88,52.53,55.27,39.09,52.5,52.63,42.31,56.35,46.76,31.22,45.64,36.96,43.52,47.45,51.66,53.45,54.75,47.55,54.7,56.13,45.47,47.51,47.18,45.98,46.93,43.7,48.97,48.34
2019-01-19 18:10:00,27.82,32.77,36.06,37.44,50.43,53.87,52.53,55.27,39.09,52.5,52.63,42.31,56.35,46.76,31.22,45.63,36.96,43.52,47.45,51.66,53.45,54.75,47.55,54.7,56.12,45.47,47.5,47.17,45.97,46.93,43.7,48.97,48.34
2019-01-19 18:15:00,27.81,32.76,36.05,37.43,50.43,53.87,52.52,55.27,39.09,52.49,52.63,42.31,56.34,46.76,31.22,45.63,36.96,43.52,47.44,51.66,53.44,54.75,47.55,54.7,56.12,45.47,47.5,47.17,45.97,46.93,43.7,48.97,48.34
2019-01-19 18:20:00,27.8,32.75,36.04,37.43,50.43,53.87,52.52,55.26,39.09,52.49,52.62,42.31,56.34,46.75,31.22,45.63,36.96,43.51,47.44,51.66,53.44,54.75,47.55,54.7,56.12,45.47,47.5,47.17,45.97,46.93,43.7,48.96,48.34
2019-01-19 18:25:00,27.79,32.74,36.03,37.43,50.43,53.87,52.52,55.26,39.09,52.49,52.62,42.31,56.34,46.75,31.21,45.63,36.95,43.51,47.44,51.66,53.44,54.74,47.55,54.7,56.12,45.47,47.5,47.17,45.97,46.93,43.7,48.96,48.34
2019-01-19 18:30:00,27.78,32.73,36.02,37.43,50.43,53.87,52.52,55.26,39.09,52.49,52.62,42.3,56.34,46.75,31.21,45.63,36.95,43.51,47.44,51.66,53.44,54.74,47.54,54.69,56.12,45.46,47.5,47.17,45.97,46.93,43.7,48.96,48.34
2019-01-19 18:35:00,27.77,32.72,36.01,37.42,50.43,53.87,52.52,55.26,39.09,52.49,52.62,42.3,56.34,46.75,31.21,45.62,36.95,43.51,47.44,51.66,53.44,54.74,47.54,54.69,56.11,45.46,47.49,47.17,45.97,46.92,43.7,48.96,48.34
2019-01-19 18:40:00,27.76,32.71,36.0,37.42,50.43,53.87,52.52,55.26,39.09,52.48,52.62,42.3,56.34,46.75,31.21,45.62,36.95,43.51,47.44,51.65,53.44,54.74,47.54,54.69,56.11,45.46,47.49,47.16,45.97,46.92,43.7,48.96,48.34
2019-01-19 18:45:00,27.75,32.7,35.99,37.42,50.43,53.87,52.52,55.26,39.09,52.49,52.62,42.3,56.34,46.75,31.21,45.62,36.95,43.51,47.44,51.65,53.44,54.74,47.54,54.69,56.11,45.46,47.49,47.16,45.97,46.92,43.7,48.96,48.34
2019-01-19 18:50:00,27.74,32.69,35.98,37.42,50.43,53.87,52.52,55.26,39.09,52.49,52.62,42.3,56.34,46.75,31.21,45.62,36.95,43.51,47.44,51.66,53.44,54.74,47.54,54.69,56.11,45.46,47.49,47.17,45.97,46.93,43.7,48.96,48.34
2019-01-19 18:55:00,27.73,32.68,35.97,37.43,50.43,53.87,52.52,55.26,39.09,52.49,52.62,42.3,56.34,46.75,31.21,45.63,36.95,43.51,47.44,51.66,53.44,54.74,47.54,54.69,56.12,45.46,47.5,47.17,45.97,46.93,43.7,48.96,48.34
2019-01-19 19:00:00,27.72,32.67,35.96,37.43,50.43,53.87,52.52,55.26,39.09,52.49,52.62,42.3,56.34,46.75,31.21,45.63,36.95,43.51,47.44,51.66,53.44,54.74,47.54,54.7,56.12,45.46,47.5,47.17,45.97,46.93,43.7,48.96,48.34
2019-01-19 19:05:00,27.71,32.66,35.95,37.43,50.43,53.87,52.52,55.26,39.09,52.49,52.62,42.31,56.34,46.75,31.21,45.63,36.95,43.51,47.44,51.66,53.44,54.74,47.55,54.7,56.12,45.47,47.5,47.17,45.97,46.93,43.7,48.96,48.34
2019-01-19 19:10:00,27.71,32.65,35.95,36.53,50.18,53.59,51.96,54.73,39.09,51.94,52.3,42.1,56.0,46.14,30.41,45.02,36.16,42.9,47.2,51.47,53.16,54.41,47.01,54.31,55.55,45.02,47.05,46.83,45.73,46.64,43.58,48.67,48.12
2019-01-19 19:15:00,27.71,32.66,35.95,36.53,50.18,53.59,51.97,54.73,39.09,51.94,52.3,42.1,56.0,46.14,30.41,45.02,36.16,42.9,47.2,51.47,53.16,54.41,47.01,54.31,55.55,45.02,47.05,46.83,45.74,46.64,43.58,48.67,48.12
2019-01-19 19:20:00,27.72,32.67,35.96,36.53,50.18,53.59,51.97,54.73,39.09,51.94,52.3,42.1,56.0,46.14,30.41,45.02,36.16,42.9,47.2,51.47,53.16,54.41,47.01,54.31,55.55,45.02,47.05,46.83,45.74,46.64,43.58,48.67,48.12
2019-01-19 19:25:00,27.73,32.68,35.97,36.53,50.18,53.59,51.97,54.73,39.09,51.94,52.3,42.1,56.0,46.14,30.41,45.02,36.16,42.9,47.2,51.47,53.16,54.41,47.01,54.31,55.55,45.02,47.05,46.83,45.74,46.64,43.58,48.67,48.12
2019-01-19 19:30:00,27.74,32.69,35.98,36.53,50.18,53.59,51.97,54.74,39.09,51.94,52.3,42.1,56.0,46.14,30.41,45.02,36.17,42.9,47.2,51.47,53.16,54.41,47.01,54.31,55.56,45.02,47.06,46.83,45.74,46.64,43.58,48.67,48.12
2019-01-19 19:35:00,27.75,32.7,35.99,36.53,50.19,53.59,51.97,54.74,39.09,51.94,52.3,42.1,56.0,46.15,30.41,45.02,36.17,42.9,47.2,51.47,53.16,54.41,47.01,54.31,55.56,45.02,47.06,46.84,45.74,46.64,43.58,48.67,48.12
2019-01-19 19:40:00,27.76,32.71,36.0,36.54,50.19,53.59,51.97,54.74,39.09,51.94,52.3,42.1,56.01,46.15,30.42,45.03,36.17,42.91,47.2,51.47,53.17,54.42,47.02,54.32,55.56,45.02,47.06,46.84,45.74,46.65,43.58,48.68,48.13
2019-01-19 19:45:00,27.77,32.71,36.01,36.54,50.19,53.6,51.98,54.75,39.09,51.95,52.31,42.1,56.01,46.15,30.42,45.03,36.18,42.91,47.2,51.47,53.17,54.42,47.02,54.32,55.57,45.03,47.07,46.84,45.74,46.65,43.58,48.68,48.13
2019-01-19 19:50:00,27.78,32.72,36.02,36.55,50.19,53.6,51.98,54.75,39.09,51.95,52.31,42.11,56.01,46.16,30.43,45.04,36.18,42.92,47.21,51.47,53.17,54.42,47.02,54.33,55.57,45.03,47.07,46.85,45.75,46.65,43.58,48.68,48.13
2019-01-19 19:55:00,27.79,32.73,36.03,36.55,50.2,53.6,51.99,54.76,39.09,51.96,52.32,42.11,56.02,46.17,30.44,45.04,36.19,42.92,47.21,51.48,53.18,54.43,47.03,54.33,55.58,45.04,47.08,46.85,45.75,46.66,43.59,48.69,48.14
2019-01-19 20:00:00,27.8,32.74,36.04,36.56,50.2,53.61,52.0,54.76,39.09,51.97,52.32,42.11,56.02,46.17,30.44,45.05,36.2,42.93,47.21,51.48,53.18,54.43,47.04,54.34,55.58,45.04,47.08,46.86,45.75,46.66,43.59,48.69,48.14
2019-01-19 20:05:00,27.81,32.75,36.04,36.57,50.2,53.61,52.0,54.77,39.09,51.97,52.33,42.12,56.03,46.18,30.45,45.06,36.2,42.94,47.22,51.48,53.18,54.44,47.04,54.34,55.59,45.05,47.09,46.86,45.76,46.67,43.59,48.7,48.14
2019-01-19 20:10:00,27.82,32.76,36.05,36.58,50.21,53.62,52.01,54.78,39.09,51.98,52.33,42.12,56.03,46.18,30.46,45.06,36.21,42.94,47.22,51.48,53.19,54.44,47.05,54.35,55.6,45.05,47.09,46.87,45.76,46.67,43.59,48.7,48.15
2019-01-19 20:15:00,27.83,32.77,36.06,36.58,50.21,53.62,52.01,54.78,39.09,51.99,52.34,42.12,56.03,46.19,30.46,45.07,36.22,42.95,47.23,51.49,53.19,54.45,47.05,54.35,55.6,45.06,47.1,46.87,45.77,46.68,43.59,48.71,48.15
2019-01-19 20:20:00,27.84,32.78,36.07,36.59,50.21,53.63,52.02,54.79,39.09,51.99,52.34,42.13,56.04,46.2,30.47,45.07,36.22,42.95,47.23,51.49,53.19,54.45,47.06,54.35,55.61,45.06,47.1,46.88,45.77,46.68,43.6,48.71,48.15
2019-01-19 20:25:00,27.84,32.79,36.08,36.59,50.22,53.63,52.02,54.79,39.09,52.0,52.35,42.13,56.04,46.2,30.48,45.08,36.23,42.96,47.23,51.49,53.2,54.45,47.06,54.36,55.61,45.07,47.11,46.88,45.77,46.69,43.6,48.72,48.16
2019-01-19 20:30:00,27.85,32.8,36.09,36.6,50.22,53.63,52.03,54.8,39.09,52.0,52.35,42.13,56.05,46.21,30.48,45.08,36.23,42.96,47.23,51.49,53.2,54.46,47.07,54.36,55.62,45.07,47.11,46.88,45.78,46.69,43.6,48.72,48.16
2019-01-19 20:35:00,27.86,32.81,36.1,36.6,50.22,53.63,52.03,54.8,39.09,52.01,52.36,42.13,56.05,46.21,30.49,45.09,36.24,42.97,47.24,51.5,53.2,54.46,47.07,54.37,55.62,45.07,47.12,46.89,45.78,46.69,43.6,48.73,48.16
2019-01-19 20:40:00,27.87,32.82,36.11,36.61,50.23,53.64,52.04,54.81,39.09,52.01,52.36,42.14,56.05,46.22,30.49,45.09,36.24,42.98,47.24,51.5,53.21,54.47,47.08,54.37,55.63,45.08,47.12,46.89,45.78,46.7,43.6,48.73,48.17
2019-01-19 20:45:00,27.88,32.83,36.12,36.62,50.23,53.64,52.05,54.81,39.09,52.02,52.37,42.14,56.06,46.22,30.5,45.1,36.25,42.98,47.24,51.5,53.21,54.47,47.09,54.38,55.64,45.09,47.13,46.9,45.79,46.7,43.61,48.74,48.17
2019-01-19 20:50:00,27.89,32.84,36.13,36.63,50.23,53.65,52.05,54.82,39.09,52.03,52.37,42.15,56.06,46.23,30.51,45.11,36.26,42.99,47.25,51.5,53.22,54.48,47.09,54.38,55.64,45.09,47.14,46.9,45.79,46.71,43.61,48.74,48.18
2019-01-19 20:55:00,27.9,32.85,36.14,36.63,50.24,53.65,52.06,54.83,39.09,52.03,52.38,42.15,56.07,46.24,30.52,45.12,36.27,43.0,47.25,51.51,53.22,54.48,47.1,54.39,55.65,45.1,47.15,46.91,45.8,46.72,43.61,48.75,48.18
2019-01-19 21:00:00,27.91,32.86,36.15,36.64,50.24,53.66,52.07,54.84,39.09,52.04,52.39,42.16,56.08,46.25,30.53,45.12,36.28,43.01,47.26,51.51,53.23,54.49,47.11,54.4,55.66,45.11,47.15,46.92,45.8,46.72,43.61,48.76,48.19
2019-01-19 21:05:00,27.93,32.87,36.16,36.65,50.25,53.67,52.08,54.85,39.09,52.05,52.39,42.16,56.08,46.26,30.54,45.13,36.29,43.02,47.26,51.51,53.23,54.5,47.12,54.4,55.67,45.11,47.16,46.93,45.81,46.73,43.62,48.76,48.19
2019-01-19 21:10:00,27.94,32.88,36.17,36.67,50.26,53.67,52.09,54.86,39.09,52.06,52.4,42.17,56.09,46.27,30.55,45.14,36.3,43.03,47.27,51.52,53.24,54.5,47.13,54.41,55.68,45.12,47.17,46.93,45.82,46.74,43.62,48.77,48.2
2019-01-19 21:15:00,27.95,32.89,36.18,36.68,50.26,53.68,52.1,54.87,39.09,52.07,52.41,42.17,56.1,46.28,30.56,45.15,36.31,43.04,47.28,51.52,53.25,54.51,47.14,54.42,55.69,45.13,47.18,46.94,45.82,46.75,43.62,48.78,48.2
2019-01-19 21:20:00,27.96,32.9,36.19,36.69,50.27,53.69,52.11,54.88,39.09,52.08,52.42,42.18,56.1,46.29,30.57,45.16,36.32,43.05,47.28,51.53,53.25,54.52,47.15,54.43,55.7,45.14,47.19,46.95,45.83,46.75,43.63,48.79,48.21
2019-01-19 21:25:00,27.97,32.91,36.2,36.7,50.27,53.69,52.12,54.88,39.09,52.09,52.43,42.18,56.11,46.3,30.59,45.17,36.33,43.06,47.29,51.53,53.26,54.52,47.15,54.44,55.71,45.15,47.2,46.96,45.83,46.76,43.63,48.79,48.21
2019-01-19 21:30:00,27.98,32.92,36.21,36.71,50.28,53.7,52.13,54.89,39.09,52.1,52.44,42.19,56.12,46.31,30.6,45.18,36.34,43.07,47.29,51.53,53.26,54.53,47.16,54.44,55.72,45.16,47.21,46.97,45.84,46.77,43.63,48.8,48.22
2019-01-19 21:35:00,27.99,32.94,36.22,36.72,50.28,53.7,52.14,54.9,39.09,52.11,52.44,42.19,56.12,46.32,30.61,45.19,36.35,43.08,47.3,51.54,53.27,54.54,47.17,54.45,55.73,45.16,47.22,46.97,45.85,46.78,43.64,48.81,48.23
2019-01-19 21:40:00,28.0,32.95,36.24,36.73,50.29,53.71,52.15,54.91,39.09,52.12,52.45,42.2,56.13,46.33,30.62,45.2,36.36,43.09,47.3,51.54,53.28,54.55,47.18,54.46,55.74,45.17,47.23,46.98,45.85,46.78,43.64,48.82,48.23
2019-01-19 21:45:00,28.01,32.96,36.25,36.74,50.3,53.72,52.16,54.93,39.09,52.13,52.46,42.21,56.14,46.34,30.63,45.21,36.38,43.1,47.31,51.55,53.29,54.56,47.19,54.47,55.75,45.18,47.24,46.99,45.86,46.79,43.65,48.83,48.24
2019-01-19 21:50:00,28.03,32.97,36.26,36.76,50.3,53.73,52.17,54.94,39.09,52.15,52.47,42.21,56.15,46.35,30.65,45.23,36.39,43.11,47.32,51.55,53.29,54.56,47.21,54.48,55.76,45.19,47.25,47.0,45.87,46.8,43.65,48.84,48.25
2019-01-19 21:55:00,28.04,32.98,36.27,36.77,50.31,53.74,52.19,54.95,39.09,52.16,52.48,42.22,56.16,46.37,30.66,45.24,36.4,43.13,47.33,51.56,53.3,54.57,47.22,54.49,55.78,45.2,47.26,47.01,45.88,46.81,43.65,48.85,48.26
2019-01-19 22:00:00,28.05,32.99,36.28,36.79,50.32,53.74,52.2,54.96,39.09,52.17,52.5,42.23,56.17,46.38,30.68,45.25,36.42,43.14,47.33,51.56,53.31,54.58,47.23,54.5,55.79,45.22,47.28,47.02,45.89,46.82,43.66,48.86,48.26
2019-01-19 22:05:00,28.06,33.01,36.29,36.8,50.32,53.75,52.21,54.98,39.09,52.18,52.51,42.23,56.18,46.39,30.69,45.26,36.43,43.15,47.34,51.57,53.32,54.59,47.24,54.51,55.8,45.23,47.29,47.03,45.9,46.83,43.66,48.87,48.27
2019-01-19 22:10:00,28.07,33.02,36.3,36.81,50.33,53.76,52.22,54.99,39.09,52.2,52.52,42.24,56.19,46.41,30.71,45.28,36.45,43.17,47.35,51.57,53.32,54.6,47.26,54.52,55.82,45.24,47.3,47.04,45.9,46.84,43.67,48.88,48.28
2019-01-19 22:15:00,28.09,33.03,36.32,36.83,50.34,53.77,52.24,55.0,39.09,52.21,52.53,42.25,56.19,46.42,30.72,45.29,36.46,43.18,47.35,51.58,53.33,54.61,47.27,54.53,55.83,45.25,47.31,47.05,45.91,46.85,43.67,48.89,48.29
2019-01-19 22:20:00,28.1,33.04,36.33,36.84,50.34,53.77,52.25,55.01,39.09,52.22,52.54,42.25,56.2,46.43,30.73,45.3,36.47,43.19,47.36,51.58,53.34,54.62,47.28,54.54,55.84,45.26,47.32,47.06,45.92,46.86,43.68,48.9,48.29
2019-01-19 22:25:00,28.11,33.05,36.34,36.85,50.35,53.78,52.26,55.02,39.09,52.23,52.55,42.26,56.21,46.44,30.75,45.31,36.48,43.2,47.37,51.59,53.35,54.63,47.29,54.55,55.85,45.27,47.33,47.07,45.93,46.87,43.68,48.91,48.3
2019-01-19 22:30:00,28.12,33.07,36.35,36.86,50.36,53.79,52.27,55.03,39.09,52.24,52.55,42.27,56.22,46.45,30.76,45.32,36.49,43.21,47.37,51.59,53.35,54.63,47.3,54.55,55.86,45.27,47.34,47.08,45.93,46.88,43.68,48.92,48.31
2019-01-19 22:35:00,28.14,33.08,36.36,36.87,50.36,53.79,52.28,55.04,39.09,52.25,52.56,42.27,56.22,46.46,30.77,45.33,36.5,43.22,47.38,51.59,53.36,54.64,47.31,54.56,55.87,45.28,47.35,47.09,45.94,46.89,43.69,48.92,48.31
2019-01-19 22:40:00,28.15,33.09,36.37,36.88,50.37,53.8,52.28,55.05,39.09,52.26,52.57,42.28,56.23,46.47,30.78,45.34,36.51,43.23,47.38,51.6,53.36,54.64,47.31,54.57,55.88,45.29,47.36,47.09,45.94,46.89,43.69,48.93,48.32
2019-01-19 22:45:00,28.16,33.1,36.39,36.89,50.37,53.8,52.29,55.05,39.09,52.26,52.58,42.28,56.23,46.48,30.79,45.35,36.52,43.24,47.39,51.6,53.37,54.65,47.32,54.57,55.89,45.3,47.37,47.1,45.95,46.9,43.69,48.94,48.32
2019-01-19 22:50:00,28.17,33.12,36.4,36.9,50.37,53.81,52.3,55.06,39.09,52.27,52.58,42.29,56.24,46.49,30.8,45.35,36.53,43.25,47.39,51.6,53.37,54.65,47.33,54.58,55.89,45.3,47.37,47.11,45.95,46.91,43.69,48.94,48.33
2019-01-19 22:55:00,28.18,33.13,36.41,36.91,50.38,53.81,52.31,55.07,39.09,52.28,52.59,42.29,56.24,46.49,30.81,45.36,36.54,43.26,47.39,51.61,53.38,54.66,47.34,54.59,55.9,45.31,47.38,47.12,45.96,46.91,43.7,48.95,48.33
2019-01-19 23:00:00,28.2,33.14,36.42,36.92,50.38,53.82,52.32,55.08,39.09,52.28,52.6,42.29,56.25,46.5,30.82,45.37,36.55,43.26,47.4,51.61,53.38,54.67,47.34,54.59,55.91,45.32,47.39,47.12,45.97,46.92,43.7,48.96,48.34
2019-01-19 23:05:00,28.21,33.15,36.43,36.92,50.39,53.82,52.32,55.08,39.09,52.29,52.6,42.3,56.25,46.51,30.82,45.38,36.56,43.27,47.4,51.61,53.39,54.67,47.35,54.6,55.92,45.32,47.4,47.13,45.97,46.92,43.7,48.96,48.34
2019-01-19 23:10:00,28.22,33.16,36.45,36.93,50.39,53.83,52.33,55.09,39.09,52.3,52.61,42.3,56.26,46.52,30.83,45.38,36.56,43.28,47.41,51.62,53.39,54.68,47.36,54.6,55.92,45.33,47.4,47.13,45.98,46.93,43.71,48.97,48.35
2019-01-19 23:15:00,28.23,33.18,36.46,36.94,50.39,53.83,52.34,55.1,39.09,52.31,52.62,42.31,56.26,46.52,30.84,45.39,36.57,43.29,47.41,51.62,53.39,54.68,47.36,54.61,55.93,45.34,47.41,47.14,45.98,46.94,43.71,48.98,48.35
2019-01-19 23:20:00,28.25,33.19,36.47,36.95,50.4,53.83,52.35,55.11,39.09,52.31,52.62,42.31,56.27,46.53,30.85,45.4,36.58,43.29,47.41,51.62,53.4,54.68,47.37,54.61,55.94,45.34,47.42,47.15,45.99,46.94,43.71,48.98,48.36
2019-01-19 23:25:00,28.26,33.2,36.48,36.96,50.4,53.84,52.35,55.11,39.09,52.32,52.63,42.32,56.27,46.54,30.86,45.41,36.59,43.3,47.42,51.62,53.4,54.69,47.38,54.62,55.95,45.35,47.42,47.15,45.99,46.95,43.71,48.99,48.36
2019-01-19 23:30:00,28.27,33.21,36.5,36.96,50.41,53.84,52.36,55.12,39.09,52.32,52.64,42.32,56.28,46.54,30.87,45.41,36.6,43.31,47.42,51.63,53.41,54.69,47.38,54.62,55.95,45.35,47.43,47.16,46.0,46.95,43.72,48.99,48.36
2019-01-19 23:35:00,28.28,33.23,36.51,36.97,50.41,53.85,52.37,55.13,39.09,52.33,52.64,42.32,56.28,46.55,30.87,45.42,36.6,43.32,47.43,51.63,53.41,54.7,47.39,54.63,55.96,45.36,47.44,47.16,46.0,46.96,43.72,49.0,48.37
2019-01-19 23:40:00,28.3,33.24,36.52,36.98,50.41,53.85,52.37,55.13,39.09,52.34,52.65,42.33,56.29,46.56,30.88,45.43,36.61,43.32,47.43,51.63,53.41,54.7,47.4,54.63,55.97,45.37,47.44,47.17,46.0,46.96,43.72,49.01,48.37
2019-01-19 23:45:00,28.31,33.25,36.53,36.99,50.42,53.85,52.38,55.14,39.09,52.34,52.65,42.33,56.29,46.57,30.89,45.43,36.62,43.33,47.43,51.63,53.42,54.71,47.41,54.64,55.97,45.37,47.45,47.18,46.01,46.97,43.72,49.01,48.38
2019-01-19 23:50:00,28.32,33.26,36.54,37.0,50.42,53.86,52.39,55.15,39.09,52.35,52.66,42.34,56.3,46.58,30.9,45.44,36.63,43.34,47.44,51.64,53.42,54.71,47.41,54.65,55.98,45.38,47.46,47.18,46.01,46.98,43.73,49.02,48.38
2019-01-19 23:55:00,28.34,33.28,36.56,37.01,50.43,53.87,52.4,55.16,39.09,52.36,52.67,42.34,56.31,46.58,30.91,45.45,36.64,43.35,47.44,51.64,53.43,54.72,47.42,54.65,55.99,45.39,47.47,47.19,46.02,46.98,43.73,49.02,48.39
2019-01-20 00:00:00,28.35,33.29,36.57,37.02,50.43,53.87,52.41,55.17,39.09,52.37,52.68,42.35,56.31,46.59,30.92,45.46,36.65,43.36,47.45,51.65,53.44,54.73,47.43,54.66,56.0,45.39,47.48,47.2,46.03,46.99,43.73,49.03,48.39
2019-01-20 00:05:00,28.36,33.3,36.58,37.03,50.44,53.88,52.42,55.18,39.09,52.38,52.69,42.35,56.32,46.61,30.94,45.47,36.66,43.37,47.46,51.65,53.44,54.74,47.44,54.67,56.01,45.4,47.49,47.21,46.03,47.0,43.74,49.04,48.4
2019-01-20 00:10:00,28.37,33.32,36.6,37.04,50.45,53.89,52.43,55.19,39.09,52.39,52.7,42.36,56.33,46.62,30.95,45.48,36.67,43.38,47.46,51.65,53.45,54.74,47.45,54.68,56.02,45.41,47.5,47.22,46.04,47.01,43.74,49.05,48.41
2019-01-20 00:15:00,28.39,33.33,36.61,37.06,50.45,53.9,52.44,55.2,39.09,52.41,52.71,42.37,56.34,46.63,30.96,45.5,36.69,43.4,47.47,51.66,53.46,54.75,47.46,54.69,56.04,45.42,47.51,47.23,46.05,47.02,43.74,49.06,48.41
2019-01-20 00:20:00,28.4,33.34,36.62,37.07,50.46,53.9,52.46,55.21,39.09,52.42,52.72,42.37,56.35,46.64,30.98,45.51,36.7,43.41,47.48,51.67,53.47,54.76,47.48,54.7,56.05,45.44,47.52,47.24,46.06,47.03,43.75,49.07,48.42
2019-01-20 00:25:00,28.42,33.36,36.64,37.09,50.47,53.91,52.47,55.23,39.09,52.43,52.73,42.38,56.36,46.66,30.99,45.52,36.72,43.42,47.49,51.67,53.48,54.78,47.49,54.71,56.06,45.45,47.54,47.25,46.07,47.04,43.75,49.08,48.43
2019-01-20 00:30:00,28.43,33.37,36.65,37.1,50.48,53.92,52.48,55.24,39.09,52.45,52.74,42.39,56.37,46.67,31.01,45.54,36.73,43.44,47.49,51.68,53.49,54.79,47.5,54.72,56.08,45.46,47.55,47.26,46.08,47.05,43.76,49.09,48.44
2019-01-20 00:35:00,28.44,33.38,36.66,37.12,50.49,53.93,52.5,55.26,39.09,52.47,52.75,42.4,56.38,46.69,31.03,45.55,36.75,43.46,47.5,51.68,53.5,54.8,47.52,54.74,56.1,45.47,47.56,47.27,46.08,47.06,43.76,49.1,48.45
2019-01-20 00:40:00,28.46,33.4,36.68,37.14,50.49,53.95,52.51,55.27,39.09,52.48,52.77,42.4,56.39,46.7,31.05,45.57,36.77,43.47,47.51,51.69,53.51,54.81,47.53,54.75,56.11,45.49,47.58,47.28,46.09,47.07,43.77,49.12,48.46
2019-01-20 00:45:00,28.47,33.41,36.69,37.15,50.5,53.96,52.53,55.29,39.09,52.5,52.78,42.41,56.4,46.72,31.06,45.58,36.78,43.49,47.52,51.7,53.51,54.82,47.55,54.76,56.13,45.5,47.59,47.3,46.1,47.08,43.77,49.13,48.47
2019-01-20 00:50:00,28.49,33.43,36.7,37.17,50.51,53.97,52.55,55.3,39.09,52.51,52.79,42.42,56.41,46.74,31.08,45.6,36.8,43.5,47.53,51.7,53.52,54.83,47.56,54.77,56.14,45.51,47.61,47.31,46.11,47.09,43.78,49.14,48.47
2019-01-20 00:55:00,28.5,33.44,36.72,37.19,50.52,53.98,52.56,55.32,39.09,52.53,52.8,42.43,56.42,46.75,31.1,45.61,36.82,43.52,47.54,51.71,53.53,54.84,47.58,54.79,56.16,45.52,47.62,47.32,46.12,47.11,43.78,49.15,48.48
2019-01-20 01:00:00,28.51,33.45,36.73,37.2,50.53,53.99,52.57,55.33,39.09,52.54,52.81,42.44,56.43,46.77,31.11,45.63,36.83,43.53,47.55,51.71,53.54,54.86,47.59,54.8,56.17,45.54,47.63,47.33,46.13,47.12,43.79,49.16,48.49
2019-01-20 01:05:00,28.53,33.47,36.74,37.22,50.54,54.0,52.59,55.34,39.09,52.56,52.82,42.44,56.44,46.78,31.13,45.64,36.85,43.55,47.56,51.72,53.55,54.87,47.6,54.81,56.19,45.55,47.65,47.34,46.14,47.13,43.79,49.17,48.5
2019-01-20 01:10:00,28.54,33.48,36.76,37.23,50.55,54.01,52.6,55.36,39.09,52.57,52.84,42.45,56.45,46.8,31.15,45.66,36.86,43.56,47.57,51.73,53.56,54.88,47.62,54.82,56.2,45.56,47.66,47.35,46.15,47.14,43.8,49.18,48.51
2019-01-20 01:15:00,28.56,33.5,36.77,37.25,50.55,54.02,52.62,55.37,39.09,52.59,52.85,42.46,56.46,46.81,31.16,45.67,36.88,43.58,47.57,51.73,53.57,54.89,47.63,54.83,56.22,45.57,47.67,47.36,46.16,47.15,43.8,49.19,48.52
2019-01-20 01:20:00,28.57,33.51,36.79,37.27,50.56,54.03,52.63,55.39,39.09,52.6,52.86,42.47,56.47,46.83,31.18,45.68,36.89,43.59,47.58,51.74,53.58,54.9,47.64,54.85,56.23,45.58,47.68,47.37,46.16,47.16,43.81,49.2,48.52
2019-01-20 01:25:00,28.58,33.53,36.8,37.28,50.57,54.04,52.65,55.4,39.09,52.62,52.87,42.47,56.49,46.84,31.19,45.7,36.91,43.61,47.59,51.74,53.59,54.91,47.66,54.86,56.24,45.6,47.7,47.39,46.17,47.17,43.81,49.22,48.53
2019-01-20 01:30:00,28.6,33.54,36.81,37.3,50.58,54.05,52.66,55.41,39.09,52.63,52.88,42.48,56.5,46.86,31.21,45.71,36.93,43.62,47.6,51.75,53.6,54.92,47.67,54.87,56.26,45.61,47.71,47.4,46.18,47.18,43.81,49.23,48.54
2019-01-20 01:35:00,28.61,33.55,36.83,37.31,50.59,54.06,52.68,55.43,39.09,52.65,52.89,42.49,56.51,46.87,31.23,45.73,36.94,43.64,47.61,51.76,53.61,54.93,47.69,54.88,56.27,45.62,47.72,47.41,46.19,47.19,43.82,49.24,48.55
2019-01-20 01:40:00,28.63,33.57,36.84,37.33,50.6,54.07,52.69,55.44,39.09,52.66,52.9,42.5,56.52,46.88,31.24,45.74,36.96,43.65,47.62,51.76,53.62,54.94,47.7,54.89,56.29,45.63,47.74,47.42,46.2,47.2,43.82,49.25,48.56
2019-01-20 01:45:00,28.64,33.58,36.86,37.34,50.61,54.08,52.7,55.46,39.09,52.68,52.91,42.5,56.53,46.9,31.26,45.75,36.97,43.67,47.62,51.77,53.63,54.96,47.71,54.91,56.3,45.64,47.75,47.43,46.21,47.21,43.83,49.26,48.56
2019-01-20 01:50:00,28.66,33.6,36.87,37.36,50.61,54.09,52.72,55.47,39.09,52.69,52.93,42.51,56.54,46.91,31.27,45.77,36.99,43.68,47.63,51.77,53.64,54.97,47.73,54.92,56.32,45.66,47.76,47.44,46.21,47.22,43.83,49.27,48.57
2019-01-20 01:55:00,28.67,33.61,36.89,37.37,50.62,54.1,52.73,55.48,39.09,52.71,52.94,42.52,56.55,46.93,31.29,45.78,37.0,43.69,47.64,51.78,53.65,54.98,47.74,54.93,56.33,45.67,47.77,47.45,46.22,47.23,43.84,49.28,48.58
2019-01-20 02:00:00,28.69,33.63,36.9,37.39,50.63,54.1,52.74,55.49,39.09,52.72,52.95,42.52,56.56,46.94,31.3,45.79,37.02,43.71,47.65,51.78,53.65,54.99,47.75,54.94,56.34,45.68,47.79,47.46,46.23,47.24,43.84,49.29,48.59
2019-01-20 02:05:00,28.7,33.64,36.92,37.4,50.64,54.11,52.75,55.51,39.09,52.73,52.96,42.53,56.56,46.95,31.32,45.8,37.03,43.72,47.66,51.79,53.66,55.0,47.76,54.95,56.35,45.69,47.8,47.47,46.24,47.25,43.84,49.3,48.59
2019-01-20 02:10:00,28.72,33.66,36.93,37.41,50.64,54.12,52.77,55.52,39.09,52.75,52.96,42.53,56.57,46.97,31.33,45.82,37.04,43.73,47.66,51.79,53.67,55.0,47.77,54.96,56.37,45.7,47.81,47.48,46.24,47.25,43.85,49.3,48.6
2019-01-20 02:15:00,28.73,33.67,36.94,37.43,50.65,54.13,52.78,55.53,39.09,52.76,52.97,42.54,56.58,46.98,31.34,45.83,37.05,43.74,47.67,51.8,53.68,55.01,47.78,54.97,56.38,45.71,47.82,47.49,46.25,47.26,43.85,49.31,48.6
2019-01-20 02:20:00,28.75,33.69,36.96,37.44,50.66,54.14,52.79,55.54,39.09,52.77,52.98,42.55,56.59,46.99,31.35,45.84,37.07,43.76,47.68,51.8,53.68,55.02,47.79,54.98,56.39,45.72,47.83,47.49,46.26,47.27,43.85,49.32,48.61
2019-01-20 02:25:00,28.76,33.7,36.97,37.45,50.66,54.15,52.8,55.55,39.09,52.78,52.99,42.55,56.6,47.0,31.37,45.85,37.08,43.77,47.68,51.81,53.69,55.03,47.81,54.99,56.4,45.73,47.84,47.5,46.26,47.28,43.86,49.33,48.62
2019-01-20 02:30:00,28.78,33.72,36.99,37.47,50.67,54.15,52.81,55.56,39.09,52.8,53.0,42.56,56.61,47.01,31.38,45.86,37.09,43.78,47.69,51.81,53.7,55.04,47.82,55.0,56.41,45.74,47.85,47.51,46.27,47.29,43.86,49.34,48.62
2019-01-20 02:35:00,28.79,33.73,37.0,37.48,50.68,54.16,52.83,55.58,39.09,52.81,53.01,42.56,56.62,47.03,31.39,45.87,37.11,43.79,47.7,51.82,53.71,55.05,47.83,55.01,56.43,45.75,47.86,47.52,46.28,47.3,43.87,49.35,48.63
2019-01-20 02:40:00,28.81,33.75,37.02,37.49,50.68,54.17,52.84,55.59,39.09,52.82,53.02,42.57,56.62,47.04,31.41,45.89,37.12,43.81,47.71,51.82,53.72,55.06,47.84,55.02,56.44,45.76,47.87,47.53,46.29,47.3,43.87,49.36,48.64
2019-01-20 02:45:00,28.82,33.76,37.03,37.51,50.69,54.18,52.85,55.6,39.09,52.84,53.03,42.58,56.63,47.05,31.42,45.9,37.13,43.82,47.71,51.83,53.72,55.07,47.85,55.03,56.45,45.77,47.88,47.54,46.29,47.31,43.87,49.36,48.64
2019-01-20 02:50:00,28.84,33.78,37.05,37.52,50.7,54.19,52.86,55.61,39.09,52.85,53.04,42.58,56.64,47.07,31.44,45.91,37.15,43.83,47.72,51.83,53.73,55.08,47.86,55.04,56.47,45.78,47.89,47.55,46.3,47.32,43.88,49.37,48.65
2019-01-20 02:55:00,28.85,33.79,37.06,37.53,50.71,54.2,52.88,55.63,39.09,52.86,53.05,42.59,56.65,47.08,31.45,45.92,37.16,43.85,47.73,51.84,53.74,55.09,47.88,55.05,56.48,45.79,47.9,47.56,46.31,47.33,43.88,49.38,48.66
2019-01-20 03:00:00,28.87,33.81,37.08,37.55,50.71,54.21,52.89,55.64,39.1,52.88,53.06,42.59,56.66,47.09,31.46,45.93,37.17,43.86,47.73,51.84,53.75,55.1,47.89,55.06,56.49,45.8,47.91,47.57,46.31,47.34,43.88,49.39,48.66
2019-01-20 03:05:00,28.88,33.82,37.09,37.56,50.72,54.21,52.9,55.65,39.1,52.89,53.06,42.6,56.67,47.1,31.47,45.95,37.19,43.87,47.74,51.85,53.76,55.11,47.9,55.07,56.5,45.81,47.92,47.58,46.32,47.35,43.89,49.4,48.67
2019-01-20 03:10:00,28.9,33.84,37.11,37.57,50.73,54.22,52.91,55.66,39.1,52.9,53.07,42.6,56.68,47.11,31.49,45.96,37.2,43.88,47.75,51.85,53.76,55.12,47.91,55.08,56.51,45.82,47.93,47.58,46.33,47.35,43.89,49.41,48.68
2019-01-20 03:15:00,28.91,33.85,37.12,37.58,50.73,54.23,52.92,55.67,39.1,52.91,53.08,42.61,56.68,47.12,31.5,45.97,37.21,43.89,47.75,51.86,53.77,55.12,47.92,55.08,56.52,45.82,47.94,47.59,46.33,47.36,43.89,49.41,48.68
2019-01-20 03:20:00,28.93,33.87,37.14,37.59,50.74,54.24,52.93,55.68,39.1,52.92,53.09,42.61,56.69,47.13,31.51,45.97,37.22,43.9,47.76,51.86,53.77,55.13,47.93,55.09,56.53,45.83,47.95,47.6,46.34,47.37,43.9,49.42,48.69
2019-01-20 03:25:00,28.94,33.88,37.15,37.6,50.74,54.24,52.94,55.69,39.1,52.93,53.09,42.62,56.7,47.14,31.52,45.98,37.23,43.91,47.76,51.86,53.78,55.14,47.93,55.1,56.54,45.84,47.96,47.6,46.34,47.37,43.9,49.42,48.69
2019-01-20 03:30:00,28.96,33.9,37.17,37.61,50.75,54.25,52.95,55.69,39.1,52.94,53.1,42.62,56.7,47.15,31.53,45.99,37.24,43.92,47.77,51.87,53.79,55.15,47.94,55.11,56.55,45.85,47.97,47.61,46.35,47.38,43.9,49.43,48.69
2019-01-20 03:35:00,28.97,33.91,37.18,37.62,50.75,54.25,52.95,55.7,39.1,52.95,53.1,42.63,56.71,47.16,31.54,46.0,37.25,43.93,47.77,51.87,53.79,55.15,47.95,55.11,56.56,45.85,47.97,47.61,46.35,47.38,43.9,49.44,48.7
2019-01-20 03:40:00,28.99,33.93,37.2,37.63,50.76,54.26,52.96,55.71,39.1,52.95,53.11,42.63,56.71,47.17,31.54,46.01,37.25,43.93,47.78,51.87,53.8,55.16,47.96,55.12,56.56,45.86,47.98,47.62,46.35,47.39,43.91,49.44,48.7
2019-01-20 03:45:00,29.0,33.95,37.22,37.63,50.76,54.26,52.97,55.71,39.1,52.96,53.11,42.63,56.72,47.17,31.55,46.01,37.26,43.94,47.78,51.88,53.8,55.16,47.96,55.12,56.57,45.86,47.99,47.63,46.36,47.39,43.91,49.45,48.71
2019-01-20 03:50:00,29.02,33.96,37.23,37.64,50.76,54.27,52.97,55.72,39.1,52.97,53.12,42.64,56.72,47.18,31.56,46.02,37.27,43.95,47.79,51.88,53.8,55.17,47.97,55.13,56.58,45.87,47.99,47.63,46.36,47.4,43.91,49.45,48.71
2019-01-20 03:55:00,29.03,33.98,37.25,37.65,50.77,54.27,52.98,55.73,39.1,52.97,53.12,42.64,56.73,47.19,31.57,46.02,37.27,43.95,47.79,51.88,53.81,55.17,47.97,55.13,56.58,45.87,48.0,47.63,46.36,47.4,43.91,49.45,48.71
2019-01-20 04:00:00,29.05,33.99,37.26,37.65,50.77,54.27,52.98,55.73,39.1,52.98,53.13,42.64,56.73,47.19,31.57,46.03,37.28,43.96,47.79,51.88,53.81,55.18,47.98,55.14,56.59,45.88,48.0,47.64,46.37,47.4,43.91,49.46,48.71
2019-01-20 04:05:00,29.07,34.01,37.28,37.66,50.77,54.28,52.99,55.74,39.1,52.98,53.13,42.64,56.73,47.2,31.58,46.03,37.28,43.96,47.79,51.89,53.81,55.18,47.98,55.14,56.59,45.88,48.0,47.64,46.37,47.41,43.91,49.46,48.72
2019-01-20 04:10:00,29.08,34.02,37.29,37.66,50.78,54.28,52.99,55.74,39.1,52.99,53.13,42.64,56.74,47.2,31.58,46.04,37.29,43.97,47.8,51.89,53.82,55.18,47.99,55.15,56.6,45.88,48.01,47.64,46.37,47.41,43.91,49.46,48.72
2019-01-20 04:15:00,29.1,34.04,37.31,37.67,50.78,54.28,53.0,55.74,39.1,52.99,53.14,42.65,56.74,47.2,31.58,46.04,37.29,43.97,47.8,51.89,53.82,55.19,47.99,55.15,56.6,45.89,48.01,47.65,46.37,47.41,43.92,49.47,48.72
2019-01-20 04:20:00,29.11,34.05,37.32,37.67,50.78,54.29,53.0,55.75,39.1,53.0,53.14,42.65,56.74,47.21,31.59,46.04,37.3,43.97,47.8,51.89,53.82,55.19,47.99,55.15,56.6,45.89,48.01,47.65,46.37,47.41,43.92,49.47,48.72
2019-01-20 04:25:00,29.13,34.07,37.34,37.67,50.78,54.29,53.0,55.75,39.1,53.0,53.14,42.65,56.74,47.21,31.59,46.05,37.3,43.98,47.8,51.89,53.82,55.19,47.99,55.15,56.6,45.89,48.01,47.65,46.38,47.41,43.92,49.47,48.72
2019-01-20 04:30:00,29.14,34.08,37.35,37.67,50.78,54.29,53.0,55.75,39.1,53.0,53.14,42.65,56.74,47.21,31.59,46.05,37.3,43.98,47.8,51.89,53.82,55.19,48.0,55.15,56.61,45.89,48.02,47.65,46.38,47.42,43.92,49.47,48.72
2019-01-20 04:35:00,29.16,34.1,37.37,37.67,50.78,54.29,53.0,55.75,39.1,53.0,53.14,42.65,56.74,47.21,31.59,46.05,37.3,43.98,47.8,51.89,53.82,55.19,48.0,55.15,56.61,45.89,48.02,47.65,46.38,47.42,43.92,49.47,48.72
2019-01-20 04:40:00,29.17,34.11,37.38,37.67,50.78,54.29,53.0,55.75,39.1,53.0,53.14,42.65,56.74,47.21,31.59,46.05,37.3,43.98,47.8,51.89,53.82,55.19,48.0,55.15,56.61,45.89,48.02,47.65,46.38,47.42,43.92,49.47,48.72
2019-01-20 04:45:00,29.19,34.13,37.4,37.67,50.78,54.29,53.0,55.75,39.1,53.0,53.14,42.65,56.74,47.21,31.59,46.05,37.3,43.98,47.8,51.89,53.82,55.19,48.0,55.15,56.61,45.89,48.02,47.65,46.38,47.41,43.92,49.47,48.72
2019-01-20 04:50:00,29.2,34.14,37.41,37.67,50.78,54.29,53.0,55.75,39.1,53.0,53.14,42.65,56.74,47.21,31.59,46.05,37.3,43.98,47.8,51.89,53.82,55.19,48.0,55.15,56.61,45.89,48.01,47.65,46.38,47.41,43.92,49.47,48.72
2019-01-20 04:55:00,29.22,34.16,37.43,37.67,50.78,54.29,53.0,55.75,39.1,53.0,53.14,42.65,56.74,47.21,31.59,46.05,37.3,43.98,47.8,51.89,53.82,55.19,48.0,55.15,56.61,45.89,48.01,47.65,46.38,47.41,43.92,49.47,48.72
2019-01-20 05:00:00,29.23,34.17,37.44,37.67,50.78,54.29,53.0,55.75,39.1,53.0,53.14,42.65,56.74,47.21,31.59,46.05,37.3,43.97,47.8,51.89,53.82,55.19,47.99,55.15,56.6,45.89,48.01,47.65,46.37,47.41,43.92,49.47,48.72
2019-01-20 05:05:00,29.24,34.19,37.46,37.67,50.78,54.29,53.0,55.75,39.1,53.0,53.14,42.65,56.74,47.21,31.59,46.04,37.3,43.97,47.8,51.89,53.82,55.19,47.99,55.15,56.6,45.89,48.01,47.65,46.37,47.41,43.92,49.47,48.72
2019-01-20 05:10:00,29.26,34.2,37.47,37.67,50.78,54.29,53.0,55.75,39.1,53.0,53.14,42.65,56.74,47.21,31.59,46.04,37.3,43.97,47.8,51.89,53.82,55.19,47.99,55.15,56.6,45.89,48.01,47.65,46.37,47.41,43.92,49.47,48.72
2019-01-20 05:15:00,29.27,34.22,37.49,37.67,50.78,54.29,53.0,55.75,39.1,53.0,53.14,42.65,56.74,47.21,31.59,46.04,37.3,43.97,47.8,51.89,53.82,55.19,47.99,55.15,56.6,45.89,48.01,47.65,46.37,47.41,43.92,49.47,48.72
2019-01-20 05:20:00,29.29,34.23,37.5,37.67,50.78,54.29,53.0,55.75,39.1,53.0,53.14,42.65,56.74,47.21,31.59,46.04,37.29,43.97,47.8,51.89,53.82,55.19,47.99,55.15,56.6,45.89,48.01,47.65,46.37,47.41,43.92,49.47,48.72
2019-01-20 05:25:00,29.3,34.24,37.51,37.67,50.78,54.29,53.0,55.74,39.1,53.0,53.13,42.65,56.74,47.2,31.58,46.04,37.29,43.97,47.8,51.89,53.82,55.19,47.99,55.15,56.6,45.89,48.01,47.64,46.37,47.41,43.92,49.46,48.72
2019-01-20 05:30:00,29.32,34.26,37.53,37.66,50.78,54.29,52.99,55.74,39.1,53.0,53.13,42.64,56.74,47.2,31.58,46.04,37.29,43.97,47.8,51.89,53.82,55.19,47.99,55.15,56.6,45.89,48.01,47.64,46.37,47.41,43.91,49.46,48.72
2019-01-20 05:35:00,29.33,34.27,37.54,37.66,50.78,54.28,52.99,55.74,39.1,52.99,53.13,42.64,56.74,47.2,31.58,46.04,37.29,43.97,47.8,51.89,53.82,55.19,47.99,55.15,56.6,45.88,48.0,47.64,46.37,47.41,43.91,49.46,48.72
2019-01-20 05:40:00,29.34,34.28,37.55,38.2,50.89,54.42,53.26,56.0,39.1,53.27,53.28,42.74,56.9,47.51,32.03,46.35,37.72,44.27,47.91,51.98,53.95,55.35,48.25,55.33,56.87,46.1,48.21,47.8,46.47,47.53,43.97,49.59,48.81
2019-01-20 05:45:00,29.34,34.28,37.55,38.2,50.89,54.42,53.26,55.99,39.1,53.27,53.27,42.73,56.9,47.51,32.03,46.34,37.72,44.27,47.91,51.98,53.95,55.34,48.25,55.33,56.87,46.1,48.21,47.79,46.47,47.53,43.97,49.59,48.81
2019-01-20 05:50:00,29.33,34.27,37.54,38.19,50.89,54.41,53.26,55.99,39.1,53.27,53.27,42.73,56.9,47.5,32.02,46.34,37.72,44.27,47.91,51.98,53.95,55.34,48.25,55.33,56.87,46.1,48.21,47.79,46.47,47.53,43.97,49.58,48.81
2019-01-20 05:55:00,29.33,34.27,37.54,38.19,50.89,54.41,53.25,55.99,39.1,53.26,53.26,42.73,56.89,47.5,32.02,46.34,37.71,44.26,47.91,51.97,53.94,55.34,48.24,55.32,56.86,46.09,48.2,47.79,46.46,47.52,43.96,49.58,48.8
2019-01-20 06:00:00,29.32,34.26,37.53,38.18,50.88,54.41,53.25,55.98,39.1,53.26,53.26,42.73,56.89,47.49,32.01,46.33,37.71,44.26,47.9,51.97,53.94,55.33,48.24,55.32,56.86,46.09,48.2,47.78,46.46,47.52,43.96,49.57,48.8
2019-01-20 06:05:00,29.32,34.26,37.53,38.17,50.88,54.4,53.24,55.97,39.1,53.25,53.25,42.72,56.88,47.49,32.01,46.33,37.7,44.25,47.9,51.97,53.94,55.33,48.23,55.31,56.85,46.09,48.19,47.78,46.46,47.51,43.96,49.57,48.8
2019-01-20 06:10:00,29.31,34.25,37.52,38.17,50.88,54.4,53.23,55.97,39.1,53.24,53.25,42.72,56.88,47.48,32.0,46.32,37.69,44.24,47.9,51.97,53.93,55.32,48.23,55.31,56.84,46.08,48.19,47.77,46.45,47.51,43.96,49.56,48.79
2019-01-20 06:15:00,29.3,34.25,37.52,38.16,50.87,54.39,53.23,55.96,39.1,53.24,53.24,42.72,56.87,47.47,31.99,46.31,37.69,44.24,47.89,51.96,53.93,55.32,48.22,55.3,56.84,46.07,48.18,47.77,46.45,47.5,43.96,49.56,48.79
2019-01-20 06:20:00,29.3,34.24,37.51,38.15,50.87,54.39,53.22,55.96,39.1,53.23,53.24,42.71,56.87,47.47,31.98,46.31,37.68,44.23,47.89,51.96,53.92,55.31,48.21,55.3,56.83,46.07,48.17,47.76,46.44,47.5,43.95,49.55,48.78
2019-01-20 06:25:00,29.29,34.23,37.51,38.15,50.86,54.38,53.21,55.95,39.1,53.22,53.23,42.71,56.86,47.46,31.98,46.3,37.67,44.22,47.88,51.96,53.92,55.31,48.21,55.29,56.82,46.06,48.17,47.75,46.44,47.49,43.95,49.55,48.78
2019-01-20 06:30:00,29.29,34.23,37.5,38.14,50.86,54.38,53.21,55.94,39.1,53.21,53.22,42.7,56.86,47.45,31.97,46.29,37.66,44.21,47.88,51.95,53.91,55.3,48.2,55.28,56.81,46.05,48.16,47.75,46.43,47.48,43.95,49.54,48.77
2019-01-20 06:35:00,29.28,34.22,37.49,38.13,50.85,54.37,53.2,55.93,39.1,53.2,53.21,42.7,56.85,47.44,31.96,46.28,37.65,44.2,47.87,51.95,53.91,55.29,48.19,55.28,56.8,46.05,48.15,47.74,46.43,47.48,43.94,49.53,48.77
2019-01-20 06:40:00,29.27,34.21,37.49,38.12,50.85,54.36,53.19,55.92,39.1,53.19,53.21,42.69,56.84,47.43,31.95,46.27,37.64,44.19,47.87,51.95,53.9,55.29,48.18,55.27,56.79,46.04,48.14,47.73,46.42,47.47,43.94,49.52,48.76
2019-01-20 06:45:00,29.27,34.21,37.48,38.11,50.84,54.36,53.18,55.91,39.1,53.18,53.2,42.69,56.84,47.42,31.94,46.26,37.63,44.18,47.86,51.94,53.89,55.28,48.17,55.26,56.78,46.03,48.13,47.72,46.41,47.46,43.94,49.51,48.76
2019-01-20 06:50:00,29.26,34.2,37.48,38.1,50.83,54.35,53.17,55.9,39.1,53.17,53.19,42.68,56.83,47.41,31.92,46.25,37.62,44.17,47.85,51.94,53.89,55.27,48.16,55.25,56.77,46.02,48.12,47.71,46.41,47.45,43.93,49.51,48.75
2019-01-20 06:55:00,29.25,34.19,37.47,38.09,50.83,54.34,53.16,55.89,39.1,53.16,53.18,42.67,56.82,47.4,31.91,46.24,37.61,44.16,47.85,51.93,53.88,55.26,48.15,55.24,56.76,46.01,48.11,47.7,46.4,47.44,43.93,49.5,48.74
2019-01-20 07:00:00,29.24,34.19,37.46,38.08,50.82,54.33,53.15,55.88,39.1,53.15,53.17,42.67,56.81,47.39,31.9,46.23,37.6,44.15,47.84,51.93,53.87,55.25,48.14,55.23,56.75,46.0,48.1,47.7,46.39,47.44,43.93,49.49,48.74
2019-01-20 07:05:00,29.24,34.18,37.45,38.07,50.81,54.33,53.14,55.87,39.1,53.14,53.16,42.66,56.81,47.38,31.89,46.22,37.59,44.14,47.83,51.92,53.87,55.25,48.13,55.23,56.74,45.99,48.09,47.69,46.38,47.43,43.92,49.48,48.73
2019-01-20 07:10:00,29.23,34.17,37.45,38.05,50.81,54.32,53.12,55.86,39.1,53.13,53.15,42.65,56.8,47.37,31.88,46.21,37.58,44.13,47.83,51.92,53.86,55.24,48.12,55.22,56.73,45.98,48.08,47.68,46.38,47.42,43.92,49.47,48.72
2019-01-20 07:15:00,29.22,34.16,37.44,38.04,50.8,54.31,53.11,55.85,39.1,53.12,53.14,42.65,56.79,47.36,31.86,46.2,37.57,44.12,47.82,51.91,53.85,55.23,48.11,55.21,56.72,45.97,48.07,47.67,46.37,47.41,43.91,49.46,48.71
2019-01-20 07:20:00,29.21,34.15,37.43,38.03,50.79,54.3,53.1,55.83,39.1,53.1,53.13,42.64,56.78,47.34,31.85,46.19,37.55,44.11,47.81,51.91,53.84,55.22,48.1,55.19,56.71,45.96,48.05,47.66,46.36,47.4,43.91,49.45,48.71
2019-01-20 07:25:00,29.2,34.15,37.42,38.01,50.78,54.29,53.09,55.82,39.1,53.09,53.12,42.63,56.77,47.33,31.83,46.18,37.54,44.09,47.8,51.9,53.83,55.21,48.08,55.18,56.69,45.95,48.04,47.64,46.35,47.39,43.9,49.44,48.7
2019-01-20 07:30:00,29.2,34.14,37.42,38.0,50.77,54.28,53.07,55.81,39.1,53.07,53.1,42.62,56.76,47.31,31.82,46.16,37.52,44.08,47.79,51.9,53.82,55.19,48.07,55.17,56.68,45.94,48.03,47.63,46.34,47.37,43.9,49.42,48.69
2019-01-20 07:35:00,29.19,34.13,37.41,37.98,50.76,54.27,53.05,55.79,39.1,53.06,53.09,42.61,56.74,47.3,31.8,46.15,37.51,44.06,47.78,51.89,53.81,55.18,48.06,55.16,56.66,45.92,48.01,47.62,46.33,47.36,43.89,49.41,48.68
2019-01-20 07:40:00,29.18,34.12,37.4,37.97,50.75,54.26,53.04,55.77,39.1,53.04,53.08,42.6,56.73,47.28,31.78,46.13,37.49,44.04,47.77,51.88,53.8,55.17,48.04,55.14,56.64,45.91,48.0,47.6,46.32,47.35,43.89,49.4,48.67
2019-01-20 07:45:00,29.17,34.11,37.39,37.95,50.74,54.24,53.02,55.76,39.1,53.02,53.06,42.59,56.72,47.26,31.76,46.11,37.47,44.03,47.76,51.87,53.79,55.15,48.02,55.13,56.63,45.9,47.98,47.59,46.31,47.33,43.88,49.38,48.66
2019-01-20 07:50:00,29.16,34.1,37.38,37.93,50.73,54.23,53.01,55.74,39.1,53.01,53.05,42.59,56.71,47.25,31.75,46.1,37.46,44.01,47.75,51.87,53.78,55.14,48.01,55.11,56.61,45.88,47.96,47.58,46.3,47.32,43.87,49.37,48.65
2019-01-20 07:55:00,29.15,34.09,37.37,37.92,50.72,54.22,52.99,55.73,39.1,52.99,53.03,42.58,56.7,47.23,31.73,46.08,37.44,43.99,47.74,51.86,53.77,55.13,47.99,55.1,56.6,45.87,47.95,47.56,46.29,47.31,43.87,49.36,48.64
2019-01-20 08:00:00,29.14,34.08,37.36,37.9,50.71,54.21,52.97,55.71,39.1,52.97,53.02,42.57,56.68,47.22,31.71,46.07,37.43,43.98,47.73,51.85,53.76,55.12,47.98,55.09,56.58,45.86,47.93,47.55,46.27,47.3,43.86,49.34,48.63
2019-01-20 08:05:00,29.13,34.07,37.35,37.88,50.71,54.2,52.96,55.7,39.1,52.96,53.01,42.56,56.67,47.2,31.7,46.05,37.41,43.96,47.72,51.85,53.75,55.11,47.97,55.08,56.57,45.84,47.92,47.54,46.27,47.28,43.86,49.33,48.62
2019-01-20 08:10:00,29.12,34.06,37.34,37.87,50.7,54.19,52.95,55.68,39.1,52.94,52.99,42.55,56.66,47.19,31.68,46.04,37.4,43.95,47.71,51.84,53.74,55.09,47.95,55.06,56.55,45.83,47.91,47.53,46.26,47.27,43.85,49.32,48.61
2019-01-20 08:15:00,29.11,34.05,37.33,37.86,50.69,54.18,52.93,55.67,39.1,52.93,52.98,42.54,56.65,47.17,31.67,46.03,37.38,43.93,47.71,51.84,53.73,55.08,47.94,55.05,56.54,45.82,47.89,47.51,46.25,47.26,43.85,49.31,48.6
2019-01-20 08:20:00,29.1,34.04,37.32,37.84,50.68,54.17,52.92,55.66,39.1,52.92,52.97,42.53,56.64,47.16,31.65,46.01,37.37,43.92,47.7,51.83,53.72,55.07,47.93,55.04,56.52,45.81,47.88,47.5,46.24,47.25,43.84,49.3,48.59
2019-01-20 08:25:00,29.09,34.03,37.32,37.83,50.67,54.16,52.91,55.64,39.1,52.9,52.96,42.53,56.63,47.15,31.64,46.0,37.35,43.91,47.69,51.82,53.71,55.06,47.91,55.03,56.51,45.8,47.87,47.49,46.23,47.24,43.84,49.28,48.58
2019-01-20 08:30:00,29.08,34.02,37.31,37.81,50.66,54.15,52.89,55.63,39.09,52.89,52.95,42.52,56.62,47.13,31.62,45.99,37.34,43.89,47.68,51.82,53.7,55.05,47.9,55.02,56.5,45.79,47.86,47.48,46.22,47.23,43.83,49.27,48.57
2019-01-20 08:35:00,29.07,34.01,37.3,37.8,50.66,54.14,52.88,55.62,39.09,52.88,52.94,42.51,56.61,47.12,31.61,45.98,37.33,43.88,47.67,51.81,53.69,55.04,47.89,55.01,56.48,45.78,47.84,47.47,46.21,47.22,43.83,49.26,48.57
2019-01-20 08:40:00,29.06,34.0,37.29,37.79,50.65,54.13,52.87,55.61,39.09,52.86,52.93,42.51,56.61,47.11,31.6,45.96,37.32,43.87,47.66,51.81,53.68,55.03,47.88,55.0,56.47,45.76,47.83,47.46,46.2,47.21,43.82,49.25,48.56
2019-01-20 08:45:00,29.05,33.99,37.28,37.78,50.64,54.12,52.86,55.6,39.09,52.85,52.92,42.5,56.6,47.1,31.58,45.95,37.3,43.86,47.66,51.8,53.68,55.02,47.87,54.99,56.46,45.76,47.82,47.45,46.2,47.2,43.82,49.24,48.55
2019-01-20 08:50:00,29.04,33.98,37.27,37.77,50.64,54.12,52.85,55.59,39.09,52.84,52.91,42.49,56.59,47.09,31.57,45.94,37.29,43.85,47.65,51.8,53.67,55.01,47.86,54.98,56.45,45.75,47.81,47.44,46.19,47.19,43.82,49.23,48.54
2019-01-20 08:55:00,29.03,33.97,37.26,37.76,50.63,54.11,52.84,55.58,39.09,52.83,52.9,42.49,56.58,47.08,31.56,45.93,37.28,43.84,47.65,51.8,53.66,55.01,47.85,54.97,56.44,45.74,47.8,47.43,46.18,47.18,43.81,49.23,48.54
2019-01-20 09:00:00,29.02,33.96,37.25,37.75,50.62,54.1,52.83,55.57,39.09,52.82,52.89,42.48,56.57,47.07,31.55,45.93,37.27,43.83,47.64,51.79,53.66,55.0,47.84,54.96,56.43,45.73,47.79,47.43,46.18,47.18,43.81,49.22,48.53
2019-01-20 09:05:00,29.01,33.95,37.24,37.74,50.62,54.09,52.82,55.56,39.09,52.81,52.88,42.48,56.57,47.06,31.54,45.92,37.26,43.82,47.63,51.79,53.65,54.99,47.83,54.96,56.42,45.72,47.78,47.42,46.17,47.17,43.81,49.21,48.53
2019-01-20 09:10:00,29.0,33.94,37.23,37.73,50.61,54.09,52.81,55.55,39.09,52.8,52.87,42.47,56.56,47.05,31.53,45.91,37.26,43.81,47.63,51.78,53.64,54.98,47.82,54.95,56.41,45.71,47.78,47.41,46.16,47.16,43.8,49.2,48.52
2019-01-20 09:15:00,28.99,33.93,37.22,37.72,50.61,54.08,52.8,55.54,39.09,52.79,52.87,42.47,56.55,47.04,31.52,45.9,37.25,43.8,47.62,51.78,53.64,54.98,47.81,54.94,56.4,45.71,47.77,47.4,46.16,47.15,43.8,49.2,48.52
2019-01-20 09:20:00,28.98,33.92,37.21,37.71,50.6,54.07,52.79,55.53,39.09,52.78,52.86,42.46,56.55,47.03,31.51,45.89,37.24,43.79,47.62,51.78,53.63,54.97,47.81,54.93,56.39,45.7,47.76,47.4,46.15,47.15,43.8,49.19,48.51
2019-01-20 09:25:00,28.97,33.91,37.2,37.7,50.59,54.07,52.78,55.52,39.09,52.77,52.85,42.46,56.54,47.02,31.5,45.88,37.23,43.78,47.61,51.77,53.62,54.96,47.8,54.92,56.38,45.69,47.75,47.39,46.14,47.14,43.79,49.18,48.5
2019-01-20 09:30:00,28.96,33.9,37.19,37.69,50.59,54.06,52.77,55.51,39.09,52.76,52.84,42.45,56.53,47.01,31.49,45.87,37.22,43.77,47.6,51.77,53.62,54.95,47.79,54.92,56.37,45.68,47.74,47.38,46.14,47.13,43.79,49.17,48.5
2019-01-20 09:35:00,28.95,33.89,37.18,37.68,50.58,54.05,52.76,55.5,39.09,52.75,52.83,42.44,56.53,47.0,31.48,45.86,37.21,43.76,47.6,51.76,53.61,54.94,47.78,54.91,56.36,45.67,47.73,47.37,46.13,47.12,43.79,49.16,48.49
2019-01-20 09:40:00,28.94,33.88,37.17,37.67,50.58,54.04,52.75,55.49,39.09,52.74,52.82,42.44,56.52,46.99,31.47,45.85,37.19,43.75,47.59,51.76,53.6,54.94,47.77,54.9,56.35,45.66,47.72,47.36,46.12,47.11,43.78,49.16,48.48
2019-01-20 09:45:00,28.93,33.87,37.16,37.66,50.57,54.04,52.74,55.48,39.09,52.73,52.81,42.43,56.51,46.98,31.46,45.84,37.18,43.74,47.58,51.75,53.6,54.93,47.76,54.89,56.34,45.66,47.71,47.35,46.12,47.11,43.78,49.15,48.48
2019-01-20 09:50:00,28.92,33.86,37.15,37.65,50.56,54.03,52.73,55.47,39.09,52.72,52.8,42.43,56.5,46.97,31.44,45.83,37.17,43.73,47.58,51.75,53.59,54.92,47.75,54.88,56.33,45.65,47.7,47.34,46.11,47.1,43.78,49.14,48.47
2019-01-20 09:55:00,28.91,33.85,37.14,37.63,50.56,54.02,52.72,55.46,39.09,52.7,52.79,42.42,56.49,46.95,31.43,45.82,37.16,43.72,47.57,51.74,53.58,54.91,47.74,54.87,56.32,45.64,47.69,47.33,46.1,47.09,43.77,49.13,48.46
2019-01-20 10:00:00,28.9,33.84,37.13,37.62,50.55,54.01,52.71,55.45,39.09,52.69,52.78,42.41,56.48,46.94,31.42,45.81,37.15,43.7,47.56,51.74,53.57,54.9,47.72,54.86,56.31,45.63,47.68,47.32,46.09,47.08,43.77,49.12,48.46
2019-01-20 10:05:00,28.89,33.83,37.12,37.61,50.54,54.0,52.7,55.44,39.09,52.68,52.77,42.4,56.47,46.93,31.4,45.8,37.14,43.69,47.55,51.73,53.56,54.89,47.71,54.85,56.3,45.62,47.67,47.31,46.09,47.07,43.76,49.11,48.45
2019-01-20 10:10:00,28.87,33.82,37.11,37.6,50.53,53.99,52.68,55.42,39.09,52.67,52.76,42.4,56.47,46.92,31.39,45.79,37.12,43.68,47.55,51.73,53.56,54.88,47.7,54.84,56.28,45.61,47.65,47.3,46.08,47.06,43.76,49.1,48.44
2019-01-20 10:15:00,28.86,33.81,37.1,37.58,50.53,53.99,52.67,55.41,39.09,52.65,52.75,42.39,56.46,46.91,31.38,45.77,37.11,43.67,47.54,51.72,53.55,54.87,47.69,54.83,56.27,45.6,47.64,47.29,46.07,47.05,43.75,49.09,48.43
2019-01-20 10:20:00,28.85,33.8,37.09,37.57,50.52,53.98,52.66,55.4,39.09,52.64,52.74,42.38,56.45,46.89,31.37,45.76,37.1,43.66,47.53,51.72,53.54,54.86,47.68,54.82,56.26,45.59,47.63,47.28,46.06,47.04,43.75,49.08,48.43
2019-01-20 10:25:00,28.84,33.79,37.08,37.56,50.51,53.97,52.65,55.39,39.09,52.63,52.73,42.38,56.44,46.88,31.35,45.75,37.09,43.65,47.53,51.71,53.53,54.85,47.67,54.81,56.25,45.58,47.62,47.27,46.05,47.03,43.75,49.07,48.42
2019-01-20 10:30:00,28.83,33.78,37.07,37.55,50.51,53.96,52.64,55.38,39.09,52.62,52.72,42.37,56.43,46.87,31.34,45.74,37.08,43.64,47.52,51.71,53.53,54.85,47.66,54.8,56.24,45.57,47.61,47.27,46.05,47.02,43.74,49.06,48.41
2019-01-20 10:35:00,28.82,33.77,37.06,37.54,50.5,53.96,52.63,55.37,39.09,52.61,52.72,42.37,56.43,46.86,31.33,45.73,37.07,43.63,47.51,51.71,53.52,54.84,47.65,54.79,56.23,45.56,47.6,47.26,46.04,47.01,43.74,49.05,48.41
2019-01-20 10:40:00,28.81,33.75,37.05,37.53,50.49,53.95,52.62,55.36,39.09,52.6,52.71,42.36,56.42,46.86,31.32,45.73,37.06,43.62,47.51,51.7,53.51,54.83,47.64,54.79,56.22,45.55,47.59,47.25,46.04,47.01,43.74,49.05,48.4
2019-01-20 10:45:00,28.8,33.74,37.04,37.53,50.49,53.94,52.61,55.36,39.09,52.59,52.7,42.36,56.41,46.85,31.32,45.72,37.05,43.61,47.5,51.7,53.51,54.82,47.64,54.78,56.21,45.55,47.59,47.25,46.03,47.0,43.73,49.04,48.4
2019-01-20 10:50:00,28.79,33.73,37.02,37.52,50.49,53.94,52.61,55.35,39.09,52.59,52.7,42.35,56.41,46.84,31.31,45.71,37.04,43.6,47.5,51.7,53.5,54.82,47.63,54.77,56.21,45.54,47.58,47.24,46.03,47.0,43.73,49.03,48.39
2019-01-20 10:55:00,28.78,33.72,37.01,37.51,50.48,53.93,52.6,55.34,39.09,52.58,52.69,42.35,56.4,46.83,31.3,45.7,37.04,43.59,47.49,51.69,53.5,54.81,47.62,54.77,56.2,45.53,47.57,47.23,46.02,46.99,43.73,49.03,48.39
2019-01-20 11:00:00,28.76,33.71,37.0,37.5,50.48,53.93,52.59,55.33,39.09,52.57,52.68,42.35,56.4,46.83,31.29,45.7,37.03,43.59,47.49,51.69,53.49,54.81,47.62,54.76,56.19,45.53,47.57,47.23,46.02,46.98,43.73,49.02,48.38
2019-01-20 11:05:00,28.75,33.7,36.99,37.5,50.47,53.92,52.59,55.33,39.09,52.57,52.68,42.34,56.39,46.82,31.29,45.69,37.02,43.58,47.49,51.69,53.49,54.8,47.61,54.76,56.19,45.52,47.56,47.22,46.01,46.98,43.72,49.02,48.38
2019-01-20 11:10:00,28.74,33.69,36.98,37.49,50.47,53.92,52.58,55.32,39.09,52.56,52.67,42.34,56.39,46.81,31.28,45.69,37.02,43.58,47.48,51.68,53.49,54.8,47.6,54.75,56.18,45.52,47.56,47.22,46.01,46.97,43.72,49.01,48.38
2019-01-20 11:15:00,28.73,33.68,36.97,37.49,50.47,53.92,52.58,55.32,39.09,52.55,52.67,42.34,56.39,46.81,31.27,45.68,37.01,43.57,47.48,51.68,53.48,54.79,47.6,54.75,56.18,45.51,47.55,47.21,46.01,46.97,43.72,49.01,48.37
2019-01-20 11:20:00,28.72,33.67,36.96,37.48,50.46,53.91,52.57,55.31,39.09,52.55,52.66,42.33,56.38,46.8,31.27,45.68,37.01,43.57,47.48,51.68,53.48,54.79,47.6,54.74,56.17,45.51,47.55,47.21,46.0,46.97,43.72,49.0,48.37
2019-01-20 11:25:00,28.71,33.66,36.95,37.48,50.46,53.91,52.57,55.31,39.09,52.55,52.66,42.33,56.38,46.8,31.27,45.68,37.01,43.56,47.47,51.68,53.48,54.79,47.59,54.74,56.17,45.51,47.54,47.21,46.0,46.96,43.72,49.0,48.37
2019-01-20 11:30:00,28.7,33.65,36.94,37.48,50.46,53.91,52.57,55.31,39.09,52.54,52.66,42.33,56.38,46.8,31.26,45.67,37.0,43.56,47.47,51.68,53.48,54.79,47.59,54.74,56.17,45.51,47.54,47.21,46.0,46.96,43.72,49.0,48.37
2019-01-20 11:35:00,28.69,33.64,36.93,37.48,50.46,53.91,52.57,55.31,39.09,52.54,52.66,42.33,56.38,46.8,31.26,45.67,37.0,43.56,47.47,51.68,53.47,54.79,47.59,54.74,56.16,45.5,47.54,47.2,46.0,46.96,43.72,49.0,48.37
2019-01-20 11:40:00,28.68,33.63,36.92,37.47,50.46,53.91,52.57,55.31,39.09,52.54,52.66,42.33,56.38,46.8,31.26,45.67,37.0,43.56,47.47,51.68,53.47,54.78,47.59,54.74,56.16,45.5,47.54,47.2,46.0,46.96,43.72,49.0,48.37
2019-01-20 11:45:00,28.67,33.62,36.91,37.47,50.46,53.91,52.56,55.31,39.09,52.54,52.66,42.33,56.38,46.8,31.26,45.67,37.0,43.56,47.47,51.68,53.47,54.78,47.59,54.74,56.16,45.5,47.54,47.2,46.0,46.96,43.72,49.0,48.37
2019-01-20 11:50:00,28.66,33.61,36.9,37.47,50.46,53.91,52.56,55.31,39.09,52.54,52.66,42.33,56.38,46.8,31.26,45.67,37.0,43.56,47.47,51.68,53.47,54.78,47.59,54.74,56.16,45.5,47.54,47.2,46.0,46.96,43.72,49.0,48.37
2019-01-20 11:55:00,28.65,33.6,36.89,37.47,50.46,53.91,52.56,55.31,39.09,52.54,52.66,42.33,56.38,46.8,31.26,45.67,37.0,43.56,47.47,51.68,53.47,54.78,47.59,54.74,56.16,45.5,47.54,47.2,46.0,46.96,43.72,49.0,48.37
2019-01-20 12:00:00,28.64,33.59,36.88,37.48,50.46,53.91,52.57,55.31,39.09,52.54,52.66,42.33,56.38,46.8,31.26,45.67,37.0,43.56,47.47,51.68,53.47,54.79,47.59,54.74,56.16,45.5,47.54,47.2,46.0,46.96,43.72,49.0,48.37
2019-01-20 12:05:00,28.63,33.58,36.87,37.48,50.46,53.91,52.57,55.31,39.09,52.54,52.66,42.33,56.38,46.8,31.26,45.67,37.0,43.56,47.47,51.68,53.48,54.79,47.59,54.74,56.17,45.51,47.54,47.21,46.0,46.96,43.72,49.0,48.37
2019-01-20 12:10:00,28.62,33.57,36.87,37.48,50.46,53.91,52.57,55.31,39.09,52.55,52.66,42.33,56.38,46.8,31.26,45.67,37.0,43.56,47.47,51.68,53.48,54.79,47.59,54.74,56.17,45.51,47.54,47.21,46.0,46.96,43.72,49.0,48.37
2019-01-20 12:15:00,28.62,33.56,36.86,37.48,50.46,53.91,52.57,55.31,39.09,52.55,52.66,42.33,56.38,46.8,31.27,45.68,37.01,43.56,47.47,51.68,53.48,54.79,47.59,54.74,56.17,45.51,47.54,47.21,46.0,46.97,43.72,49.0,48.37
2019-01-20 12:20:00,28.61,33.55,36.85,37.48,50.46,53.91,52.57,55.31,39.09,52.55,52.66,42.33,56.38,46.8,31.27,45.68,37.01,43.57,47.48,51.68,53.48,54.79,47.6,54.74,56.17,45.51,47.55,47.21,46.0,46.97,43.72,49.0,48.37
2019-01-20 12:25:00,28.6,33.54,36.84,37.48,50.47,53.91,52.57,55.32,39.09,52.55,52.67,42.34,56.38,46.81,31.27,45.68,37.01,43.57,47.48,51.68,53.48,54.79,47.6,54.75,56.17,45.51,47.55,47.21,46.0,46.97,43.72,49.01,48.37
2019-01-20 12:30:00,28.59,33.53,36.83,37.49,50.47,53.92,52.58,55.32,39.09,52.56,52.67,42.34,56.39,46.81,31.28,45.68,37.01,43.57,47.48,51.68,53.48,54.79,47.6,54.75,56.18,45.51,47.55,47.21,46.01,46.97,43.72,49.01,48.37
2019-01-20 12:35:00,28.58,33.53,36.82,37.49,50.47,53.92,52.58,55.32,39.09,52.56,52.67,42.34,56.39,46.81,31.28,45.69,37.02,43.57,47.48,51.68,53.48,54.8,47.6,54.75,56.18,45.52,47.55,47.22,46.01,46.97,43.72,49.01,48.38
2019-01-20 12:40:00,28.57,33.52,36.81,37.49,50.47,53.92,52.58,55.32,39.09,52.56,52.67,42.34,56.39,46.81,31.28,45.69,37.02,43.58,47.48,51.68,53.49,54.8,47.61,54.75,56.18,45.52,47.56,47.22,46.01,46.98,43.72,49.01,48.38
2019-01-20 12:45:00,28.56,33.51,36.8,37.5,50.47,53.92,52.58,55.33,39.09,52.56,52.68,42.34,56.39,46.82,31.28,45.69,37.02,43.58,47.48,51.69,53.49,54.8,47.61,54.75,56.18,45.52,47.56,47.22,46.01,46.98,43.72,49.01,48.38
2019-01-20 12:50:00,28.55,33.5,36.79,37.5,50.47,53.92,52.59,55.33,39.09,52.57,52.68,42.34,56.39,46.82,31.29,45.69,37.02,43.58,47.49,51.69,53.49,54.8,47.61,54.76,56.19,45.52,47.56,47.22,46.01,46.98,43.72,49.02,48.38
2019-01-20 12:55:00,28.54,33.49,36.78,37.5,50.47,53.92,52.59,55.33,39.09,52.57,52.68,42.34,56.4,46.82,31.29,45.7,37.03,43.58,47.49,51.69,53.49,54.8,47.61,54.76,56.19,45.53,47.56,47.23,46.01,46.98,43.73,49.02,48.38
2019-01-20 13:00:00,28.53,33.48,36.77,37.5,50.48,53.93,52.59,55.33,39.09,52.57,52.68,42.35,56.4,46.83,31.29,45.7,37.03,43.59,47.49,51.69,53.49,54.81,47.62,54.76,56.19,45.53,47.57,47.23,46.02,46.98,43.73,49.02,48.38
2019-01-20 13:05:00,28.52,33.47,36.76,37.51,50.48,53.93,52.6,55.34,39.09,52.58,52.69,42.35,56.4,46.83,31.3,45.7,37.03,43.59,47.49,51.69,53.5,54.81,47.62,54.76,56.2,45.53,47.57,47.23,46.02,46.99,43.73,49.03,48.39
2019-01-20 13:10:00,28.52,33.46,36.75,37.51,50.48,53.93,52.6,55.34,39.09,52.58,52.69,42.35,56.4,46.83,31.3,45.71,37.04,43.6,47.49,51.69,53.5,54.81,47.62,54.77,56.2,45.54,47.58,47.23,46.02,46.99,43.73,49.03,48.39
2019-01-20 13:15:00,28.51,33.45,36.75,37.52,50.48,53.94,52.61,55.35,39.09,52.58,52.7,42.35,56.41,46.84,31.31,45.71,37.04,43.6,47.5,51.69,53.5,54.82,47.63,54.77,56.21,45.54,47.58,47.24,46.03,47.0,43.73,49.03,48.39
2019-01-20 13:20:00,28.5,33.45,36.74,37.52,50.49,53.94,52.61,55.35,39.09,52.59,52.7,42.36,56.41,46.84,31.31,45.72,37.05,43.61,47.5,51.7,53.51,54.82,47.63,54.78,56.21,45.54,47.58,47.24,46.03,47.0,43.73,49.04,48.4
2019-01-20 13:25:00,28.49,33.44,36.73,37.53,50.49,53.94,52.62,55.36,39.09,52.59,52.7,42.36,56.41,46.85,31.32,45.72,37.05,43.61,47.5,51.7,53.51,54.82,47.64,54.78,56.22,45.55,47.59,47.25,46.03,47.0,43.73,49.04,48.4
2019-01-20 13:30:00,28.48,33.43,36.72,37.53,50.49,53.95,52.62,55.36,39.09,52.6,52.71,42.36,56.42,46.85,31.32,45.72,37.06,43.62,47.51,51.7,53.51,54.83,47.64,54.78,56.22,45.55,47.59,47.25,46.04,47.01,43.74,49.05,48.4
2019-01-20 13:35:00,28.47,33.42,36.71,37.54,50.5,53.95,52.62,55.37,39.09,52.6,52.71,42.36,56.42,46.86,31.33,45.73,37.06,43.62,47.51,51.7,53.51,54.83,47.65,54.79,56.22,45.56,47.6,47.25,46.04,47.01,43.74,49.05,48.4
2019-01-20 13:40:00,28.46,33.41,36.7,37.54,50.5,53.95,52.63,55.37,39.09,52.61,52.71,42.37,56.42,46.86,31.33,45.73,37.07,43.62,47.51,51.7,53.52,54.83,47.65,54.79,56.23,45.56,47.6,47.26,46.04,47.01,43.74,49.05,48.41
2019-01-20 13:45:00,28.46,33.4,36.69,37.54,50.5,53.95,52.63,55.37,39.09,52.61,52.72,42.37,56.43,46.87,31.34,45.74,37.07,43.63,47.51,51.71,53.52,54.84,47.65,54.79,56.23,45.56,47.6,47.26,46.04,47.02,43.74,49.05,48.41
2019-01-20 13:50:00,28.45,33.39,36.68,37.55,50.5,53.96,52.63,55.38,39.09,52.61,52.72,42.37,56.43,46.87,31.34,45.74,37.07,43.63,47.52,51.71,53.52,54.84,47.66,54.8,56.23,45.56,47.61,47.26,46.05,47.02,43.74,49.06,48.41
2019-01-20 13:55:00,28.44,33.39,36.68,37.55,50.5,53.96,52.64,55.38,39.09,52.62,52.72,42.37,56.43,46.87,31.34,45.74,37.08,43.63,47.52,51.71,53.52,54.84,47.66,54.8,56.24,45.57,47.61,47.27,46.05,47.02,43.74,49.06,48.41
2019-01-20 14:00:00,28.43,33.38,36.67,37.55,50.51,53.96,52.64,55.38,39.09,52.62,52.73,42.37,56.43,46.87,31.35,45.74,37.08,43.64,47.52,51.71,53.53,54.84,47.66,54.8,56.24,45.57,47.61,47.27,46.05,47.02,43.74,49.06,48.41
2019-01-20 14:05:00,28.42,33.37,36.66,37.56,50.51,53.96,52.64,55.38,39.09,52.62,52.73,42.38,56.44,46.88,31.35,45.75,37.08,43.64,47.52,51.71,53.53,54.85,47.66,54.8,56.24,45.57,47.62,47.27,46.05,47.03,43.75,49.07,48.42
2019-01-20 14:10:00,28.41,33.36,36.65,37.56,50.51,53.96,52.65,55.39,39.09,52.63,52.73,42.38,56.44,46.88,31.35,45.75,37.09,43.64,47.52,51.71,53.53,54.85,47.67,54.81,56.25,45.57,47.62,47.27,46.05,47.03,43.75,49.07,48.42
2019-01-20 14:15:00,28.4,33.35,36.64,37.56,50.51,53.97,52.65,55.39,39.09,52.63,52.73,42.38,56.44,46.88,31.36,45.75,37.09,43.65,47.52,51.71,53.53,54.85,47.67,54.81,56.25,45.58,47.62,47.28,46.06,47.03,43.75,49.07,48.42
2019-01-20 14:20:00,28.4,33.34,36.63,37.56,50.51,53.97,52.65,55.39,39.09,52.63,52.74,42.38,56.44,46.89,31.36,45.76,37.09,43.65,47.53,51.71,53.53,54.85,47.67,54.81,56.25,45.58,47.62,47.28,46.06,47.03,43.75,49.07,48.42
2019-01-20 14:25:00,28.39,33.33,36.62,37.57,50.51,53.97,52.65,55.39,39.09,52.63,52.74,42.38,56.44,46.89,31.36,45.76,37.09,43.65,47.53,51.72,53.53,54.85,47.67,54.81,56.25,45.58,47.63,47.28,46.06,47.04,43.75,49.07,48.42
2019-01-20 14:30:00,28.38,33.33,36.62,37.57,50.51,53.97,52.66,55.4,39.09,52.63,52.74,42.38,56.44,46.89,31.36,45.76,37.1,43.65,47.53,51.72,53.53,54.86,47.68,54.81,56.26,45.58,47.63,47.28,46.06,47.04,43.75,49.08,48.42
2019-01-20 14:35:00,28.37,33.32,36.61,37.57,50.51,53.97,52.66,55.4,39.09,52.64,52.74,42.38,56.44,46.89,31.36,45.76,37.1,43.65,47.53,51.72,53.54,54.86,47.68,54.81,56.26,45.58,47.63,47.28,46.06,47.04,43.75,49.08,48.43
2019-01-20 14:40:00,28.36,33.31,36.6,37.57,50.52,53.97,52.66,55.4,39.09,52.64,52.74,42.39,56.45,46.89,31.37,45.76,37.1,43.65,47.53,51.72,53.54,54.86,47.68,54.82,56.26,45.58,47.63,47.28,46.06,47.04,43.75,49.08,48.43
2019-01-20 14:45:00,28.35,33.3,36.59,37.57,50.52,53.97,52.66,55.4,39.09,52.64,52.74,42.39,56.45,46.89,31.37,45.76,37.1,43.66,47.53,51.72,53.54,54.86,47.68,54.82,56.26,45.59,47.63,47.29,46.06,47.04,43.75,49.08,48.43
2019-01-20 14:50:00,28.34,33.29,36.58,37.57,50.52,53.97,52.66,55.4,39.09,52.64,52.75,42.39,56.45,46.9,31.37,45.76,37.1,43.66,47.53,51.72,53.54,54.86,47.68,54.82,56.26,45.59,47.63,47.29,46.06,47.04,43.75,49.08,48.43
2019-01-20 14:55:00,28.34,33.28,36.57,37.58,50.52,53.98,52.66,55.4,39.09,52.64,52.75,42.39,56.45,46.9,31.37,45.77,37.1,43.66,47.53,51.72,53.54,54.86,47.68,54.82,56.26,45.59,47.64,47.29,46.07,47.04,43.75,49.08,48.43
2019-01-20 15:00:00,28.33,33.27,36.56,37.58,50.52,53.98,52.66,55.4,39.09,52.64,52.75,42.39,56.45,46.9,31.37,45.77,37.11,43.66,47.53,51.72,53.54,54.86,47.68,54.82,56.27,45.59,47.64,47.29,46.07,47.05,43.75,49.08,48.43
2019-01-20 15:05:00,28.32,33.26,36.55,37.58,50.52,53.98,52.67,55.41,39.09,52.65,52.75,42.39,56.45,46.9,31.38,45.77,37.11,43.66,47.53,51.72,53.54,54.86,47.69,54.82,56.27,45.59,47.64,47.29,46.07,47.05,43.75,49.09,48.43
2019-01-20 15:10:00,28.31,33.26,36.55,37.58,50.52,53.98,52.67,55.41,39.09,52.65,52.75,42.39,56.45,46.9,31.38,45.77,37.11,43.67,47.54,51.72,53.54,54.87,47.69,54.82,56.27,45.59,47.64,47.29,46.07,47.05,43.75,49.09,48.43
2019-01-20 15:15:00,28.3,33.25,36.54,37.59,50.52,53.98,52.67,55.41,39.09,52.65,52.76,42.39,56.46,46.91,31.38,45.78,37.11,43.67,47.54,51.72,53.55,54.87,47.69,54.83,56.27,45.6,47.64,47.3,46.07,47.05,43.76,49.09,48.44
2019-01-20 15:20:00,28.29,33.24,36.53,37.59,50.53,53.98,52.67,55.41,39.09,52.65,52.76,42.39,56.46,46.91,31.38,45.78,37.11,43.67,47.54,51.72,53.55,54.87,47.69,54.83,56.27,45.6,47.65,47.3,46.07,47.05,43.76,49.09,48.44
2019-01-20 15:25:00,28.29,33.23,36.52,37.59,50.53,53.98,52.68,55.42,39.09,52.65,52.76,42.4,56.46,46.91,31.39,45.78,37.12,43.67,47.54,51.72,53.55,54.87,47.7,54.83,56.28,45.6,47.65,47.3,46.08,47.06,43.76,49.09,48.44
2019-01-20 15:30:00,28.28,33.22,36.51,37.59,50.53,53.99,52.68,55.42,39.09,52.66,52.76,42.4,56.46,46.91,31.39,45.78,37.12,43.68,47.54,51.73,53.55,54.87,47.7,54.83,56.28,45.6,47.65,47.3,46.08,47.06,43.76,49.1,48.44
2019-01-20 15:35:00,28.27,33.21,36.5,37.59,50.53,53.99,52.68,55.42,39.09,52.66,52.76,42.4,56.46,46.91,31.39,45.78,37.12,43.68,47.54,51.73,53.55,54.87,47.7,54.83,56.28,45.6,47.65,47.3,46.08,47.06,43.76,49.1,48.44
2019-01-20 15:40:00,28.26,33.21,36.49,37.6,50.53,53.99,52.68,55.42,39.09,52.66,52.76,42.4,56.46,46.92,31.39,45.78,37.12,43.68,47.54,51.73,53.55,54.87,47.7,54.83,56.28,45.61,47.65,47.31,46.08,47.06,43.76,49.1,48.44
2019-01-20 15:45:00,28.25,33.2,36.49,37.6,50.53,53.99,52.68,55.42,39.09,52.66,52.77,42.4,56.46,46.92,31.39,45.79,37.12,43.68,47.54,51.73,53.55,54.88,47.7,54.84,56.28,45.61,47.66,47.31,46.08,47.06,43.76,49.1,48.44
2019-01-20 15:50:00,28.24,33.19,36.48,37.6,50.53,53.99,52.68,55.42,39.09,52.66,52.77,42.4,56.46,46.92,31.4,45.79,37.13,43.68,47.54,51.73,53.55,54.88,47.7,54.84,56.28,45.61,47.66,47.31,46.08,47.06,43.76,49.1,48.44
2019-01-20 15:55:00,28.24,33.18,36.47,37.6,50.53,53.99,52.69,55.43,39.09,52.66,52.77,42.4,56.47,46.92,31.4,45.79,37.13,43.68,47.55,51.73,53.55,54.88,47.7,54.84,56.29,45.61,47.66,47.31,46.08,47.06,43.76,49.1,48.45
2019-01-20 16:00:00,28.23,33.17,36.46,37.6,50.53,53.99,52.69,55.43,39.09,52.66,52.77,42.4,56.47,46.92,31.4,45.79,37.13,43.68,47.55,51.73,53.55,54.88,47.7,54.84,56.29,45.61,47.66,47.31,46.08,47.06,43.76,49.1,48.45
2019-01-20 16:05:00,28.22,33.16,36.45,37.6,50.53,53.99,52.69,55.43,39.09,52.66,52.77,42.4,56.47,46.92,31.4,45.79,37.13,43.68,47.55,51.73,53.55,54.88,47.7,54.84,56.29,45.61,47.66,47.31,46.08,47.06,43.76,49.1,48.45
2019-01-20 16:10:00,28.21,33.15,36.44,37.6,50.53,53.99,52.69,55.43,39.09,52.66,52.77,42.4,56.47,46.92,31.4,45.79,37.13,43.68,47.55,51.73,53.55,54.88,47.7,54.84,56.29,45.61,47.66,47.31,46.08,47.06,43.76,49.1,48.45
2019-01-20 16:15:00,28.2,33.15,36.43,37.6,50.53,53.99,52.69,55.43,39.09,52.66,52.77,42.4,56.47,46.92,31.4,45.79,37.13,43.68,47.55,51.73,53.55,54.88,47.7,54.84,56.29,45.61,47.66,47.31,46.08,47.06,43.76,49.1,48.45
2019-01-20 16:20:00,28.19,33.14,36.43,37.6,50.53,53.99,52.68,55.42,39.09,52.66,52.77,42.4,56.46,46.92,31.4,45.79,37.13,43.68,47.54,51.73,53.55,54.88,47.7,54.84,56.28,45.61,47.66,47.31,46.08,47.06,43.76,49.1,48.44
2019-01-20 16:25:00,28.18,33.13,36.42,37.6,50.53,53.99,52.68,55.42,39.09,52.66,52.77,42.4,56.46,46.92,31.39,45.79,37.12,43.68,47.54,51.73,53.55,54.87,47.7,54.84,56.28,45.61,47.66,47.31,46.08,47.06,43.76,49.1,48.44
2019-01-20 16:30:00,28.17,33.12,36.41,37.6,50.53,53.99,52.68,55.42,39.09,52.66,52.76,42.4,56.46,46.92,31.39,45.78,37.12,43.68,47.54,51.73,53.55,54.87,47.7,54.83,56.28,45.61,47.65,47.31,46.08,47.06,43.76,49.1,48.44
2019-01-20 16:35:00,28.17,33.11,36.4,37.59,50.53,53.99,52.68,55.42,39.09,52.66,52.76,42.4,56.46,46.91,31.39,45.78,37.12,43.68,47.54,51.73,53.55,54.87,47.7,54.83,56.28,45.6,47.65,47.3,46.08,47.06,43.76,49.1,48.44
2019-01-20 16:40:00,28.16,33.1,36.39,37.59,50.53,53.98,52.68,55.42,39.09,52.65,52.76,42.4,56.46,46.91,31.39,45.78,37.12,43.67,47.54,51.72,53.55,54.87,47.7,54.83,56.28,45.6,47.65,47.3,46.08,47.06,43.76,49.1,48.44
2019-01-20 16:45:00,28.15,33.09,36.38,37.59,50.53,53.98,52.68,55.42,39.09,52.65,52.76,42.4,56.46,46.91,31.39,45.78,37.12,43.67,47.54,51.72,53.55,54.87,47.7,54.83,56.28,45.6,47.65,47.3,46.08,47.06,43.76,49.1,48.44
2019-01-20 16:50:00,28.14,33.08,36.37,37.59,50.52,53.98,52.67,55.41,39.09,52.65,52.76,42.4,56.46,46.91,31.39,45.78,37.12,43.67,47.54,51.72,53.55,54.87,47.69,54.83,56.27,45.6,47.65,47.3,46.08,47.06,43.76,49.09,48.44
2019-01-20 16:55:00,28.13,33.07,36.36,37.59,50.52,53.98,52.67,55.41,39.09,52.65,52.76,42.4,56.46,46.91,31.38,45.78,37.11,43.67,47.54,51.72,53.55,54.87,47.69,54.83,56.27,45.6,47.65,47.3,46.07,47.05,43.76,49.09,48.44
2019-01-20 17:00:00,28.12,33.06,36.35,37.59,50.52,53.98,52.67,55.41,39.09,52.65,52.76,42.39,56.45,46.91,31.38,45.78,37.11,43.67,47.54,51.72,53.54,54.87,47.69,54.83,56.27,45.6,47.64,47.3,46.07,47.05,43.76,49.09,48.44
2019-01-20 17:05:00,28.11,33.06,36.34,37.58,50.52,53.98,52.67,55.41,39.09,52.65,52.76,42.39,56.45,46.9,31.38,45.77,37.11,43.67,47.54,51.72,53.54,54.86,47.69,54.82,56.27,45.6,47.64,47.3,46.07,47.05,43.76,49.09,48.44
2019-01-20 17:10:00,28.1,33.05,36.34,37.58,50.52,53.98,52.67,55.41,39.09,52.64,52.75,42.39,56.45,46.9,31.38,45.77,37.11,43.66,47.53,51.72,53.54,54.86,47.69,54.82,56.27,45.59,47.64,47.29,46.07,47.05,43.76,49.09,48.43
2019-01-20 17:15:00,28.09,33.04,36.33,37.58,50.52,53.98,52.67,55.41,39.09,52.64,52.75,42.39,56.45,46.9,31.38,45.77,37.11,43.66,47.53,51.72,53.54,54.86,47.69,54.82,56.27,45.59,47.64,47.29,46.07,47.05,43.75,49.09,48.43
2019-01-20 17:20:00,28.08,33.03,36.32,37.58,50.52,53.97,52.66,55.4,39.09,52.64,52.75,42.39,56.45,46.9,31.37,45.77,37.1,43.66,47.53,51.72,53.54,54.86,47.68,54.82,56.26,45.59,47.64,47.29,46.07,47.05,43.75,49.09,48.43
2019-01-20 17:25:00,28.07,33.02,36.31,37.58,50.52,53.97,52.66,55.4,39.09,52.64,52.75,42.39,56.45,46.9,31.37,45.77,37.1,43.66,47.53,51.72,53.54,54.86,47.68,54.82,56.26,45.59,47.64,47.29,46.07,47.04,43.75,49.08,48.43
2019-01-20 17:30:00,28.06,33.01,36.3,37.57,50.51,53.97,52.66,55.4,39.09,52.63,52.75,42.39,56.45,46.89,31.37,45.76,37.1,43.66,47.53,51.72,53.54,54.86,47.68,54.81,56.26,45.59,47.63,47.29,46.07,47.04,43.75,49.08,48.43
2019-01-20 17:35:00,28.05,33.0,36.29,37.57,50.51,53.97,52.66,55.4,39.09,52.63,52.74,42.39,56.44,46.89,31.36,45.76,37.1,43.65,47.53,51.72,53.53,54.85,47.68,54.81,56.26,45.58,47.63,47.28,46.06,47.04,43.75,49.08,48.43
2019-01-20 17:40:00,28.05,32.99,36.28,37.57,50.51,53.97,52.65,55.39,39.09,52.63,52.74,42.38,56.44,46.89,31.36,45.76,37.09,43.65,47.52,51.71,53.53,54.85,47.67,54.81,56.25,45.58,47.63,47.28,46.06,47.04,43.75,49.08,48.43
2019-01-20 17:45:00,28.04,32.98,36.27,37.56,50.51,53.96,52.65,55.39,39.09,52.63,52.74,42.38,56.44,46.88,31.36,45.75,37.09,43.65,47.52,51.71,53.53,54.85,47.67,54.81,56.25,45.58,47.62,47.28,46.06,47.04,43.75,49.07,48.42
2019-01-20 17:50:00,28.03,32.97,36.26,37.56,50.51,53.96,52.65,55.39,39.09,52.62,52.74,42.38,56.44,46.88,31.36,45.75,37.09,43.64,47.52,51.71,53.53,54.85,47.67,54.81,56.25,45.58,47.62,47.28,46.06,47.03,43.75,49.07,48.42
2019-01-20 17:55:00,28.02,32.96,36.25,37.56,50.51,53.96,52.64,55.39,39.09,52.62,52.73,42.38,56.43,46.88,31.35,45.75,37.09,43.64,47.52,51.71,53.53,54.84,47.67,54.8,56.25,45.57,47.62,47.28,46.06,47.03,43.75,49.07,48.42
2019-01-20 18:00:00,28.01,32.95,36.24,37.56,50.5,53.96,52.64,55.38,39.09,52.62,52.73,42.38,56.43,46.88,31.35,45.75,37.08,43.64,47.52,51.71,53.52,54.84,47.66,54.8,56.24,45.57,47.62,47.27,46.05,47.03,43.75,49.07,48.42
2019-01-20 18:05:00,28.0,32.94,36.23,37.55,50.5,53.96,52.64,55.38,39.09,52.61,52.73,42.38,56.43,46.87,31.35,45.74,37.08,43.63,47.52,51.71,53.52,54.84,47.66,54.8,56.24,45.57,47.61,47.27,46.05,47.03,43.74,49.06,48.42
2019-01-20 18:10:00,27.99,32.93,36.22,37.55,50.5,53.95,52.63,55.38,39.09,52.61,52.72,42.37,56.43,46.87,31.34,45.74,37.07,43.63,47.51,51.71,53.52,54.84,47.66,54.79,56.23,45.57,47.61,47.27,46.05,47.02,43.74,49.06,48.41
2019-01-20 18:15:00,27.98,32.92,36.21,37.54,50.5,53.95,52.63,55.37,39.09,52.61,52.72,42.37,56.42,46.86,31.34,45.74,37.07,43.63,47.51,51.7,53.52,54.83,47.65,54.79,56.23,45.56,47.61,47.26,46.05,47.02,43.74,49.06,48.41
2019-01-20 18:20:00,27.97,32.91,36.2,37.54,50.5,53.95,52.63,55.37,39.09,52.6,52.72,42.37,56.42,46.86,31.33,45.73,37.07,43.62,47.51,51.7,53.51,54.83,47.65,54.79,56.23,45.56,47.6,47.26,46.04,47.02,43.74,49.05,48.41
2019-01-20 18:25:00,27.96,32.9,36.19,37.54,50.49,53.94,52.62,55.36,39.09,52.6,52.71,42.37,56.42,46.86,31.33,45.73,37.06,43.62,47.51,51.7,53.51,54.83,47.64,54.78,56.22,45.56,47.6,47.26,46.04,47.01,43.74,49.05,48.41
2019-01-20 18:30:00,27.95,32.89,36.18,37.53,50.49,53.94,52.62,55.36,39.09,52.59,52.71,42.36,56.42,46.85,31.32,45.72,37.06,43.61,47.5,51.7,53.51,54.82,47.64,54.78,56.22,45.55,47.59,47.25,46.04,47.01,43.74,49.05,48.4
2019-01-20 18:35:00,27.94,32.88,36.17,37.53,50.49,53.94,52.62,55.36,39.09,52.59,52.71,42.36,56.41,46.85,31.32,45.72,37.05,43.61,47.5,51.7,53.51,54.82,47.64,54.78,56.22,45.55,47.59,47.25,46.04,47.01,43.74,49.05,48.4
2019-01-20 18:40:00,27.93,32.87,36.17,37.53,50.49,53.94,52.61,55.35,39.09,52.59,52.7,42.36,56.41,46.85,31.32,45.72,37.05,43.61,47.5,51.7,53.5,54.82,47.64,54.78,56.21,45.55,47.59,47.25,46.03,47.0,43.74,49.04,48.4
2019-01-20 18:45:00,27.92,32.87,36.16,37.52,50.48,53.93,52.61,55.35,39.09,52.58,52.7,42.36,56.41,46.84,31.31,45.72,37.05,43.61,47.5,51.7,53.5,54.82,47.63,54.77,56.21,45.54,47.59,47.25,46.03,47.0,43.73,49.04,48.4
2019-01-20 18:50:00,27.91,32.86,36.15,37.52,50.48,53.93,52.61,55.35,39.09,52.58,52.7,42.36,56.41,46.84,31.31,45.71,37.05,43.6,47.5,51.69,53.5,54.81,47.63,54.77,56.21,45.54,47.58,47.24,46.03,47.0,43.73,49.04,48.4
2019-01-20 18:55:00,27.9,32.85,36.14,37.52,50.48,53.93,52.61,55.35,39.09,52.58,52.7,42.36,56.41,46.84,31.31,45.71,37.05,43.6,47.5,51.69,53.5,54.81,47.63,54.77,56.21,45.54,47.58,47.24,46.03,47.0,43.73,49.04,48.4
2019-01-20 19:00:00,27.89,32.84,36.13,37.52,50.48,53.93,52.61,55.35,39.09,52.58,52.7,42.36,56.41,46.84,31.31,45.71,37.04,43.6,47.49,51.69,53.5,54.81,47.63,54.77,56.2,45.54,47.58,47.24,46.03,47.0,43.73,49.04,48.39
2019-01-20 19:05:00,27.88,32.83,36.12,37.52,50.48,53.93,52.6,55.34,39.09,52.58,52.7,42.36,56.4,46.84,31.31,45.71,37.04,43.6,47.49,51.69,53.5,54.81,47.63,54.77,56.2,45.54,47.58,47.24,46.03,47.0,43.73,49.04,48.39
2019-01-20 19:10:00,27.87,32.82,36.11,37.51,50.48,53.93,52.6,55.34,39.09,52.58,52.7,42.35,56.4,46.84,31.31,45.71,37.04,43.6,47.49,51.69,53.5,54.81,47.62,54.77,56.2,45.54,47.58,47.24,46.03,47.0,43.73,49.03,48.39
2019-01-20 19:15:00,27.86,32.81,36.1,37.51,50.48,53.93,52.6,55.34,39.09,52.57,52.69,42.35,56.4,46.83,31.3,45.71,37.04,43.6,47.49,51.69,53.5,54.81,47.62,54.76,56.2,45.54,47.58,47.24,46.03,46.99,43.73,49.03,48.39
2019-01-20 19:20:00,27.85,32.8,36.09,37.51,50.48,53.93,52.6,55.34,39.09,52.57,52.69,42.35,56.4,46.83,31.3,45.7,37.04,43.59,47.49,51.69,53.49,54.81,47.62,54.76,56.2,45.53,47.57,47.24,46.02,46.99,43.73,49.03,48.39
2019-01-20 19:25:00,27.84,32.79,36.08,37.51,50.48,53.92,52.6,55.34,39.09,52.57,52.69,42.35,56.4,46.83,31.3,45.7,37.03,43.59,47.49,51.69,53.49,54.8,47.62,54.76,56.2,45.53,47.57,47.23,46.02,46.99,43.73,49.03,48.39
2019-01-20 19:30:00,27.83,32.78,36.07,37.51,50.47,53.92,52.59,55.34,39.09,52.57,52.69,42.35,56.4,46.83,31.3,45.7,37.03,43.59,47.49,51.69,53.49,54.8,47.62,54.76,56.19,45.53,47.57,47.23,46.02,46.99,43.73,49.03,48.39
2019-01-20 19:35:00,27.82,32.77,36.06,37.51,50.47,53.92,52.59,55.33,39.09,52.57,52.69,42.35,56.4,46.83,31.3,45.7,37.03,43.59,47.49,51.69,53.49,54.8,47.62,54.76,56.19,45.53,47.57,47.23,46.02,46.99,43.73,49.03,48.39
2019-01-20 19:40:00,27.81,32.76,36.05,37.5,50.47,53.92,52.59,55.33,39.09,52.57,52.69,42.35,56.4,46.83,31.3,45.7,37.03,43.59,47.49,51.69,53.49,54.8,47.62,54.76,56.19,45.53,47.57,47.23,46.02,46.99,43.73,49.03,48.39
2019-01-20 19:45:00,27.8,32.75,36.04,37.5,50.47,53.92,52.59,55.33,39.09,52.57,52.69,42.35,56.4,46.83,31.3,45.7,37.03,43.59,47.49,51.69,53.49,54.8,47.62,54.76,56.19,45.53,47.57,47.23,46.02,46.99,43.73,49.03,48.39
2019-01-20 19:50:00,27.8,32.74,36.03,37.51,50.47,53.92,52.59,55.33,39.09,52.57,52.69,42.35,56.4,46.83,31.3,45.7,37.03,43.59,47.49,51.69,53.49,54.8,47.62,54.76,56.19,45.53,47.57,47.23,46.02,46.99,43.73,49.03,48.39
2019-01-20 19:55:00,27.79,32.73,36.02,37.51,50.48,53.92,52.6,55.34,39.09,52.57,52.69,42.35,56.4,46.83,31.3,45.7,37.03,43.59,47.49,51.69,53.49,54.8,47.62,54.76,56.19,45.53,47.57,47.23,46.02,46.99,43.73,49.03,48.39
2019-01-20 20:00:00,27.78,32.72,36.01,37.51,50.48,53.92,52.6,55.34,39.09,52.57,52.69,42.35,56.4,46.83,31.3,45.7,37.03,43.59,47.49,51.69,53.49,54.8,47.62,54.76,56.2,45.53,47.57,47.23,46.02,46.99,43.73,49.03,48.39
2019-01-20 20:05:00,27.77,32.71,36.01,37.51,50.48,53.92,52.6,55.34,39.09,52.57,52.69,42.35,56.4,46.83,31.3,45.7,37.04,43.59,47.49,51.69,53.49,54.81,47.62,54.76,56.2,45.53,47.57,47.24,46.02,46.99,43.73,49.03,48.39
2019-01-20 20:10:00,27.76,32.71,36.0,37.51,50.48,53.93,52.6,55.34,39.09,52.57,52.69,42.35,56.4,46.83,31.3,45.7,37.04,43.59,47.49,51.69,53.49,54.81,47.62,54.76,56.2,45.53,47.57,47.24,46.02,46.99,43.73,49.03,48.39
2019-01-20 20:15:00,27.75,32.7,35.99,37.51,50.48,53.93,52.6,55.34,39.09,52.57,52.69,42.35,56.4,46.83,31.3,45.7,37.04,43.59,47.49,51.69,53.49,54.81,47.62,54.76,56.2,45.53,47.57,47.24,46.02,46.99,43.73,49.03,48.39
2019-01-20 20:20:00,27.74,32.69,35.98,37.51,50.48,53.92,52.6,55.34,39.09,52.57,52.69,42.35,56.4,46.83,31.3,45.7,37.04,43.59,47.49,51.69,53.49,54.81,47.62,54.76,56.2,45.53,47.57,47.23,46.02,46.99,43.73,49.03,48.39
2019-01-20 20:25:00,27.73,32.68,35.97,37.51,50.48,53.92,52.6,55.34,39.09,52.57,52.69,42.35,56.4,46.83,31.3,45.7,37.03,43.59,47.49,51.69,53.49,54.8,47.62,54.76,56.19,45.53,47.57,47.23,46.02,46.99,43.73,49.03,48.39
2019-01-20 20:30:00,27.72,32.67,35.96,37.51,50.47,53.92,52.59,55.33,39.09,52.57,52.69,42.35,56.4,46.83,31.3,45.7,37.03,43.59,47.49,51.69,53.49,54.8,47.62,54.76,56.19,45.53,47.57,47.23,46.02,46.99,43.73,49.03,48.39
2019-01-20 20:35:00,27.73,32.67,35.96,36.63,50.24,53.65,52.05,54.82,39.09,52.03,52.37,42.15,56.06,46.23,30.51,45.11,36.26,42.99,47.25,51.5,53.22,54.48,47.09,54.38,55.64,45.09,47.14,46.9,45.79,46.71,43.61,48.74,48.17
2019-01-20 20:40:00,27.73,32.68,35.97,36.62,50.23,53.65,52.05,54.82,39.09,52.03,52.37,42.14,56.06,46.23,30.51,45.1,36.26,42.99,47.25,51.5,53.22,54.48,47.09,54.38,55.64,45.09,47.13,46.9,45.79,46.71,43.61,48.74,48.17
2019-01-20 20:45:00,27.74,32.69,35.98,36.62,50.23,53.65,52.05,54.82,39.09,52.02,52.37,42.14,56.06,46.23,30.5,45.1,36.25,42.99,47.25,51.5,53.22,54.48,47.09,54.38,55.64,45.09,47.13,46.9,45.79,46.71,43.61,48.74,48.17
2019-01-20 20:50:00,27.75,32.7,35.99,36.62,50.23,53.65,52.05,54.82,39.09,52.02,52.37,42.14,56.06,46.23,30.5,45.1,36.25,42.98,47.25,51.5,53.21,54.47,47.09,54.38,55.64,45.09,47.13,46.9,45.79,46.7,43.61,48.74,48.17
2019-01-20 20:55:00,27.76,32.71,36.0,36.62,50.23,53.65,52.05,54.82,39.09,52.02,52.37,42.14,56.06,46.23,30.5,45.1,36.25,42.98,47.25,51.5,53.21,54.47,47.09,54.38,55.64,45.09,47.13,46.9,45.79,46.7,43.61,48.74,48.17
2019-01-20 21:00:00,27.77,32.72,36.01,36.62,50.23,53.65,52.05,54.82,39.09,52.02,52.37,42.14,56.06,46.23,30.5,45.1,36.25,42.98,47.25,51.5,53.22,54.48,47.09,54.38,55.64,45.09,47.13,46.9,45.79,46.7,43.61,48.74,48.17
2019-01-20 21:05:00,27.78,32.72,36.02,36.62,50.23,53.65,52.05,54.82,39.09,52.03,52.37,42.14,56.06,46.23,30.51,45.1,36.26,42.99,47.25,51.5,53.22,54.48,47.09,54.38,55.64,45.09,47.13,46.9,45.79,46.71,43.61,48.74,48.17
2019-01-20 21:10:00,27.79,32.73,36.02,36.63,50.24,53.65,52.06,54.82,39.09,52.03,52.37,42.15,56.07,46.23,30.51,45.11,36.26,42.99,47.25,51.5,53.22,54.48,47.09,54.39,55.65,45.09,47.14,46.9,45.79,46.71,43.61,48.74,48.18
2019-01-20 21:15:00,27.8,32.74,36.03,36.63,50.24,53.66,52.06,54.83,39.09,52.04,52.38,42.15,56.07,46.24,30.52,45.11,36.27,43.0,47.25,51.51,53.22,54.48,47.1,54.39,55.65,45.1,47.14,46.91,45.8,46.71,43.61,48.75,48.18
2019-01-20 21:20:00,27.81,32.75,36.04,36.64,50.24,53.66,52.07,54.83,39.09,52.04,52.38,42.15,56.07,46.25,30.52,45.12,36.27,43.0,47.26,51.51,53.23,54.49,47.1,54.4,55.66,45.1,47.15,46.91,45.8,46.72,43.61,48.75,48.18
2019-01-20 21:25:00,27.82,32.76,36.05,36.65,50.25,53.66,52.07,54.84,39.09,52.05,52.39,42.16,56.08,46.25,30.53,45.13,36.28,43.01,47.26,51.51,53.23,54.49,47.11,54.4,55.66,45.11,47.16,46.92,45.8,46.72,43.61,48.76,48.19
2019-01-20 21:30:00,27.83,32.77,36.06,36.66,50.25,53.67,52.08,54.85,39.09,52.06,52.39,42.16,56.08,46.26,30.54,45.13,36.29,43.02,47.27,51.52,53.24,54.5,47.12,54.41,55.67,45.12,47.16,46.93,45.81,46.73,43.62,48.76,48.19
2019-01-20 21:35:00,27.84,32.78,36.07,36.67,50.26,53.68,52.09,54.86,39.09,52.07,52.4,42.16,56.09,46.27,30.55,45.14,36.3,43.03,47.27,51.52,53.24,54.51,47.13,54.42,55.68,45.12,47.17,46.93,45.81,46.74,43.62,48.77,48.2
2019-01-20 21:40:00,27.85,32.79,36.08,36.68,50.26,53.68,52.1,54.87,39.09,52.08,52.41,42.17,56.1,46.28,30.56,45.15,36.31,43.04,47.28,51.52,53.25,54.51,47.14,54.42,55.69,45.13,47.18,46.94,45.82,46.74,43.62,48.78,48.2
2019-01-20 21:45:00,27.86,32.8,36.09,36.69,50.27,53.69,52.11,54.88,39.09,52.09,52.42,42.18,56.11,46.29,30.58,45.16,36.32,43.05,47.28,51.53,53.26,54.52,47.15,54.43,55.7,45.14,47.19,46.95,45.83,46.75,43.63,48.79,48.21
2019-01-20 21:50:00,27.87,32.82,36.11,36.7,50.28,53.7,52.12,54.89,39.09,52.1,52.43,42.18,56.12,46.31,30.59,45.18,36.34,43.06,47.29,51.53,53.26,54.53,47.16,54.44,55.72,45.15,47.2,46.96,45.84,46.76,43.63,48.8,48.22
2019-01-20 21:55:00,27.88,32.83,36.12,36.72,50.28,53.71,52.14,54.9,39.09,52.12,52.44,42.19,56.13,46.32,30.6,45.19,36.35,43.08,47.3,51.54,53.27,54.54,47.17,54.45,55.73,45.16,47.22,46.97,45.84,46.77,43.64,48.81,48.22
2019-01-20 22:00:00,27.89,32.84,36.13,36.73,50.29,53.72,52.15,54.92,39.09,52.13,52.45,42.2,56.14,46.33,30.62,45.2,36.37,43.09,47.31,51.54,53.28,54.55,47.19,54.47,55.74,45.18,47.23,46.98,45.85,46.78,43.64,48.82,48.23
2019-01-20 22:05:00,27.91,32.85,36.14,36.75,50.3,53.73,52.17,54.93,39.09,52.15,52.47,42.21,56.15,46.35,30.64,45.22,36.38,43.11,47.32,51.55,53.29,54.57,47.2,54.48,55.76,45.19,47.25,47.0,45.86,46.8,43.65,48.83,48.24
2019-01-20 22:10:00,27.92,32.86,36.15,36.77,50.31,53.74,52.19,54.95,39.09,52.16,52.48,42.22,56.16,46.37,30.66,45.24,36.4,43.13,47.33,51.56,53.3,54.58,47.22,54.49,55.78,45.2,47.26,47.01,45.88,46.81,43.65,48.85,48.25
2019-01-20 22:15:00,27.93,32.88,36.16,36.79,50.32,53.75,52.2,54.97,39.09,52.18,52.5,42.23,56.17,46.39,30.68,45.25,36.42,43.14,47.34,51.57,53.31,54.59,47.23,54.51,55.8,45.22,47.28,47.02,45.89,46.82,43.66,48.86,48.26
2019-01-20 22:20:00,27.94,32.89,36.17,36.81,50.33,53.76,52.22,54.98,39.09,52.2,52.51,42.24,56.18,46.4,30.7,45.27,36.44,43.16,47.35,51.57,53.33,54.6,47.25,54.52,55.81,45.23,47.29,47.04,45.9,46.84,43.66,48.87,48.27
2019-01-20 22:25:00,27.96,32.9,36.19,36.83,50.34,53.77,52.24,55.0,39.09,52.22,52.53,42.25,56.2,46.42,30.72,45.29,36.46,43.18,47.36,51.58,53.34,54.62,47.27,54.53,55.83,45.25,47.31,47.05,45.91,46.85,43.67,48.89,48.28
2019-01-20 22:30:00,27.97,32.91,36.2,36.84,50.35,53.78,52.25,55.02,39.09,52.23,52.54,42.26,56.21,46.44,30.74,45.31,36.48,43.2,47.37,51.59,53.35,54.63,47.28,54.55,55.85,45.26,47.33,47.07,45.92,46.86,43.68,48.9,48.3
2019-01-20 22:35:00,27.98,32.93,36.21,36.86,50.36,53.8,52.27,55.03,39.09,52.25,52.55,42.26,56.22,46.46,30.76,45.32,36.5,43.22,47.38,51.59,53.36,54.64,47.3,54.56,55.86,45.28,47.34,47.08,45.93,46.88,43.68,48.91,48.3
2019-01-20 22:40:00,27.99,32.94,36.22,36.88,50.37,53.81,52.29,55.05,39.09,52.26,52.57,42.27,56.23,46.47,30.78,45.34,36.51,43.23,47.39,51.6,53.37,54.65,47.31,54.57,55.88,45.29,47.36,47.09,45.94,46.89,43.69,48.93,48.31
2019-01-20 22:45:00,28.01,32.95,36.24,36.9,50.38,53.82,52.3,55.06,39.09,52.28,52.58,42.28,56.24,46.49,30.79,45.35,36.53,43.25,47.39,51.6,53.38,54.66,47.33,54.58,55.89,45.3,47.37,47.1,45.95,46.9,43.69,48.94,48.32
2019-01-20 22:50:00,28.02,32.96,36.25,36.91,50.39,53.82,52.32,55.08,39.09,52.29,52.59,42.29,56.25,46.5,30.81,45.37,36.54,43.26,47.4,51.61,53.38,54.67,47.34,54.6,55.91,45.31,47.38,47.12,45.96,46.91,43.7,48.95,48.33
2019-01-20 22:55:00,28.03,32.98,36.26,36.93,50.39,53.83,52.33,55.09,39.09,52.31,52.6,42.3,56.26,46.52,30.83,45.38,36.56,43.28,47.41,51.62,53.39,54.68,47.36,54.61,55.92,45.33,47.4,47.13,45.97,46.92,43.7,48.96,48.34
2019-01-20 23:00:00,28.04,32.99,36.27,36.94,50.4,53.84,52.34,55.1,39.09,52.32,52.61,42.31,56.27,46.53,30.84,45.39,36.58,43.29,47.42,51.62,53.4,54.69,47.37,54.62,55.94,45.34,47.41,47.14,45.98,46.93,43.71,48.97,48.35
2019-01-20 23:05:00,28.06,33.0,36.28,36.96,50.41,53.85,52.36,55.12,39.09,52.34,52.63,42.31,56.28,46.55,30.86,45.41,36.59,43.31,47.43,51.63,53.41,54.7,47.38,54.63,55.95,45.35,47.42,47.15,45.99,46.94,43.71,48.98,48.36
2019-01-20 23:10:00,28.07,33.01,36.3,36.98,50.42,53.86,52.37,55.13,39.09,52.35,52.64,42.32,56.29,46.56,30.88,45.42,36.61,43.32,47.44,51.63,53.42,54.72,47.4,54.64,55.97,45.36,47.44,47.16,46.0,46.96,43.72,49.0,48.37
2019-01-20 23:15:00,28.08,33.03,36.31,36.99,50.43,53.87,52.39,55.15,39.09,52.37,52.65,42.33,56.3,46.58,30.89,45.44,36.62,43.34,47.44,51.64,53.43,54.73,47.41,54.65,55.98,45.38,47.45,47.17,46.01,46.97,43.72,49.01,48.37
2019-01-20 23:20:00,28.1,33.04,36.32,37.01,50.44,53.88,52.4,55.16,39.09,52.38,52.66,42.34,56.31,46.59,30.91,45.45,36.64,43.35,47.45,51.65,53.44,54.74,47.42,54.67,56.0,45.39,47.47,47.19,46.01,46.98,43.73,49.02,48.38
2019-01-20 23:25:00,28.11,33.05,36.33,37.02,50.44,53.89,52.42,55.18,39.09,52.4,52.68,42.35,56.32,46.61,30.93,45.47,36.65,43.37,47.46,51.65,53.45,54.75,47.44,54.68,56.01,45.4,47.48,47.2,46.02,46.99,43.73,49.03,48.39
2019-01-20 23:30:00,28.12,33.07,36.35,37.04,50.45,53.9,52.43,55.19,39.09,52.41,52.69,42.35,56.33,46.62,30.94,45.48,36.67,43.38,47.47,51.66,53.46,54.76,47.45,54.69,56.03,45.41,47.49,47.21,46.03,47.0,43.74,49.04,48.4
2019-01-20 23:35:00,28.14,33.08,36.36,37.05,50.46,53.91,52.45,55.2,39.09,52.42,52.7,42.36,56.34,46.63,30.96,45.49,36.69,43.4,47.48,51.66,53.47,54.77,47.47,54.7,56.04,45.42,47.51,47.22,46.04,47.01,43.74,49.05,48.41
2019-01-20 23:40:00,28.15,33.09,36.37,37.07,50.47,53.92,52.46,55.22,39.09,52.44,52.71,42.37,56.35,46.65,30.97,45.51,36.7,43.41,47.49,51.67,53.48,54.78,47.48,54.71,56.05,45.44,47.52,47.23,46.05,47.02,43.75,49.06,48.42
2019-01-20 23:45:00,28.16,33.11,36.39,37.09,50.48,53.93,52.47,55.23,39.09,52.45,52.72,42.38,56.36,46.66,30.99,45.52,36.72,43.43,47.49,51.68,53.49,54.79,47.49,54.72,56.07,45.45,47.53,47.24,46.06,47.03,43.75,49.07,48.43
2019-01-20 23:50:00,28.18,33.12,36.4,37.1,50.49,53.94,52.49,55.25,39.09,52.47,52.73,42.38,56.38,46.68,31.01,45.54,36.73,43.44,47.5,51.68,53.5,54.8,47.51,54.74,56.08,45.46,47.55,47.25,46.07,47.04,43.75,49.09,48.43
2019-01-20 23:55:00,28.19,33.13,36.41,37.12,50.49,53.95,52.5,55.26,39.09,52.48,52.75,42.39,56.39,46.69,31.02,45.55,36.75,43.46,47.51,51.69,53.5,54.81,47.52,54.75,56.1,45.47,47.56,47.27,46.08,47.05,43.76,49.1,48.44
2019-01-21 00:00:00,28.2,33.15,36.43,37.14,50.5,53.96,52.52,55.28,39.09,52.5,52.76,42.4,56.4,46.71,31.04,45.57,36.77,43.47,47.52,51.69,53.52,54.83,47.54,54.76,56.12,45.49,47.57,47.28,46.09,47.07,43.76,49.11,48.45
2019-01-21 00:05:00,28.22,33.16,36.44,37.15,50.51,53.97,52.54,55.29,39.09,52.52,52.77,42.41,56.41,46.73,31.06,45.58,36.79,43.49,47.53,51.7,53.53,54.84,47.55,54.78,56.13,45.5,47.59,47.29,46.1,47.08,43.77,49.12,48.46
2019-01-21 00:10:00,28.23,33.17,36.45,37.17,50.52,53.99,52.55,55.31,39.09,52.54,52.79,42.42,56.42,46.75,31.08,45.6,36.8,43.51,47.54,51.71,53.54,54.85,47.57,54.79,56.15,45.52,47.61,47.31,46.11,47.09,43.78,49.14,48.47
2019-01-21 00:15:00,28.25,33.19,36.47,37.19,50.53,54.0,52.57,55.33,39.09,52.56,52.8,42.43,56.44,46.77,31.1,45.62,36.82,43.53,47.55,51.72,53.55,54.87,47.59,54.8,56.17,45.53,47.62,47.32,46.12,47.1,43.78,49.15,48.48
2019-01-21 00:20:00,28.26,33.2,36.48,37.22,50.55,54.01,52.59,55.35,39.09,52.58,52.82,42.44,56.45,46.79,31.12,45.64,36.85,43.55,47.56,51.72,53.56,54.88,47.61,54.82,56.19,45.55,47.64,47.34,46.13,47.12,43.79,49.16,48.49
2019-01-21 00:25:00,28.27,33.22,36.49,37.24,50.56,54.03,52.61,55.37,39.09,52.6,52.83,42.45,56.47,46.81,31.15,45.66,36.87,43.57,47.58,51.73,53.58,54.9,47.63,54.84,56.21,45.57,47.66,47.35,46.14,47.13,43.79,49.18,48.51
2019-01-21 00:30:00,28.29,33.23,36.51,37.26,50.57,54.04,52.63,55.39,39.09,52.62,52.85,42.46,56.48,46.83,31.17,45.68,36.89,43.59,47.59,51.74,53.59,54.91,47.65,54.86,56.23,45.58,47.68,47.37,46.16,47.15,43.8,49.2,48.52
2019-01-21 00:35:00,28.3,33.25,36.52,37.29,50.58,54.06,52.66,55.41,39.09,52.64,52.87,42.47,56.5,46.85,31.2,45.7,36.92,43.62,47.6,51.75,53.6,54.93,47.67,54.87,56.25,45.6,47.7,47.38,46.17,47.17,43.81,49.21,48.53
2019-01-21 00:40:00,28.32,33.26,36.54,37.31,50.6,54.07,52.68,55.43,39.09,52.67,52.89,42.48,56.51,46.87,31.22,45.72,36.94,43.64,47.62,51.76,53.62,54.95,47.69,54.89,56.28,45.62,47.72,47.4,46.18,47.18,43.82,49.23,48.54
2019-01-21 00:45:00,28.33,33.28,36.55,37.33,50.61,54.09,52.7,55.45,39.09,52.69,52.9,42.49,56.53,46.9,31.25,45.75,36.96,43.66,47.63,51.77,53.63,54.96,47.71,54.91,56.3,45.64,47.74,47.42,46.2,47.2,43.82,49.25,48.55
2019-01-21 00:50:00,28.35,33.29,36.57,37.36,50.62,54.1,52.72,55.47,39.09,52.71,52.92,42.5,56.54,46.92,31.27,45.77,36.99,43.68,47.64,51.78,53.65,54.98,47.73,54.93,56.32,45.66,47.76,47.43,46.21,47.21,43.83,49.26,48.57
2019-01-21 00:55:00,28.36,33.31,36.58,37.38,50.63,54.11,52.74,55.49,39.1,52.73,52.93,42.51,56.56,46.94,31.29,45.79,37.01,43.7,47.65,51.79,53.66,55.0,47.75,54.94,56.34,45.67,47.78,47.45,46.22,47.23,43.84,49.28,48.58
2019-01-21 01:00:00,28.38,33.32,36.6,37.4,50.64,54.13,52.76,55.51,39.1,52.75,52.95,42.52,56.57,46.96,31.31,45.8,37.03,43.72,47.66,51.79,53.67,55.01,47.76,54.96,56.36,45.69,47.79,47.46,46.23,47.24,43.84,49.29,48.59
2019-01-21 01:05:00,28.39,33.34,36.61,37.42,50.65,54.14,52.78,55.53,39.1,52.77,52.96,42.53,56.58,46.98,31.33,45.82,37.05,43.74,47.67,51.8,53.68,55.02,47.78,54.97,56.38,45.7,47.81,47.48,46.24,47.25,43.85,49.3,48.6
2019-01-21 01:10:00,28.41,33.35,36.62,37.44,50.66,54.15,52.79,55.54,39.1,52.79,52.98,42.54,56.59,46.99,31.35,45.84,37.06,43.76,47.68,51.81,53.69,55.04,47.8,54.99,56.39,45.72,47.82,47.49,46.25,47.26,43.85,49.31,48.61
2019-01-21 01:15:00,28.42,33.37,36.64,37.45,50.67,54.16,52.81,55.56,39.1,52.8,52.99,42.55,56.61,47.01,31.37,45.85,37.08,43.77,47.69,51.81,53.7,55.05,47.81,55.0,56.41,45.73,47.84,47.5,46.26,47.28,43.86,49.33,48.62
2019-01-21 01:20:00,28.44,33.38,36.65,37.47,50.68,54.17,52.82,55.57,39.1,52.82,53.0,42.56,56.62,47.02,31.38,45.87,37.1,43.79,47.7,51.82,53.71,55.06,47.82,55.01,56.42,45.74,47.85,47.51,46.27,47.29,43.86,49.34,48.62
2019-01-21 01:25:00,28.45,33.4,36.67,37.49,50.69,54.18,52.84,55.59,39.1,52.83,53.01,42.56,56.63,47.04,31.4,45.88,37.11,43.8,47.71,51.82,53.72,55.07,47.84,55.02,56.44,45.75,47.87,47.52,46.28,47.3,43.87,49.35,48.63
2019-01-21 01:30:00,28.47,33.41,36.68,37.5,50.7,54.19,52.85,55.6,39.1,52.85,53.02,42.57,56.64,47.05,31.42,45.9,37.13,43.82,47.72,51.83,53.73,55.08,47.85,55.03,56.45,45.77,47.88,47.53,46.29,47.31,43.87,49.36,48.64
2019-01-21 01:35:00,28.49,33.43,36.7,37.52,50.71,54.2,52.87,55.62,39.1,52.86,53.03,42.58,56.65,47.07,31.43,45.91,37.15,43.84,47.73,51.84,53.74,55.09,47.87,55.05,56.47,45.78,47.89,47.55,46.3,47.32,43.88,49.37,48.65
2019-01-21 01:40:00,28.5,33.44,36.71,37.54,50.71,54.21,52.88,55.63,39.1,52.88,53.05,42.59,56.66,47.09,31.45,45.93,37.16,43.85,47.74,51.84,53.75,55.1,47.88,55.06,56.48,45.79,47.91,47.56,46.3,47.33,43.88,49.38,48.66
2019-01-21 01:45:00,28.52,33.46,36.73,37.55,50.72,54.22,52.9,55.65,39.1,52.9,53.06,42.59,56.67,47.1,31.47,45.94,37.18,43.87,47.74,51.85,53.76,55.12,47.9,55.07,56.5,45.81,47.92,47.57,46.31,47.34,43.88,49.39,48.66
2019-01-21 01:50:00,28.53,33.47,36.74,37.57,50.73,54.23,52.91,55.66,39.1,52.91,53.07,42.6,56.68,47.12,31.49,45.96,37.2,43.88,47.75,51.86,53.77,55.13,47.91,55.08,56.51,45.82,47.93,47.58,46.32,47.35,43.89,49.4,48.67
2019-01-21 01:55:00,28.55,33.49,36.76,37.58,50.74,54.24,52.93,55.68,39.1,52.93,53.08,42.61,56.69,47.13,31.5,45.97,37.21,43.9,47.76,51.86,53.78,55.14,47.92,55.09,56.53,45.83,47.94,47.59,46.33,47.36,43.89,49.41,48.68
2019-01-21 02:00:00,28.56,33.5,36.78,37.6,50.75,54.25,52.94,55.69,39.1,52.94,53.09,42.62,56.7,47.14,31.51,45.98,37.23,43.91,47.77,51.87,53.79,55.15,47.94,55.11,56.54,45.84,47.96,47.6,46.34,47.37,43.9,49.42,48.69
2019-01-21 02:05:00,28.58,33.52,36.79,37.61,50.75,54.26,52.95,55.7,39.1,52.95,53.1,42.62,56.71,47.16,31.53,45.99,37.24,43.92,47.78,51.87,53.79,55.16,47.95,55.11,56.55,45.85,47.97,47.61,46.34,47.38,43.9,49.43,48.69
2019-01-21 02:10:00,28.59,33.53,36.81,37.62,50.76,54.26,52.96,55.71,39.1,52.96,53.1,42.63,56.71,47.17,31.54,46.0,37.25,43.93,47.78,51.87,53.8,55.16,47.96,55.12,56.56,45.86,47.98,47.62,46.35,47.38,43.9,49.44,48.7
2019-01-21 02:15:00,28.61,33.55,36.82,37.63,50.76,54.27,52.97,55.72,39.1,52.97,53.11,42.63,56.72,47.18,31.55,46.01,37.26,43.94,47.79,51.88,53.8,55.17,47.96,55.13,56.57,45.86,47.98,47.62,46.35,47.39,43.91,49.44,48.7
2019-01-21 02:20:00,28.62,33.57,36.84,37.64,50.77,54.28,52.98,55.73,39.1,52.98,53.12,42.63,56.73,47.18,31.56,46.02,37.27,43.95,47.79,51.88,53.81,55.18,47.97,55.14,56.58,45.87,47.99,47.63,46.36,47.39,43.91,49.45,48.71
2019-01-21 02:25:00,28.64,33.58,36.85,37.65,50.77,54.28,52.98,55.73,39.1,52.99,53.12,42.64,56.73,47.19,31.57,46.03,37.28,43.96,47.8,51.89,53.81,55.18,47.98,55.14,56.59,45.88,48.0,47.63,46.36,47.4,43.91,49.45,48.71
2019-01-21 02:30:00,28.65,33.6,36.87,37.66,50.78,54.29,52.99,55.74,39.1,53.0,53.13,42.64,56.74,47.2,31.58,46.04,37.29,43.97,47.8,51.89,53.82,55.19,47.99,55.15,56.6,45.88,48.0,47.64,46.37,47.41,43.91,49.46,48.72
2019-01-21 02:35:00,28.67,33.61,36.88,37.67,50.78,54.29,53.0,55.75,39.1,53.0,53.14,42.65,56.74,47.21,31.58,46.04,37.29,43.97,47.8,51.89,53.82,55.19,47.99,55.15,56.6,45.89,48.01,47.65,46.37,47.41,43.92,49.46,48.72
2019-01-21 02:40:00,28.69,33.63,36.9,37.67,50.79,54.3,53.01,55.75,39.1,53.01,53.14,42.65,56.75,47.21,31.59,46.05,37.3,43.98,47.81,51.89,53.83,55.2,48.0,55.16,56.61,45.9,48.02,47.65,46.38,47.41,43.92,49.47,48.72
2019-01-21 02:45:00,28.7,33.64,36.91,37.68,50.79,54.3,53.01,55.76,39.1,53.02,53.15,42.65,56.75,47.22,31.6,46.06,37.31,43.99,47.81,51.9,53.83,55.2,48.01,55.17,56.62,45.9,48.02,47.66,46.38,47.42,43.92,49.47,48.73
2019-01-21 02:50:00,28.72,33.66,36.93,37.69,50.79,54.3,53.02,55.77,39.1,53.02,53.15,42.65,56.76,47.23,31.61,46.06,37.32,43.99,47.82,51.9,53.84,55.21,48.01,55.17,56.62,45.91,48.03,47.66,46.38,47.42,43.92,49.48,48.73
2019-01-21 02:55:00,28.73,33.67,36.94,37.7,50.8,54.31,53.03,55.77,39.1,53.03,53.15,42.66,56.76,47.23,31.61,46.07,37.32,44.0,47.82,51.9,53.84,55.21,48.02,55.18,56.63,45.91,48.03,47.66,46.39,47.43,43.92,49.48,48.73
2019-01-21 03:00:00,28.75,33.69,36.96,37.7,50.8,54.31,53.03,55.78,39.1,53.04,53.16,42.66,56.77,47.24,31.62,46.07,37.33,44.01,47.82,51.9,53.84,55.22,48.02,55.18,56.64,45.92,48.04,47.67,46.39,47.43,43.92,49.49,48.74
2019-01-21 03:05:00,28.76,33.7,36.97,37.71,50.8,54.32,53.04,55.78,39.1,53.04,53.16,42.66,56.77,47.25,31.63,46.08,37.34,44.01,47.83,51.91,53.85,55.22,48.03,55.19,56.64,45.92,48.04,47.67,46.39,47.44,43.93,49.49,48.74
2019-01-21 03:10:00,28.78,33.72,36.99,37.71,50.81,54.32,53.04,55.79,39.1,53.05,53.17,42.67,56.77,47.25,31.63,46.09,37.34,44.02,47.83,51.91,53.85,55.23,48.03,55.19,56.65,45.93,48.05,47.68,46.4,47.44,43.93,49.49,48.74
2019-01-21 03:15:00,28.79,33.74,37.0,37.72,50.81,54.32,53.05,55.79,39.1,53.05,53.17,42.67,56.78,47.26,31.64,46.09,37.35,44.02,47.83,51.91,53.85,55.23,48.04,55.19,56.65,45.93,48.05,47.68,46.4,47.44,43.93,49.5,48.74
2019-01-21 03:20:00,28.81,33.75,37.02,37.72,50.81,54.33,53.05,55.8,39.1,53.06,53.17,42.67,56.78,47.26,31.65,46.09,37.35,44.03,47.83,51.91,53.86,55.23,48.04,55.2,56.66,45.93,48.06,47.68,46.4,47.44,43.93,49.5,48.75
2019-01-21 03:25:00,28.83,33.77,37.04,37.73,50.81,54.33,53.06,55.8,39.1,53.06,53.18,42.67,56.78,47.27,31.65,46.1,37.36,44.03,47.84,51.91,53.86,55.24,48.05,55.2,56.66,45.94,48.06,47.69,46.4,47.45,43.93,49.5,48.75
2019-01-21 03:30:00,28.84,33.78,37.05,37.73,50.82,54.33,53.06,55.81,39.1,53.07,53.18,42.67,56.79,47.27,31.65,46.1,37.36,44.04,47.84,51.92,53.86,55.24,48.05,55.2,56.66,45.94,48.06,47.69,46.41,47.45,43.93,49.51,48.75
2019-01-21 03:35:00,28.86,33.8,37.07,37.74,50.82,54.33,53.06,55.81,39.1,53.07,53.18,42.68,56.79,47.27,31.66,46.11,37.37,44.04,47.84,51.92,53.86,55.24,48.05,55.21,56.67,45.94,48.07,47.69,46.41,47.45,43.93,49.51,48.75
2019-01-21 03:40:00,28.87,33.81,37.08,37.74,50.82,54.34,53.07,55.81,39.1,53.07,53.18,42.68,56.79,47.28,31.66,46.11,37.37,44.04,47.84,51.92,53.87,55.24,48.06,55.21,56.67,45.95,48.07,47.69,46.41,47.46,43.94,49.51,48.75
2019-01-21 03:45:00,28.89,33.83,37.1,37.75,50.82,54.34,53.07,55.82,39.1,53.08,53.19,42.68,56.79,47.28,31.67,46.11,37.37,44.05,47.84,51.92,53.87,55.25,48.06,55.21,56.67,45.95,48.07,47.7,46.41,47.46,43.94,49.51,48.76
2019-01-21 03:50:00,28.9,33.84,37.11,37.75,50.82,54.34,53.07,55.82,39.1,53.08,53.19,42.68,56.79,47.28,31.67,46.12,37.38,44.05,47.85,51.92,53.87,55.25,48.06,55.21,56.68,45.95,48.07,47.7,46.41,47.46,43.94,49.51,48.76
2019-01-21 03:55:00,28.92,33.86,37.13,37.75,50.82,54.34,53.07,55.82,39.1,53.08,53.19,42.68,56.8,47.29,31.67,46.12,37.38,44.05,47.85,51.92,53.87,55.25,48.07,55.22,56.68,45.95,48.08,47.7,46.41,47.46,43.94,49.52,48.76
2019-01-21 04:00:00,28.93,33.88,37.14,37.75,50.83,54.34,53.08,55.82,39.1,53.08,53.19,42.68,56.8,47.29,31.68,46.12,37.38,44.05,47.85,51.92,53.87,55.25,48.07,55.22,56.68,45.96,48.08,47.7,46.42,47.46,43.94,49.52,48.76
2019-01-21 04:05:00,28.95,33.89,37.16,37.76,50.83,54.35,53.08,55.83,39.1,53.09,53.19,42.68,56.8,47.29,31.68,46.12,37.38,44.06,47.85,51.92,53.87,55.25,48.07,55.22,56.69,45.96,48.08,47.7,46.42,47.46,43.94,49.52,48.76
2019-01-21 04:10:00,28.97,33.91,37.18,37.76,50.83,54.35,53.08,55.83,39.1,53.09,53.2,42.68,56.8,47.29,31.68,46.13,37.39,44.06,47.85,51.92,53.88,55.26,48.07,55.22,56.69,45.96,48.08,47.71,46.42,47.47,43.94,49.52,48.76
2019-01-21 04:15:00,28.98,33.92,37.19,37.76,50.83,54.35,53.08,55.83,39.1,53.09,53.2,42.69,56.8,47.29,31.68,46.13,37.39,44.06,47.85,51.92,53.88,55.26,48.07,55.22,56.69,45.96,48.08,47.71,46.42,47.47,43.94,49.52,48.76
2019-01-21 04:20:00,29.0,33.94,37.21,37.76,50.83,54.35,53.08,55.83,39.1,53.09,53.2,42.69,56.8,47.29,31.68,46.13,37.39,44.06,47.85,51.92,53.88,55.26,48.07,55.22,56.69,45.96,48.08,47.71,46.42,47.47,43.94,49.52,48.76
2019-01-21 04:25:00,29.01,33.95,37.22,37.76,50.83,54.35,53.08,55.83,39.1,53.09,53.2,42.69,56.8,47.29,31.68,46.13,37.39,44.06,47.85,51.92,53.88,55.26,48.07,55.22,56.69,45.96,48.08,47.71,46.42,47.47,43.94,49.52,48.76
2019-01-21 04:30:00,29.03,33.97,37.24,37.76,50.83,54.35,53.08,55.83,39.1,53.09,53.2,42.68,56.8,47.29,31.68,46.13,37.39,44.06,47.85,51.92,53.88,55.26,48.07,55.22,56.69,45.96,48.08,47.71,46.42,47.47,43.94,49.52,48.76
2019-01-21 04:35:00,29.04,33.98,37.25,37.76,50.83,54.35,53.08,55.83,39.1,53.09,53.19,42.68,56.8,47.29,31.68,46.12,37.38,44.06,47.85,51.92,53.87,55.25,48.07,55.22,56.69,45.96,48.08,47.7,46.42,47.46,43.94,49.52,48.76
2019-01-21 04:40:00,29.06,34.0,37.27,37.75,50.83,54.34,53.08,55.82,39.1,53.09,53.19,42.68,56.8,47.29,31.68,46.12,37.38,44.05,47.85,51.92,53.87,55.25,48.07,55.22,56.68,45.96,48.08,47.7,46.42,47.46,43.94,49.52,48.76
2019-01-21 04:45:00,29.07,34.01,37.28,37.75,50.83,54.34,53.08,55.82,39.1,53.08,53.19,42.68,56.8,47.29,31.67,46.12,37.38,44.05,47.85,51.92,53.87,55.25,48.07,55.22,56.68,45.95,48.08,47.7,46.41,47.46,43.94,49.52,48.76
2019-01-21 04:50:00,29.09,34.03,37.3,37.75,50.82,54.34,53.07,55.82,39.1,53.08,53.19,42.68,56.8,47.28,31.67,46.12,37.38,44.05,47.85,51.92,53.87,55.25,48.06,55.22,56.68,45.95,48.08,47.7,46.41,47.46,43.94,49.52,48.76
2019-01-21 04:55:00,29.1,34.04,37.31,37.75,50.82,54.34,53.07,55.82,39.1,53.08,53.19,42.68,56.79,47.28,31.67,46.11,37.37,44.05,47.85,51.92,53.87,55.25,48.06,55.21,56.68,45.95,48.07,47.7,46.41,47.46,43.94,49.51,48.76
2019-01-21 05:00:00,29.12,34.06,37.33,37.74,50.82,54.34,53.07,55.81,39.1,53.08,53.19,42.68,56.79,47.28,31.66,46.11,37.37,44.04,47.84,51.92,53.87,55.25,48.06,55.21,56.67,45.95,48.07,47.69,46.41,47.46,43.94,49.51,48.76
2019-01-21 05:05:00,29.13,34.07,37.34,37.74,50.82,54.34,53.06,55.81,39.1,53.07,53.18,42.68,56.79,47.27,31.66,46.11,37.37,44.04,47.84,51.92,53.87,55.24,48.05,55.21,56.67,45.94,48.07,47.69,46.41,47.45,43.93,49.51,48.75
2019-01-21 05:10:00,29.15,34.09,37.36,37.73,50.82,54.33,53.06,55.8,39.1,53.07,53.18,42.67,56.78,47.27,31.65,46.1,37.36,44.03,47.84,51.91,53.86,55.24,48.05,55.2,56.66,45.94,48.06,47.69,46.4,47.45,43.93,49.5,48.75
2019-01-21 05:15:00,29.16,34.1,37.37,37.72,50.81,54.33,53.05,55.8,39.1,53.06,53.17,42.67,56.78,47.26,31.64,46.09,37.35,44.02,47.83,51.91,53.86,55.23,48.04,55.2,56.65,45.93,48.05,47.68,46.4,47.44,43.93,49.5,48.74
2019-01-21 05:20:00,29.17,34.11,37.38,37.71,50.8,54.32,53.03,55.78,39.1,53.04,53.16,42.66,56.77,47.24,31.62,46.08,37.33,44.01,47.83,51.91,53.85,55.22,48.03,55.18,56.64,45.92,48.04,47.67,46.39,47.43,43.92,49.49,48.74
2019-01-21 05:25:00,29.19,34.13,37.4,37.68,50.79,54.31,53.02,55.76,39.1,53.02,53.14,42.65,56.76,47.23,31.6,46.06,37.31,43.99,47.82,51.9,53.84,55.21,48.01,55.17,56.62,45.9,48.02,47.66,46.38,47.42,43.92,49.47,48.73
2019-01-21 05:30:00,29.2,34.14,37.41,37.66,50.78,54.29,52.99,55.74,39.1,53.0,53.13,42.64,56.74,47.2,31.57,46.04,37.29,43.97,47.8,51.89,53.82,55.19,47.99,55.15,56.6,45.88,48.0,47.64,46.36,47.4,43.91,49.46,48.71
2019-01-21 05:35:00,29.21,34.15,37.42,37.63,50.77,54.27,52.96,55.71,39.1,52.97,53.1,42.62,56.72,47.17,31.54,46.01,37.25,43.94,47.79,51.88,53.81,55.17,47.96,55.13,56.57,45.86,47.98,47.62,46.35,47.38,43.9,49.43,48.7
2019-01-21 05:40:00,29.22,34.16,37.43,37.59,50.75,54.25,52.93,55.68,39.1,52.94,53.08,42.61,56.7,47.14,31.5,45.97,37.22,43.9,47.77,51.87,53.79,55.15,47.93,55.1,56.53,45.83,47.95,47.59,46.33,47.36,43.89,49.41,48.68
2019-01-21 05:45:00,29.22,34.16,37.44,37.55,50.73,54.23,52.89,55.65,39.1,52.9,53.05,42.59,56.67,47.1,31.46,45.94,37.17,43.86,47.75,51.85,53.76,55.12,47.89,55.08,56.5,45.8,47.91,47.56,46.3,47.33,43.88,49.38,48.66
2019-01-21 05:50:00,29.23,34.17,37.45,37.5,50.71,54.21,52.86,55.61,39.1,52.87,53.01,42.57,56.64,47.06,31.42,45.9,37.13,43.82,47.73,51.84,53.74,55.1,47.86,55.05,56.46,45.77,47.87,47.53,46.28,47.3,43.87,49.35,48.63
2019-01-21 05:55:00,29.24,34.18,37.46,37.46,50.68,54.18,52.81,55.57,39.1,52.83,52.98,42.54,56.62,47.02,31.37,45.86,37.09,43.78,47.7,51.82,53.71,55.07,47.82,55.01,56.42,45.73,47.84,47.5,46.25,47.27,43.85,49.32,48.61
2019-01-21 06:00:00,29.24,34.18,37.46,37.41,50.66,54.15,52.77,55.53,39.1,52.78,52.95,42.52,56.59,46.98,31.32,45.81,37.04,43.74,47.68,51.8,53.69,55.04,47.78,54.98,56.37,45.7,47.8,47.46,46.23,47.24,43.84,49.29,48.59
2019-01-21 06:05:00,29.25,34.19,37.47,37.36,50.64,54.13,52.73,55.49,39.1,52.74,52.91,42.5,56.56,46.93,31.27,45.77,36.99,43.69,47.66,51.79,53.66,55.01,47.74,54.95,56.33,45.66,47.76,47.43,46.2,47.21,43.83,49.25,48.56
2019-01-21 06:10:00,29.25,34.2,37.48,37.32,50.62,54.1,52.69,55.45,39.1,52.7,52.88,42.48,56.53,46.89,31.23,45.73,36.95,43.65,47.63,51.77,53.64,54.98,47.7,54.92,56.29,45.63,47.72,47.4,46.18,47.18,43.81,49.22,48.54
2019-01-21 06:15:00,29.26,34.2,37.48,37.27,50.59,54.08,52.65,55.41,39.1,52.66,52.85,42.46,56.5,46.85,31.18,45.69,36.91,43.61,47.61,51.75,53.61,54.95,47.66,54.89,56.25,45.6,47.69,47.37,46.15,47.15,43.8,49.19,48.52
2019-01-21 06:20:00,29.26,34.21,37.49,37.23,50.57,54.05,52.61,55.37,39.1,52.63,52.82,42.44,56.48,46.81,31.14,45.66,36.86,43.57,47.59,51.74,53.59,54.92,47.63,54.85,56.21,45.56,47.65,47.34,46.13,47.12,43.79,49.16,48.49
2019-01-21 06:25:00,29.27,34.21,37.5,37.19,50.55,54.03,52.58,55.34,39.1,52.59,52.79,42.42,56.45,46.77,31.09,45.62,36.82,43.53,47.57,51.72,53.57,54.9,47.59,54.82,56.18,45.53,47.61,47.31,46.11,47.09,43.78,49.13,48.47
2019-01-21 06:30:00,29.26,34.2,37.49,37.88,50.71,54.21,52.96,55.7,39.1,52.97,53.0,42.55,56.68,47.2,31.69,46.05,37.41,43.96,47.73,51.85,53.75,55.11,47.97,55.08,56.57,45.84,47.92,47.53,46.26,47.28,43.86,49.32,48.61
2019-01-21 06:35:00,29.24,34.19,37.47,37.86,50.69,54.19,52.93,55.67,39.1,52.94,52.98,42.54,56.66,47.17,31.66,46.03,37.38,43.94,47.71,51.84,53.73,55.09,47.94,55.06,56.54,45.82,47.89,47.51,46.24,47.25,43.85,49.3,48.6
2019-01-21 06:40:00,29.23,34.17,37.46,37.83,50.68,54.17,52.91,55.65,39.1,52.91,52.95,42.52,56.64,47.15,31.63,46.0,37.35,43.91,47.69,51.83,53.71,55.07,47.91,55.04,56.51,45.8,47.86,47.49,46.22,47.23,43.84,49.28,48.58
2019-01-21 06:45:00,29.22,34.16,37.45,37.8,50.66,54.15,52.88,55.62,39.1,52.88,52.93,42.51,56.62,47.12,31.6,45.97,37.32,43.88,47.68,51.81,53.69,55.05,47.89,55.01,56.48,45.77,47.84,47.46,46.2,47.21,43.83,49.25,48.56
2019-01-21 06:50:00,29.2,34.15,37.44,37.77,50.64,54.13,52.85,55.59,39.1,52.85,52.9,42.49,56.59,47.09,31.57,45.94,37.29,43.85,47.66,51.8,53.67,55.02,47.86,54.99,56.45,45.75,47.81,47.44,46.18,47.18,43.81,49.23,48.54
2019-01-21 06:55:00,29.19,34.13,37.42,37.73,50.62,54.1,52.82,55.56,39.1,52.82,52.87,42.47,56.57,47.06,31.53,45.91,37.26,43.82,47.64,51.79,53.65,55.0,47.83,54.96,56.42,45.72,47.78,47.41,46.16,47.16,43.8,49.2,48.52
2019-01-21 07:00:00,29.17,34.12,37.41,37.7,50.6,54.08,52.79,55.53,39.1,52.79,52.84,42.45,56.55,47.02,31.5,45.88,37.23,43.78,47.62,51.77,53.63,54.97,47.8,54.93,56.39,45.69,47.75,47.38,46.14,47.13,43.79,49.17,48.5
2019-01-21 07:05:00,29.16,34.1,37.4,37.67,50.58,54.06,52.75,55.49,39.1,52.75,52.81,42.43,56.52,46.99,31.46,45.85,37.19,43.75,47.6,51.76,53.61,54.95,47.77,54.9,56.35,45.66,47.72,47.35,46.12,47.1,43.78,49.15,48.48
2019-01-21 07:10:00,29.14,34.09,37.38,37.63,50.56,54.03,52.72,55.46,39.1,52.72,52.78,42.41,56.5,46.95,31.42,45.82,37.16,43.71,47.58,51.75,53.59,54.92,47.73,54.88,56.32,45.63,47.68,47.32,46.09,47.08,43.77,49.12,48.46
2019-01-21 07:15:00,29.13,34.07,37.37,37.6,50.54,54.01,52.68,55.43,39.1,52.68,52.75,42.39,56.47,46.92,31.39,45.78,37.12,43.68,47.55,51.73,53.56,54.89,47.7,54.85,56.28,45.6,47.65,47.3,46.07,47.05,43.75,49.09,48.43
2019-01-21 07:20:00,29.11,34.06,37.35,37.56,50.52,53.98,52.65,55.39,39.09,52.65,52.72,42.37,56.45,46.88,31.35,45.75,37.09,43.65,47.53,51.72,53.54,54.87,47.67,54.82,56.25,45.57,47.62,47.27,46.05,47.02,43.74,49.06,48.41
2019-01-21 07:25:00,29.09,34.04,37.34,37.53,50.5,53.96,52.62,55.36,39.09,52.61,52.7,42.35,56.42,46.85,31.31,45.72,37.06,43.61,47.51,51.7,53.52,54.84,47.64,54.79,56.22,45.55,47.59,47.24,46.03,47.0,43.73,49.03,48.39
2019-01-21 07:30:00,29.08,34.03,37.32,37.5,50.48,53.94,52.59,55.33,39.09,52.58,52.67,42.34,56.4,46.82,31.28,45.69,37.03,43.59,47.5,51.69,53.5,54.82,47.61,54.77,56.19,45.52,47.56,47.22,46.01,46.97,43.72,49.01,48.38
2019-01-21 07:35:00,29.07,34.01,37.31,37.48,50.47,53.92,52.57,55.31,39.09,52.56,52.65,42.32,56.38,46.8,31.26,45.67,37.0,43.56,47.48,51.68,53.48,54.8,47.59,54.75,56.17,45.5,47.54,47.2,45.99,46.95,43.71,48.99,48.36
2019-01-21 07:40:00,29.05,34.0,37.3,37.46,50.45,53.91,52.55,55.29,39.09,52.54,52.64,42.31,56.37,46.78,31.24,45.65,36.98,43.54,47.47,51.67,53.47,54.78,47.57,54.73,56.15,45.49,47.52,47.18,45.98,46.94,43.71,48.97,48.35
2019-01-21 07:45:00,29.04,33.99,37.29,37.44,50.44,53.89,52.53,55.28,39.09,52.52,52.62,42.3,56.36,46.76,31.22,45.64,36.97,43.53,47.46,51.67,53.46,54.77,47.56,54.72,56.13,45.47,47.5,47.17,45.97,46.93,43.7,48.96,48.34
2019-01-21 07:50:00,29.03,33.98,37.28,37.43,50.44,53.88,52.52,55.26,39.09,52.51,52.61,42.3,56.35,46.75,31.21,45.63,36.95,43.51,47.45,51.66,53.45,54.76,47.55,54.71,56.12,45.46,47.49,47.16,45.96,46.92,43.7,48.95,48.33
2019-01-21 07:55:00,29.02,33.97,37.26,37.42,50.43,53.88,52.51,55.25,39.09,52.49,52.6,42.29,56.34,46.74,31.19,45.62,36.94,43.5,47.44,51.66,53.44,54.75,47.54,54.7,56.11,45.45,47.48,47.15,45.95,46.91,43.69,48.94,48.32
2019-01-21 08:00:00,29.01,33.96,37.25,37.41,50.42,53.87,52.5,55.24,39.09,52.48,52.59,42.29,56.33,46.73,31.18,45.61,36.93,43.49,47.43,51.65,53.43,54.74,47.53,54.69,56.1,45.45,47.47,47.14,45.95,46.9,43.69,48.94,48.32
2019-01-21 08:05:00,29.0,33.95,37.24,37.39,50.42,53.86,52.49,55.23,39.09,52.47,52.59,42.28,56.32,46.72,31.17,45.6,36.92,43.48,47.43,51.65,53.43,54.73,47.52,54.68,56.09,45.44,47.46,47.13,45.94,46.89,43.69,48.93,48.31
2019-01-21 08:10:00,28.98,33.93,37.23,37.38,50.41,53.85,52.48,55.22,39.09,52.46,52.58,42.27,56.31,46.71,31.16,45.59,36.91,43.47,47.42,51.64,53.42,54.72,47.51,54.67,56.08,45.43,47.45,47.13,45.93,46.89,43.68,48.92,48.31
2019-01-21 08:15:00,28.97,33.92,37.22,37.37,50.4,53.84,52.47,55.21,39.09,52.45,52.57,42.27,56.31,46.7,31.15,45.58,36.9,43.46,47.41,51.64,53.41,54.71,47.5,54.66,56.07,45.42,47.44,47.12,45.93,46.88,43.68,48.91,48.3
2019-01-21 08:20:00,28.96,33.91,37.21,37.36,50.39,53.83,52.46,55.2,39.09,52.44,52.56,42.26,56.3,46.69,31.14,45.56,36.89,43.45,47.41,51.63,53.4,54.7,47.49,54.65,56.05,45.41,47.43,47.11,45.92,46.87,43.67,48.9,48.29
2019-01-21 08:25:00,28.95,33.9,37.2,37.35,50.39,53.82,52.44,55.19,39.09,52.42,52.55,42.26,56.29,46.67,31.13,45.55,36.88,43.44,47.4,51.63,53.4,54.69,47.47,54.64,56.04,45.4,47.42,47.1,45.91,46.86,43.67,48.89,48.29
2019-01-21 08:30:00,28.94,33.89,37.18,37.34,50.38,53.82,52.43,55.18,39.09,52.41,52.54,42.25,56.28,46.66,31.11,45.54,36.87,43.43,47.39,51.62,53.39,54.68,47.47,54.63,56.03,45.39,47.41,47.09,45.91,46.85,43.67,48.88,48.28
2019-01-21 08:35:00,28.93,33.88,37.17,37.33,50.37,53.81,52.43,55.17,39.09,52.4,52.53,42.25,56.27,46.66,31.11,45.54,36.86,43.42,47.39,51.62,53.38,54.68,47.46,54.62,56.02,45.38,47.4,47.08,45.9,46.84,43.66,48.88,48.27
2019-01-21 08:40:00,28.91,33.86,37.16,37.32,50.37,53.8,52.42,55.16,39.09,52.39,52.53,42.24,56.27,46.65,31.1,45.53,36.85,43.41,47.38,51.61,53.38,54.67,47.45,54.61,56.01,45.38,47.4,47.08,45.89,46.84,43.66,48.87,48.27
2019-01-21 08:45:00,28.9,33.85,37.15,37.32,50.37,53.8,52.41,55.16,39.09,52.39,52.52,42.24,56.26,46.64,31.09,45.52,36.84,43.4,47.38,51.61,53.37,54.66,47.44,54.61,56.01,45.37,47.39,47.07,45.89,46.83,43.66,48.87,48.27
2019-01-21 08:50:00,28.89,33.84,37.14,37.31,50.36,53.79,52.41,55.15,39.09,52.38,52.52,42.24,56.26,46.64,31.08,45.52,36.84,43.4,47.37,51.61,53.37,54.66,47.44,54.6,56.0,45.37,47.39,47.07,45.89,46.83,43.66,48.86,48.26
2019-01-21 08:55:00,28.88,33.83,37.13,37.31,50.36,53.79,52.4,55.15,39.09,52.37,52.51,42.23,56.26,46.63,31.08,45.51,36.83,43.39,47.37,51.61,53.36,54.66,47.43,54.6,56.0,45.36,47.38,47.06,45.89,46.83,43.66,48.86,48.26
2019-01-21 09:00:00,28.87,33.82,37.12,37.3,50.36,53.79,52.4,55.14,39.09,52.37,52.51,42.23,56.25,46.63,31.08,45.51,36.83,43.39,47.37,51.61,53.36,54.65,47.43,54.6,55.99,45.36,47.38,47.06,45.88,46.82,43.66,48.85,48.26
2019-01-21 09:05:00,28.86,33.81,37.11,37.3,50.35,53.78,52.39,55.14,39.09,52.36,52.51,42.23,56.25,46.62,31.07,45.5,36.82,43.38,47.36,51.6,53.36,54.65,47.43,54.59,55.99,45.36,47.37,47.06,45.88,46.82,43.65,48.85,48.26
2019-01-21 09:10:00,28.85,33.8,37.1,37.29,50.35,53.78,52.39,55.13,39.09,52.36,52.5,42.23,56.25,46.62,31.07,45.5,36.82,43.38,47.36,51.6,53.35,54.64,47.42,54.59,55.99,45.35,47.37,47.05,45.88,46.82,43.65,48.85,48.25
2019-01-21 09:15:00,28.84,33.79,37.09,37.29,50.35,53.78,52.39,55.13,39.09,52.35,52.5,42.22,56.24,46.61,31.06,45.5,36.82,43.38,47.36,51.6,53.35,54.64,47.42,54.59,55.98,45.35,47.37,47.05,45.88,46.81,43.65,48.85,48.25
2019-01-21 09:20:00,28.83,33.78,37.08,37.28,50.35,53.77,52.38,55.13,39.09,52.35,52.5,42.22,56.24,46.61,31.06,45.49,36.81,43.37,47.36,51.6,53.35,54.64,47.42,54.58,55.98,45.35,47.36,47.05,45.87,46.81,43.65,48.84,48.25
2019-01-21 09:25:00,28.82,33.77,37.06,37.28,50.34,53.77,52.38,55.12,39.09,52.35,52.49,42.22,56.24,46.61,31.06,45.49,36.81,43.37,47.35,51.6,53.35,54.63,47.41,54.58,55.98,45.34,47.36,47.05,45.87,46.81,43.65,48.84,48.25
2019-01-21 09:30:00,28.81,33.76,37.05,37.28,50.34,53.77,52.38,55.12,39.09,52.34,52.49,42.22,56.24,46.61,31.05,45.49,36.81,43.37,47.35,51.6,53.35,54.63,47.41,54.58,55.97,45.34,47.36,47.04,45.87,46.81,43.65,48.84,48.25
2019-01-21 09:35:00,28.8,33.75,37.04,37.28,50.34,53.77,52.38,55.12,39.09,52.34,52.49,42.22,56.23,46.6,31.05,45.49,36.81,43.37,47.35,51.6,53.34,54.63,47.41,54.58,55.97,45.34,47.36,47.04,45.87,46.81,43.65,48.84,48.25
2019-01-21 09:40:00,28.79,33.73,37.03,37.28,50.34,53.77,52.37,55.12,39.09,52.34,52.49,42.22,56.23,46.6,31.05,45.49,36.8,43.36,47.35,51.59,53.34,54.63,47.41,54.57,55.97,45.34,47.36,47.04,45.87,46.81,43.65,48.84,48.24
2019-01-21 09:45:00,28.78,33.72,37.02,37.28,50.34,53.77,52.37,55.12,39.09,52.34,52.49,42.22,56.23,46.6,31.05,45.49,36.8,43.36,47.35,51.59,53.34,54.63,47.41,54.57,55.97,45.34,47.36,47.04,45.87,46.81,43.65,48.84,48.24
2019-01-21 09:50:00,28.76,33.71,37.01,37.28,50.34,53.76,52.37,55.12,39.09,52.34,52.49,42.22,56.23,46.6,31.05,45.49,36.8,43.36,47.35,51.59,53.34,54.63,47.41,54.57,55.97,45.34,47.36,47.04,45.87,46.81,43.65,48.84,48.24
2019-01-21 09:55:00,28.75,33.7,37.0,37.28,50.34,53.76,52.37,55.12,39.09,52.34,52.49,42.22,56.23,46.6,31.05,45.49,36.8,43.36,47.35,51.59,53.34,54.63,47.41,54.57,55.97,45.34,47.36,47.04,45.87,46.81,43.65,48.84,48.24
2019-01-21 10:00:00,28.74,33.69,36.99,37.28,50.34,53.76,52.37,55.12,39.08,52.34,52.49,42.22,56.23,46.6,31.05,45.49,36.8,43.36,47.35,51.59,53.34,54.63,47.41,54.57,55.97,45.34,47.36,47.04,45.87,46.81,43.65,48.84,48.24
2019-01-21 10:05:00,28.73,33.68,36.98,37.28,50.34,53.76,52.37,55.12,39.08,52.34,52.49,42.22,56.23,46.6,31.05,45.49,36.8,43.36,47.35,51.59,53.34,54.63,47.41,54.57,55.97,45.34,47.36,47.04,45.87,46.81,43.65,48.84,48.25
2019-01-21 10:10:00,28.72,33.67,36.97,37.28,50.34,53.76,52.37,55.12,39.08,52.34,52.49,42.22,56.23,46.6,31.05,45.49,36.8,43.36,47.35,51.59,53.34,54.63,47.41,54.57,55.97,45.34,47.36,47.04,45.87,46.81,43.65,48.84,48.25
2019-01-21 10:15:00,28.71,33.66,36.96,37.28,50.34,53.76,52.38,55.12,39.08,52.34,52.49,42.22,56.23,46.6,31.05,45.49,36.81,43.37,47.35,51.59,53.34,54.63,47.41,54.57,55.97,45.34,47.36,47.05,45.87,46.81,43.65,48.84,48.25
2019-01-21 10:20:00,28.7,33.65,36.95,37.28,50.34,53.76,52.38,55.12,39.08,52.34,52.49,42.22,56.23,46.6,31.05,45.49,36.81,43.37,47.35,51.6,53.34,54.63,47.41,54.57,55.97,45.34,47.36,47.05,45.87,46.81,43.65,48.84,48.25
2019-01-21 10:25:00,28.69,33.64,36.94,37.28,50.34,53.77,52.38,55.12,39.08,52.34,52.5,42.22,56.23,46.61,31.06,45.49,36.81,43.37,47.35,51.6,53.34,54.63,47.41,54.58,55.97,45.34,47.36,47.05,45.87,46.81,43.65,48.84,48.25
2019-01-21 10:30:00,28.68,33.63,36.93,37.28,50.34,53.77,52.38,55.12,39.08,52.34,52.5,42.22,56.23,46.61,31.06,45.49,36.81,43.37,47.35,51.6,53.34,54.63,47.41,54.58,55.97,45.34,47.36,47.05,45.87,46.81,43.65,48.84,48.25
2019-01-21 10:35:00,28.67,33.62,36.92,37.28,50.34,53.77,52.38,55.12,39.08,52.34,52.5,42.22,56.24,46.61,31.06,45.49,36.81,43.37,47.35,51.6,53.34,54.63,47.41,54.58,55.97,45.34,47.36,47.05,45.87,46.81,43.65,48.84,48.25
2019-01-21 10:40:00,28.66,33.61,36.91,37.28,50.34,53.77,52.38,55.12,39.08,52.34,52.5,42.22,56.24,46.61,31.06,45.49,36.81,43.37,47.35,51.6,53.34,54.63,47.41,54.58,55.98,45.35,47.36,47.05,45.87,46.81,43.65,48.84,48.25
2019-01-21 10:45:00,28.65,33.6,36.9,37.28,50.34,53.77,52.38,55.12,39.08,52.34,52.5,42.22,56.24,46.61,31.06,45.49,36.81,43.37,47.35,51.6,53.34,54.63,47.41,54.58,55.98,45.35,47.36,47.05,45.87,46.81,43.65,48.84,48.25
2019-01-21 10:50:00,28.64,33.59,36.89,37.28,50.34,53.77,52.38,55.12,39.08,52.34,52.5,42.22,56.24,46.61,31.06,45.49,36.81,43.37,47.35,51.6,53.34,54.63,47.41,54.58,55.97,45.34,47.36,47.05,45.87,46.81,43.65,48.84,48.25
2019-01-21 10:55:00,28.63,33.58,36.88,37.28,50.34,53.76,52.38,55.12,39.08,52.34,52.5,42.22,56.23,46.61,31.06,45.49,36.81,43.37,47.35,51.6,53.34,54.63,47.41,54.58,55.97,45.34,47.36,47.05,45.87,46.81,43.65,48.84,48.25
2019-01-21 11:00:00,28.62,33.57,36.87,37.28,50.34,53.76,52.38,55.12,39.08,52.34,52.5,42.22,56.23,46.61,31.06,45.49,36.81,43.37,47.35,51.6,53.34,54.63,47.41,54.57,55.97,45.34,47.36,47.05,45.87,46.81,43.65,48.84,48.25
2019-01-21 11:05:00,28.61,33.56,36.85,37.28,50.34,53.76,52.38,55.12,39.08,52.34,52.5,42.22,56.23,46.6,31.06,45.49,36.81,43.37,47.35,51.59,53.34,54.63,47.41,54.57,55.97,45.34,47.36,47.05,45.87,46.81,43.65,48.84,48.25
2019-01-21 11:10:00,28.6,33.55,36.84,37.28,50.34,53.76,52.38,55.12,39.08,52.34,52.49,42.22,56.23,46.6,31.06,45.49,36.81,43.37,47.35,51.59,53.34,54.63,47.41,54.57,55.97,45.34,47.36,47.05,45.87,46.81,43.65,48.84,48.25
2019-01-21 11:15:00,28.59,33.54,36.83,37.28,50.34,53.76,52.38,55.12,39.08,52.34,52.5,42.22,56.23,46.6,31.06,45.49,36.81,43.37,47.35,51.59,53.34,54.63,47.41,54.57,55.97,45.34,47.36,47.05,45.87,46.81,43.65,48.84,48.25
2019-01-21 11:20:00,28.58,33.53,36.82,37.28,50.34,53.76,52.38,55.12,39.08,52.34,52.5,42.22,56.23,46.61,31.06,45.49,36.81,43.37,47.35,51.6,53.34,54.63,47.41,54.57,55.97,45.34,47.36,47.05,45.87,46.81,43.65,48.84,48.25
2019-01-21 11:25:00,28.57,33.52,36.81,37.28,50.34,53.77,52.38,55.12,39.08,52.34,52.5,42.22,56.24,46.61,31.06,45.49,36.81,43.37,47.35,51.6,53.34,54.63,47.41,54.58,55.97,45.35,47.36,47.05,45.87,46.81,43.65,48.84,48.25
2019-01-21 11:30:00,28.56,33.51,36.8,37.28,50.34,53.77,52.38,55.12,39.08,52.34,52.5,42.23,56.24,46.61,31.06,45.49,36.81,43.37,47.35,51.6,53.35,54.63,47.41,54.58,55.98,45.35,47.36,47.05,45.88,46.82,43.65,48.85,48.25
2019-01-21 11:35:00,28.55,33.5,36.79,37.29,50.34,53.77,52.38,55.13,39.08,52.35,52.5,42.23,56.24,46.61,31.06,45.5,36.81,43.37,47.35,51.6,53.35,54.63,47.42,54.58,55.98,45.35,47.37,47.05,45.88,46.82,43.65,48.85,48.25
2019-01-21 11:40:00,28.54,33.49,36.78,37.29,50.35,53.77,52.39,55.13,39.08,52.35,52.51,42.23,56.24,46.62,31.07,45.5,36.82,43.38,47.36,51.6,53.35,54.64,47.42,54.58,55.98,45.35,47.37,47.06,45.88,46.82,43.65,48.85,48.26
2019-01-21 11:45:00,28.53,33.48,36.77,37.3,50.35,53.77,52.39,55.13,39.08,52.35,52.51,42.23,56.24,46.62,31.07,45.5,36.82,43.38,47.36,51.6,53.35,54.64,47.42,54.59,55.99,45.36,47.37,47.06,45.88,46.82,43.66,48.86,48.26
2019-01-21 11:50:00,28.52,33.47,36.76,37.3,50.35,53.78,52.4,55.14,39.08,52.36,52.51,42.23,56.25,46.62,31.08,45.51,36.83,43.39,47.36,51.6,53.36,54.64,47.43,54.59,55.99,45.36,47.38,47.06,45.89,46.83,43.66,48.86,48.26
2019-01-21 11:55:00,28.51,33.46,36.75,37.3,50.35,53.78,52.4,55.14,39.08,52.36,52.52,42.24,56.25,46.63,31.08,45.51,36.83,43.39,47.36,51.6,53.36,54.65,47.43,54.59,56.0,45.36,47.38,47.07,45.89,46.83,43.66,48.86,48.26
2019-01-21 12:00:00,28.5,33.45,36.74,37.31,50.36,53.78,52.4,55.15,39.08,52.37,52.52,42.24,56.25,46.63,31.09,45.51,36.83,43.39,47.37,51.61,53.36,54.65,47.44,54.6,56.0,45.37,47.39,47.07,45.89,46.83,43.66,48.86,48.26
2019-01-21 12:05:00,28.49,33.44,36.73,37.31,50.36,53.79,52.41,55.15,39.08,52.37,52.52,42.24,56.26,46.64,31.09,45.52,36.84,43.4,47.37,51.61,53.36,54.65,47.44,54.6,56.0,45.37,47.39,47.07,45.89,46.84,43.66,48.87,48.27
2019-01-21 12:10:00,28.48,33.43,36.72,37.31,50.36,53.79,52.41,55.15,39.08,52.37,52.53,42.24,56.26,46.64,31.09,45.52,36.84,43.4,47.37,51.61,53.37,54.66,47.44,54.6,56.01,45.37,47.39,47.08,45.9,46.84,43.66,48.87,48.27
2019-01-21 12:15:00,28.47,33.42,36.71,37.32,50.36,53.79,52.41,55.16,39.08,52.38,52.53,42.24,56.26,46.64,31.1,45.53,36.85,43.4,47.37,51.61,53.37,54.66,47.45,54.61,56.01,45.37,47.4,47.08,45.9,46.84,43.66,48.87,48.27
2019-01-21 12:20:00,28.46,33.41,36.7,37.32,50.36,53.79,52.42,55.16,39.08,52.38,52.53,42.25,56.26,46.65,31.1,45.53,36.85,43.41,47.37,51.61,53.37,54.66,47.45,54.61,56.01,45.38,47.4,47.08,45.9,46.84,43.66,48.88,48.27
2019-01-21 12:25:00,28.45,33.4,36.69,37.32,50.37,53.8,52.42,55.16,39.08,52.38,52.53,42.25,56.27,46.65,31.1,45.53,36.85,43.41,47.38,51.61,53.37,54.66,47.45,54.61,56.02,45.38,47.4,47.08,45.9,46.85,43.67,48.88,48.28
2019-01-21 12:30:00,28.44,33.39,36.68,37.33,50.37,53.8,52.42,55.16,39.08,52.39,52.54,42.25,56.27,46.65,31.11,45.53,36.85,43.41,47.38,51.61,53.37,54.66,47.45,54.61,56.02,45.38,47.4,47.09,45.9,46.85,43.67,48.88,48.28
2019-01-21 12:35:00,28.43,33.38,36.67,37.33,50.37,53.8,52.42,55.17,39.08,52.39,52.54,42.25,56.27,46.65,31.11,45.54,36.86,43.42,47.38,51.62,53.38,54.67,47.46,54.61,56.02,45.38,47.41,47.09,45.91,46.85,43.67,48.88,48.28
2019-01-21 12:40:00,28.42,33.37,36.66,37.33,50.37,53.8,52.43,55.17,39.09,52.39,52.54,42.25,56.27,46.66,31.11,45.54,36.86,43.42,47.38,51.62,53.38,54.67,47.46,54.62,56.02,45.39,47.41,47.09,45.91,46.85,43.67,48.88,48.28
2019-01-21 12:45:00,28.41,33.36,36.65,37.33,50.37,53.8,52.43,55.17,39.09,52.39,52.54,42.25,56.27,46.66,31.11,45.54,36.86,43.42,47.38,51.62,53.38,54.67,47.46,54.62,56.02,45.39,47.41,47.09,45.91,46.85,43.67,48.89,48.28
2019-01-21 12:50:00,28.4,33.35,36.64,37.33,50.37,53.8,52.43,55.17,39.09,52.39,52.54,42.25,56.27,46.66,31.11,45.54,36.86,43.42,47.38,51.62,53.38,54.67,47.46,54.62,56.03,45.39,47.41,47.09,45.91,46.85,43.67,48.89,48.28
2019-01-21 12:55:00,28.39,33.34,36.63,37.34,50.37,53.8,52.43,55.17,39.09,52.4,52.54,42.25,56.27,46.66,31.12,45.54,36.86,43.42,47.38,51.62,53.38,54.67,47.46,54.62,56.03,45.39,47.41,47.09,45.91,46.86,43.67,48.89,48.28
2019-01-21 13:00:00,28.38,33.33,36.62,37.34,50.38,53.81,52.43,55.18,39.09,52.4,52.55,42.26,56.28,46.66,31.12,45.55,36.87,43.43,47.39,51.62,53.38,54.68,47.47,54.62,56.03,45.39,47.42,47.1,45.91,46.86,43.67,48.89,48.29
2019-01-21 13:05:00,28.37,33.32,36.61,37.35,50.38,53.81,52.44,55.18,39.09,52.4,52.55,42.26,56.28,46.67,31.13,45.55,36.87,43.43,47.39,51.62,53.39,54.68,47.47,54.63,56.04,45.4,47.42,47.1,45.92,46.86,43.67,48.9,48.29
2019-01-21 13:10:00,28.36,33.31,36.6,37.35,50.38,53.81,52.45,55.19,39.09,52.41,52.56,42.26,56.29,46.68,31.13,45.56,36.88,43.44,47.39,51.62,53.39,54.68,47.48,54.63,56.04,45.4,47.43,47.11,45.92,46.87,43.67,48.9,48.29
2019-01-21 13:15:00,28.35,33.3,36.59,37.36,50.39,53.82,52.45,55.2,39.09,52.42,52.56,42.27,56.29,46.68,31.14,45.56,36.89,43.45,47.4,51.63,53.4,54.69,47.48,54.64,56.05,45.41,47.43,47.11,45.93,46.87,43.68,48.91,48.3
2019-01-21 13:20:00,28.34,33.29,36.59,37.37,50.39,53.83,52.46,55.2,39.09,52.43,52.57,42.27,56.3,46.69,31.15,45.57,36.9,43.45,47.4,51.63,53.4,54.7,47.49,54.65,56.06,45.42,47.44,47.12,45.93,46.88,43.68,48.92,48.3
2019-01-21 13:25:00,28.34,33.28,36.58,37.38,50.4,53.83,52.47,55.22,39.09,52.44,52.58,42.28,56.31,46.7,31.16,45.58,36.91,43.47,47.41,51.64,53.41,54.71,47.5,54.66,56.07,45.43,47.45,47.13,45.94,46.89,43.69,48.92,48.31
2019-01-21 13:30:00,28.33,33.28,36.57,37.39,50.41,53.84,52.48,55.23,39.09,52.45,52.59,42.29,56.31,46.71,31.18,45.59,36.92,43.48,47.42,51.64,53.42,54.71,47.51,54.67,56.08,45.44,47.46,47.14,45.95,46.9,43.69,48.93,48.32
2019-01-21 13:35:00,28.32,33.27,36.56,37.4,50.41,53.85,52.49,55.24,39.09,52.46,52.6,42.29,56.32,46.73,31.19,45.6,36.93,43.49,47.42,51.65,53.42,54.72,47.52,54.67,56.09,45.44,47.47,47.15,45.95,46.91,43.69,48.94,48.32
2019-01-21 13:40:00,28.31,33.26,36.55,37.41,50.42,53.86,52.5,55.25,39.09,52.47,52.61,42.3,56.33,46.73,31.2,45.61,36.94,43.5,47.43,51.65,53.43,54.73,47.53,54.68,56.1,45.45,47.48,47.16,45.96,46.92,43.7,48.95,48.33
2019-01-21 13:45:00,28.3,33.25,36.54,37.42,50.42,53.86,52.51,55.25,39.09,52.48,52.62,42.3,56.33,46.74,31.21,45.62,36.95,43.5,47.43,51.65,53.43,54.74,47.54,54.69,56.11,45.46,47.49,47.16,45.97,46.92,43.7,48.96,48.34
2019-01-21 13:50:00,28.3,33.24,36.53,37.43,50.43,53.87,52.52,55.26,39.09,52.48,52.62,42.31,56.34,46.75,31.21,45.63,36.95,43.51,47.44,51.66,53.44,54.74,47.54,54.69,56.12,45.46,47.5,47.17,45.97,46.93,43.7,48.96,48.34
2019-01-21 13:55:00,28.29,33.23,36.53,37.43,50.43,53.87,52.52,55.26,39.09,52.49,52.62,42.31,56.34,46.75,31.22,45.63,36.96,43.51,47.44,51.66,53.44,54.74,47.55,54.7,56.12,45.47,47.5,47.17,45.97,46.93,43.7,48.97,48.34
2019-01-21 14:00:00,28.28,33.22,36.52,37.43,50.43,53.87,52.52,55.27,39.09,52.49,52.63,42.31,56.34,46.76,31.22,45.63,36.96,43.52,47.44,51.66,53.44,54.75,47.55,54.7,56.12,45.47,47.5,47.17,45.97,46.93,43.7,48.97,48.34
2019-01-21 14:05:00,28.27,33.21,36.51,37.44,50.43,53.87,52.53,55.27,39.09,52.49,52.63,42.31,56.35,46.76,31.22,45.63,36.96,43.52,47.44,51.66,53.44,54.75,47.55,54.7,56.12,45.47,47.51,47.18,45.98,46.94,43.7,48.97,48.34
2019-01-21 14:10:00,28.26,33.21,36.5,37.44,50.43,53.87,52.53,55.27,39.09,52.5,52.63,42.31,56.35,46.76,31.22,45.64,36.96,43.52,47.44,51.66,53.45,54.75,47.55,54.7,56.13,45.47,47.51,47.18,45.98,46.94,43.71,48.97,48.35
2019-01-21 14:15:00,28.25,33.2,36.49,37.44,50.43,53.87,52.53,55.27,39.09,52.5,52.63,42.31,56.35,46.76,31.23,45.64,36.97,43.53,47.45,51.66,53.45,54.75,47.56,54.7,56.13,45.48,47.51,47.18,45.98,46.94,43.71,48.97,48.35
2019-01-21 14:20:00,28.24,33.19,36.48,37.45,50.44,53.88,52.54,55.28,39.09,52.5,52.64,42.32,56.35,46.77,31.23,45.64,36.97,43.53,47.45,51.66,53.45,54.75,47.56,54.71,56.13,45.48,47.51,47.18,45.98,46.94,43.71,48.98,48.35
2019-01-21 14:25:00,28.23,33.18,36.47,37.45,50.44,53.88,52.54,55.28,39.09,52.51,52.64,42.32,56.36,46.77,31.24,45.65,36.98,43.54,47.45,51.67,53.46,54.76,47.57,54.71,56.14,45.49,47.52,47.19,45.99,46.95,43.71,48.98,48.36
2019-01-21 14:30:00,28.23,33.17,36.46,37.46,50.45,53.89,52.55,55.29,39.09,52.52,52.65,42.33,56.36,46.78,31.25,45.66,36.99,43.55,47.46,51.67,53.46,54.77,47.58,54.72,56.15,45.49,47.53,47.2,45.99,46.96,43.71,48.99,48.36
2019-01-21 14:35:00,28.22,33.16,36.46,37.47,50.45,53.9,52.56,55.3,39.09,52.53,52.66,42.33,56.37,46.79,31.26,45.67,37.0,43.56,47.47,51.67,53.47,54.77,47.59,54.73,56.16,45.5,47.54,47.21,46.0,46.97,43.72,49.0,48.37
2019-01-21 14:40:00,28.21,33.16,36.45,37.49,50.46,53.9,52.57,55.31,39.09,52.54,52.67,42.34,56.38,46.81,31.28,45.68,37.01,43.57,47.47,51.68,53.48,54.78,47.6,54.74,56.17,45.51,47.55,47.22,46.01,46.98,43.72,49.01,48.38
2019-01-21 14:45:00,28.2,33.15,36.44,37.5,50.47,53.91,52.59,55.33,39.09,52.55,52.68,42.35,56.39,46.82,31.29,45.69,37.02,43.58,47.48,51.68,53.48,54.79,47.61,54.75,56.19,45.52,47.56,47.23,46.02,46.99,43.73,49.02,48.38
2019-01-21 14:50:00,28.2,33.14,36.43,37.51,50.48,53.92,52.6,55.34,39.09,52.57,52.69,42.35,56.4,46.83,31.3,45.7,37.04,43.59,47.49,51.69,53.49,54.8,47.62,54.76,56.2,45.53,47.58,47.24,46.03,47.0,43.73,49.03,48.39
2019-01-21 14:55:00,28.19,33.14,36.43,37.52,50.48,53.93,52.61,55.35,39.09,52.58,52.71,42.36,56.41,46.84,31.32,45.72,37.05,43.61,47.5,51.69,53.5,54.81,47.63,54.77,56.21,45.54,47.59,47.25,46.03,47.01,43.74,49.04,48.4
2019-01-21 15:00:00,28.19,33.13,36.42,37.53,50.49,53.94,52.62,55.36,39.09,52.59,52.72,42.37,56.42,46.85,31.33,45.73,37.06,43.62,47.5,51.7,53.51,54.82,47.64,54.78,56.22,45.55,47.6,47.26,46.04,47.02,43.74,49.05,48.41
2019-01-21 15:05:00,28.18,33.12,36.41,37.54,50.5,53.94,52.63,55.37,39.09,52.6,52.72,42.37,56.42,46.86,31.34,45.74,37.07,43.63,47.51,51.7,53.51,54.83,47.65,54.79,56.23,45.56,47.61,47.27,46.05,47.02,43.74,49.06,48.41
2019-01-21 15:10:00,28.17,33.12,36.4,37.55,50.5,53.95,52.64,55.38,39.09,52.61,52.73,42.38,56.43,46.87,31.35,45.75,37.08,43.64,47.51,51.71,53.52,54.84,47.66,54.8,56.24,45.57,47.62,47.27,46.06,47.03,43.75,49.07,48.42
2019-01-21 15:15:00,28.16,33.11,36.4,37.56,50.51,53.96,52.65,55.39,39.09,52.62,52.74,42.38,56.44,46.88,31.36,45.75,37.09,43.64,47.52,51.71,53.53,54.84,47.67,54.8,56.25,45.58,47.62,47.28,46.06,47.04,43.75,49.08,48.42
2019-01-21 15:20:00,28.16,33.1,36.39,37.57,50.51,53.96,52.65,55.39,39.09,52.62,52.75,42.39,56.44,46.89,31.37,45.76,37.1,43.65,47.52,51.71,53.53,54.85,47.68,54.81,56.25,45.58,47.63,47.29,46.07,47.04,43.75,49.08,48.43
2019-01-21 15:25:00,28.15,33.09,36.38,37.58,50.51,53.97,52.66,55.4,39.09,52.63,52.75,42.39,56.45,46.89,31.37,45.77,37.1,43.66,47.53,51.72,53.53,54.85,47.68,54.81,56.26,45.59,47.64,47.29,46.07,47.05,43.75,49.09,48.43
2019-01-21 15:30:00,28.14,33.09,36.37,37.58,50.52,53.97,52.67,55.41,39.09,52.64,52.76,42.39,56.45,46.9,31.38,45.77,37.11,43.66,47.53,51.72,53.54,54.86,47.69,54.82,56.27,45.59,47.64,47.3,46.07,47.05,43.76,49.09,48.44
2019-01-21 15:35:00,28.13,33.08,36.36,37.58,50.52,53.97,52.67,55.41,39.09,52.64,52.76,42.4,56.45,46.9,31.38,45.77,37.11,43.67,47.53,51.72,53.54,54.86,47.69,54.82,56.27,45.6,47.65,47.3,46.08,47.06,43.76,49.09,48.44
2019-01-21 15:40:00,28.12,33.07,36.36,37.59,50.52,53.98,52.67,55.41,39.09,52.64,52.76,42.4,56.45,46.91,31.39,45.78,37.11,43.67,47.54,51.72,53.54,54.86,47.69,54.82,56.27,45.6,47.65,47.3,46.08,47.06,43.76,49.1,48.44
2019-01-21 15:45:00,28.12,33.06,36.35,37.59,50.52,53.98,52.68,55.41,39.09,52.65,52.76,42.4,56.46,46.91,31.39,45.78,37.12,43.67,47.54,51.72,53.54,54.86,47.69,54.83,56.28,45.6,47.65,47.3,46.08,47.06,43.76,49.1,48.44
2019-01-21 15:50:00,28.11,33.05,36.34,37.59,50.52,53.98,52.68,55.42,39.09,52.65,52.76,42.4,56.46,46.91,31.39,45.78,37.12,43.67,47.54,51.72,53.55,54.87,47.7,54.83,56.28,45.6,47.65,47.3,46.08,47.06,43.76,49.1,48.44
2019-01-21 15:55:00,28.1,33.04,36.33,37.59,50.53,53.98,52.68,55.42,39.09,52.65,52.76,42.4,56.46,46.91,31.39,45.78,37.12,43.68,47.54,51.72,53.55,54.87,47.7,54.83,56.28,45.6,47.65,47.31,46.08,47.06,43.76,49.1,48.44
2019-01-21 16:00:00,28.09,33.03,36.32,37.59,50.53,53.98,52.68,55.42,39.09,52.65,52.77,42.4,56.46,46.91,31.39,45.78,37.12,43.68,47.54,51.72,53.55,54.87,47.7,54.83,56.28,45.6,47.65,47.31,46.08,47.06,43.76,49.1,48.44
2019-01-21 16:05:00,28.08,33.03,36.31,37.59,50.53,53.98,52.68,55.42,39.09,52.65,52.77,42.4,56.46,46.91,31.39,45.78,37.12,43.68,47.54,51.72,53.55,54.87,47.7,54.83,56.28,45.6,47.65,47.31,46.08,47.06,43.76,49.1,48.44
2019-01-21 16:10:00,28.07,33.02,36.3,37.59,50.53,53.98,52.68,55.42,39.09,52.65,52.76,42.4,56.46,46.91,31.39,45.78,37.12,43.68,47.54,51.72,53.55,54.87,47.7,54.83,56.28,45.6,47.65,47.31,46.08,47.06,43.76,49.1,48.44
2019-01-21 16:15:00,28.06,33.01,36.29,37.59,50.53,53.98,52.68,55.42,39.09,52.65,52.76,42.4,56.46,46.91,31.39,45.78,37.12,43.67,47.54,51.72,53.55,54.87,47.7,54.83,56.28,45.6,47.65,47.3,46.08,47.06,43.76,49.1,48.44
2019-01-21 16:20:00,28.05,33.0,36.29,37.59,50.52,53.98,52.68,55.42,39.09,52.65,52.76,42.4,56.46,46.91,31.39,45.78,37.12,43.67,47.54,51.72,53.55,54.87,47.7,54.83,56.28,45.6,47.65,47.3,46.08,47.06,43.76,49.1,48.44
2019-01-21 16:25:00,28.04,32.99,36.28,37.59,50.52,53.98,52.67,55.41,39.09,52.65,52.76,42.4,56.46,46.91,31.39,45.78,37.12,43.67,47.54,51.72,53.55,54.87,47.69,54.83,56.28,45.6,47.65,47.3,46.08,47.06,43.76,49.1,48.44
2019-01-21 16:30:00,28.03,32.98,36.27,37.59,50.52,53.98,52.67,55.41,39.09,52.65,52.76,42.4,56.45,46.91,31.38,45.78,37.11,43.67,47.54,51.72,53.54,54.86,47.69,54.82,56.27,45.6,47.65,47.3,46.08,47.06,43.76,49.1,48.44
2019-01-21 16:35:00,28.03,32.97,36.26,37.58,50.52,53.98,52.67,55.41,39.09,52.64,52.76,42.4,56.45,46.9,31.38,45.77,37.11,43.67,47.53,51.72,53.54,54.86,47.69,54.82,56.27,45.6,47.64,47.3,46.07,47.05,43.76,49.09,48.44
2019-01-21 16:40:00,28.02,32.96,36.25,37.58,50.52,53.97,52.67,55.41,39.09,52.64,52.75,42.39,56.45,46.9,31.38,45.77,37.11,43.66,47.53,51.72,53.54,54.86,47.69,54.82,56.27,45.59,47.64,47.3,46.07,47.05,43.76,49.09,48.44
2019-01-21 16:45:00,28.01,32.95,36.24,37.58,50.52,53.97,52.66,55.4,39.09,52.64,52.75,42.39,56.45,46.9,31.37,45.77,37.1,43.66,47.53,51.72,53.54,54.86,47.68,54.82,56.26,45.59,47.64,47.29,46.07,47.05,43.75,49.09,48.43
2019-01-21 16:50:00,28.0,32.94,36.23,37.57,50.51,53.97,52.66,55.4,39.09,52.63,52.75,42.39,56.45,46.89,31.37,45.76,37.1,43.66,47.53,51.72,53.54,54.85,47.68,54.81,56.26,45.59,47.63,47.29,46.07,47.05,43.75,49.08,48.43
2019-01-21 16:55:00,27.99,32.93,36.22,37.57,50.51,53.97,52.66,55.4,39.09,52.63,52.74,42.39,56.44,46.89,31.37,45.76,37.1,43.65,47.53,51.72,53.53,54.85,47.68,54.81,56.26,45.58,47.63,47.29,46.06,47.04,43.75,49.08,48.43
2019-01-21 17:00:00,27.98,32.92,36.21,37.57,50.51,53.96,52.65,55.39,39.09,52.63,52.74,42.38,56.44,46.89,31.36,45.76,37.09,43.65,47.52,51.71,53.53,54.85,47.67,54.81,56.25,45.58,47.63,47.28,46.06,47.04,43.75,49.08,48.43
2019-01-21 17:05:00,27.97,32.91,36.2,37.56,50.51,53.96,52.65,55.39,39.09,52.62,52.74,42.38,56.44,46.88,31.36,45.75,37.09,43.65,47.52,51.71,53.53,54.85,47.67,54.81,56.25,45.58,47.62,47.28,46.06,47.04,43.75,49.07,48.42
2019-01-21 17:10:00,27.96,32.9,36.19,37.56,50.51,53.96,52.65,55.39,39.09,52.62,52.73,42.38,56.44,46.88,31.35,45.75,37.09,43.64,47.52,51.71,53.53,54.84,47.67,54.8,56.25,45.58,47.62,47.28,46.06,47.03,43.75,49.07,48.42
2019-01-21 17:15:00,27.95,32.89,36.18,37.56,50.5,53.96,52.64,55.38,39.09,52.62,52.73,42.38,56.43,46.88,31.35,45.75,37.08,43.64,47.52,51.71,53.52,54.84,47.66,54.8,56.24,45.57,47.62,47.27,46.05,47.03,43.75,49.07,48.42
2019-01-21 17:20:00,27.94,32.88,36.17,37.55,50.5,53.96,52.64,55.38,39.09,52.61,52.73,42.38,56.43,46.87,31.35,45.74,37.08,43.64,47.52,51.71,53.52,54.84,47.66,54.8,56.24,45.57,47.61,47.27,46.05,47.03,43.74,49.07,48.42
2019-01-21 17:25:00,27.93,32.87,36.16,37.55,50.5,53.95,52.64,55.38,39.09,52.61,52.73,42.37,56.43,46.87,31.34,45.74,37.08,43.63,47.51,51.71,53.52,54.84,47.66,54.8,56.24,45.57,47.61,47.27,46.05,47.02,43.74,49.06,48.41
2019-01-21 17:30:00,27.92,32.86,36.15,37.55,50.5,53.95,52.63,55.37,39.09,52.61,52.72,42.37,56.43,46.87,31.34,45.74,37.07,43.63,47.51,51.71,53.52,54.83,47.65,54.79,56.23,45.56,47.61,47.27,46.05,47.02,43.74,49.06,48.41
2019-01-21 17:35:00,27.91,32.85,36.14,37.54,50.5,53.95,52.63,55.37,39.09,52.6,52.72,42.37,56.42,46.86,31.34,45.73,37.07,43.63,47.51,51.7,53.52,54.83,47.65,54.79,56.23,45.56,47.6,47.26,46.05,47.02,43.74,49.06,48.41
2019-01-21 17:40:00,27.9,32.84,36.13,37.54,50.5,53.95,52.63,55.37,39.09,52.6,52.72,42.37,56.42,46.86,31.33,45.73,37.07,43.62,47.51,51.7,53.51,54.83,47.65,54.79,56.23,45.56,47.6,47.26,46.04,47.02,43.74,49.05,48.41
2019-01-21 17:45:00,27.89,32.83,36.12,37.54,50.49,53.95,52.62,55.36,39.09,52.6,52.71,42.37,56.42,46.86,31.33,45.73,37.06,43.62,47.51,51.7,53.51,54.83,47.65,54.79,56.22,45.56,47.6,47.26,46.04,47.01,43.74,49.05,48.41
2019-01-21 17:50:00,27.88,32.82,36.11,37.53,50.49,53.94,52.62,55.36,39.09,52.6,52.71,42.36,56.42,46.85,31.33,45.73,37.06,43.62,47.5,51.7,53.51,54.83,47.64,54.78,56.22,45.55,47.6,47.25,46.04,47.01,43.74,49.05,48.4
2019-01-21 17:55:00,27.87,32.81,36.1,37.53,50.49,53.94,52.62,55.36,39.09,52.59,52.71,42.36,56.41,46.85,31.32,45.72,37.06,43.61,47.5,51.7,53.51,54.82,47.64,54.78,56.22,45.55,47.59,47.25,46.04,47.01,43.74,49.05,48.4
2019-01-21 18:00:00,27.86,32.8,36.09,37.53,50.49,53.94,52.61,55.36,39.09,52.59,52.71,42.36,56.41,46.85,31.32,45.72,37.05,43.61,47.5,51.7,53.51,54.82,47.64,54.78,56.21,45.55,47.59,47.25,46.03,47.01,43.74,49.04,48.4
2019-01-21 18:05:00,27.85,32.79,36.08,37.52,50.49,53.94,52.61,55.35,39.09,52.59,52.7,42.36,56.41,46.84,31.31,45.72,37.05,43.61,47.5,51.7,53.5,54.82,47.63,54.77,56.21,45.54,47.59,47.25,46.03,47.0,43.73,49.04,48.4
2019-01-21 18:10:00,27.84,32.78,36.07,37.52,50.48,53.93,52.61,55.35,39.09,52.58,52.7,42.36,56.41,46.84,31.31,45.71,37.05,43.6,47.5,51.69,53.5,54.82,47.63,54.77,56.21,45.54,47.58,47.24,46.03,47.0,43.73,49.04,48.39
2019-01-21 18:15:00,27.83,32.77,36.06,37.51,50.48,53.93,52.6,55.34,39.09,52.58,52.69,42.35,56.4,46.84,31.31,45.71,37.04,43.6,47.49,51.69,53.5,54.81,47.63,54.77,56.2,45.54,47.58,47.24,46.03,47.0,43.73,49.03,48.39
2019-01-21 18:20:00,27.82,32.76,36.05,37.51,50.48,53.93,52.6,55.34,39.09,52.57,52.69,42.35,56.4,46.83,31.3,45.7,37.04,43.59,47.49,51.69,53.5,54.81,47.62,54.76,56.2,45.53,47.57,47.23,46.02,46.99,43.73,49.03,48.39
2019-01-21 18:25:00,27.81,32.75,36.04,37.51,50.48,53.93,52.59,55.34,39.09,52.57,52.69,42.35,56.4,46.83,31.3,45.7,37.03,43.59,47.49,51.69,53.49,54.81,47.62,54.76,56.19,45.53,47.57,47.23,46.02,46.99,43.73,49.02,48.39
2019-01-21 18:30:00,27.79,32.74,36.03,37.5,50.47,53.92,52.59,55.33,39.09,52.56,52.68,42.35,56.39,46.82,31.29,45.7,37.03,43.58,47.49,51.69,53.49,54.8,47.61,54.76,56.19,45.53,47.56,47.23,46.02,46.98,43.73,49.02,48.38
2019-01-21 18:35:00,27.78,32.73,36.02,37.5,50.47,53.92,52.59,55.33,39.09,52.56,52.68,42.34,56.39,46.82,31.28,45.69,37.02,43.58,47.48,51.69,53.49,54.8,47.61,54.75,56.18,45.52,47.56,47.22,46.01,46.98,43.72,49.02,48.38
2019-01-21 18:40:00,27.77,32.72,36.01,37.49,50.47,53.92,52.58,55.32,39.09,52.56,52.67,42.34,56.39,46.81,31.28,45.69,37.02,43.58,47.48,51.68,53.48,54.8,47.6,54.75,56.18,45.52,47.56,47.22,46.01,46.98,43.72,49.01,48.38
2019-01-21 18:45:00,27.76,32.71,36.0,37.49,50.47,53.91,52.58,55.32,39.09,52.55,52.67,42.34,56.38,46.81,31.28,45.68,37.01,43.57,47.48,51.68,53.48,54.79,47.6,54.75,56.18,45.51,47.55,47.22,46.01,46.97,43.72,49.01,48.37
2019-01-21 18:50:00,27.75,32.7,35.99,37.48,50.46,53.91,52.57,55.32,39.09,52.55,52.67,42.34,56.38,46.81,31.27,45.68,37.01,43.57,47.48,51.68,53.48,54.79,47.6,54.74,56.17,45.51,47.55,47.21,46.0,46.97,43.72,49.01,48.37
2019-01-21 18:55:00,27.74,32.69,35.98,37.48,50.46,53.91,52.57,55.31,39.09,52.55,52.66,42.33,56.38,46.8,31.27,45.68,37.01,43.57,47.47,51.68,53.48,54.79,47.6,54.74,56.17,45.51,47.55,47.21,46.0,46.97,43.72,49.0,48.37
2019-01-21 19:00:00,27.73,32.68,35.97,37.48,50.46,53.91,52.57,55.31,39.09,52.55,52.66,42.33,56.38,46.8,31.27,45.68,37.01,43.56,47.47,51.68,53.48,54.79,47.59,54.74,56.17,45.51,47.54,47.21,46.0,46.97,43.72,49.0,48.37
2019-01-21 19:05:00,27.72,32.67,35.96,37.48,50.46,53.91,52.57,55.31,39.09,52.54,52.66,42.33,56.38,46.8,31.26,45.67,37.0,43.56,47.47,51.68,53.48,54.79,47.59,54.74,56.17,45.51,47.54,47.21,46.0,46.96,43.72,49.0,48.37
2019-01-21 19:10:00,27.71,32.66,35.95,37.48,50.46,53.91,52.57,55.31,39.09,52.54,52.66,42.33,56.38,46.8,31.26,45.67,37.0,43.56,47.47,51.68,53.48,54.79,47.59,54.74,56.17,45.51,47.54,47.21,46.0,46.96,43.72,49.0,48.37
2019-01-21 19:15:00,27.71,32.66,35.95,36.59,50.22,53.63,52.02,54.79,39.09,52.0,52.34,42.12,56.04,46.2,30.47,45.07,36.22,42.96,47.23,51.49,53.2,54.46,47.06,54.36,55.61,45.06,47.11,46.88,45.77,46.68,43.6,48.71,48.15
2019-01-21 19:20:00,27.72,32.67,35.96,36.59,50.22,53.63,52.02,54.79,39.09,52.0,52.34,42.12,56.04,46.2,30.47,45.07,36.22,42.96,47.23,51.49,53.2,54.46,47.06,54.36,55.61,45.06,47.1,46.87,45.77,46.68,43.6,48.71,48.15
2019-01-21 19:25:00,27.73,32.68,35.97,36.59,50.22,53.63,52.02,54.79,39.09,52.0,52.34,42.12,56.04,46.2,30.47,45.07,36.22,42.95,47.23,51.49,53.2,54.46,47.06,54.36,55.61,45.06,47.1,46.87,45.77,46.68,43.6,48.71,48.15
2019-01-21 19:30:00,27.74,32.69,35.98,36.59,50.22,53.63,52.02,54.79,39.09,52.0,52.34,42.12,56.04,46.2,30.47,45.07,36.22,42.95,47.23,51.49,53.2,54.46,47.06,54.36,55.61,45.06,47.1,46.87,45.77,46.68,43.59,48.71,48.15
2019-01-21 19:35:00,27.75,32.69,35.99,36.58,50.22,53.63,52.02,54.79,39.09,52.0,52.34,42.12,56.04,46.2,30.46,45.07,36.22,42.95,47.23,51.49,53.2,54.46,47.06,54.36,55.61,45.06,47.1,46.87,45.76,46.68,43.59,48.71,48.15
2019-01-21 19:40:00,27.75,32.7,35.99,36.58,50.22,53.63,52.01,54.78,39.09,51.99,52.33,42.12,56.04,46.19,30.46,45.07,36.21,42.95,47.23,51.49,53.2,54.45,47.05,54.36,55.6,45.06,47.1,46.87,45.76,46.67,43.59,48.7,48.15
2019-01-21 19:45:00,27.76,32.71,36.0,36.58,50.21,53.63,52.01,54.78,39.09,51.99,52.33,42.12,56.04,46.19,30.46,45.06,36.21,42.94,47.23,51.49,53.19,54.45,47.05,54.35,55.6,45.05,47.09,46.87,45.76,46.67,43.59,48.7,48.15
2019-01-21 19:50:00,27.77,32.72,36.01,36.57,50.21,53.63,52.01,54.78,39.09,51.99,52.33,42.12,56.03,46.19,30.45,45.06,36.21,42.94,47.23,51.49,53.19,54.45,47.05,54.35,55.6,45.05,47.09,46.86,45.76,46.67,43.59,48.7,48.14
2019-01-21 19:55:00,27.78,32.73,36.02,36.57,50.21,53.63,52.01,54.78,39.09,51.99,52.33,42.12,56.03,46.19,30.45,45.06,36.21,42.94,47.23,51.49,53.19,54.45,47.05,54.35,55.6,45.05,47.09,46.86,45.76,46.67,43.59,48.7,48.14
2019-01-21 20:00:00,27.79,32.73,36.03,36.57,50.21,53.63,52.01,54.78,39.09,51.99,52.33,42.12,56.03,46.19,30.45,45.06,36.21,42.94,47.23,51.49,53.19,54.45,47.05,54.35,55.6,45.05,47.09,46.86,45.76,46.67,43.59,48.7,48.14
2019-01-21 20:05:00,27.79,32.74,36.04,36.58,50.21,53.63,52.01,54.78,39.09,51.99,52.33,42.12,56.04,46.19,30.46,45.06,36.21,42.94,47.23,51.49,53.19,54.45,47.05,54.35,55.6,45.05,47.09,46.86,45.76,46.67,43.59,48.7,48.14
2019-01-21 20:10:00,27.8,32.75,36.04,36.58,50.22,53.63,52.01,54.78,39.09,51.99,52.33,42.12,56.04,46.19,30.46,45.06,36.21,42.95,47.23,51.49,53.2,54.45,47.05,54.36,55.6,45.05,47.09,46.87,45.76,46.67,43.59,48.7,48.15
2019-01-21 20:15:00,27.81,32.76,36.05,36.58,50.22,53.63,52.01,54.78,39.09,52.0,52.33,42.12,56.04,46.19,30.46,45.07,36.21,42.95,47.23,51.49,53.2,54.46,47.05,54.36,55.6,45.06,47.1,46.87,45.76,46.67,43.59,48.7,48.15
2019-01-21 20:20:00,27.82,32.77,36.06,36.58,50.22,53.63,52.02,54.78,39.09,52.0,52.33,42.12,56.04,46.19,30.46,45.07,36.22,42.95,47.23,51.49,53.2,54.46,47.06,54.36,55.61,45.06,47.1,46.87,45.76,46.67,43.59,48.7,48.15
2019-01-21 20:25:00,27.83,32.78,36.07,36.58,50.22,53.63,52.01,54.78,39.09,52.0,52.33,42.12,56.04,46.19,30.46,45.07,36.21,42.95,47.23,51.49,53.2,54.46,47.05,54.36,55.6,45.06,47.1,46.87,45.76,46.67,43.59,48.7,48.15
2019-01-21 20:30:00,27.84,32.78,36.08,36.58,50.21,53.63,52.01,54.78,39.09,51.99,52.33,42.12,56.04,46.19,30.46,45.06,36.21,42.94,47.23,51.49,53.19,54.45,47.05,54.35,55.6,45.05,47.09,46.86,45.76,46.67,43.59,48.7,48.14
2019-01-21 20:35:00,27.84,32.79,36.08,36.57,50.21,53.63,52.01,54.77,39.09,51.99,52.32,42.11,56.03,46.18,30.45,45.06,36.2,42.94,47.22,51.49,53.19,54.45,47.05,54.35,55.59,45.05,47.09,46.86,45.75,46.66,43.59,48.7,48.14
2019-01-21 20:40:00,27.85,32.8,36.09,36.56,50.21,53.62,52.0,54.77,39.09,51.98,52.32,42.11,56.03,46.17,30.44,45.05,36.19,42.93,47.22,51.48,53.19,54.44,47.04,54.34,55.59,45.04,47.08,46.85,45.75,46.66,43.59,48.69,48.14
2019-01-21 20:45:00,27.86,32.8,36.1,36.55,50.2,53.61,51.99,54.76,39.09,51.97,52.31,42.1,56.02,46.17,30.43,45.04,36.18,42.92,47.21,51.48,53.18,54.44,47.03,54.34,55.58,45.03,47.07,46.84,45.74,46.65,43.58,48.68,48.13
2019-01-21 20:50:00,27.86,32.81,36.11,36.54,50.2,53.61,51.98,54.75,39.09,51.96,52.3,42.1,56.01,46.16,30.42,45.03,36.17,42.91,47.21,51.47,53.17,54.43,47.02,54.33,55.57,45.03,47.06,46.84,45.74,46.64,43.58,48.67,48.12
2019-01-21 20:55:00,27.87,32.82,36.11,36.53,50.19,53.6,51.97,54.74,39.09,51.95,52.29,42.09,56.01,46.15,30.41,45.02,36.17,42.9,47.21,51.47,53.17,54.42,47.01,54.32,55.56,45.02,47.05,46.83,45.73,46.64,43.58,48.67,48.12
2019-01-21 21:00:00,27.88,32.83,36.12,36.53,50.19,53.6,51.97,54.74,39.09,51.95,52.29,42.09,56.0,46.14,30.4,45.02,36.16,42.9,47.2,51.47,53.17,54.42,47.01,54.32,55.55,45.01,47.05,46.83,45.73,46.63,43.58,48.66,48.12
2019-01-21 21:05:00,27.88,32.83,36.13,36.52,50.19,53.6,51.96,54.73,39.09,51.95,52.29,42.09,56.0,46.14,30.4,45.02,36.16,42.89,47.2,51.47,53.17,54.42,47.01,54.32,55.55,45.01,47.05,46.82,45.73,46.63,43.57,48.66,48.11
2019-01-21 21:10:00,27.89,32.84,36.14,36.52,50.19,53.6,51.96,54.73,39.09,51.95,52.29,42.09,56.0,46.14,30.4,45.02,36.16,42.9,47.2,51.47,53.17,54.42,47.01,54.32,55.55,45.01,47.05,46.82,45.73,46.63,43.57,48.66,48.11
2019-01-21 21:15:00,27.9,32.85,36.14,36.53,50.19,53.6,51.97,54.74,39.09,51.95,52.29,42.09,56.01,46.14,30.4,45.02,36.16,42.9,47.2,51.47,53.17,54.42,47.01,54.32,55.56,45.02,47.05,46.83,45.73,46.63,43.58,48.66,48.12
2019-01-21 21:20:00,27.91,32.86,36.15,36.53,50.19,53.61,51.97,54.74,39.09,51.96,52.3,42.09,56.01,46.15,30.41,45.02,36.17,42.9,47.21,51.47,53.17,54.43,47.01,54.32,55.56,45.02,47.06,46.83,45.73,46.64,43.58,48.67,48.12
2019-01-21 21:25:00,27.92,32.87,36.16,36.54,50.2,53.61,51.98,54.75,39.09,51.96,52.3,42.1,56.01,46.16,30.42,45.03,36.18,42.91,47.21,51.48,53.18,54.43,47.02,54.33,55.57,45.03,47.06,46.84,45.74,46.64,43.58,48.67,48.12
2019-01-21 21:30:00,27.93,32.88,36.17,36.55,50.2,53.62,51.99,54.76,39.09,51.97,52.31,42.1,56.02,46.17,30.43,45.04,36.19,42.92,47.22,51.48,53.18,54.44,47.03,54.34,55.58,45.04,47.07,46.85,45.74,46.65,43.58,48.68,48.13
2019-01-21 21:35:00,27.94,32.89,36.18,36.57,50.21,53.63,52.0,54.77,39.09,51.99,52.32,42.11,56.03,46.18,30.44,45.05,36.2,42.94,47.22,51.48,53.19,54.45,47.04,54.35,55.59,45.05,47.08,46.86,45.75,46.66,43.59,48.69,48.14
2019-01-21 21:40:00,27.95,32.9,36.19,36.58,50.22,53.64,52.02,54.79,39.09,52.0,52.33,42.12,56.04,46.2,30.46,45.07,36.22,42.95,47.23,51.49,53.2,54.46,47.06,54.36,55.61,45.06,47.1,46.87,45.76,46.67,43.59,48.7,48.15
2019-01-21 21:45:00,27.96,32.91,36.2,36.6,50.23,53.65,52.04,54.81,39.09,52.02,52.35,42.13,56.06,46.22,30.48,45.09,36.24,42.97,47.24,51.5,53.21,54.48,47.08,54.38,55.63,45.07,47.12,46.88,45.77,46.69,43.6,48.72,48.16
2019-01-21 21:50:00,27.97,32.92,36.21,36.63,50.24,53.66,52.06,54.83,39.09,52.04,52.37,42.14,56.07,46.24,30.51,45.11,36.26,42.99,47.26,51.51,53.23,54.49,47.1,54.39,55.65,45.09,47.14,46.9,45.79,46.7,43.61,48.74,48.17
2019-01-21 21:55:00,27.99,32.93,36.23,36.65,50.26,53.68,52.08,54.85,39.09,52.07,52.39,42.16,56.09,46.26,30.54,45.13,36.29,43.02,47.27,51.52,53.24,54.51,47.12,54.41,55.67,45.12,47.16,46.92,45.8,46.72,43.62,48.76,48.19
2019-01-21 22:00:00,28.0,32.95,36.24,36.68,50.27,53.7,52.11,54.88,39.09,52.1,52.41,42.17,56.11,46.29,30.57,45.16,36.32,43.05,47.29,51.53,53.26,54.53,47.15,54.44,55.7,45.14,47.19,46.94,45.82,46.75,43.62,48.78,48.2
2019-01-21 22:05:00,28.01,32.96,36.25,36.71,50.29,53.72,52.14,54.9,39.09,52.12,52.43,42.19,56.13,46.32,30.6,45.19,36.35,43.08,47.3,51.54,53.28,54.55,47.17,54.46,55.73,45.16,47.21,46.97,45.84,46.77,43.63,48.8,48.22
2019-01-21 22:10:00,28.03,32.97,36.26,36.74,50.3,53.73,52.16,54.93,39.09,52.15,52.46,42.2,56.15,46.35,30.63,45.21,36.38,43.1,47.32,51.55,53.29,54.57,47.2,54.48,55.76,45.18,47.24,46.99,45.86,46.79,43.64,48.82,48.24
2019-01-21 22:15:00,28.04,32.99,36.27,36.77,50.32,53.75,52.19,54.95,39.09,52.17,52.47,42.21,56.16,46.37,30.65,45.23,36.4,43.13,47.33,51.56,53.31,54.59,47.22,54.5,55.78,45.2,47.26,47.0,45.87,46.8,43.65,48.84,48.25
2019-01-21 22:20:00,28.05,33.0,36.29,36.79,50.33,53.76,52.2,54.97,39.09,52.19,52.49,42.22,56.17,46.39,30.68,45.25,36.42,43.14,47.34,51.57,53.32,54.6,47.23,54.51,55.8,45.22,47.27,47.02,45.88,46.82,43.66,48.85,48.26
2019-01-21 22:25:00,28.06,33.01,36.3,36.8,50.33,53.77,52.22,54.98,39.09,52.2,52.5,42.23,56.18,46.4,30.69,45.27,36.43,43.16,47.35,51.57,53.33,54.61,47.25,54.52,55.81,45.23,47.29,47.03,45.89,46.83,43.66,48.86,48.27
2019-01-21 22:30:00,28.07,33.02,36.31,36.81,50.34,53.78,52.23,54.99,39.09,52.21,52.51,42.24,56.19,46.41,30.7,45.28,36.45,43.17,47.36,51.58,53.33,54.62,47.26,54.53,55.82,45.24,47.3,47.04,45.9,46.84,43.66,48.87,48.27
2019-01-21 22:35:00,28.09,33.03,36.32,36.82,50.35,53.78,52.24,55.0,39.09,52.22,52.52,42.24,56.2,46.42,30.72,45.29,36.46,43.18,47.36,51.58,53.34,54.62,47.27,54.54,55.83,45.25,47.31,47.05,45.9,46.84,43.67,48.88,48.28
2019-01-21 22:40:00,28.1,33.04,36.33,36.83,50.35,53.79,52.25,55.01,39.09,52.23,52.53,42.25,56.21,46.43,30.73,45.3,36.47,43.19,47.37,51.58,53.35,54.63,47.28,54.55,55.84,45.25,47.32,47.05,45.91,46.85,43.67,48.89,48.29
2019-01-21 22:45:00,28.11,33.05,36.34,36.85,50.36,53.8,52.26,55.02,39.09,52.24,52.54,42.25,56.21,46.44,30.74,45.31,36.48,43.2,47.37,51.59,53.35,54.64,47.29,54.56,55.85,45.26,47.33,47.06,45.92,46.86,43.67,48.9,48.29
2019-01-21 22:50:00,28.12,33.07,36.35,36.86,50.37,53.8,52.27,55.04,39.09,52.26,52.55,42.26,56.22,46.46,30.75,45.32,36.49,43.22,47.38,51.59,53.36,54.65,47.3,54.57,55.87,45.28,47.34,47.07,45.93,46.87,43.68,48.91,48.3
2019-01-21 22:55:00,28.13,33.08,36.36,36.88,50.38,53.82,52.29,55.05,39.09,52.28,52.56,42.27,56.24,46.47,30.77,45.34,36.51,43.23,47.39,51.6,53.37,54.66,47.32,54.58,55.88,45.29,47.35,47.09,45.94,46.88,43.69,48.92,48.31
2019-01-21 23:00:00,28.15,33.09,36.38,36.9,50.39,53.83,52.31,55.07,39.09,52.29,52.58,42.28,56.25,46.49,30.8,45.36,36.53,43.25,47.4,51.61,53.38,54.68,47.33,54.6,55.9,45.31,47.37,47.1,45.95,46.9,43.69,48.94,48.32
2019-01-21 23:05:00,28.16,33.1,36.39,36.92,50.4,53.84,52.33,55.09,39.09,52.32,52.6,42.29,56.26,46.52,30.82,45.38,36.56,43.27,47.41,51.62,53.4,54.69,47.35,54.61,55.92,45.32,47.39,47.12,45.96,46.92,43.7,48.95,48.34
2019-01-21 23:10:00,28.17,33.12,36.4,36.95,50.41,53.86,52.35,55.11,39.09,52.34,52.61,42.3,56.28,46.54,30.84,45.4,36.58,43.3,47.43,51.63,53.41,54.71,47.37,54.63,55.94,45.34,47.41,47.14,45.98,46.93,43.71,48.97,48.35
2019-01-21 23:15:00,28.19,33.13,36.42,36.97,50.42,53.87,52.37,55.13,39.09,52.36,52.63,42.32,56.29,46.56,30.87,45.42,36.6,43.32,47.44,51.63,53.42,54.72,47.39,54.65,55.96,45.36,47.43,47.15,45.99,46.95,43.71,48.99,48.36
2019-01-21 23:20:00,28.2,33.14,36.43,36.99,50.43,53.88,52.39,55.15,39.09,52.38,52.65,42.33,56.31,46.58,30.89,45.44,36.62,43.34,47.45,51.64,53.44,54.74,47.41,54.66,55.98,45.38,47.45,47.17,46.0,46.96,43.72,49.0,48.37
2019-01-21 23:25:00,28.21,33.16,36.44,37.01,50.44,53.89,52.41,55.17,39.09,52.39,52.66,42.34,56.32,46.6,30.91,45.45,36.64,43.36,47.46,51.65,53.45,54.75,47.43,54.67,56.0,45.39,47.47,47.18,46.01,46.97,43.73,49.02,48.38
2019-01-21 23:30:00,28.23,33.17,36.45,37.03,50.45,53.9,52.42,55.18,39.09,52.41,52.67,42.34,56.33,46.61,30.93,45.47,36.66,43.37,47.47,51.66,53.46,54.76,47.44,54.69,56.02,45.4,47.48,47.2,46.02,46.99,43.73,49.03,48.39
2019-01-21 23:35:00,28.24,33.18,36.47,37.05,50.46,53.92,52.44,55.2,39.09,52.43,52.69,42.35,56.34,46.63,30.95,45.49,36.68,43.39,47.48,51.66,53.47,54.77,47.46,54.7,56.04,45.42,47.5,47.21,46.03,47.0,43.74,49.04,48.4
2019-01-21 23:40:00,28.25,33.2,36.48,37.07,50.47,53.93,52.46,55.22,39.09,52.45,52.7,42.36,56.36,46.65,30.97,45.51,36.7,43.41,47.49,51.67,53.48,54.79,47.48,54.72,56.05,45.43,47.51,47.22,46.04,47.01,43.74,49.06,48.41
2019-01-21 23:45:00,28.27,33.21,36.49,37.09,50.48,53.94,52.48,55.24,39.09,52.47,52.72,42.37,56.37,46.67,30.99,45.52,36.72,43.43,47.5,51.68,53.49,54.8,47.5,54.73,56.07,45.45,47.53,47.24,46.06,47.03,43.75,49.07,48.42
2019-01-21 23:50:00,28.28,33.23,36.51,37.11,50.5,53.95,52.5,55.26,39.09,52.49,52.74,42.38,56.39,46.69,31.01,45.55,36.74,43.45,47.51,51.69,53.51,54.82,47.52,54.75,56.09,45.47,47.55,47.26,46.07,47.04,43.76,49.09,48.44
2019-01-21 23:55:00,28.3,33.24,36.52,37.14,50.51,53.97,52.52,55.28,39.09,52.51,52.76,42.4,56.4,46.71,31.04,45.57,36.77,43.48,47.53,51.7,53.52,54.84,47.54,54.77,56.12,45.49,47.57,47.28,46.08,47.06,43.76,49.11,48.45
